2.331600000000000000e+04 2.997200000000000000e+04
2.332100000000000000e+04 2.997000000000000000e+04
2.337100000000000000e+04 2.996600000000000000e+04
2.342300000000000000e+04 2.996300000000000000e+04
2.342600000000000000e+04 2.995400000000000000e+04
2.345200000000000000e+04 2.995800000000000000e+04
2.345500000000000000e+04 2.995200000000000000e+04
2.350800000000000000e+04 2.995700000000000000e+04
2.351600000000000000e+04 2.995400000000000000e+04
2.352800000000000000e+04 2.994000000000000000e+04
2.353500000000000000e+04 2.995000000000000000e+04
2.354200000000000000e+04 2.994900000000000000e+04
2.359900000000000000e+04 2.993900000000000000e+04
2.364000000000000000e+04 2.993200000000000000e+04
2.364600000000000000e+04 2.993000000000000000e+04
2.364800000000000000e+04 2.994800000000000000e+04
2.365800000000000000e+04 2.994700000000000000e+04
2.366300000000000000e+04 2.993700000000000000e+04
2.368600000000000000e+04 2.992800000000000000e+04
2.370400000000000000e+04 2.991800000000000000e+04
2.370900000000000000e+04 2.994000000000000000e+04
2.373100000000000000e+04 2.994600000000000000e+04
2.373900000000000000e+04 2.993900000000000000e+04
2.374500000000000000e+04 2.993600000000000000e+04
2.374900000000000000e+04 2.993900000000000000e+04
2.377000000000000000e+04 2.993400000000000000e+04
2.377800000000000000e+04 2.993300000000000000e+04
2.378500000000000000e+04 2.994500000000000000e+04
2.380900000000000000e+04 2.993600000000000000e+04
2.383200000000000000e+04 2.993800000000000000e+04
2.384200000000000000e+04 2.991300000000000000e+04
2.384800000000000000e+04 2.994200000000000000e+04
2.385100000000000000e+04 2.992800000000000000e+04
2.385800000000000000e+04 2.993200000000000000e+04
2.386900000000000000e+04 2.993400000000000000e+04
2.387300000000000000e+04 2.992900000000000000e+04
2.387800000000000000e+04 2.992100000000000000e+04
2.388100000000000000e+04 2.992500000000000000e+04
2.388300000000000000e+04 2.992700000000000000e+04
2.388500000000000000e+04 2.992000000000000000e+04
2.389900000000000000e+04 2.991200000000000000e+04
2.390700000000000000e+04 2.991500000000000000e+04
2.391300000000000000e+04 2.991400000000000000e+04
2.391600000000000000e+04 2.991300000000000000e+04
2.392100000000000000e+04 2.992700000000000000e+04
2.392300000000000000e+04 2.991500000000000000e+04
2.393600000000000000e+04 2.990800000000000000e+04
2.394600000000000000e+04 2.991300000000000000e+04
2.395700000000000000e+04 2.990500000000000000e+04
2.396700000000000000e+04 2.991000000000000000e+04
2.397000000000000000e+04 2.992000000000000000e+04
2.397200000000000000e+04 2.990700000000000000e+04
2.397500000000000000e+04 2.991900000000000000e+04
2.398000000000000000e+04 2.990100000000000000e+04
2.398000000000000000e+04 2.991200000000000000e+04
2.398800000000000000e+04 2.991800000000000000e+04
2.401000000000000000e+04 2.990500000000000000e+04
2.401800000000000000e+04 2.991100000000000000e+04
2.402500000000000000e+04 2.990000000000000000e+04
2.402600000000000000e+04 2.989400000000000000e+04
2.403100000000000000e+04 2.988500000000000000e+04
2.404800000000000000e+04 2.990500000000000000e+04
2.405200000000000000e+04 2.989900000000000000e+04
2.405500000000000000e+04 2.990700000000000000e+04
2.405500000000000000e+04 2.991500000000000000e+04
2.405700000000000000e+04 2.988100000000000000e+04
2.405700000000000000e+04 2.990300000000000000e+04
2.405800000000000000e+04 2.988000000000000000e+04
2.407000000000000000e+04 2.988900000000000000e+04
2.407200000000000000e+04 2.987900000000000000e+04
2.407800000000000000e+04 2.990300000000000000e+04
2.408700000000000000e+04 2.990100000000000000e+04
2.409000000000000000e+04 2.989400000000000000e+04
2.411500000000000000e+04 2.989300000000000000e+04
2.412400000000000000e+04 2.988800000000000000e+04
2.413300000000000000e+04 2.988600000000000000e+04
2.413500000000000000e+04 2.991100000000000000e+04
2.414100000000000000e+04 2.988300000000000000e+04
2.414100000000000000e+04 2.990900000000000000e+04
2.414600000000000000e+04 2.988100000000000000e+04
2.416600000000000000e+04 2.988400000000000000e+04
2.416900000000000000e+04 2.990000000000000000e+04
2.417200000000000000e+04 2.988000000000000000e+04
2.417200000000000000e+04 2.989600000000000000e+04
2.418000000000000000e+04 2.989800000000000000e+04
2.418900000000000000e+04 2.987500000000000000e+04
2.419600000000000000e+04 2.988800000000000000e+04
2.419800000000000000e+04 2.988300000000000000e+04
2.420600000000000000e+04 2.988700000000000000e+04
2.420700000000000000e+04 2.988900000000000000e+04
2.421100000000000000e+04 2.988400000000000000e+04
2.421300000000000000e+04 2.988300000000000000e+04
2.422200000000000000e+04 2.988700000000000000e+04
2.422800000000000000e+04 2.987700000000000000e+04
2.422900000000000000e+04 2.987200000000000000e+04
2.423400000000000000e+04 2.987300000000000000e+04
2.423900000000000000e+04 2.987600000000000000e+04
2.424600000000000000e+04 2.986900000000000000e+04
2.426000000000000000e+04 2.986700000000000000e+04
2.427000000000000000e+04 2.988300000000000000e+04
2.427600000000000000e+04 2.986500000000000000e+04
2.427600000000000000e+04 2.986600000000000000e+04
2.428100000000000000e+04 2.987600000000000000e+04
2.428600000000000000e+04 2.987400000000000000e+04
2.428700000000000000e+04 2.986400000000000000e+04
2.429400000000000000e+04 2.986300000000000000e+04
2.429700000000000000e+04 2.987300000000000000e+04
2.430100000000000000e+04 2.986700000000000000e+04
2.430200000000000000e+04 2.985800000000000000e+04
2.431700000000000000e+04 2.987100000000000000e+04
2.433000000000000000e+04 2.986300000000000000e+04
2.433200000000000000e+04 2.986600000000000000e+04
2.435000000000000000e+04 2.985400000000000000e+04
2.435000000000000000e+04 2.986400000000000000e+04
2.435300000000000000e+04 2.985700000000000000e+04
2.435600000000000000e+04 2.986200000000000000e+04
2.436700000000000000e+04 2.985200000000000000e+04
2.437700000000000000e+04 2.986000000000000000e+04
2.438000000000000000e+04 2.986200000000000000e+04
2.438300000000000000e+04 2.985500000000000000e+04
2.438800000000000000e+04 2.985700000000000000e+04
2.439000000000000000e+04 2.985300000000000000e+04
2.439500000000000000e+04 2.985000000000000000e+04
2.439900000000000000e+04 2.985400000000000000e+04
2.440100000000000000e+04 2.983500000000000000e+04
2.440500000000000000e+04 2.985000000000000000e+04
2.440900000000000000e+04 2.985000000000000000e+04
2.441800000000000000e+04 2.984900000000000000e+04
2.442200000000000000e+04 2.985100000000000000e+04
2.442400000000000000e+04 2.984000000000000000e+04
2.444000000000000000e+04 2.983300000000000000e+04
2.445500000000000000e+04 2.984700000000000000e+04
2.445900000000000000e+04 2.982900000000000000e+04
2.446000000000000000e+04 2.985000000000000000e+04
2.446200000000000000e+04 2.983900000000000000e+04
2.446300000000000000e+04 2.984400000000000000e+04
2.446500000000000000e+04 2.983600000000000000e+04
2.446600000000000000e+04 2.982800000000000000e+04
2.446800000000000000e+04 2.983500000000000000e+04
2.447800000000000000e+04 2.983500000000000000e+04
2.447900000000000000e+04 2.983400000000000000e+04
2.448100000000000000e+04 2.983200000000000000e+04
2.448700000000000000e+04 2.983700000000000000e+04
2.449100000000000000e+04 2.982900000000000000e+04
2.449100000000000000e+04 2.983500000000000000e+04
2.449600000000000000e+04 2.982700000000000000e+04
2.450200000000000000e+04 2.982700000000000000e+04
2.451100000000000000e+04 2.983000000000000000e+04
2.451500000000000000e+04 2.983200000000000000e+04
2.452000000000000000e+04 2.982600000000000000e+04
2.452600000000000000e+04 2.982400000000000000e+04
2.452600000000000000e+04 2.983000000000000000e+04
2.453800000000000000e+04 2.985100000000000000e+04
2.454000000000000000e+04 2.983300000000000000e+04
2.454600000000000000e+04 2.982200000000000000e+04
2.454800000000000000e+04 2.981900000000000000e+04
2.455300000000000000e+04 2.983000000000000000e+04
2.456100000000000000e+04 2.982200000000000000e+04
2.456400000000000000e+04 2.981800000000000000e+04
2.456500000000000000e+04 2.982600000000000000e+04
2.457500000000000000e+04 2.981600000000000000e+04
2.458400000000000000e+04 2.981400000000000000e+04
2.459100000000000000e+04 2.981500000000000000e+04
2.459200000000000000e+04 2.981900000000000000e+04
2.459400000000000000e+04 2.980800000000000000e+04
2.459900000000000000e+04 2.980700000000000000e+04
2.460700000000000000e+04 2.981800000000000000e+04
2.461200000000000000e+04 2.981800000000000000e+04
2.461600000000000000e+04 2.981300000000000000e+04
2.461700000000000000e+04 2.981000000000000000e+04
2.461800000000000000e+04 2.981500000000000000e+04
2.462000000000000000e+04 2.980800000000000000e+04
2.462500000000000000e+04 2.980500000000000000e+04
2.463500000000000000e+04 2.980900000000000000e+04
2.463700000000000000e+04 2.980600000000000000e+04
2.464000000000000000e+04 2.980400000000000000e+04
2.464400000000000000e+04 2.980100000000000000e+04
2.464600000000000000e+04 2.980400000000000000e+04
2.464800000000000000e+04 2.980600000000000000e+04
2.465700000000000000e+04 2.980000000000000000e+04
2.466100000000000000e+04 2.980500000000000000e+04
2.466600000000000000e+04 2.980200000000000000e+04
2.466600000000000000e+04 2.980300000000000000e+04
2.467300000000000000e+04 2.979200000000000000e+04
2.467600000000000000e+04 2.979900000000000000e+04
2.467800000000000000e+04 2.980300000000000000e+04
2.468200000000000000e+04 2.979000000000000000e+04
2.468400000000000000e+04 2.978900000000000000e+04
2.468700000000000000e+04 2.978500000000000000e+04
2.469100000000000000e+04 2.980200000000000000e+04
2.470300000000000000e+04 2.979100000000000000e+04
2.470800000000000000e+04 2.979700000000000000e+04
2.471200000000000000e+04 2.979300000000000000e+04
2.471600000000000000e+04 2.978400000000000000e+04
2.472200000000000000e+04 2.977800000000000000e+04
2.474100000000000000e+04 2.978500000000000000e+04
2.474500000000000000e+04 2.979400000000000000e+04
2.474800000000000000e+04 2.977600000000000000e+04
2.474800000000000000e+04 2.979600000000000000e+04
2.475100000000000000e+04 2.978700000000000000e+04
2.475300000000000000e+04 2.977500000000000000e+04
2.476300000000000000e+04 2.978200000000000000e+04
2.477000000000000000e+04 2.977100000000000000e+04
2.477300000000000000e+04 2.979100000000000000e+04
2.478500000000000000e+04 2.977800000000000000e+04
2.478700000000000000e+04 2.978000000000000000e+04
2.478900000000000000e+04 2.977500000000000000e+04
2.479000000000000000e+04 2.978400000000000000e+04
2.479200000000000000e+04 2.976900000000000000e+04
2.479500000000000000e+04 2.975800000000000000e+04
2.479700000000000000e+04 2.975500000000000000e+04
2.480700000000000000e+04 2.975300000000000000e+04
2.481200000000000000e+04 2.977700000000000000e+04
2.481600000000000000e+04 2.977300000000000000e+04
2.481700000000000000e+04 2.975100000000000000e+04
2.482000000000000000e+04 2.977300000000000000e+04
2.482500000000000000e+04 2.977200000000000000e+04
2.482700000000000000e+04 2.977100000000000000e+04
2.483600000000000000e+04 2.977100000000000000e+04
2.483900000000000000e+04 2.976500000000000000e+04
2.484000000000000000e+04 2.976600000000000000e+04
2.484400000000000000e+04 2.976400000000000000e+04
2.485000000000000000e+04 2.976300000000000000e+04
2.485100000000000000e+04 2.974900000000000000e+04
2.485200000000000000e+04 2.976200000000000000e+04
2.485500000000000000e+04 2.976100000000000000e+04
2.485600000000000000e+04 2.975900000000000000e+04
2.485700000000000000e+04 2.974100000000000000e+04
2.485700000000000000e+04 2.975800000000000000e+04
2.486900000000000000e+04 2.975600000000000000e+04
2.487100000000000000e+04 2.976000000000000000e+04
2.487300000000000000e+04 2.978200000000000000e+04
2.488400000000000000e+04 2.977400000000000000e+04
2.488500000000000000e+04 2.977000000000000000e+04
2.488600000000000000e+04 2.975600000000000000e+04
2.489600000000000000e+04 2.973700000000000000e+04
2.489800000000000000e+04 2.973400000000000000e+04
2.490000000000000000e+04 2.974900000000000000e+04
2.490700000000000000e+04 2.974200000000000000e+04
2.491000000000000000e+04 2.972400000000000000e+04
2.491000000000000000e+04 2.974100000000000000e+04
2.491400000000000000e+04 2.975500000000000000e+04
2.491600000000000000e+04 2.976800000000000000e+04
2.492000000000000000e+04 2.973700000000000000e+04
2.492200000000000000e+04 2.970600000000000000e+04
2.493100000000000000e+04 2.973500000000000000e+04
2.493300000000000000e+04 2.972800000000000000e+04
2.493300000000000000e+04 2.975800000000000000e+04
2.493500000000000000e+04 2.970200000000000000e+04
2.494000000000000000e+04 2.975200000000000000e+04
2.494300000000000000e+04 2.973300000000000000e+04
2.494300000000000000e+04 2.974200000000000000e+04
2.494800000000000000e+04 2.975100000000000000e+04
2.495200000000000000e+04 2.972600000000000000e+04
2.495400000000000000e+04 2.973200000000000000e+04
2.495500000000000000e+04 2.975000000000000000e+04
2.495700000000000000e+04 2.972500000000000000e+04
2.496100000000000000e+04 2.971800000000000000e+04
2.497600000000000000e+04 2.972700000000000000e+04
2.497800000000000000e+04 2.972000000000000000e+04
2.498300000000000000e+04 2.970900000000000000e+04
2.498700000000000000e+04 2.970800000000000000e+04
2.498800000000000000e+04 2.969600000000000000e+04
2.498900000000000000e+04 2.973900000000000000e+04
2.499000000000000000e+04 2.969200000000000000e+04
2.499300000000000000e+04 2.971800000000000000e+04
2.499500000000000000e+04 2.972400000000000000e+04
2.499600000000000000e+04 2.972300000000000000e+04
2.500100000000000000e+04 2.972100000000000000e+04
2.500200000000000000e+04 2.969900000000000000e+04
2.500700000000000000e+04 2.971300000000000000e+04
2.500900000000000000e+04 2.973700000000000000e+04
2.502100000000000000e+04 2.969600000000000000e+04
2.502100000000000000e+04 2.971700000000000000e+04
2.502700000000000000e+04 2.973000000000000000e+04
2.502800000000000000e+04 2.968900000000000000e+04
2.503200000000000000e+04 2.971100000000000000e+04
2.503300000000000000e+04 2.968500000000000000e+04
2.503700000000000000e+04 2.967900000000000000e+04
2.504000000000000000e+04 2.970900000000000000e+04
2.504200000000000000e+04 2.971800000000000000e+04
2.505500000000000000e+04 2.970800000000000000e+04
2.505700000000000000e+04 2.970700000000000000e+04
2.506500000000000000e+04 2.970200000000000000e+04
2.506600000000000000e+04 2.969700000000000000e+04
2.506800000000000000e+04 2.969600000000000000e+04
2.507100000000000000e+04 2.969700000000000000e+04
2.507200000000000000e+04 2.969400000000000000e+04
2.508300000000000000e+04 2.967700000000000000e+04
2.508400000000000000e+04 2.970900000000000000e+04
2.508500000000000000e+04 2.968500000000000000e+04
2.509100000000000000e+04 2.969500000000000000e+04
2.509200000000000000e+04 2.969700000000000000e+04
2.509600000000000000e+04 2.968700000000000000e+04
2.509900000000000000e+04 2.968400000000000000e+04
2.510100000000000000e+04 2.968700000000000000e+04
2.510200000000000000e+04 2.967500000000000000e+04
2.510600000000000000e+04 2.968500000000000000e+04
2.510800000000000000e+04 2.967900000000000000e+04
2.510900000000000000e+04 2.967200000000000000e+04
2.511200000000000000e+04 2.967800000000000000e+04
2.511200000000000000e+04 2.968500000000000000e+04
2.511200000000000000e+04 2.969500000000000000e+04
2.511400000000000000e+04 2.967300000000000000e+04
2.511500000000000000e+04 2.966600000000000000e+04
2.511500000000000000e+04 2.967700000000000000e+04
2.511600000000000000e+04 2.966500000000000000e+04
2.511900000000000000e+04 2.966300000000000000e+04
2.511900000000000000e+04 2.967800000000000000e+04
2.511900000000000000e+04 2.969000000000000000e+04
2.512100000000000000e+04 2.968700000000000000e+04
2.515200000000000000e+04 2.966100000000000000e+04
2.516200000000000000e+04 2.967600000000000000e+04
2.516600000000000000e+04 2.965200000000000000e+04
2.516900000000000000e+04 2.967400000000000000e+04
2.517100000000000000e+04 2.966800000000000000e+04
2.517500000000000000e+04 2.966300000000000000e+04
2.517800000000000000e+04 2.967300000000000000e+04
2.518200000000000000e+04 2.967200000000000000e+04
2.518400000000000000e+04 2.965100000000000000e+04
2.518500000000000000e+04 2.965800000000000000e+04
2.518900000000000000e+04 2.965900000000000000e+04
2.519200000000000000e+04 2.964600000000000000e+04
2.519500000000000000e+04 2.965400000000000000e+04
2.520200000000000000e+04 2.964900000000000000e+04
2.520600000000000000e+04 2.965000000000000000e+04
2.520800000000000000e+04 2.966400000000000000e+04
2.521400000000000000e+04 2.964800000000000000e+04
2.522000000000000000e+04 2.964300000000000000e+04
2.522600000000000000e+04 2.963900000000000000e+04
2.523800000000000000e+04 2.964500000000000000e+04
2.523800000000000000e+04 2.964600000000000000e+04
2.523900000000000000e+04 2.965500000000000000e+04
2.524200000000000000e+04 2.964800000000000000e+04
2.525700000000000000e+04 2.963800000000000000e+04
2.525700000000000000e+04 2.964200000000000000e+04
2.525800000000000000e+04 2.963500000000000000e+04
2.525900000000000000e+04 2.964200000000000000e+04
2.526800000000000000e+04 2.963400000000000000e+04
2.527300000000000000e+04 2.963200000000000000e+04
2.527700000000000000e+04 2.963600000000000000e+04
2.527800000000000000e+04 2.963100000000000000e+04
2.528000000000000000e+04 2.963000000000000000e+04
2.528200000000000000e+04 2.963000000000000000e+04
2.528600000000000000e+04 2.964800000000000000e+04
2.528700000000000000e+04 2.962900000000000000e+04
2.528800000000000000e+04 2.962500000000000000e+04
2.528900000000000000e+04 2.962500000000000000e+04
2.529000000000000000e+04 2.962900000000000000e+04
2.529300000000000000e+04 2.961200000000000000e+04
2.529600000000000000e+04 2.962300000000000000e+04
2.530400000000000000e+04 2.960500000000000000e+04
2.531200000000000000e+04 2.962700000000000000e+04
2.531700000000000000e+04 2.962300000000000000e+04
2.531800000000000000e+04 2.962000000000000000e+04
2.531800000000000000e+04 2.962100000000000000e+04
2.531800000000000000e+04 2.962500000000000000e+04
2.532300000000000000e+04 2.960400000000000000e+04
2.532400000000000000e+04 2.961900000000000000e+04
2.532800000000000000e+04 2.961900000000000000e+04
2.533100000000000000e+04 2.960000000000000000e+04
2.533700000000000000e+04 2.961800000000000000e+04
2.534400000000000000e+04 2.959900000000000000e+04
2.535000000000000000e+04 2.960900000000000000e+04
2.535300000000000000e+04 2.959300000000000000e+04
2.535700000000000000e+04 2.958900000000000000e+04
2.535700000000000000e+04 2.961500000000000000e+04
2.535900000000000000e+04 2.959200000000000000e+04
2.536600000000000000e+04 2.959000000000000000e+04
2.536600000000000000e+04 2.961500000000000000e+04
2.537100000000000000e+04 2.959900000000000000e+04
2.537400000000000000e+04 2.958500000000000000e+04
2.537800000000000000e+04 2.958200000000000000e+04
2.538900000000000000e+04 2.960500000000000000e+04
2.539200000000000000e+04 2.960100000000000000e+04
2.539400000000000000e+04 2.959400000000000000e+04
2.540100000000000000e+04 2.958600000000000000e+04
2.540100000000000000e+04 2.960000000000000000e+04
2.540300000000000000e+04 2.957700000000000000e+04
2.540400000000000000e+04 2.959000000000000000e+04
2.540500000000000000e+04 2.957600000000000000e+04
2.540800000000000000e+04 2.959600000000000000e+04
2.540900000000000000e+04 2.958900000000000000e+04
2.541000000000000000e+04 2.957800000000000000e+04
2.541300000000000000e+04 2.957400000000000000e+04
2.542100000000000000e+04 2.957600000000000000e+04
2.543200000000000000e+04 2.956800000000000000e+04
2.544200000000000000e+04 2.955500000000000000e+04
2.544200000000000000e+04 2.957300000000000000e+04
2.544400000000000000e+04 2.956600000000000000e+04
2.545000000000000000e+04 2.956600000000000000e+04
2.545000000000000000e+04 2.957200000000000000e+04
2.545100000000000000e+04 2.955900000000000000e+04
2.545700000000000000e+04 2.955200000000000000e+04
2.545800000000000000e+04 2.956800000000000000e+04
2.545800000000000000e+04 2.958200000000000000e+04
2.546300000000000000e+04 2.955800000000000000e+04
2.547100000000000000e+04 2.957900000000000000e+04
2.547200000000000000e+04 2.955000000000000000e+04
2.548300000000000000e+04 2.957600000000000000e+04
2.548500000000000000e+04 2.954200000000000000e+04
2.549600000000000000e+04 2.956100000000000000e+04
2.550400000000000000e+04 2.956400000000000000e+04
2.550500000000000000e+04 2.954500000000000000e+04
2.550600000000000000e+04 2.956800000000000000e+04
2.550800000000000000e+04 2.954100000000000000e+04
2.551700000000000000e+04 2.956600000000000000e+04
2.552000000000000000e+04 2.956200000000000000e+04
2.552200000000000000e+04 2.953600000000000000e+04
2.552700000000000000e+04 2.953600000000000000e+04
2.553100000000000000e+04 2.952700000000000000e+04
2.553100000000000000e+04 2.956000000000000000e+04
2.553200000000000000e+04 2.955200000000000000e+04
2.553700000000000000e+04 2.955600000000000000e+04
2.553800000000000000e+04 2.954300000000000000e+04
2.554300000000000000e+04 2.955100000000000000e+04
2.554600000000000000e+04 2.952900000000000000e+04
2.555100000000000000e+04 2.952500000000000000e+04
2.555900000000000000e+04 2.954100000000000000e+04
2.556300000000000000e+04 2.951100000000000000e+04
2.556500000000000000e+04 2.951000000000000000e+04
2.556600000000000000e+04 2.951000000000000000e+04
2.556700000000000000e+04 2.950900000000000000e+04
2.557300000000000000e+04 2.950800000000000000e+04
2.557300000000000000e+04 2.953100000000000000e+04
2.557500000000000000e+04 2.950400000000000000e+04
2.557900000000000000e+04 2.950300000000000000e+04
2.558700000000000000e+04 2.950600000000000000e+04
2.559100000000000000e+04 2.953600000000000000e+04
2.559400000000000000e+04 2.951700000000000000e+04
2.559700000000000000e+04 2.952100000000000000e+04
2.559800000000000000e+04 2.951900000000000000e+04
2.559900000000000000e+04 2.951200000000000000e+04
2.559900000000000000e+04 2.953500000000000000e+04
2.560300000000000000e+04 2.950100000000000000e+04
2.560900000000000000e+04 2.949400000000000000e+04
2.561300000000000000e+04 2.951100000000000000e+04
2.561700000000000000e+04 2.949300000000000000e+04
2.561800000000000000e+04 2.953300000000000000e+04
2.562400000000000000e+04 2.950300000000000000e+04
2.562400000000000000e+04 2.951600000000000000e+04
2.562900000000000000e+04 2.949200000000000000e+04
2.562900000000000000e+04 2.950900000000000000e+04
2.563000000000000000e+04 2.950500000000000000e+04
2.563100000000000000e+04 2.948900000000000000e+04
2.563800000000000000e+04 2.950600000000000000e+04
2.564700000000000000e+04 2.948800000000000000e+04
2.564700000000000000e+04 2.950500000000000000e+04
2.564900000000000000e+04 2.950400000000000000e+04
2.565200000000000000e+04 2.949000000000000000e+04
2.565300000000000000e+04 2.952300000000000000e+04
2.565700000000000000e+04 2.948700000000000000e+04
2.565800000000000000e+04 2.949100000000000000e+04
2.566200000000000000e+04 2.948600000000000000e+04
2.566200000000000000e+04 2.951900000000000000e+04
2.566400000000000000e+04 2.948400000000000000e+04
2.566400000000000000e+04 2.951500000000000000e+04
2.566500000000000000e+04 2.950100000000000000e+04
2.566700000000000000e+04 2.951400000000000000e+04
2.568000000000000000e+04 2.947800000000000000e+04
2.568800000000000000e+04 2.951100000000000000e+04
2.569000000000000000e+04 2.948200000000000000e+04
2.569100000000000000e+04 2.947400000000000000e+04
2.569200000000000000e+04 2.950500000000000000e+04
2.570000000000000000e+04 2.947200000000000000e+04
2.570100000000000000e+04 2.946800000000000000e+04
2.570300000000000000e+04 2.946700000000000000e+04
2.571300000000000000e+04 2.946600000000000000e+04
2.571800000000000000e+04 2.949600000000000000e+04
2.572100000000000000e+04 2.949700000000000000e+04
2.572500000000000000e+04 2.949300000000000000e+04
2.572900000000000000e+04 2.946200000000000000e+04
2.573100000000000000e+04 2.946000000000000000e+04
2.573600000000000000e+04 2.947700000000000000e+04
2.573800000000000000e+04 2.946400000000000000e+04
2.573900000000000000e+04 2.946200000000000000e+04
2.573900000000000000e+04 2.948800000000000000e+04
2.574200000000000000e+04 2.945900000000000000e+04
2.574600000000000000e+04 2.947700000000000000e+04
2.574700000000000000e+04 2.944900000000000000e+04
2.574700000000000000e+04 2.946100000000000000e+04
2.575300000000000000e+04 2.945700000000000000e+04
2.575900000000000000e+04 2.944100000000000000e+04
2.576200000000000000e+04 2.945100000000000000e+04
2.576200000000000000e+04 2.946500000000000000e+04
2.576900000000000000e+04 2.947500000000000000e+04
2.577200000000000000e+04 2.941100000000000000e+04
2.577600000000000000e+04 2.946100000000000000e+04
2.578700000000000000e+04 2.945800000000000000e+04
2.578900000000000000e+04 2.944200000000000000e+04
2.579200000000000000e+04 2.943900000000000000e+04
2.579200000000000000e+04 2.944000000000000000e+04
2.579300000000000000e+04 2.943700000000000000e+04
2.580000000000000000e+04 2.942400000000000000e+04
2.580300000000000000e+04 2.941000000000000000e+04
2.580500000000000000e+04 2.940600000000000000e+04
2.580500000000000000e+04 2.944800000000000000e+04
2.581200000000000000e+04 2.944400000000000000e+04
2.581400000000000000e+04 2.943800000000000000e+04
2.581700000000000000e+04 2.941400000000000000e+04
2.581900000000000000e+04 2.942900000000000000e+04
2.582100000000000000e+04 2.943200000000000000e+04
2.582300000000000000e+04 2.942200000000000000e+04
2.582400000000000000e+04 2.942900000000000000e+04
2.582500000000000000e+04 2.941000000000000000e+04
2.582800000000000000e+04 2.940300000000000000e+04
2.583200000000000000e+04 2.942000000000000000e+04
2.583400000000000000e+04 2.939900000000000000e+04
2.583700000000000000e+04 2.941700000000000000e+04
2.583800000000000000e+04 2.940700000000000000e+04
2.584300000000000000e+04 2.941600000000000000e+04
2.584700000000000000e+04 2.942200000000000000e+04
2.585200000000000000e+04 2.941000000000000000e+04
2.585700000000000000e+04 2.941400000000000000e+04
2.586400000000000000e+04 2.940800000000000000e+04
2.586500000000000000e+04 2.940300000000000000e+04
2.587300000000000000e+04 2.941000000000000000e+04
2.587500000000000000e+04 2.939600000000000000e+04
2.587700000000000000e+04 2.940400000000000000e+04
2.587900000000000000e+04 2.938500000000000000e+04
2.588000000000000000e+04 2.940800000000000000e+04
2.588600000000000000e+04 2.940100000000000000e+04
2.589700000000000000e+04 2.940100000000000000e+04
2.589700000000000000e+04 2.940200000000000000e+04
2.589800000000000000e+04 2.939000000000000000e+04
2.589900000000000000e+04 2.939300000000000000e+04
2.590000000000000000e+04 2.939700000000000000e+04
2.590200000000000000e+04 2.938900000000000000e+04
2.590300000000000000e+04 2.938300000000000000e+04
2.590300000000000000e+04 2.939500000000000000e+04
2.590400000000000000e+04 2.938400000000000000e+04
2.590700000000000000e+04 2.938100000000000000e+04
2.590800000000000000e+04 2.939100000000000000e+04
2.591100000000000000e+04 2.938200000000000000e+04
2.591400000000000000e+04 2.939900000000000000e+04
2.591600000000000000e+04 2.938600000000000000e+04
2.591700000000000000e+04 2.938500000000000000e+04
2.591800000000000000e+04 2.937800000000000000e+04
2.592600000000000000e+04 2.937300000000000000e+04
2.592800000000000000e+04 2.939200000000000000e+04
2.593000000000000000e+04 2.938700000000000000e+04
2.593100000000000000e+04 2.938100000000000000e+04
2.593400000000000000e+04 2.938700000000000000e+04
2.593800000000000000e+04 2.938100000000000000e+04
2.593900000000000000e+04 2.936300000000000000e+04
2.594000000000000000e+04 2.937300000000000000e+04
2.594100000000000000e+04 2.938100000000000000e+04
2.594200000000000000e+04 2.937000000000000000e+04
2.594400000000000000e+04 2.937800000000000000e+04
2.594900000000000000e+04 2.936800000000000000e+04
2.595100000000000000e+04 2.936800000000000000e+04
2.595300000000000000e+04 2.936500000000000000e+04
2.595400000000000000e+04 2.936100000000000000e+04
2.595500000000000000e+04 2.937600000000000000e+04
2.595900000000000000e+04 2.936000000000000000e+04
2.596000000000000000e+04 2.935900000000000000e+04
2.596400000000000000e+04 2.937200000000000000e+04
2.596500000000000000e+04 2.936300000000000000e+04
2.596600000000000000e+04 2.935500000000000000e+04
2.596900000000000000e+04 2.936300000000000000e+04
2.597000000000000000e+04 2.936900000000000000e+04
2.598600000000000000e+04 2.936500000000000000e+04
2.599200000000000000e+04 2.935800000000000000e+04
2.599300000000000000e+04 2.935000000000000000e+04
2.599700000000000000e+04 2.935000000000000000e+04
2.599900000000000000e+04 2.934900000000000000e+04
2.599900000000000000e+04 2.936100000000000000e+04
2.600100000000000000e+04 2.935100000000000000e+04
2.600200000000000000e+04 2.934700000000000000e+04
2.600400000000000000e+04 2.935000000000000000e+04
2.600700000000000000e+04 2.934500000000000000e+04
2.601000000000000000e+04 2.934700000000000000e+04
2.601300000000000000e+04 2.934500000000000000e+04
2.601500000000000000e+04 2.934200000000000000e+04
2.601700000000000000e+04 2.933700000000000000e+04
2.601700000000000000e+04 2.934200000000000000e+04
2.601800000000000000e+04 2.934200000000000000e+04
2.602300000000000000e+04 2.933700000000000000e+04
2.602600000000000000e+04 2.932700000000000000e+04
2.603200000000000000e+04 2.933400000000000000e+04
2.603300000000000000e+04 2.932600000000000000e+04
2.603300000000000000e+04 2.933300000000000000e+04
2.603500000000000000e+04 2.933600000000000000e+04
2.603700000000000000e+04 2.932600000000000000e+04
2.603900000000000000e+04 2.933900000000000000e+04
2.604000000000000000e+04 2.932500000000000000e+04
2.604100000000000000e+04 2.933100000000000000e+04
2.604700000000000000e+04 2.932900000000000000e+04
2.604800000000000000e+04 2.933000000000000000e+04
2.605500000000000000e+04 2.931300000000000000e+04
2.605500000000000000e+04 2.932400000000000000e+04
2.605700000000000000e+04 2.932800000000000000e+04
2.606300000000000000e+04 2.931500000000000000e+04
2.606500000000000000e+04 2.932300000000000000e+04
2.606700000000000000e+04 2.930100000000000000e+04
2.606800000000000000e+04 2.931900000000000000e+04
2.606800000000000000e+04 2.932800000000000000e+04
2.607700000000000000e+04 2.930400000000000000e+04
2.608100000000000000e+04 2.931600000000000000e+04
2.608300000000000000e+04 2.932100000000000000e+04
2.608900000000000000e+04 2.931400000000000000e+04
2.609200000000000000e+04 2.931200000000000000e+04
2.610300000000000000e+04 2.931300000000000000e+04
2.610400000000000000e+04 2.929900000000000000e+04
2.610600000000000000e+04 2.930000000000000000e+04
2.610600000000000000e+04 2.930900000000000000e+04
2.610900000000000000e+04 2.928900000000000000e+04
2.611100000000000000e+04 2.930700000000000000e+04
2.611200000000000000e+04 2.928800000000000000e+04
2.611300000000000000e+04 2.930500000000000000e+04
2.611600000000000000e+04 2.929400000000000000e+04
2.611700000000000000e+04 2.928400000000000000e+04
2.611800000000000000e+04 2.930600000000000000e+04
2.612000000000000000e+04 2.927700000000000000e+04
2.612200000000000000e+04 2.930200000000000000e+04
2.612700000000000000e+04 2.929700000000000000e+04
2.612900000000000000e+04 2.927300000000000000e+04
2.612900000000000000e+04 2.928900000000000000e+04
2.613100000000000000e+04 2.928700000000000000e+04
2.613400000000000000e+04 2.930000000000000000e+04
2.613500000000000000e+04 2.929800000000000000e+04
2.613700000000000000e+04 2.928400000000000000e+04
2.613800000000000000e+04 2.928100000000000000e+04
2.613900000000000000e+04 2.928300000000000000e+04
2.614500000000000000e+04 2.926600000000000000e+04
2.614600000000000000e+04 2.927700000000000000e+04
2.614600000000000000e+04 2.929100000000000000e+04
2.615300000000000000e+04 2.926900000000000000e+04
2.615400000000000000e+04 2.928100000000000000e+04
2.615600000000000000e+04 2.926800000000000000e+04
2.615700000000000000e+04 2.927300000000000000e+04
2.616100000000000000e+04 2.926200000000000000e+04
2.616100000000000000e+04 2.926800000000000000e+04
2.616200000000000000e+04 2.928800000000000000e+04
2.616500000000000000e+04 2.926100000000000000e+04
2.616600000000000000e+04 2.926600000000000000e+04
2.616900000000000000e+04 2.927600000000000000e+04
2.617100000000000000e+04 2.925700000000000000e+04
2.617200000000000000e+04 2.924800000000000000e+04
2.617500000000000000e+04 2.925600000000000000e+04
2.618000000000000000e+04 2.925200000000000000e+04
2.618100000000000000e+04 2.926100000000000000e+04
2.618400000000000000e+04 2.927500000000000000e+04
2.618600000000000000e+04 2.924500000000000000e+04
2.618600000000000000e+04 2.925900000000000000e+04
2.618800000000000000e+04 2.926000000000000000e+04
2.619000000000000000e+04 2.927000000000000000e+04
2.619700000000000000e+04 2.923600000000000000e+04
2.620000000000000000e+04 2.925100000000000000e+04
2.620100000000000000e+04 2.925200000000000000e+04
2.620200000000000000e+04 2.925000000000000000e+04
2.620300000000000000e+04 2.924800000000000000e+04
2.620900000000000000e+04 2.922200000000000000e+04
2.621300000000000000e+04 2.925100000000000000e+04
2.621600000000000000e+04 2.923500000000000000e+04
2.621700000000000000e+04 2.924100000000000000e+04
2.621700000000000000e+04 2.925100000000000000e+04
2.622100000000000000e+04 2.921000000000000000e+04
2.622200000000000000e+04 2.923700000000000000e+04
2.622200000000000000e+04 2.923900000000000000e+04
2.622200000000000000e+04 2.924300000000000000e+04
2.622500000000000000e+04 2.923000000000000000e+04
2.622600000000000000e+04 2.924000000000000000e+04
2.622800000000000000e+04 2.923200000000000000e+04
2.623000000000000000e+04 2.920200000000000000e+04
2.623000000000000000e+04 2.921800000000000000e+04
2.623200000000000000e+04 2.922900000000000000e+04
2.624500000000000000e+04 2.922700000000000000e+04
2.624800000000000000e+04 2.922800000000000000e+04
2.625100000000000000e+04 2.920300000000000000e+04
2.625100000000000000e+04 2.921900000000000000e+04
2.625500000000000000e+04 2.923600000000000000e+04
2.625600000000000000e+04 2.920900000000000000e+04
2.626100000000000000e+04 2.920200000000000000e+04
2.627000000000000000e+04 2.922600000000000000e+04
2.627600000000000000e+04 2.919500000000000000e+04
2.627700000000000000e+04 2.920100000000000000e+04
2.628000000000000000e+04 2.918400000000000000e+04
2.628700000000000000e+04 2.919500000000000000e+04
2.628900000000000000e+04 2.919100000000000000e+04
2.629000000000000000e+04 2.918100000000000000e+04
2.629000000000000000e+04 2.920100000000000000e+04
2.629400000000000000e+04 2.918000000000000000e+04
2.629400000000000000e+04 2.918400000000000000e+04
2.629800000000000000e+04 2.917000000000000000e+04
2.629800000000000000e+04 2.921200000000000000e+04
2.630000000000000000e+04 2.916400000000000000e+04
2.630000000000000000e+04 2.917500000000000000e+04
2.630200000000000000e+04 2.917300000000000000e+04
2.630400000000000000e+04 2.917900000000000000e+04
2.631000000000000000e+04 2.917900000000000000e+04
2.631200000000000000e+04 2.916400000000000000e+04
2.631400000000000000e+04 2.920000000000000000e+04
2.631500000000000000e+04 2.916100000000000000e+04
2.631600000000000000e+04 2.918900000000000000e+04
2.631700000000000000e+04 2.917200000000000000e+04
2.631800000000000000e+04 2.915900000000000000e+04
2.632000000000000000e+04 2.917700000000000000e+04
2.632200000000000000e+04 2.918500000000000000e+04
2.632400000000000000e+04 2.915800000000000000e+04
2.632900000000000000e+04 2.917800000000000000e+04
2.633600000000000000e+04 2.916900000000000000e+04
2.634000000000000000e+04 2.915500000000000000e+04
2.634000000000000000e+04 2.915600000000000000e+04
2.634300000000000000e+04 2.916300000000000000e+04
2.634600000000000000e+04 2.915400000000000000e+04
2.634800000000000000e+04 2.917600000000000000e+04
2.635000000000000000e+04 2.917400000000000000e+04
2.635100000000000000e+04 2.915100000000000000e+04
2.635200000000000000e+04 2.914700000000000000e+04
2.635300000000000000e+04 2.915200000000000000e+04
2.635400000000000000e+04 2.915100000000000000e+04
2.635400000000000000e+04 2.916800000000000000e+04
2.635700000000000000e+04 2.916500000000000000e+04
2.635800000000000000e+04 2.914400000000000000e+04
2.635900000000000000e+04 2.914700000000000000e+04
2.636100000000000000e+04 2.915000000000000000e+04
2.636200000000000000e+04 2.914300000000000000e+04
2.636300000000000000e+04 2.915800000000000000e+04
2.636400000000000000e+04 2.914400000000000000e+04
2.636600000000000000e+04 2.913400000000000000e+04
2.636600000000000000e+04 2.913500000000000000e+04
2.636900000000000000e+04 2.913100000000000000e+04
2.637100000000000000e+04 2.913100000000000000e+04
2.637200000000000000e+04 2.914100000000000000e+04
2.637400000000000000e+04 2.916700000000000000e+04
2.637600000000000000e+04 2.915200000000000000e+04
2.637600000000000000e+04 2.915300000000000000e+04
2.638100000000000000e+04 2.912800000000000000e+04
2.638800000000000000e+04 2.914600000000000000e+04
2.638900000000000000e+04 2.912500000000000000e+04
2.638900000000000000e+04 2.913500000000000000e+04
2.639100000000000000e+04 2.915000000000000000e+04
2.639300000000000000e+04 2.914300000000000000e+04
2.639400000000000000e+04 2.914600000000000000e+04
2.639800000000000000e+04 2.914000000000000000e+04
2.640000000000000000e+04 2.913600000000000000e+04
2.640000000000000000e+04 2.914500000000000000e+04
2.640100000000000000e+04 2.913100000000000000e+04
2.640200000000000000e+04 2.912900000000000000e+04
2.640300000000000000e+04 2.913700000000000000e+04
2.640400000000000000e+04 2.913100000000000000e+04
2.640700000000000000e+04 2.911800000000000000e+04
2.640800000000000000e+04 2.911300000000000000e+04
2.640900000000000000e+04 2.912600000000000000e+04
2.640900000000000000e+04 2.913500000000000000e+04
2.641200000000000000e+04 2.912600000000000000e+04
2.641500000000000000e+04 2.910800000000000000e+04
2.641500000000000000e+04 2.913000000000000000e+04
2.642100000000000000e+04 2.912500000000000000e+04
2.642200000000000000e+04 2.911900000000000000e+04
2.642300000000000000e+04 2.910900000000000000e+04
2.642600000000000000e+04 2.910700000000000000e+04
2.642900000000000000e+04 2.910500000000000000e+04
2.643500000000000000e+04 2.910600000000000000e+04
2.643600000000000000e+04 2.912700000000000000e+04
2.644000000000000000e+04 2.909500000000000000e+04
2.644100000000000000e+04 2.911900000000000000e+04
2.644200000000000000e+04 2.911600000000000000e+04
2.644500000000000000e+04 2.910000000000000000e+04
2.644800000000000000e+04 2.908400000000000000e+04
2.645100000000000000e+04 2.911000000000000000e+04
2.645500000000000000e+04 2.905900000000000000e+04
2.646100000000000000e+04 2.910800000000000000e+04
2.646300000000000000e+04 2.909300000000000000e+04
2.646300000000000000e+04 2.910300000000000000e+04
2.647100000000000000e+04 2.909100000000000000e+04
2.647700000000000000e+04 2.905800000000000000e+04
2.647800000000000000e+04 2.905500000000000000e+04
2.648200000000000000e+04 2.905300000000000000e+04
2.648300000000000000e+04 2.909900000000000000e+04
2.648600000000000000e+04 2.908100000000000000e+04
2.648900000000000000e+04 2.907300000000000000e+04
2.649000000000000000e+04 2.907500000000000000e+04
2.649200000000000000e+04 2.905700000000000000e+04
2.649200000000000000e+04 2.909000000000000000e+04
2.649300000000000000e+04 2.905600000000000000e+04
2.650000000000000000e+04 2.905500000000000000e+04
2.650500000000000000e+04 2.907400000000000000e+04
2.650700000000000000e+04 2.904800000000000000e+04
2.650800000000000000e+04 2.907100000000000000e+04
2.651000000000000000e+04 2.906900000000000000e+04
2.651300000000000000e+04 2.904100000000000000e+04
2.651300000000000000e+04 2.906300000000000000e+04
2.651500000000000000e+04 2.905900000000000000e+04
2.651900000000000000e+04 2.907300000000000000e+04
2.652100000000000000e+04 2.904000000000000000e+04
2.653100000000000000e+04 2.906700000000000000e+04
2.653100000000000000e+04 2.907200000000000000e+04
2.653400000000000000e+04 2.903800000000000000e+04
2.653600000000000000e+04 2.906300000000000000e+04
2.653700000000000000e+04 2.903700000000000000e+04
2.653800000000000000e+04 2.905200000000000000e+04
2.653900000000000000e+04 2.902400000000000000e+04
2.653900000000000000e+04 2.905400000000000000e+04
2.654200000000000000e+04 2.905600000000000000e+04
2.654500000000000000e+04 2.902300000000000000e+04
2.654700000000000000e+04 2.904900000000000000e+04
2.655600000000000000e+04 2.903300000000000000e+04
2.655600000000000000e+04 2.904400000000000000e+04
2.656000000000000000e+04 2.905300000000000000e+04
2.656200000000000000e+04 2.903500000000000000e+04
2.656800000000000000e+04 2.903200000000000000e+04
2.657000000000000000e+04 2.903000000000000000e+04
2.657100000000000000e+04 2.901600000000000000e+04
2.657200000000000000e+04 2.903000000000000000e+04
2.657400000000000000e+04 2.904100000000000000e+04
2.657500000000000000e+04 2.902300000000000000e+04
2.657900000000000000e+04 2.902000000000000000e+04
2.658000000000000000e+04 2.901200000000000000e+04
2.658100000000000000e+04 2.901900000000000000e+04
2.658700000000000000e+04 2.902800000000000000e+04
2.659300000000000000e+04 2.901700000000000000e+04
2.659600000000000000e+04 2.901300000000000000e+04
2.659600000000000000e+04 2.901500000000000000e+04
2.659700000000000000e+04 2.900100000000000000e+04
2.659700000000000000e+04 2.901200000000000000e+04
2.660000000000000000e+04 2.901400000000000000e+04
2.660200000000000000e+04 2.900200000000000000e+04
2.660300000000000000e+04 2.900100000000000000e+04
2.660500000000000000e+04 2.899800000000000000e+04
2.660600000000000000e+04 2.899800000000000000e+04
2.660700000000000000e+04 2.899100000000000000e+04
2.660900000000000000e+04 2.899500000000000000e+04
2.661200000000000000e+04 2.899600000000000000e+04
2.661900000000000000e+04 2.899500000000000000e+04
2.662700000000000000e+04 2.898600000000000000e+04
2.662700000000000000e+04 2.900800000000000000e+04
2.662800000000000000e+04 2.898300000000000000e+04
2.662800000000000000e+04 2.898900000000000000e+04
2.663100000000000000e+04 2.898200000000000000e+04
2.663500000000000000e+04 2.897500000000000000e+04
2.663600000000000000e+04 2.898000000000000000e+04
2.663800000000000000e+04 2.897300000000000000e+04
2.664100000000000000e+04 2.896800000000000000e+04
2.664300000000000000e+04 2.899300000000000000e+04
2.664400000000000000e+04 2.896300000000000000e+04
2.664500000000000000e+04 2.897800000000000000e+04
2.664900000000000000e+04 2.899800000000000000e+04
2.665000000000000000e+04 2.896500000000000000e+04
2.665000000000000000e+04 2.897700000000000000e+04
2.665200000000000000e+04 2.898600000000000000e+04
2.665300000000000000e+04 2.895500000000000000e+04
2.665800000000000000e+04 2.896400000000000000e+04
2.665900000000000000e+04 2.898100000000000000e+04
2.666000000000000000e+04 2.896100000000000000e+04
2.666000000000000000e+04 2.896900000000000000e+04
2.666100000000000000e+04 2.895500000000000000e+04
2.666100000000000000e+04 2.896400000000000000e+04
2.666300000000000000e+04 2.895300000000000000e+04
2.666800000000000000e+04 2.896800000000000000e+04
2.667000000000000000e+04 2.895300000000000000e+04
2.667000000000000000e+04 2.896200000000000000e+04
2.667200000000000000e+04 2.895200000000000000e+04
2.667200000000000000e+04 2.895700000000000000e+04
2.667400000000000000e+04 2.895200000000000000e+04
2.667800000000000000e+04 2.894900000000000000e+04
2.668200000000000000e+04 2.894100000000000000e+04
2.668600000000000000e+04 2.894000000000000000e+04
2.668700000000000000e+04 2.893900000000000000e+04
2.668900000000000000e+04 2.894400000000000000e+04
2.669900000000000000e+04 2.893600000000000000e+04
2.670000000000000000e+04 2.893500000000000000e+04
2.670000000000000000e+04 2.894100000000000000e+04
2.670700000000000000e+04 2.893400000000000000e+04
2.671000000000000000e+04 2.890000000000000000e+04
2.671300000000000000e+04 2.892100000000000000e+04
2.671600000000000000e+04 2.892900000000000000e+04
2.671800000000000000e+04 2.892600000000000000e+04
2.673000000000000000e+04 2.890500000000000000e+04
2.673200000000000000e+04 2.889900000000000000e+04
2.673600000000000000e+04 2.891000000000000000e+04
2.673700000000000000e+04 2.889100000000000000e+04
2.673700000000000000e+04 2.892500000000000000e+04
2.673800000000000000e+04 2.889700000000000000e+04
2.674200000000000000e+04 2.889100000000000000e+04
2.674300000000000000e+04 2.892000000000000000e+04
2.674500000000000000e+04 2.891400000000000000e+04
2.674600000000000000e+04 2.890600000000000000e+04
2.674900000000000000e+04 2.890200000000000000e+04
2.675200000000000000e+04 2.890900000000000000e+04
2.675300000000000000e+04 2.888900000000000000e+04
2.675500000000000000e+04 2.889900000000000000e+04
2.675700000000000000e+04 2.889000000000000000e+04
2.676200000000000000e+04 2.889400000000000000e+04
2.676300000000000000e+04 2.887400000000000000e+04
2.677300000000000000e+04 2.888900000000000000e+04
2.677400000000000000e+04 2.888100000000000000e+04
2.677700000000000000e+04 2.886100000000000000e+04
2.677700000000000000e+04 2.889500000000000000e+04
2.677800000000000000e+04 2.889000000000000000e+04
2.678300000000000000e+04 2.885700000000000000e+04
2.678600000000000000e+04 2.885600000000000000e+04
2.679100000000000000e+04 2.888200000000000000e+04
2.679200000000000000e+04 2.887700000000000000e+04
2.679300000000000000e+04 2.888800000000000000e+04
2.679400000000000000e+04 2.887400000000000000e+04
2.679500000000000000e+04 2.885100000000000000e+04
2.679600000000000000e+04 2.886100000000000000e+04
2.679600000000000000e+04 2.886400000000000000e+04
2.679900000000000000e+04 2.886300000000000000e+04
2.680400000000000000e+04 2.885700000000000000e+04
2.680400000000000000e+04 2.885800000000000000e+04
2.680600000000000000e+04 2.884600000000000000e+04
2.680700000000000000e+04 2.884200000000000000e+04
2.681600000000000000e+04 2.884700000000000000e+04
2.681700000000000000e+04 2.883900000000000000e+04
2.682000000000000000e+04 2.886400000000000000e+04
2.682300000000000000e+04 2.885000000000000000e+04
2.682500000000000000e+04 2.884900000000000000e+04
2.682500000000000000e+04 2.885100000000000000e+04
2.682700000000000000e+04 2.888000000000000000e+04
2.682800000000000000e+04 2.884700000000000000e+04
2.682800000000000000e+04 2.887700000000000000e+04
2.683200000000000000e+04 2.884500000000000000e+04
2.683200000000000000e+04 2.884800000000000000e+04
2.683500000000000000e+04 2.884300000000000000e+04
2.683600000000000000e+04 2.883800000000000000e+04
2.683700000000000000e+04 2.883200000000000000e+04
2.683800000000000000e+04 2.884300000000000000e+04
2.684000000000000000e+04 2.883200000000000000e+04
2.684300000000000000e+04 2.884200000000000000e+04
2.684700000000000000e+04 2.883000000000000000e+04
2.685000000000000000e+04 2.886100000000000000e+04
2.685100000000000000e+04 2.883000000000000000e+04
2.685500000000000000e+04 2.881300000000000000e+04
2.685500000000000000e+04 2.883400000000000000e+04
2.685500000000000000e+04 2.885500000000000000e+04
2.685600000000000000e+04 2.882500000000000000e+04
2.685700000000000000e+04 2.881100000000000000e+04
2.685800000000000000e+04 2.881000000000000000e+04
2.686400000000000000e+04 2.880700000000000000e+04
2.686700000000000000e+04 2.880400000000000000e+04
2.686700000000000000e+04 2.882900000000000000e+04
2.686800000000000000e+04 2.881400000000000000e+04
2.686800000000000000e+04 2.884000000000000000e+04
2.687100000000000000e+04 2.883700000000000000e+04
2.687400000000000000e+04 2.880200000000000000e+04
2.687500000000000000e+04 2.879300000000000000e+04
2.687700000000000000e+04 2.883300000000000000e+04
2.688300000000000000e+04 2.879300000000000000e+04
2.688300000000000000e+04 2.880100000000000000e+04
2.688500000000000000e+04 2.880000000000000000e+04
2.688700000000000000e+04 2.879200000000000000e+04
2.689300000000000000e+04 2.882200000000000000e+04
2.689500000000000000e+04 2.878800000000000000e+04
2.689700000000000000e+04 2.880600000000000000e+04
2.690200000000000000e+04 2.878600000000000000e+04
2.690700000000000000e+04 2.878900000000000000e+04
2.691200000000000000e+04 2.878200000000000000e+04
2.691200000000000000e+04 2.878700000000000000e+04
2.691700000000000000e+04 2.876000000000000000e+04
2.691700000000000000e+04 2.877400000000000000e+04
2.691700000000000000e+04 2.880100000000000000e+04
2.691800000000000000e+04 2.878600000000000000e+04
2.691800000000000000e+04 2.880600000000000000e+04
2.692000000000000000e+04 2.876900000000000000e+04
2.692100000000000000e+04 2.878200000000000000e+04
2.692100000000000000e+04 2.878300000000000000e+04
2.692300000000000000e+04 2.878000000000000000e+04
2.692600000000000000e+04 2.878800000000000000e+04
2.692900000000000000e+04 2.875300000000000000e+04
2.693400000000000000e+04 2.877000000000000000e+04
2.693500000000000000e+04 2.876600000000000000e+04
2.693700000000000000e+04 2.874800000000000000e+04
2.693800000000000000e+04 2.876000000000000000e+04
2.694200000000000000e+04 2.877700000000000000e+04
2.694300000000000000e+04 2.877600000000000000e+04
2.694500000000000000e+04 2.877300000000000000e+04
2.694700000000000000e+04 2.876600000000000000e+04
2.694800000000000000e+04 2.877700000000000000e+04
2.694900000000000000e+04 2.876100000000000000e+04
2.694900000000000000e+04 2.876900000000000000e+04
2.695000000000000000e+04 2.875900000000000000e+04
2.695100000000000000e+04 2.873200000000000000e+04
2.695700000000000000e+04 2.875900000000000000e+04
2.696000000000000000e+04 2.876000000000000000e+04
2.696400000000000000e+04 2.874500000000000000e+04
2.696500000000000000e+04 2.874000000000000000e+04
2.696600000000000000e+04 2.874700000000000000e+04
2.696700000000000000e+04 2.873800000000000000e+04
2.697100000000000000e+04 2.872000000000000000e+04
2.697100000000000000e+04 2.873600000000000000e+04
2.697300000000000000e+04 2.873400000000000000e+04
2.697800000000000000e+04 2.871800000000000000e+04
2.698100000000000000e+04 2.876400000000000000e+04
2.698400000000000000e+04 2.870700000000000000e+04
2.698600000000000000e+04 2.872600000000000000e+04
2.699000000000000000e+04 2.872100000000000000e+04
2.699000000000000000e+04 2.875100000000000000e+04
2.699100000000000000e+04 2.872600000000000000e+04
2.699900000000000000e+04 2.870600000000000000e+04
2.700000000000000000e+04 2.869000000000000000e+04
2.700000000000000000e+04 2.874100000000000000e+04
2.700400000000000000e+04 2.871100000000000000e+04
2.700400000000000000e+04 2.873700000000000000e+04
2.701900000000000000e+04 2.871800000000000000e+04
2.702000000000000000e+04 2.871500000000000000e+04
2.702600000000000000e+04 2.870600000000000000e+04
2.702700000000000000e+04 2.870600000000000000e+04
2.702800000000000000e+04 2.868500000000000000e+04
2.702800000000000000e+04 2.869200000000000000e+04
2.702900000000000000e+04 2.869000000000000000e+04
2.703000000000000000e+04 2.868400000000000000e+04
2.703000000000000000e+04 2.868700000000000000e+04
2.703100000000000000e+04 2.867400000000000000e+04
2.703600000000000000e+04 2.867200000000000000e+04
2.703800000000000000e+04 2.869500000000000000e+04
2.703900000000000000e+04 2.868600000000000000e+04
2.704300000000000000e+04 2.867900000000000000e+04
2.704500000000000000e+04 2.866600000000000000e+04
2.704500000000000000e+04 2.869000000000000000e+04
2.704700000000000000e+04 2.865800000000000000e+04
2.705500000000000000e+04 2.868700000000000000e+04
2.705500000000000000e+04 2.871100000000000000e+04
2.705900000000000000e+04 2.865700000000000000e+04
2.705900000000000000e+04 2.867500000000000000e+04
2.706100000000000000e+04 2.865200000000000000e+04
2.706200000000000000e+04 2.866500000000000000e+04
2.706500000000000000e+04 2.865100000000000000e+04
2.706600000000000000e+04 2.867000000000000000e+04
2.706700000000000000e+04 2.867300000000000000e+04
2.706900000000000000e+04 2.867000000000000000e+04
2.707400000000000000e+04 2.866500000000000000e+04
2.707500000000000000e+04 2.865000000000000000e+04
2.707800000000000000e+04 2.866600000000000000e+04
2.708100000000000000e+04 2.864800000000000000e+04
2.708200000000000000e+04 2.864000000000000000e+04
2.708600000000000000e+04 2.863200000000000000e+04
2.708700000000000000e+04 2.864600000000000000e+04
2.708800000000000000e+04 2.865400000000000000e+04
2.709000000000000000e+04 2.866200000000000000e+04
2.709100000000000000e+04 2.863600000000000000e+04
2.709200000000000000e+04 2.863400000000000000e+04
2.709300000000000000e+04 2.866000000000000000e+04
2.709400000000000000e+04 2.865100000000000000e+04
2.709500000000000000e+04 2.865100000000000000e+04
2.709800000000000000e+04 2.863000000000000000e+04
2.709800000000000000e+04 2.863800000000000000e+04
2.709800000000000000e+04 2.865700000000000000e+04
2.709900000000000000e+04 2.863000000000000000e+04
2.710000000000000000e+04 2.862900000000000000e+04
2.710100000000000000e+04 2.862100000000000000e+04
2.710200000000000000e+04 2.864100000000000000e+04
2.710400000000000000e+04 2.865000000000000000e+04
2.710600000000000000e+04 2.862800000000000000e+04
2.710700000000000000e+04 2.863100000000000000e+04
2.710900000000000000e+04 2.864000000000000000e+04
2.711000000000000000e+04 2.860900000000000000e+04
2.711000000000000000e+04 2.863100000000000000e+04
2.711100000000000000e+04 2.862400000000000000e+04
2.711300000000000000e+04 2.861900000000000000e+04
2.711500000000000000e+04 2.862800000000000000e+04
2.711800000000000000e+04 2.862900000000000000e+04
2.712100000000000000e+04 2.861600000000000000e+04
2.712400000000000000e+04 2.860800000000000000e+04
2.712700000000000000e+04 2.861600000000000000e+04
2.712700000000000000e+04 2.863900000000000000e+04
2.712800000000000000e+04 2.862900000000000000e+04
2.712900000000000000e+04 2.862400000000000000e+04
2.713100000000000000e+04 2.862300000000000000e+04
2.713200000000000000e+04 2.860900000000000000e+04
2.713400000000000000e+04 2.862300000000000000e+04
2.713700000000000000e+04 2.859800000000000000e+04
2.713800000000000000e+04 2.859200000000000000e+04
2.713800000000000000e+04 2.861800000000000000e+04
2.714800000000000000e+04 2.858600000000000000e+04
2.714800000000000000e+04 2.861600000000000000e+04
2.715000000000000000e+04 2.858200000000000000e+04
2.715200000000000000e+04 2.857800000000000000e+04
2.715500000000000000e+04 2.857200000000000000e+04
2.715600000000000000e+04 2.860300000000000000e+04
2.716200000000000000e+04 2.860700000000000000e+04
2.716300000000000000e+04 2.859900000000000000e+04
2.716600000000000000e+04 2.857100000000000000e+04
2.716700000000000000e+04 2.861200000000000000e+04
2.716900000000000000e+04 2.857600000000000000e+04
2.716900000000000000e+04 2.859600000000000000e+04
2.717000000000000000e+04 2.855100000000000000e+04
2.717200000000000000e+04 2.858800000000000000e+04
2.717400000000000000e+04 2.859600000000000000e+04
2.717500000000000000e+04 2.858700000000000000e+04
2.717500000000000000e+04 2.858900000000000000e+04
2.717500000000000000e+04 2.859300000000000000e+04
2.717600000000000000e+04 2.854800000000000000e+04
2.717700000000000000e+04 2.858900000000000000e+04
2.718000000000000000e+04 2.858300000000000000e+04
2.718200000000000000e+04 2.854600000000000000e+04
2.718200000000000000e+04 2.857600000000000000e+04
2.718200000000000000e+04 2.858800000000000000e+04
2.718400000000000000e+04 2.858200000000000000e+04
2.718400000000000000e+04 2.858500000000000000e+04
2.718600000000000000e+04 2.857300000000000000e+04
2.718600000000000000e+04 2.858000000000000000e+04
2.718800000000000000e+04 2.856800000000000000e+04
2.718800000000000000e+04 2.857900000000000000e+04
2.718900000000000000e+04 2.856500000000000000e+04
2.719100000000000000e+04 2.856300000000000000e+04
2.719200000000000000e+04 2.854500000000000000e+04
2.719200000000000000e+04 2.856500000000000000e+04
2.719300000000000000e+04 2.857000000000000000e+04
2.719500000000000000e+04 2.856400000000000000e+04
2.719600000000000000e+04 2.852800000000000000e+04
2.719600000000000000e+04 2.856200000000000000e+04
2.719700000000000000e+04 2.856500000000000000e+04
2.719900000000000000e+04 2.855900000000000000e+04
2.720300000000000000e+04 2.852400000000000000e+04
2.720300000000000000e+04 2.856100000000000000e+04
2.720400000000000000e+04 2.855100000000000000e+04
2.720400000000000000e+04 2.857800000000000000e+04
2.720600000000000000e+04 2.855500000000000000e+04
2.720700000000000000e+04 2.855000000000000000e+04
2.721300000000000000e+04 2.852200000000000000e+04
2.721700000000000000e+04 2.855800000000000000e+04
2.722000000000000000e+04 2.854900000000000000e+04
2.722100000000000000e+04 2.855200000000000000e+04
2.722500000000000000e+04 2.854600000000000000e+04
2.722900000000000000e+04 2.854200000000000000e+04
2.723300000000000000e+04 2.854100000000000000e+04
2.723500000000000000e+04 2.851200000000000000e+04
2.723600000000000000e+04 2.850100000000000000e+04
2.723700000000000000e+04 2.853700000000000000e+04
2.723700000000000000e+04 2.855000000000000000e+04
2.723900000000000000e+04 2.853200000000000000e+04
2.724000000000000000e+04 2.853700000000000000e+04
2.724500000000000000e+04 2.849800000000000000e+04
2.724500000000000000e+04 2.852000000000000000e+04
2.724700000000000000e+04 2.851900000000000000e+04
2.724900000000000000e+04 2.853600000000000000e+04
2.725000000000000000e+04 2.853700000000000000e+04
2.725700000000000000e+04 2.851600000000000000e+04
2.726000000000000000e+04 2.851400000000000000e+04
2.726100000000000000e+04 2.851900000000000000e+04
2.726100000000000000e+04 2.852900000000000000e+04
2.726900000000000000e+04 2.849200000000000000e+04
2.726900000000000000e+04 2.852400000000000000e+04
2.727100000000000000e+04 2.851400000000000000e+04
2.727200000000000000e+04 2.851200000000000000e+04
2.727300000000000000e+04 2.851100000000000000e+04
2.727700000000000000e+04 2.851000000000000000e+04
2.727800000000000000e+04 2.850800000000000000e+04
2.727900000000000000e+04 2.850600000000000000e+04
2.728500000000000000e+04 2.851300000000000000e+04
2.728900000000000000e+04 2.849800000000000000e+04
2.728900000000000000e+04 2.850600000000000000e+04
2.729000000000000000e+04 2.847200000000000000e+04
2.729600000000000000e+04 2.849200000000000000e+04
2.729700000000000000e+04 2.846900000000000000e+04
2.729800000000000000e+04 2.847500000000000000e+04
2.730000000000000000e+04 2.848700000000000000e+04
2.730000000000000000e+04 2.849000000000000000e+04
2.730000000000000000e+04 2.850300000000000000e+04
2.730200000000000000e+04 2.848600000000000000e+04
2.730300000000000000e+04 2.848400000000000000e+04
2.730400000000000000e+04 2.847100000000000000e+04
2.730500000000000000e+04 2.847000000000000000e+04
2.730700000000000000e+04 2.846400000000000000e+04
2.730800000000000000e+04 2.849500000000000000e+04
2.730900000000000000e+04 2.846900000000000000e+04
2.731000000000000000e+04 2.846800000000000000e+04
2.731000000000000000e+04 2.848300000000000000e+04
2.731300000000000000e+04 2.846400000000000000e+04
2.731400000000000000e+04 2.845100000000000000e+04
2.731600000000000000e+04 2.845300000000000000e+04
2.731700000000000000e+04 2.843000000000000000e+04
2.731700000000000000e+04 2.847900000000000000e+04
2.732000000000000000e+04 2.846200000000000000e+04
2.732000000000000000e+04 2.847400000000000000e+04
2.732100000000000000e+04 2.847100000000000000e+04
2.732600000000000000e+04 2.846100000000000000e+04
2.732800000000000000e+04 2.845800000000000000e+04
2.732900000000000000e+04 2.845000000000000000e+04
2.733000000000000000e+04 2.845700000000000000e+04
2.733100000000000000e+04 2.846000000000000000e+04
2.733300000000000000e+04 2.843500000000000000e+04
2.733300000000000000e+04 2.845600000000000000e+04
2.733500000000000000e+04 2.842700000000000000e+04
2.733500000000000000e+04 2.845000000000000000e+04
2.733500000000000000e+04 2.845400000000000000e+04
2.733700000000000000e+04 2.843400000000000000e+04
2.733700000000000000e+04 2.845400000000000000e+04
2.734100000000000000e+04 2.845000000000000000e+04
2.734200000000000000e+04 2.844100000000000000e+04
2.734300000000000000e+04 2.842800000000000000e+04
2.734300000000000000e+04 2.845200000000000000e+04
2.734600000000000000e+04 2.843700000000000000e+04
2.734700000000000000e+04 2.842600000000000000e+04
2.734800000000000000e+04 2.843000000000000000e+04
2.734800000000000000e+04 2.844700000000000000e+04
2.735000000000000000e+04 2.843700000000000000e+04
2.735200000000000000e+04 2.841800000000000000e+04
2.735400000000000000e+04 2.841500000000000000e+04
2.735500000000000000e+04 2.842300000000000000e+04
2.735500000000000000e+04 2.843900000000000000e+04
2.735600000000000000e+04 2.841200000000000000e+04
2.735600000000000000e+04 2.843600000000000000e+04
2.735700000000000000e+04 2.842800000000000000e+04
2.735900000000000000e+04 2.841300000000000000e+04
2.736300000000000000e+04 2.842100000000000000e+04
2.736500000000000000e+04 2.841200000000000000e+04
2.736700000000000000e+04 2.840500000000000000e+04
2.736700000000000000e+04 2.841100000000000000e+04
2.737600000000000000e+04 2.840300000000000000e+04
2.737900000000000000e+04 2.840600000000000000e+04
2.738100000000000000e+04 2.839600000000000000e+04
2.738200000000000000e+04 2.840700000000000000e+04
2.738600000000000000e+04 2.839500000000000000e+04
2.738700000000000000e+04 2.840100000000000000e+04
2.738700000000000000e+04 2.840600000000000000e+04
2.738800000000000000e+04 2.838500000000000000e+04
2.739400000000000000e+04 2.839600000000000000e+04
2.739500000000000000e+04 2.839300000000000000e+04
2.739600000000000000e+04 2.838800000000000000e+04
2.739700000000000000e+04 2.839400000000000000e+04
2.740000000000000000e+04 2.838500000000000000e+04
2.740100000000000000e+04 2.839500000000000000e+04
2.740200000000000000e+04 2.838300000000000000e+04
2.740300000000000000e+04 2.838000000000000000e+04
2.740300000000000000e+04 2.838300000000000000e+04
2.740400000000000000e+04 2.839300000000000000e+04
2.740600000000000000e+04 2.837700000000000000e+04
2.740600000000000000e+04 2.841900000000000000e+04
2.740700000000000000e+04 2.838900000000000000e+04
2.741100000000000000e+04 2.839700000000000000e+04
2.741200000000000000e+04 2.838800000000000000e+04
2.741300000000000000e+04 2.838200000000000000e+04
2.741400000000000000e+04 2.837700000000000000e+04
2.741800000000000000e+04 2.839200000000000000e+04
2.741900000000000000e+04 2.838000000000000000e+04
2.742000000000000000e+04 2.837400000000000000e+04
2.742100000000000000e+04 2.837200000000000000e+04
2.742100000000000000e+04 2.837300000000000000e+04
2.742400000000000000e+04 2.837900000000000000e+04
2.742600000000000000e+04 2.836900000000000000e+04
2.742700000000000000e+04 2.837600000000000000e+04
2.743000000000000000e+04 2.836100000000000000e+04
2.743300000000000000e+04 2.836900000000000000e+04
2.743500000000000000e+04 2.836300000000000000e+04
2.743600000000000000e+04 2.835700000000000000e+04
2.743700000000000000e+04 2.836000000000000000e+04
2.743700000000000000e+04 2.836500000000000000e+04
2.744000000000000000e+04 2.835100000000000000e+04
2.744200000000000000e+04 2.835000000000000000e+04
2.744200000000000000e+04 2.836100000000000000e+04
2.744300000000000000e+04 2.833700000000000000e+04
2.744500000000000000e+04 2.834300000000000000e+04
2.744600000000000000e+04 2.837000000000000000e+04
2.744700000000000000e+04 2.833300000000000000e+04
2.744700000000000000e+04 2.836200000000000000e+04
2.745200000000000000e+04 2.832600000000000000e+04
2.745500000000000000e+04 2.834000000000000000e+04
2.745600000000000000e+04 2.835300000000000000e+04
2.745800000000000000e+04 2.832400000000000000e+04
2.745900000000000000e+04 2.833200000000000000e+04
2.746100000000000000e+04 2.831100000000000000e+04
2.746300000000000000e+04 2.832900000000000000e+04
2.746400000000000000e+04 2.831600000000000000e+04
2.746400000000000000e+04 2.832700000000000000e+04
2.746500000000000000e+04 2.831500000000000000e+04
2.746600000000000000e+04 2.834500000000000000e+04
2.746700000000000000e+04 2.834800000000000000e+04
2.746900000000000000e+04 2.831100000000000000e+04
2.747200000000000000e+04 2.829900000000000000e+04
2.747300000000000000e+04 2.833800000000000000e+04
2.747600000000000000e+04 2.833800000000000000e+04
2.748000000000000000e+04 2.832400000000000000e+04
2.748400000000000000e+04 2.832700000000000000e+04
2.748600000000000000e+04 2.831700000000000000e+04
2.748700000000000000e+04 2.831000000000000000e+04
2.748700000000000000e+04 2.833000000000000000e+04
2.748900000000000000e+04 2.830800000000000000e+04
2.749000000000000000e+04 2.829700000000000000e+04
2.749200000000000000e+04 2.829500000000000000e+04
2.749400000000000000e+04 2.829400000000000000e+04
2.749600000000000000e+04 2.829200000000000000e+04
2.749600000000000000e+04 2.831000000000000000e+04
2.749800000000000000e+04 2.828700000000000000e+04
2.750000000000000000e+04 2.828400000000000000e+04
2.750200000000000000e+04 2.830500000000000000e+04
2.750300000000000000e+04 2.830400000000000000e+04
2.750400000000000000e+04 2.829900000000000000e+04
2.750500000000000000e+04 2.828300000000000000e+04
2.750500000000000000e+04 2.828900000000000000e+04
2.750700000000000000e+04 2.829500000000000000e+04
2.750800000000000000e+04 2.828200000000000000e+04
2.750900000000000000e+04 2.827200000000000000e+04
2.751200000000000000e+04 2.832600000000000000e+04
2.751300000000000000e+04 2.826800000000000000e+04
2.751500000000000000e+04 2.827700000000000000e+04
2.751500000000000000e+04 2.829400000000000000e+04
2.751700000000000000e+04 2.826100000000000000e+04
2.751700000000000000e+04 2.827300000000000000e+04
2.751700000000000000e+04 2.827900000000000000e+04
2.751900000000000000e+04 2.829200000000000000e+04
2.751900000000000000e+04 2.832300000000000000e+04
2.752000000000000000e+04 2.825800000000000000e+04
2.752000000000000000e+04 2.828800000000000000e+04
2.752100000000000000e+04 2.828400000000000000e+04
2.752200000000000000e+04 2.831300000000000000e+04
2.752600000000000000e+04 2.828100000000000000e+04
2.752700000000000000e+04 2.825000000000000000e+04
2.752800000000000000e+04 2.827200000000000000e+04
2.752900000000000000e+04 2.826500000000000000e+04
2.753100000000000000e+04 2.830500000000000000e+04
2.753300000000000000e+04 2.826300000000000000e+04
2.753500000000000000e+04 2.827100000000000000e+04
2.753900000000000000e+04 2.829600000000000000e+04
2.754300000000000000e+04 2.826400000000000000e+04
2.754900000000000000e+04 2.826100000000000000e+04
2.755000000000000000e+04 2.825700000000000000e+04
2.755100000000000000e+04 2.824200000000000000e+04
2.755100000000000000e+04 2.825300000000000000e+04
2.755400000000000000e+04 2.826300000000000000e+04
2.755800000000000000e+04 2.825700000000000000e+04
2.756000000000000000e+04 2.822700000000000000e+04
2.756200000000000000e+04 2.821700000000000000e+04
2.756400000000000000e+04 2.825600000000000000e+04
2.756600000000000000e+04 2.824500000000000000e+04
2.756700000000000000e+04 2.825500000000000000e+04
2.756900000000000000e+04 2.824100000000000000e+04
2.756900000000000000e+04 2.824300000000000000e+04
2.757000000000000000e+04 2.824100000000000000e+04
2.757500000000000000e+04 2.822500000000000000e+04
2.757500000000000000e+04 2.823700000000000000e+04
2.757900000000000000e+04 2.823000000000000000e+04
2.758000000000000000e+04 2.819900000000000000e+04
2.758100000000000000e+04 2.821600000000000000e+04
2.758200000000000000e+04 2.819100000000000000e+04
2.759100000000000000e+04 2.821600000000000000e+04
2.759400000000000000e+04 2.819000000000000000e+04
2.760200000000000000e+04 2.820100000000000000e+04
2.760300000000000000e+04 2.820800000000000000e+04
2.760400000000000000e+04 2.819400000000000000e+04
2.760800000000000000e+04 2.819200000000000000e+04
2.760800000000000000e+04 2.823500000000000000e+04
2.760900000000000000e+04 2.820300000000000000e+04
2.760900000000000000e+04 2.820500000000000000e+04
2.761300000000000000e+04 2.820000000000000000e+04
2.761500000000000000e+04 2.818000000000000000e+04
2.761500000000000000e+04 2.819800000000000000e+04
2.761600000000000000e+04 2.818100000000000000e+04
2.761800000000000000e+04 2.818600000000000000e+04
2.762100000000000000e+04 2.817900000000000000e+04
2.762400000000000000e+04 2.819400000000000000e+04
2.762500000000000000e+04 2.819300000000000000e+04
2.762600000000000000e+04 2.816900000000000000e+04
2.762800000000000000e+04 2.817300000000000000e+04
2.762900000000000000e+04 2.817600000000000000e+04
2.763100000000000000e+04 2.817400000000000000e+04
2.763300000000000000e+04 2.816900000000000000e+04
2.763400000000000000e+04 2.816600000000000000e+04
2.763900000000000000e+04 2.816400000000000000e+04
2.764000000000000000e+04 2.816100000000000000e+04
2.764200000000000000e+04 2.816800000000000000e+04
2.764400000000000000e+04 2.813800000000000000e+04
2.764500000000000000e+04 2.814100000000000000e+04
2.764600000000000000e+04 2.815200000000000000e+04
2.765000000000000000e+04 2.811900000000000000e+04
2.765300000000000000e+04 2.814800000000000000e+04
2.765500000000000000e+04 2.813700000000000000e+04
2.765700000000000000e+04 2.814500000000000000e+04
2.766000000000000000e+04 2.812600000000000000e+04
2.766300000000000000e+04 2.811000000000000000e+04
2.766300000000000000e+04 2.814900000000000000e+04
2.766400000000000000e+04 2.810700000000000000e+04
2.766400000000000000e+04 2.813100000000000000e+04
2.766800000000000000e+04 2.813100000000000000e+04
2.767200000000000000e+04 2.811800000000000000e+04
2.768300000000000000e+04 2.810500000000000000e+04
2.768300000000000000e+04 2.813000000000000000e+04
2.768500000000000000e+04 2.811800000000000000e+04
2.768900000000000000e+04 2.811200000000000000e+04
2.768900000000000000e+04 2.813300000000000000e+04
2.769200000000000000e+04 2.810200000000000000e+04
2.769500000000000000e+04 2.811300000000000000e+04
2.769800000000000000e+04 2.811100000000000000e+04
2.769900000000000000e+04 2.811000000000000000e+04
2.770100000000000000e+04 2.810900000000000000e+04
2.770300000000000000e+04 2.811900000000000000e+04
2.770400000000000000e+04 2.810900000000000000e+04
2.770800000000000000e+04 2.810000000000000000e+04
2.771200000000000000e+04 2.810100000000000000e+04
2.772200000000000000e+04 2.809700000000000000e+04
2.772400000000000000e+04 2.808600000000000000e+04
2.772400000000000000e+04 2.810200000000000000e+04
2.772600000000000000e+04 2.810600000000000000e+04
2.772700000000000000e+04 2.809000000000000000e+04
2.773500000000000000e+04 2.808100000000000000e+04
2.773600000000000000e+04 2.808900000000000000e+04
2.773700000000000000e+04 2.807700000000000000e+04
2.774000000000000000e+04 2.807100000000000000e+04
2.774000000000000000e+04 2.809100000000000000e+04
2.774400000000000000e+04 2.806400000000000000e+04
2.775000000000000000e+04 2.806000000000000000e+04
2.775300000000000000e+04 2.807300000000000000e+04
2.775400000000000000e+04 2.805900000000000000e+04
2.775600000000000000e+04 2.806400000000000000e+04
2.775700000000000000e+04 2.805600000000000000e+04
2.775800000000000000e+04 2.806200000000000000e+04
2.775800000000000000e+04 2.807700000000000000e+04
2.776200000000000000e+04 2.805600000000000000e+04
2.776500000000000000e+04 2.805600000000000000e+04
2.776500000000000000e+04 2.809800000000000000e+04
2.776700000000000000e+04 2.808400000000000000e+04
2.776800000000000000e+04 2.803800000000000000e+04
2.776800000000000000e+04 2.804800000000000000e+04
2.776900000000000000e+04 2.803700000000000000e+04
2.777000000000000000e+04 2.803600000000000000e+04
2.777100000000000000e+04 2.807900000000000000e+04
2.777200000000000000e+04 2.803000000000000000e+04
2.777200000000000000e+04 2.804800000000000000e+04
2.777200000000000000e+04 2.805700000000000000e+04
2.777300000000000000e+04 2.802800000000000000e+04
2.777600000000000000e+04 2.807700000000000000e+04
2.777700000000000000e+04 2.802600000000000000e+04
2.777900000000000000e+04 2.803800000000000000e+04
2.778000000000000000e+04 2.804100000000000000e+04
2.778200000000000000e+04 2.803100000000000000e+04
2.778200000000000000e+04 2.803600000000000000e+04
2.778300000000000000e+04 2.803500000000000000e+04
2.778400000000000000e+04 2.802300000000000000e+04
2.778400000000000000e+04 2.803000000000000000e+04
2.778400000000000000e+04 2.807200000000000000e+04
2.778800000000000000e+04 2.802500000000000000e+04
2.779000000000000000e+04 2.801300000000000000e+04
2.779000000000000000e+04 2.806500000000000000e+04
2.779800000000000000e+04 2.805500000000000000e+04
2.780300000000000000e+04 2.802900000000000000e+04
2.780600000000000000e+04 2.803300000000000000e+04
2.780800000000000000e+04 2.804800000000000000e+04
2.781000000000000000e+04 2.799800000000000000e+04
2.781100000000000000e+04 2.800800000000000000e+04
2.781200000000000000e+04 2.797700000000000000e+04
2.781200000000000000e+04 2.804400000000000000e+04
2.781300000000000000e+04 2.801800000000000000e+04
2.781400000000000000e+04 2.800100000000000000e+04
2.781700000000000000e+04 2.802800000000000000e+04
2.781800000000000000e+04 2.797600000000000000e+04
2.781800000000000000e+04 2.801800000000000000e+04
2.782000000000000000e+04 2.799500000000000000e+04
2.782100000000000000e+04 2.796700000000000000e+04
2.782400000000000000e+04 2.796100000000000000e+04
2.782400000000000000e+04 2.801700000000000000e+04
2.782600000000000000e+04 2.798700000000000000e+04
2.782900000000000000e+04 2.795800000000000000e+04
2.783200000000000000e+04 2.800800000000000000e+04
2.783600000000000000e+04 2.795300000000000000e+04
2.783700000000000000e+04 2.800300000000000000e+04
2.784100000000000000e+04 2.800300000000000000e+04
2.784200000000000000e+04 2.794800000000000000e+04
2.784300000000000000e+04 2.795000000000000000e+04
2.784600000000000000e+04 2.793900000000000000e+04
2.784800000000000000e+04 2.798900000000000000e+04
2.784900000000000000e+04 2.794400000000000000e+04
2.785000000000000000e+04 2.794900000000000000e+04
2.785100000000000000e+04 2.798300000000000000e+04
2.785200000000000000e+04 2.800100000000000000e+04
2.785500000000000000e+04 2.797200000000000000e+04
2.785500000000000000e+04 2.798200000000000000e+04
2.785600000000000000e+04 2.794700000000000000e+04
2.785700000000000000e+04 2.794600000000000000e+04
2.785700000000000000e+04 2.796800000000000000e+04
2.786200000000000000e+04 2.794600000000000000e+04
2.786300000000000000e+04 2.792200000000000000e+04
2.786400000000000000e+04 2.793800000000000000e+04
2.786400000000000000e+04 2.796500000000000000e+04
2.786500000000000000e+04 2.793500000000000000e+04
2.786600000000000000e+04 2.795900000000000000e+04
2.786700000000000000e+04 2.793100000000000000e+04
2.787000000000000000e+04 2.792900000000000000e+04
2.787100000000000000e+04 2.794100000000000000e+04
2.787200000000000000e+04 2.791900000000000000e+04
2.787200000000000000e+04 2.793300000000000000e+04
2.787600000000000000e+04 2.793400000000000000e+04
2.787600000000000000e+04 2.795700000000000000e+04
2.787800000000000000e+04 2.794700000000000000e+04
2.787900000000000000e+04 2.792500000000000000e+04
2.787900000000000000e+04 2.794400000000000000e+04
2.788100000000000000e+04 2.791500000000000000e+04
2.788200000000000000e+04 2.792800000000000000e+04
2.788400000000000000e+04 2.791000000000000000e+04
2.788500000000000000e+04 2.790900000000000000e+04
2.788600000000000000e+04 2.792700000000000000e+04
2.788700000000000000e+04 2.792200000000000000e+04
2.788900000000000000e+04 2.789900000000000000e+04
2.788900000000000000e+04 2.792000000000000000e+04
2.789000000000000000e+04 2.791700000000000000e+04
2.789000000000000000e+04 2.791800000000000000e+04
2.789700000000000000e+04 2.791200000000000000e+04
2.790600000000000000e+04 2.788200000000000000e+04
2.790700000000000000e+04 2.789800000000000000e+04
2.790700000000000000e+04 2.791000000000000000e+04
2.790800000000000000e+04 2.791200000000000000e+04
2.790900000000000000e+04 2.789300000000000000e+04
2.791100000000000000e+04 2.789600000000000000e+04
2.791400000000000000e+04 2.788000000000000000e+04
2.791500000000000000e+04 2.788900000000000000e+04
2.791500000000000000e+04 2.790700000000000000e+04
2.791600000000000000e+04 2.788300000000000000e+04
2.791700000000000000e+04 2.789400000000000000e+04
2.791900000000000000e+04 2.787300000000000000e+04
2.791900000000000000e+04 2.790000000000000000e+04
2.792100000000000000e+04 2.789100000000000000e+04
2.792100000000000000e+04 2.789700000000000000e+04
2.792500000000000000e+04 2.786600000000000000e+04
2.792500000000000000e+04 2.788000000000000000e+04
2.793100000000000000e+04 2.788200000000000000e+04
2.793500000000000000e+04 2.786200000000000000e+04
2.793500000000000000e+04 2.787300000000000000e+04
2.793600000000000000e+04 2.786000000000000000e+04
2.793800000000000000e+04 2.788000000000000000e+04
2.793900000000000000e+04 2.789600000000000000e+04
2.794000000000000000e+04 2.787900000000000000e+04
2.794100000000000000e+04 2.785700000000000000e+04
2.794200000000000000e+04 2.787100000000000000e+04
2.794200000000000000e+04 2.788000000000000000e+04
2.794300000000000000e+04 2.785400000000000000e+04
2.794600000000000000e+04 2.784700000000000000e+04
2.794900000000000000e+04 2.785300000000000000e+04
2.794900000000000000e+04 2.786900000000000000e+04
2.795200000000000000e+04 2.784300000000000000e+04
2.795200000000000000e+04 2.786800000000000000e+04
2.795300000000000000e+04 2.786000000000000000e+04
2.795300000000000000e+04 2.786800000000000000e+04
2.795400000000000000e+04 2.784500000000000000e+04
2.796000000000000000e+04 2.784900000000000000e+04
2.796300000000000000e+04 2.783900000000000000e+04
2.796800000000000000e+04 2.785200000000000000e+04
2.797100000000000000e+04 2.783400000000000000e+04
2.797300000000000000e+04 2.785100000000000000e+04
2.797400000000000000e+04 2.782800000000000000e+04
2.797400000000000000e+04 2.784500000000000000e+04
2.797700000000000000e+04 2.782200000000000000e+04
2.797700000000000000e+04 2.784200000000000000e+04
2.797700000000000000e+04 2.785900000000000000e+04
2.798200000000000000e+04 2.784100000000000000e+04
2.798300000000000000e+04 2.783800000000000000e+04
2.798400000000000000e+04 2.782500000000000000e+04
2.798400000000000000e+04 2.783700000000000000e+04
2.798500000000000000e+04 2.781400000000000000e+04
2.798600000000000000e+04 2.780800000000000000e+04
2.798900000000000000e+04 2.783400000000000000e+04
2.799000000000000000e+04 2.783700000000000000e+04
2.799300000000000000e+04 2.780800000000000000e+04
2.799300000000000000e+04 2.781900000000000000e+04
2.799300000000000000e+04 2.782800000000000000e+04
2.799400000000000000e+04 2.782900000000000000e+04
2.799600000000000000e+04 2.782300000000000000e+04
2.799700000000000000e+04 2.780500000000000000e+04
2.799800000000000000e+04 2.780300000000000000e+04
2.799900000000000000e+04 2.780200000000000000e+04
2.800000000000000000e+04 2.781700000000000000e+04
2.800100000000000000e+04 2.780000000000000000e+04
2.800400000000000000e+04 2.782700000000000000e+04
2.800800000000000000e+04 2.779800000000000000e+04
2.800800000000000000e+04 2.781600000000000000e+04
2.801100000000000000e+04 2.781100000000000000e+04
2.801100000000000000e+04 2.782600000000000000e+04
2.801200000000000000e+04 2.782500000000000000e+04
2.801400000000000000e+04 2.779100000000000000e+04
2.801400000000000000e+04 2.780800000000000000e+04
2.801400000000000000e+04 2.782200000000000000e+04
2.801500000000000000e+04 2.778300000000000000e+04
2.801800000000000000e+04 2.778100000000000000e+04
2.801800000000000000e+04 2.780000000000000000e+04
2.801800000000000000e+04 2.780200000000000000e+04
2.801900000000000000e+04 2.782100000000000000e+04
2.802100000000000000e+04 2.779800000000000000e+04
2.802200000000000000e+04 2.777000000000000000e+04
2.802200000000000000e+04 2.781900000000000000e+04
2.802600000000000000e+04 2.781800000000000000e+04
2.802900000000000000e+04 2.776600000000000000e+04
2.803000000000000000e+04 2.776000000000000000e+04
2.803000000000000000e+04 2.781200000000000000e+04
2.803100000000000000e+04 2.780500000000000000e+04
2.803300000000000000e+04 2.778700000000000000e+04
2.803600000000000000e+04 2.775400000000000000e+04
2.803700000000000000e+04 2.779400000000000000e+04
2.803800000000000000e+04 2.777300000000000000e+04
2.803800000000000000e+04 2.780300000000000000e+04
2.803800000000000000e+04 2.780700000000000000e+04
2.803900000000000000e+04 2.774800000000000000e+04
2.804000000000000000e+04 2.777000000000000000e+04
2.804300000000000000e+04 2.780000000000000000e+04
2.804700000000000000e+04 2.777600000000000000e+04
2.804700000000000000e+04 2.779800000000000000e+04
2.804900000000000000e+04 2.776800000000000000e+04
2.804900000000000000e+04 2.778600000000000000e+04
2.805000000000000000e+04 2.773900000000000000e+04
2.805200000000000000e+04 2.776100000000000000e+04
2.805400000000000000e+04 2.775300000000000000e+04
2.805400000000000000e+04 2.778500000000000000e+04
2.805400000000000000e+04 2.778700000000000000e+04
2.805500000000000000e+04 2.776600000000000000e+04
2.805600000000000000e+04 2.776400000000000000e+04
2.805700000000000000e+04 2.776300000000000000e+04
2.805700000000000000e+04 2.778400000000000000e+04
2.805800000000000000e+04 2.776000000000000000e+04
2.806100000000000000e+04 2.773700000000000000e+04
2.806200000000000000e+04 2.775600000000000000e+04
2.806300000000000000e+04 2.774800000000000000e+04
2.806400000000000000e+04 2.777600000000000000e+04
2.806500000000000000e+04 2.774700000000000000e+04
2.806500000000000000e+04 2.777100000000000000e+04
2.806600000000000000e+04 2.774700000000000000e+04
2.806900000000000000e+04 2.776800000000000000e+04
2.807300000000000000e+04 2.775800000000000000e+04
2.807500000000000000e+04 2.774600000000000000e+04
2.807600000000000000e+04 2.772800000000000000e+04
2.807700000000000000e+04 2.773500000000000000e+04
2.807700000000000000e+04 2.774500000000000000e+04
2.807800000000000000e+04 2.775600000000000000e+04
2.807900000000000000e+04 2.774100000000000000e+04
2.808000000000000000e+04 2.773100000000000000e+04
2.808100000000000000e+04 2.773800000000000000e+04
2.808300000000000000e+04 2.771900000000000000e+04
2.808300000000000000e+04 2.774400000000000000e+04
2.808700000000000000e+04 2.775400000000000000e+04
2.808900000000000000e+04 2.771500000000000000e+04
2.809100000000000000e+04 2.774700000000000000e+04
2.809400000000000000e+04 2.773700000000000000e+04
2.809400000000000000e+04 2.773900000000000000e+04
2.809600000000000000e+04 2.773200000000000000e+04
2.809600000000000000e+04 2.773300000000000000e+04
2.809700000000000000e+04 2.772800000000000000e+04
2.809800000000000000e+04 2.770300000000000000e+04
2.809900000000000000e+04 2.773700000000000000e+04
2.810000000000000000e+04 2.772600000000000000e+04
2.810400000000000000e+04 2.771900000000000000e+04
2.810600000000000000e+04 2.771900000000000000e+04
2.810900000000000000e+04 2.770700000000000000e+04
2.811000000000000000e+04 2.769700000000000000e+04
2.811000000000000000e+04 2.770400000000000000e+04
2.811100000000000000e+04 2.767700000000000000e+04
2.811400000000000000e+04 2.768800000000000000e+04
2.811400000000000000e+04 2.769700000000000000e+04
2.811500000000000000e+04 2.769600000000000000e+04
2.811700000000000000e+04 2.768500000000000000e+04
2.811800000000000000e+04 2.768000000000000000e+04
2.811900000000000000e+04 2.767200000000000000e+04
2.812000000000000000e+04 2.767800000000000000e+04
2.812400000000000000e+04 2.772000000000000000e+04
2.812600000000000000e+04 2.765800000000000000e+04
2.812600000000000000e+04 2.769000000000000000e+04
2.812900000000000000e+04 2.764500000000000000e+04
2.813000000000000000e+04 2.769400000000000000e+04
2.813300000000000000e+04 2.764100000000000000e+04
2.813300000000000000e+04 2.766900000000000000e+04
2.813400000000000000e+04 2.766700000000000000e+04
2.813500000000000000e+04 2.765400000000000000e+04
2.813500000000000000e+04 2.767500000000000000e+04
2.813700000000000000e+04 2.766800000000000000e+04
2.813800000000000000e+04 2.766000000000000000e+04
2.814000000000000000e+04 2.765600000000000000e+04
2.814300000000000000e+04 2.763800000000000000e+04
2.814500000000000000e+04 2.766600000000000000e+04
2.814600000000000000e+04 2.763300000000000000e+04
2.814700000000000000e+04 2.766200000000000000e+04
2.814800000000000000e+04 2.764700000000000000e+04
2.814900000000000000e+04 2.762600000000000000e+04
2.814900000000000000e+04 2.763700000000000000e+04
2.814900000000000000e+04 2.766200000000000000e+04
2.815200000000000000e+04 2.761700000000000000e+04
2.815200000000000000e+04 2.765200000000000000e+04
2.815300000000000000e+04 2.763200000000000000e+04
2.815400000000000000e+04 2.761500000000000000e+04
2.815500000000000000e+04 2.764400000000000000e+04
2.815600000000000000e+04 2.763000000000000000e+04
2.815800000000000000e+04 2.763600000000000000e+04
2.816000000000000000e+04 2.764700000000000000e+04
2.816300000000000000e+04 2.764600000000000000e+04
2.816400000000000000e+04 2.761700000000000000e+04
2.816600000000000000e+04 2.764600000000000000e+04
2.816700000000000000e+04 2.761300000000000000e+04
2.817000000000000000e+04 2.761000000000000000e+04
2.817000000000000000e+04 2.764300000000000000e+04
2.817200000000000000e+04 2.763500000000000000e+04
2.817300000000000000e+04 2.763100000000000000e+04
2.817300000000000000e+04 2.763400000000000000e+04
2.817500000000000000e+04 2.763200000000000000e+04
2.817500000000000000e+04 2.763400000000000000e+04
2.817600000000000000e+04 2.760800000000000000e+04
2.817800000000000000e+04 2.760500000000000000e+04
2.817800000000000000e+04 2.761700000000000000e+04
2.817800000000000000e+04 2.763000000000000000e+04
2.818100000000000000e+04 2.760000000000000000e+04
2.818300000000000000e+04 2.761600000000000000e+04
2.818500000000000000e+04 2.763100000000000000e+04
2.818600000000000000e+04 2.762400000000000000e+04
2.818700000000000000e+04 2.760900000000000000e+04
2.819200000000000000e+04 2.760600000000000000e+04
2.819300000000000000e+04 2.759600000000000000e+04
2.819300000000000000e+04 2.759900000000000000e+04
2.819400000000000000e+04 2.759800000000000000e+04
2.819700000000000000e+04 2.761500000000000000e+04
2.819800000000000000e+04 2.759900000000000000e+04
2.819900000000000000e+04 2.758400000000000000e+04
2.819900000000000000e+04 2.760300000000000000e+04
2.820000000000000000e+04 2.757500000000000000e+04
2.820000000000000000e+04 2.759800000000000000e+04
2.820200000000000000e+04 2.759700000000000000e+04
2.820300000000000000e+04 2.758900000000000000e+04
2.820600000000000000e+04 2.758600000000000000e+04
2.820600000000000000e+04 2.758700000000000000e+04
2.820700000000000000e+04 2.757300000000000000e+04
2.820800000000000000e+04 2.758100000000000000e+04
2.820900000000000000e+04 2.758600000000000000e+04
2.821000000000000000e+04 2.757200000000000000e+04
2.821400000000000000e+04 2.758300000000000000e+04
2.821700000000000000e+04 2.758000000000000000e+04
2.821700000000000000e+04 2.759600000000000000e+04
2.822000000000000000e+04 2.758000000000000000e+04
2.822200000000000000e+04 2.757100000000000000e+04
2.822400000000000000e+04 2.756100000000000000e+04
2.822500000000000000e+04 2.755200000000000000e+04
2.822500000000000000e+04 2.756900000000000000e+04
2.823000000000000000e+04 2.755500000000000000e+04
2.823100000000000000e+04 2.755300000000000000e+04
2.823600000000000000e+04 2.758100000000000000e+04
2.823900000000000000e+04 2.754900000000000000e+04
2.824000000000000000e+04 2.753900000000000000e+04
2.824000000000000000e+04 2.756900000000000000e+04
2.824100000000000000e+04 2.753800000000000000e+04
2.824100000000000000e+04 2.755900000000000000e+04
2.824200000000000000e+04 2.756100000000000000e+04
2.824500000000000000e+04 2.753600000000000000e+04
2.824800000000000000e+04 2.753400000000000000e+04
2.824800000000000000e+04 2.755400000000000000e+04
2.824900000000000000e+04 2.756400000000000000e+04
2.825100000000000000e+04 2.754800000000000000e+04
2.825300000000000000e+04 2.754800000000000000e+04
2.825300000000000000e+04 2.755000000000000000e+04
2.825500000000000000e+04 2.754300000000000000e+04
2.825600000000000000e+04 2.754700000000000000e+04
2.825700000000000000e+04 2.753300000000000000e+04
2.825800000000000000e+04 2.753500000000000000e+04
2.825900000000000000e+04 2.752700000000000000e+04
2.826000000000000000e+04 2.754100000000000000e+04
2.826100000000000000e+04 2.752800000000000000e+04
2.826300000000000000e+04 2.753100000000000000e+04
2.826500000000000000e+04 2.751500000000000000e+04
2.826700000000000000e+04 2.752300000000000000e+04
2.826900000000000000e+04 2.751400000000000000e+04
2.827100000000000000e+04 2.752900000000000000e+04
2.827100000000000000e+04 2.753400000000000000e+04
2.827200000000000000e+04 2.751800000000000000e+04
2.827200000000000000e+04 2.752700000000000000e+04
2.827400000000000000e+04 2.751100000000000000e+04
2.827400000000000000e+04 2.751700000000000000e+04
2.827500000000000000e+04 2.750800000000000000e+04
2.827600000000000000e+04 2.752700000000000000e+04
2.827800000000000000e+04 2.751200000000000000e+04
2.827900000000000000e+04 2.750300000000000000e+04
2.827900000000000000e+04 2.750900000000000000e+04
2.827900000000000000e+04 2.751200000000000000e+04
2.828100000000000000e+04 2.750400000000000000e+04
2.828100000000000000e+04 2.750500000000000000e+04
2.828200000000000000e+04 2.750800000000000000e+04
2.828300000000000000e+04 2.749800000000000000e+04
2.828800000000000000e+04 2.749700000000000000e+04
2.829000000000000000e+04 2.749100000000000000e+04
2.829100000000000000e+04 2.748600000000000000e+04
2.829100000000000000e+04 2.749000000000000000e+04
2.829100000000000000e+04 2.749500000000000000e+04
2.829200000000000000e+04 2.748900000000000000e+04
2.829500000000000000e+04 2.748200000000000000e+04
2.829600000000000000e+04 2.747500000000000000e+04
2.829700000000000000e+04 2.748800000000000000e+04
2.829800000000000000e+04 2.749900000000000000e+04
2.830300000000000000e+04 2.746600000000000000e+04
2.830300000000000000e+04 2.747700000000000000e+04
2.830700000000000000e+04 2.746500000000000000e+04
2.830700000000000000e+04 2.747300000000000000e+04
2.830900000000000000e+04 2.746300000000000000e+04
2.830900000000000000e+04 2.746800000000000000e+04
2.831200000000000000e+04 2.746100000000000000e+04
2.831300000000000000e+04 2.748300000000000000e+04
2.831400000000000000e+04 2.747900000000000000e+04
2.831500000000000000e+04 2.748200000000000000e+04
2.831600000000000000e+04 2.746000000000000000e+04
2.831800000000000000e+04 2.745600000000000000e+04
2.832000000000000000e+04 2.746000000000000000e+04
2.832100000000000000e+04 2.745100000000000000e+04
2.832300000000000000e+04 2.745000000000000000e+04
2.832300000000000000e+04 2.746000000000000000e+04
2.832800000000000000e+04 2.745000000000000000e+04
2.832900000000000000e+04 2.744900000000000000e+04
2.833100000000000000e+04 2.744600000000000000e+04
2.833100000000000000e+04 2.744700000000000000e+04
2.833300000000000000e+04 2.745900000000000000e+04
2.833500000000000000e+04 2.744400000000000000e+04
2.833600000000000000e+04 2.743600000000000000e+04
2.833700000000000000e+04 2.742100000000000000e+04
2.833700000000000000e+04 2.742500000000000000e+04
2.833800000000000000e+04 2.743800000000000000e+04
2.834000000000000000e+04 2.742000000000000000e+04
2.834200000000000000e+04 2.741800000000000000e+04
2.834200000000000000e+04 2.742100000000000000e+04
2.834200000000000000e+04 2.743800000000000000e+04
2.834300000000000000e+04 2.743100000000000000e+04
2.834600000000000000e+04 2.741600000000000000e+04
2.834600000000000000e+04 2.744000000000000000e+04
2.834700000000000000e+04 2.741700000000000000e+04
2.834700000000000000e+04 2.742100000000000000e+04
2.834800000000000000e+04 2.741400000000000000e+04
2.835000000000000000e+04 2.741300000000000000e+04
2.835100000000000000e+04 2.741400000000000000e+04
2.835300000000000000e+04 2.741000000000000000e+04
2.835700000000000000e+04 2.740900000000000000e+04
2.835700000000000000e+04 2.741000000000000000e+04
2.835800000000000000e+04 2.740600000000000000e+04
2.835900000000000000e+04 2.740400000000000000e+04
2.836200000000000000e+04 2.739900000000000000e+04
2.836300000000000000e+04 2.741100000000000000e+04
2.836400000000000000e+04 2.741000000000000000e+04
2.836400000000000000e+04 2.741900000000000000e+04
2.836600000000000000e+04 2.741000000000000000e+04
2.837000000000000000e+04 2.740500000000000000e+04
2.837300000000000000e+04 2.739000000000000000e+04
2.837300000000000000e+04 2.739300000000000000e+04
2.837400000000000000e+04 2.740400000000000000e+04
2.837500000000000000e+04 2.738300000000000000e+04
2.837500000000000000e+04 2.738500000000000000e+04
2.837600000000000000e+04 2.738600000000000000e+04
2.837600000000000000e+04 2.739200000000000000e+04
2.837700000000000000e+04 2.737800000000000000e+04
2.837900000000000000e+04 2.738800000000000000e+04
2.837900000000000000e+04 2.739900000000000000e+04
2.838000000000000000e+04 2.738200000000000000e+04
2.838100000000000000e+04 2.737800000000000000e+04
2.838100000000000000e+04 2.737900000000000000e+04
2.838200000000000000e+04 2.737700000000000000e+04
2.838200000000000000e+04 2.739400000000000000e+04
2.838300000000000000e+04 2.738800000000000000e+04
2.838700000000000000e+04 2.736200000000000000e+04
2.838800000000000000e+04 2.738600000000000000e+04
2.838900000000000000e+04 2.737800000000000000e+04
2.839000000000000000e+04 2.736000000000000000e+04
2.839000000000000000e+04 2.737200000000000000e+04
2.839200000000000000e+04 2.736100000000000000e+04
2.839300000000000000e+04 2.736900000000000000e+04
2.839400000000000000e+04 2.737900000000000000e+04
2.839800000000000000e+04 2.735800000000000000e+04
2.840100000000000000e+04 2.737200000000000000e+04
2.840200000000000000e+04 2.734900000000000000e+04
2.840200000000000000e+04 2.735900000000000000e+04
2.840200000000000000e+04 2.736900000000000000e+04
2.840400000000000000e+04 2.736700000000000000e+04
2.840500000000000000e+04 2.736100000000000000e+04
2.840600000000000000e+04 2.734100000000000000e+04
2.840600000000000000e+04 2.735800000000000000e+04
2.841100000000000000e+04 2.735300000000000000e+04
2.841100000000000000e+04 2.736400000000000000e+04
2.841400000000000000e+04 2.732400000000000000e+04
2.841400000000000000e+04 2.733700000000000000e+04
2.841500000000000000e+04 2.732800000000000000e+04
2.842100000000000000e+04 2.735000000000000000e+04
2.842200000000000000e+04 2.732100000000000000e+04
2.842200000000000000e+04 2.734900000000000000e+04
2.842400000000000000e+04 2.732200000000000000e+04
2.842600000000000000e+04 2.735700000000000000e+04
2.842700000000000000e+04 2.731000000000000000e+04
2.842900000000000000e+04 2.732200000000000000e+04
2.843100000000000000e+04 2.733800000000000000e+04
2.843200000000000000e+04 2.734300000000000000e+04
2.843300000000000000e+04 2.734200000000000000e+04
2.843400000000000000e+04 2.729900000000000000e+04
2.843400000000000000e+04 2.730200000000000000e+04
2.843700000000000000e+04 2.729500000000000000e+04
2.843800000000000000e+04 2.733300000000000000e+04
2.844700000000000000e+04 2.730300000000000000e+04
2.844800000000000000e+04 2.728400000000000000e+04
2.844800000000000000e+04 2.731800000000000000e+04
2.844900000000000000e+04 2.727800000000000000e+04
2.844900000000000000e+04 2.728000000000000000e+04
2.845300000000000000e+04 2.727800000000000000e+04
2.845300000000000000e+04 2.729700000000000000e+04
2.845500000000000000e+04 2.728100000000000000e+04
2.845600000000000000e+04 2.726600000000000000e+04
2.845800000000000000e+04 2.727300000000000000e+04
2.846000000000000000e+04 2.727100000000000000e+04
2.846100000000000000e+04 2.726100000000000000e+04
2.846200000000000000e+04 2.729300000000000000e+04
2.846400000000000000e+04 2.727200000000000000e+04
2.846500000000000000e+04 2.727300000000000000e+04
2.846600000000000000e+04 2.725300000000000000e+04
2.847100000000000000e+04 2.725200000000000000e+04
2.847200000000000000e+04 2.731500000000000000e+04
2.847300000000000000e+04 2.729400000000000000e+04
2.847400000000000000e+04 2.725000000000000000e+04
2.847500000000000000e+04 2.723800000000000000e+04
2.847700000000000000e+04 2.728200000000000000e+04
2.847800000000000000e+04 2.724900000000000000e+04
2.847800000000000000e+04 2.728000000000000000e+04
2.847900000000000000e+04 2.724600000000000000e+04
2.848200000000000000e+04 2.727800000000000000e+04
2.848400000000000000e+04 2.726900000000000000e+04
2.848600000000000000e+04 2.725000000000000000e+04
2.848700000000000000e+04 2.723100000000000000e+04
2.848700000000000000e+04 2.726600000000000000e+04
2.848800000000000000e+04 2.726200000000000000e+04
2.848900000000000000e+04 2.723600000000000000e+04
2.849000000000000000e+04 2.725000000000000000e+04
2.849000000000000000e+04 2.726100000000000000e+04
2.849200000000000000e+04 2.722600000000000000e+04
2.849400000000000000e+04 2.724400000000000000e+04
2.849700000000000000e+04 2.721900000000000000e+04
2.849900000000000000e+04 2.723900000000000000e+04
2.850200000000000000e+04 2.723800000000000000e+04
2.850700000000000000e+04 2.721400000000000000e+04
2.850800000000000000e+04 2.722200000000000000e+04
2.851000000000000000e+04 2.723400000000000000e+04
2.851100000000000000e+04 2.723000000000000000e+04
2.851200000000000000e+04 2.720700000000000000e+04
2.851200000000000000e+04 2.722400000000000000e+04
2.851700000000000000e+04 2.719900000000000000e+04
2.852000000000000000e+04 2.717700000000000000e+04
2.852000000000000000e+04 2.720600000000000000e+04
2.852200000000000000e+04 2.722000000000000000e+04
2.852400000000000000e+04 2.721100000000000000e+04
2.852500000000000000e+04 2.720200000000000000e+04
2.852900000000000000e+04 2.717400000000000000e+04
2.853000000000000000e+04 2.720300000000000000e+04
2.853100000000000000e+04 2.719300000000000000e+04
2.853300000000000000e+04 2.716900000000000000e+04
2.853500000000000000e+04 2.715500000000000000e+04
2.853800000000000000e+04 2.719200000000000000e+04
2.854100000000000000e+04 2.715100000000000000e+04
2.854100000000000000e+04 2.721000000000000000e+04
2.854100000000000000e+04 2.721500000000000000e+04
2.854400000000000000e+04 2.714800000000000000e+04
2.854500000000000000e+04 2.718900000000000000e+04
2.854600000000000000e+04 2.718700000000000000e+04
2.854600000000000000e+04 2.719700000000000000e+04
2.854700000000000000e+04 2.714400000000000000e+04
2.854800000000000000e+04 2.718800000000000000e+04
2.854900000000000000e+04 2.718300000000000000e+04
2.855000000000000000e+04 2.718300000000000000e+04
2.855100000000000000e+04 2.713700000000000000e+04
2.855100000000000000e+04 2.716900000000000000e+04
2.855400000000000000e+04 2.716500000000000000e+04
2.855600000000000000e+04 2.715500000000000000e+04
2.855600000000000000e+04 2.718100000000000000e+04
2.855700000000000000e+04 2.714300000000000000e+04
2.855700000000000000e+04 2.719500000000000000e+04
2.856000000000000000e+04 2.716200000000000000e+04
2.856200000000000000e+04 2.713600000000000000e+04
2.856200000000000000e+04 2.715900000000000000e+04
2.856300000000000000e+04 2.712100000000000000e+04
2.856400000000000000e+04 2.718700000000000000e+04
2.856600000000000000e+04 2.715600000000000000e+04
2.856900000000000000e+04 2.714100000000000000e+04
2.857000000000000000e+04 2.713400000000000000e+04
2.857000000000000000e+04 2.714000000000000000e+04
2.857000000000000000e+04 2.716500000000000000e+04
2.857200000000000000e+04 2.715900000000000000e+04
2.857300000000000000e+04 2.710800000000000000e+04
2.857300000000000000e+04 2.712500000000000000e+04
2.857400000000000000e+04 2.709700000000000000e+04
2.857500000000000000e+04 2.709200000000000000e+04
2.857600000000000000e+04 2.708900000000000000e+04
2.857800000000000000e+04 2.710600000000000000e+04
2.857800000000000000e+04 2.715600000000000000e+04
2.857800000000000000e+04 2.715800000000000000e+04
2.858000000000000000e+04 2.712300000000000000e+04
2.858000000000000000e+04 2.714700000000000000e+04
2.858100000000000000e+04 2.714600000000000000e+04
2.858300000000000000e+04 2.708800000000000000e+04
2.858500000000000000e+04 2.710000000000000000e+04
2.858500000000000000e+04 2.714000000000000000e+04
2.858600000000000000e+04 2.713900000000000000e+04
2.858800000000000000e+04 2.711900000000000000e+04
2.859000000000000000e+04 2.711400000000000000e+04
2.859000000000000000e+04 2.713800000000000000e+04
2.859100000000000000e+04 2.708200000000000000e+04
2.859100000000000000e+04 2.711000000000000000e+04
2.859600000000000000e+04 2.708500000000000000e+04
2.859900000000000000e+04 2.706400000000000000e+04
2.859900000000000000e+04 2.710800000000000000e+04
2.860000000000000000e+04 2.708000000000000000e+04
2.860100000000000000e+04 2.710300000000000000e+04
2.860200000000000000e+04 2.712800000000000000e+04
2.860300000000000000e+04 2.711300000000000000e+04
2.860500000000000000e+04 2.705500000000000000e+04
2.860800000000000000e+04 2.710400000000000000e+04
2.861000000000000000e+04 2.710700000000000000e+04
2.861200000000000000e+04 2.710100000000000000e+04
2.861400000000000000e+04 2.708900000000000000e+04
2.861400000000000000e+04 2.709000000000000000e+04
2.861500000000000000e+04 2.704500000000000000e+04
2.861700000000000000e+04 2.709800000000000000e+04
2.862100000000000000e+04 2.709300000000000000e+04
2.862400000000000000e+04 2.707200000000000000e+04
2.862500000000000000e+04 2.707100000000000000e+04
2.862500000000000000e+04 2.708300000000000000e+04
2.862600000000000000e+04 2.708000000000000000e+04
2.862700000000000000e+04 2.708900000000000000e+04
2.862800000000000000e+04 2.704400000000000000e+04
2.862800000000000000e+04 2.705900000000000000e+04
2.862900000000000000e+04 2.702500000000000000e+04
2.862900000000000000e+04 2.705800000000000000e+04
2.862900000000000000e+04 2.707800000000000000e+04
2.863100000000000000e+04 2.707900000000000000e+04
2.863200000000000000e+04 2.701800000000000000e+04
2.863200000000000000e+04 2.705200000000000000e+04
2.863300000000000000e+04 2.707800000000000000e+04
2.863600000000000000e+04 2.706800000000000000e+04
2.863700000000000000e+04 2.703900000000000000e+04
2.863800000000000000e+04 2.705100000000000000e+04
2.864100000000000000e+04 2.704300000000000000e+04
2.864400000000000000e+04 2.700800000000000000e+04
2.864400000000000000e+04 2.706200000000000000e+04
2.864500000000000000e+04 2.705300000000000000e+04
2.864600000000000000e+04 2.704100000000000000e+04
2.864700000000000000e+04 2.701500000000000000e+04
2.864800000000000000e+04 2.703700000000000000e+04
2.865000000000000000e+04 2.701400000000000000e+04
2.865000000000000000e+04 2.702500000000000000e+04
2.865200000000000000e+04 2.699000000000000000e+04
2.865400000000000000e+04 2.702200000000000000e+04
2.866000000000000000e+04 2.704500000000000000e+04
2.866100000000000000e+04 2.707000000000000000e+04
2.866500000000000000e+04 2.701500000000000000e+04
2.866500000000000000e+04 2.705100000000000000e+04
2.866600000000000000e+04 2.700400000000000000e+04
2.866700000000000000e+04 2.698800000000000000e+04
2.867000000000000000e+04 2.697800000000000000e+04
2.867400000000000000e+04 2.700400000000000000e+04
2.867500000000000000e+04 2.700500000000000000e+04
2.867500000000000000e+04 2.704900000000000000e+04
2.867900000000000000e+04 2.699200000000000000e+04
2.868100000000000000e+04 2.703000000000000000e+04
2.868400000000000000e+04 2.701100000000000000e+04
2.868500000000000000e+04 2.696900000000000000e+04
2.868600000000000000e+04 2.696600000000000000e+04
2.869000000000000000e+04 2.700600000000000000e+04
2.869400000000000000e+04 2.698600000000000000e+04
2.869400000000000000e+04 2.699700000000000000e+04
2.869500000000000000e+04 2.695400000000000000e+04
2.869500000000000000e+04 2.698700000000000000e+04
2.869600000000000000e+04 2.697700000000000000e+04
2.869600000000000000e+04 2.699600000000000000e+04
2.869900000000000000e+04 2.697100000000000000e+04
2.870100000000000000e+04 2.696100000000000000e+04
2.870100000000000000e+04 2.697100000000000000e+04
2.870100000000000000e+04 2.698600000000000000e+04
2.870200000000000000e+04 2.694400000000000000e+04
2.870400000000000000e+04 2.696000000000000000e+04
2.870500000000000000e+04 2.698200000000000000e+04
2.870600000000000000e+04 2.694800000000000000e+04
2.870600000000000000e+04 2.695500000000000000e+04
2.870600000000000000e+04 2.695600000000000000e+04
2.870800000000000000e+04 2.694200000000000000e+04
2.870800000000000000e+04 2.695000000000000000e+04
2.870900000000000000e+04 2.695300000000000000e+04
2.871000000000000000e+04 2.693400000000000000e+04
2.871100000000000000e+04 2.694400000000000000e+04
2.871200000000000000e+04 2.692500000000000000e+04
2.871300000000000000e+04 2.691300000000000000e+04
2.871600000000000000e+04 2.695800000000000000e+04
2.871900000000000000e+04 2.693500000000000000e+04
2.872100000000000000e+04 2.692100000000000000e+04
2.872300000000000000e+04 2.691200000000000000e+04
2.872500000000000000e+04 2.694300000000000000e+04
2.872600000000000000e+04 2.692000000000000000e+04
2.872800000000000000e+04 2.693800000000000000e+04
2.872900000000000000e+04 2.694900000000000000e+04
2.873100000000000000e+04 2.690200000000000000e+04
2.873100000000000000e+04 2.693400000000000000e+04
2.873200000000000000e+04 2.689500000000000000e+04
2.873200000000000000e+04 2.693000000000000000e+04
2.873400000000000000e+04 2.692900000000000000e+04
2.873500000000000000e+04 2.692500000000000000e+04
2.873700000000000000e+04 2.692300000000000000e+04
2.873800000000000000e+04 2.691900000000000000e+04
2.873900000000000000e+04 2.691300000000000000e+04
2.873900000000000000e+04 2.693000000000000000e+04
2.874200000000000000e+04 2.694200000000000000e+04
2.874300000000000000e+04 2.691300000000000000e+04
2.874400000000000000e+04 2.688900000000000000e+04
2.874400000000000000e+04 2.691200000000000000e+04
2.874600000000000000e+04 2.692200000000000000e+04
2.874900000000000000e+04 2.690400000000000000e+04
2.875000000000000000e+04 2.688400000000000000e+04
2.875000000000000000e+04 2.690700000000000000e+04
2.875200000000000000e+04 2.690000000000000000e+04
2.875300000000000000e+04 2.689900000000000000e+04
2.875600000000000000e+04 2.689600000000000000e+04
2.876000000000000000e+04 2.689700000000000000e+04
2.876100000000000000e+04 2.688600000000000000e+04
2.876300000000000000e+04 2.689000000000000000e+04
2.876400000000000000e+04 2.689100000000000000e+04
2.876500000000000000e+04 2.686900000000000000e+04
2.876500000000000000e+04 2.688300000000000000e+04
2.876500000000000000e+04 2.688800000000000000e+04
2.876700000000000000e+04 2.685500000000000000e+04
2.876700000000000000e+04 2.685800000000000000e+04
2.876700000000000000e+04 2.688200000000000000e+04
2.876800000000000000e+04 2.685400000000000000e+04
2.876900000000000000e+04 2.685400000000000000e+04
2.877400000000000000e+04 2.685300000000000000e+04
2.877400000000000000e+04 2.685400000000000000e+04
2.877500000000000000e+04 2.683800000000000000e+04
2.877600000000000000e+04 2.687700000000000000e+04
2.877800000000000000e+04 2.686900000000000000e+04
2.877900000000000000e+04 2.683900000000000000e+04
2.878100000000000000e+04 2.685300000000000000e+04
2.878200000000000000e+04 2.683200000000000000e+04
2.878600000000000000e+04 2.682800000000000000e+04
2.878700000000000000e+04 2.682500000000000000e+04
2.879100000000000000e+04 2.683300000000000000e+04
2.879500000000000000e+04 2.680600000000000000e+04
2.879500000000000000e+04 2.684200000000000000e+04
2.879900000000000000e+04 2.680400000000000000e+04
2.880100000000000000e+04 2.685300000000000000e+04
2.880500000000000000e+04 2.681600000000000000e+04
2.880800000000000000e+04 2.680100000000000000e+04
2.880900000000000000e+04 2.678700000000000000e+04
2.881300000000000000e+04 2.681200000000000000e+04
2.881700000000000000e+04 2.678600000000000000e+04
2.882200000000000000e+04 2.679200000000000000e+04
2.882300000000000000e+04 2.677400000000000000e+04
2.882300000000000000e+04 2.678400000000000000e+04
2.882500000000000000e+04 2.680000000000000000e+04
2.882700000000000000e+04 2.680700000000000000e+04
2.882800000000000000e+04 2.677600000000000000e+04
2.883100000000000000e+04 2.676200000000000000e+04
2.883200000000000000e+04 2.680000000000000000e+04
2.883300000000000000e+04 2.676900000000000000e+04
2.883400000000000000e+04 2.675100000000000000e+04
2.883700000000000000e+04 2.676800000000000000e+04
2.884200000000000000e+04 2.676800000000000000e+04
2.884300000000000000e+04 2.674500000000000000e+04
2.884600000000000000e+04 2.678200000000000000e+04
2.885000000000000000e+04 2.674900000000000000e+04
2.885000000000000000e+04 2.678000000000000000e+04
2.885200000000000000e+04 2.676000000000000000e+04
2.885300000000000000e+04 2.674000000000000000e+04
2.885400000000000000e+04 2.673100000000000000e+04
2.885600000000000000e+04 2.677100000000000000e+04
2.885700000000000000e+04 2.670900000000000000e+04
2.885700000000000000e+04 2.675600000000000000e+04
2.885900000000000000e+04 2.677700000000000000e+04
2.886000000000000000e+04 2.675100000000000000e+04
2.886000000000000000e+04 2.676200000000000000e+04
2.886100000000000000e+04 2.673300000000000000e+04
2.886300000000000000e+04 2.674800000000000000e+04
2.886500000000000000e+04 2.672800000000000000e+04
2.886500000000000000e+04 2.676000000000000000e+04
2.886700000000000000e+04 2.672900000000000000e+04
2.886800000000000000e+04 2.675100000000000000e+04
2.886900000000000000e+04 2.670200000000000000e+04
2.887000000000000000e+04 2.669600000000000000e+04
2.887100000000000000e+04 2.671700000000000000e+04
2.887300000000000000e+04 2.667700000000000000e+04
2.887700000000000000e+04 2.666200000000000000e+04
2.887700000000000000e+04 2.674200000000000000e+04
2.887800000000000000e+04 2.670800000000000000e+04
2.888000000000000000e+04 2.671200000000000000e+04
2.888000000000000000e+04 2.674200000000000000e+04
2.888100000000000000e+04 2.670100000000000000e+04
2.888200000000000000e+04 2.669200000000000000e+04
2.888300000000000000e+04 2.665900000000000000e+04
2.888300000000000000e+04 2.674000000000000000e+04
2.888400000000000000e+04 2.664100000000000000e+04
2.888500000000000000e+04 2.669300000000000000e+04
2.888600000000000000e+04 2.669000000000000000e+04
2.888800000000000000e+04 2.668900000000000000e+04
2.888800000000000000e+04 2.673700000000000000e+04
2.889000000000000000e+04 2.673000000000000000e+04
2.889100000000000000e+04 2.673100000000000000e+04
2.889300000000000000e+04 2.671100000000000000e+04
2.889400000000000000e+04 2.667900000000000000e+04
2.889700000000000000e+04 2.670100000000000000e+04
2.889900000000000000e+04 2.668500000000000000e+04
2.890100000000000000e+04 2.665900000000000000e+04
2.890200000000000000e+04 2.666200000000000000e+04
2.890200000000000000e+04 2.669700000000000000e+04
2.890300000000000000e+04 2.668800000000000000e+04
2.890500000000000000e+04 2.666500000000000000e+04
2.890600000000000000e+04 2.666100000000000000e+04
2.890800000000000000e+04 2.665100000000000000e+04
2.890800000000000000e+04 2.669300000000000000e+04
2.891100000000000000e+04 2.661900000000000000e+04
2.891100000000000000e+04 2.663500000000000000e+04
2.891200000000000000e+04 2.665000000000000000e+04
2.891200000000000000e+04 2.669100000000000000e+04
2.891400000000000000e+04 2.665500000000000000e+04
2.891400000000000000e+04 2.667900000000000000e+04
2.891500000000000000e+04 2.661800000000000000e+04
2.891500000000000000e+04 2.664800000000000000e+04
2.891600000000000000e+04 2.664100000000000000e+04
2.891700000000000000e+04 2.664300000000000000e+04
2.891900000000000000e+04 2.663200000000000000e+04
2.892000000000000000e+04 2.663300000000000000e+04
2.892100000000000000e+04 2.660200000000000000e+04
2.892200000000000000e+04 2.660100000000000000e+04
2.892300000000000000e+04 2.660000000000000000e+04
2.892400000000000000e+04 2.656900000000000000e+04
2.892400000000000000e+04 2.662700000000000000e+04
2.892400000000000000e+04 2.667100000000000000e+04
2.892500000000000000e+04 2.656800000000000000e+04
2.892900000000000000e+04 2.661500000000000000e+04
2.893000000000000000e+04 2.656500000000000000e+04
2.893100000000000000e+04 2.662200000000000000e+04
2.893400000000000000e+04 2.662000000000000000e+04
2.893500000000000000e+04 2.664400000000000000e+04
2.893600000000000000e+04 2.656000000000000000e+04
2.893900000000000000e+04 2.658100000000000000e+04
2.893900000000000000e+04 2.661300000000000000e+04
2.893900000000000000e+04 2.662500000000000000e+04
2.894000000000000000e+04 2.659600000000000000e+04
2.894100000000000000e+04 2.661800000000000000e+04
2.894400000000000000e+04 2.660500000000000000e+04
2.895000000000000000e+04 2.658900000000000000e+04
2.895400000000000000e+04 2.655700000000000000e+04
2.895400000000000000e+04 2.659600000000000000e+04
2.895500000000000000e+04 2.654700000000000000e+04
2.895500000000000000e+04 2.657800000000000000e+04
2.895700000000000000e+04 2.656600000000000000e+04
2.895800000000000000e+04 2.653500000000000000e+04
2.895900000000000000e+04 2.656400000000000000e+04
2.896100000000000000e+04 2.654500000000000000e+04
2.896400000000000000e+04 2.656200000000000000e+04
2.896400000000000000e+04 2.656600000000000000e+04
2.896600000000000000e+04 2.654100000000000000e+04
2.896800000000000000e+04 2.655200000000000000e+04
2.897000000000000000e+04 2.652800000000000000e+04
2.897200000000000000e+04 2.653900000000000000e+04
2.897200000000000000e+04 2.658400000000000000e+04
2.897500000000000000e+04 2.653900000000000000e+04
2.897600000000000000e+04 2.652900000000000000e+04
2.897900000000000000e+04 2.655200000000000000e+04
2.898000000000000000e+04 2.649600000000000000e+04
2.898100000000000000e+04 2.654200000000000000e+04
2.898200000000000000e+04 2.652300000000000000e+04
2.898300000000000000e+04 2.648300000000000000e+04
2.898600000000000000e+04 2.653600000000000000e+04
2.898800000000000000e+04 2.654500000000000000e+04
2.898900000000000000e+04 2.645800000000000000e+04
2.898900000000000000e+04 2.653000000000000000e+04
2.899000000000000000e+04 2.652400000000000000e+04
2.899300000000000000e+04 2.653900000000000000e+04
2.899500000000000000e+04 2.653500000000000000e+04
2.899800000000000000e+04 2.650900000000000000e+04
2.899900000000000000e+04 2.644700000000000000e+04
2.899900000000000000e+04 2.651400000000000000e+04
2.900000000000000000e+04 2.649800000000000000e+04
2.900100000000000000e+04 2.651500000000000000e+04
2.900400000000000000e+04 2.652000000000000000e+04
2.900500000000000000e+04 2.650700000000000000e+04
2.900800000000000000e+04 2.648900000000000000e+04
2.900900000000000000e+04 2.651300000000000000e+04
2.901000000000000000e+04 2.648400000000000000e+04
2.901200000000000000e+04 2.650600000000000000e+04
2.901300000000000000e+04 2.647700000000000000e+04
2.901400000000000000e+04 2.644300000000000000e+04
2.901400000000000000e+04 2.646000000000000000e+04
2.901500000000000000e+04 2.649200000000000000e+04
2.901500000000000000e+04 2.651100000000000000e+04
2.901600000000000000e+04 2.647700000000000000e+04
2.901600000000000000e+04 2.648300000000000000e+04
2.901700000000000000e+04 2.648900000000000000e+04
2.901800000000000000e+04 2.645600000000000000e+04
2.901900000000000000e+04 2.641400000000000000e+04
2.901900000000000000e+04 2.646400000000000000e+04
2.902000000000000000e+04 2.647100000000000000e+04
2.902200000000000000e+04 2.641200000000000000e+04
2.902300000000000000e+04 2.639900000000000000e+04
2.902300000000000000e+04 2.645500000000000000e+04
2.902500000000000000e+04 2.639100000000000000e+04
2.902500000000000000e+04 2.647000000000000000e+04
2.902600000000000000e+04 2.645900000000000000e+04
2.902700000000000000e+04 2.645500000000000000e+04
2.902900000000000000e+04 2.638200000000000000e+04
2.902900000000000000e+04 2.645000000000000000e+04
2.903400000000000000e+04 2.644900000000000000e+04
2.903500000000000000e+04 2.644200000000000000e+04
2.903600000000000000e+04 2.637400000000000000e+04
2.903700000000000000e+04 2.635900000000000000e+04
2.903700000000000000e+04 2.642000000000000000e+04
2.903700000000000000e+04 2.648800000000000000e+04
2.903900000000000000e+04 2.643300000000000000e+04
2.904100000000000000e+04 2.642100000000000000e+04
2.904100000000000000e+04 2.646700000000000000e+04
2.904200000000000000e+04 2.638700000000000000e+04
2.904200000000000000e+04 2.641500000000000000e+04
2.904300000000000000e+04 2.638200000000000000e+04
2.904400000000000000e+04 2.635100000000000000e+04
2.904400000000000000e+04 2.645800000000000000e+04
2.904800000000000000e+04 2.637900000000000000e+04
2.904900000000000000e+04 2.633100000000000000e+04
2.905000000000000000e+04 2.641800000000000000e+04
2.905100000000000000e+04 2.637700000000000000e+04
2.905100000000000000e+04 2.640200000000000000e+04
2.905100000000000000e+04 2.645000000000000000e+04
2.905200000000000000e+04 2.636600000000000000e+04
2.905400000000000000e+04 2.644200000000000000e+04
2.905500000000000000e+04 2.639600000000000000e+04
2.905600000000000000e+04 2.636200000000000000e+04
2.905700000000000000e+04 2.643200000000000000e+04
2.905900000000000000e+04 2.642700000000000000e+04
2.906000000000000000e+04 2.639600000000000000e+04
2.906600000000000000e+04 2.635900000000000000e+04
2.906700000000000000e+04 2.641400000000000000e+04
2.906800000000000000e+04 2.641300000000000000e+04
2.907000000000000000e+04 2.640400000000000000e+04
2.907200000000000000e+04 2.638600000000000000e+04
2.907400000000000000e+04 2.630900000000000000e+04
2.907500000000000000e+04 2.638100000000000000e+04
2.907600000000000000e+04 2.629800000000000000e+04
2.907700000000000000e+04 2.637100000000000000e+04
2.907700000000000000e+04 2.638000000000000000e+04
2.907800000000000000e+04 2.636000000000000000e+04
2.907900000000000000e+04 2.633900000000000000e+04
2.908100000000000000e+04 2.629700000000000000e+04
2.908100000000000000e+04 2.635600000000000000e+04
2.908200000000000000e+04 2.635300000000000000e+04
2.908300000000000000e+04 2.629000000000000000e+04
2.908300000000000000e+04 2.635100000000000000e+04
2.908700000000000000e+04 2.634700000000000000e+04
2.908900000000000000e+04 2.624500000000000000e+04
2.908900000000000000e+04 2.629400000000000000e+04
2.908900000000000000e+04 2.633900000000000000e+04
2.909000000000000000e+04 2.629100000000000000e+04
2.909300000000000000e+04 2.623200000000000000e+04
2.909500000000000000e+04 2.633600000000000000e+04
2.909700000000000000e+04 2.631500000000000000e+04
2.909900000000000000e+04 2.628200000000000000e+04
2.910100000000000000e+04 2.633300000000000000e+04
2.910300000000000000e+04 2.632200000000000000e+04
2.910600000000000000e+04 2.627700000000000000e+04
2.910700000000000000e+04 2.631000000000000000e+04
2.910700000000000000e+04 2.631500000000000000e+04
2.910900000000000000e+04 2.622300000000000000e+04
2.911100000000000000e+04 2.625500000000000000e+04
2.911100000000000000e+04 2.628000000000000000e+04
2.911200000000000000e+04 2.630900000000000000e+04
2.911300000000000000e+04 2.620300000000000000e+04
2.911500000000000000e+04 2.627400000000000000e+04
2.911800000000000000e+04 2.630400000000000000e+04
2.911900000000000000e+04 2.619000000000000000e+04
2.911900000000000000e+04 2.623300000000000000e+04
2.911900000000000000e+04 2.625500000000000000e+04
2.911900000000000000e+04 2.630300000000000000e+04
2.912000000000000000e+04 2.624500000000000000e+04
2.912000000000000000e+04 2.628500000000000000e+04
2.912200000000000000e+04 2.622200000000000000e+04
2.912300000000000000e+04 2.628200000000000000e+04
2.912400000000000000e+04 2.622700000000000000e+04
2.912400000000000000e+04 2.627800000000000000e+04
2.912900000000000000e+04 2.627200000000000000e+04
2.913000000000000000e+04 2.621600000000000000e+04
2.913400000000000000e+04 2.626200000000000000e+04
2.913600000000000000e+04 2.621200000000000000e+04
2.914000000000000000e+04 2.623500000000000000e+04
2.914200000000000000e+04 2.625700000000000000e+04
2.914700000000000000e+04 2.619500000000000000e+04
2.914900000000000000e+04 2.619500000000000000e+04
2.914900000000000000e+04 2.621400000000000000e+04
2.915100000000000000e+04 2.617200000000000000e+04
2.915100000000000000e+04 2.625200000000000000e+04
2.915300000000000000e+04 2.624000000000000000e+04
2.915500000000000000e+04 2.619900000000000000e+04
2.915900000000000000e+04 2.618700000000000000e+04
2.916000000000000000e+04 2.623900000000000000e+04
2.916100000000000000e+04 2.618500000000000000e+04
2.916200000000000000e+04 2.621500000000000000e+04
2.916400000000000000e+04 2.620900000000000000e+04
2.916700000000000000e+04 2.620300000000000000e+04
2.916900000000000000e+04 2.619800000000000000e+04
2.917300000000000000e+04 2.617000000000000000e+04
2.917400000000000000e+04 2.619400000000000000e+04
2.917500000000000000e+04 2.615200000000000000e+04
2.917700000000000000e+04 2.615000000000000000e+04
2.917700000000000000e+04 2.618600000000000000e+04
2.917700000000000000e+04 2.619000000000000000e+04
2.917900000000000000e+04 2.618400000000000000e+04
2.918000000000000000e+04 2.617400000000000000e+04
2.918100000000000000e+04 2.618200000000000000e+04
2.918400000000000000e+04 2.617600000000000000e+04
2.918500000000000000e+04 2.615600000000000000e+04
2.918700000000000000e+04 2.614300000000000000e+04
2.918800000000000000e+04 2.616700000000000000e+04
2.918900000000000000e+04 2.614000000000000000e+04
2.919000000000000000e+04 2.614400000000000000e+04
2.919300000000000000e+04 2.610200000000000000e+04
2.919400000000000000e+04 2.612500000000000000e+04
2.919400000000000000e+04 2.616300000000000000e+04
2.919500000000000000e+04 2.609100000000000000e+04
2.919600000000000000e+04 2.613000000000000000e+04
2.919600000000000000e+04 2.618200000000000000e+04
2.919700000000000000e+04 2.611800000000000000e+04
2.919700000000000000e+04 2.617500000000000000e+04
2.920100000000000000e+04 2.611200000000000000e+04
2.920200000000000000e+04 2.616700000000000000e+04
2.920300000000000000e+04 2.611400000000000000e+04
2.920500000000000000e+04 2.616000000000000000e+04
2.920600000000000000e+04 2.608800000000000000e+04
2.920600000000000000e+04 2.615400000000000000e+04
2.920700000000000000e+04 2.610700000000000000e+04
2.920800000000000000e+04 2.608400000000000000e+04
2.920800000000000000e+04 2.614700000000000000e+04
2.920900000000000000e+04 2.613200000000000000e+04
2.921100000000000000e+04 2.608700000000000000e+04
2.921200000000000000e+04 2.610200000000000000e+04
2.921400000000000000e+04 2.605600000000000000e+04
2.921400000000000000e+04 2.612800000000000000e+04
2.921500000000000000e+04 2.602800000000000000e+04
2.921600000000000000e+04 2.610100000000000000e+04
2.921600000000000000e+04 2.612300000000000000e+04
2.921600000000000000e+04 2.615700000000000000e+04
2.921700000000000000e+04 2.612000000000000000e+04
2.921700000000000000e+04 2.612300000000000000e+04
2.921800000000000000e+04 2.611600000000000000e+04
2.921800000000000000e+04 2.611900000000000000e+04
2.922400000000000000e+04 2.610100000000000000e+04
2.922500000000000000e+04 2.611500000000000000e+04
2.922700000000000000e+04 2.610500000000000000e+04
2.923000000000000000e+04 2.602200000000000000e+04
2.923200000000000000e+04 2.608200000000000000e+04
2.923300000000000000e+04 2.608700000000000000e+04
2.923400000000000000e+04 2.604500000000000000e+04
2.923500000000000000e+04 2.604900000000000000e+04
2.923600000000000000e+04 2.601200000000000000e+04
2.923600000000000000e+04 2.602700000000000000e+04
2.923800000000000000e+04 2.608200000000000000e+04
2.923900000000000000e+04 2.604000000000000000e+04
2.924000000000000000e+04 2.600800000000000000e+04
2.924100000000000000e+04 2.606900000000000000e+04
2.924200000000000000e+04 2.598700000000000000e+04
2.924200000000000000e+04 2.602100000000000000e+04
2.924200000000000000e+04 2.607300000000000000e+04
2.924400000000000000e+04 2.598600000000000000e+04
2.924800000000000000e+04 2.601700000000000000e+04
2.924900000000000000e+04 2.598000000000000000e+04
2.925000000000000000e+04 2.599500000000000000e+04
2.925000000000000000e+04 2.607100000000000000e+04
2.925200000000000000e+04 2.598300000000000000e+04
2.925300000000000000e+04 2.598100000000000000e+04
2.925500000000000000e+04 2.597400000000000000e+04
2.925500000000000000e+04 2.606000000000000000e+04
2.925700000000000000e+04 2.596200000000000000e+04
2.925700000000000000e+04 2.598700000000000000e+04
2.925800000000000000e+04 2.599800000000000000e+04
2.925800000000000000e+04 2.605800000000000000e+04
2.925900000000000000e+04 2.597900000000000000e+04
2.926000000000000000e+04 2.594500000000000000e+04
2.926000000000000000e+04 2.604200000000000000e+04
2.926100000000000000e+04 2.596300000000000000e+04
2.926100000000000000e+04 2.597600000000000000e+04
2.926100000000000000e+04 2.598300000000000000e+04
2.926100000000000000e+04 2.602200000000000000e+04
2.926200000000000000e+04 2.594300000000000000e+04
2.926200000000000000e+04 2.597100000000000000e+04
2.926200000000000000e+04 2.601800000000000000e+04
2.926700000000000000e+04 2.596400000000000000e+04
2.926800000000000000e+04 2.594700000000000000e+04
2.926900000000000000e+04 2.594600000000000000e+04
2.927000000000000000e+04 2.601100000000000000e+04
2.927100000000000000e+04 2.593100000000000000e+04
2.927100000000000000e+04 2.594300000000000000e+04
2.927200000000000000e+04 2.592600000000000000e+04
2.927400000000000000e+04 2.598000000000000000e+04
2.927600000000000000e+04 2.592000000000000000e+04
2.927900000000000000e+04 2.591800000000000000e+04
2.928000000000000000e+04 2.595000000000000000e+04
2.928100000000000000e+04 2.593600000000000000e+04
2.928200000000000000e+04 2.593400000000000000e+04
2.928300000000000000e+04 2.591400000000000000e+04
2.928400000000000000e+04 2.591600000000000000e+04
2.928400000000000000e+04 2.593800000000000000e+04
2.928500000000000000e+04 2.590600000000000000e+04
2.928600000000000000e+04 2.589900000000000000e+04
2.928600000000000000e+04 2.593200000000000000e+04
2.928700000000000000e+04 2.591400000000000000e+04
2.928800000000000000e+04 2.589100000000000000e+04
2.928900000000000000e+04 2.588300000000000000e+04
2.929200000000000000e+04 2.590400000000000000e+04
2.929200000000000000e+04 2.592300000000000000e+04
2.929500000000000000e+04 2.591300000000000000e+04
2.929800000000000000e+04 2.588400000000000000e+04
2.929900000000000000e+04 2.595100000000000000e+04
2.930000000000000000e+04 2.588200000000000000e+04
2.930000000000000000e+04 2.593100000000000000e+04
2.930200000000000000e+04 2.591200000000000000e+04
2.930400000000000000e+04 2.590900000000000000e+04
2.930400000000000000e+04 2.592300000000000000e+04
2.930500000000000000e+04 2.585800000000000000e+04
2.930600000000000000e+04 2.591500000000000000e+04
2.930700000000000000e+04 2.590800000000000000e+04
2.930800000000000000e+04 2.588300000000000000e+04
2.931000000000000000e+04 2.590500000000000000e+04
2.931000000000000000e+04 2.590600000000000000e+04
2.931100000000000000e+04 2.588900000000000000e+04
2.931100000000000000e+04 2.590900000000000000e+04
2.931200000000000000e+04 2.585500000000000000e+04
2.931200000000000000e+04 2.589000000000000000e+04
2.931300000000000000e+04 2.587700000000000000e+04
2.931800000000000000e+04 2.587000000000000000e+04
2.931900000000000000e+04 2.584000000000000000e+04
2.932000000000000000e+04 2.581600000000000000e+04
2.932000000000000000e+04 2.586700000000000000e+04
2.932100000000000000e+04 2.580200000000000000e+04
2.932100000000000000e+04 2.586400000000000000e+04
2.932300000000000000e+04 2.585800000000000000e+04
2.932400000000000000e+04 2.583300000000000000e+04
2.932700000000000000e+04 2.583200000000000000e+04
2.932800000000000000e+04 2.579800000000000000e+04
2.933000000000000000e+04 2.589200000000000000e+04
2.933100000000000000e+04 2.585300000000000000e+04
2.933100000000000000e+04 2.587600000000000000e+04
2.933300000000000000e+04 2.585200000000000000e+04
2.933400000000000000e+04 2.583100000000000000e+04
2.933400000000000000e+04 2.586800000000000000e+04
2.933500000000000000e+04 2.584700000000000000e+04
2.933500000000000000e+04 2.585700000000000000e+04
2.933800000000000000e+04 2.585300000000000000e+04
2.934000000000000000e+04 2.579200000000000000e+04
2.934000000000000000e+04 2.579800000000000000e+04
2.934000000000000000e+04 2.583300000000000000e+04
2.934000000000000000e+04 2.584300000000000000e+04
2.934100000000000000e+04 2.578400000000000000e+04
2.934100000000000000e+04 2.582300000000000000e+04
2.934100000000000000e+04 2.583000000000000000e+04
2.934100000000000000e+04 2.585300000000000000e+04
2.934200000000000000e+04 2.579100000000000000e+04
2.934500000000000000e+04 2.582900000000000000e+04
2.934600000000000000e+04 2.583600000000000000e+04
2.934800000000000000e+04 2.581800000000000000e+04
2.935000000000000000e+04 2.578300000000000000e+04
2.935000000000000000e+04 2.582700000000000000e+04
2.935200000000000000e+04 2.582200000000000000e+04
2.935300000000000000e+04 2.578200000000000000e+04
2.935400000000000000e+04 2.581500000000000000e+04
2.935600000000000000e+04 2.575100000000000000e+04
2.935700000000000000e+04 2.577300000000000000e+04
2.936100000000000000e+04 2.581000000000000000e+04
2.936100000000000000e+04 2.583100000000000000e+04
2.936200000000000000e+04 2.578800000000000000e+04
2.936200000000000000e+04 2.580200000000000000e+04
2.936300000000000000e+04 2.583000000000000000e+04
2.936500000000000000e+04 2.576800000000000000e+04
2.936700000000000000e+04 2.575000000000000000e+04
2.936700000000000000e+04 2.578600000000000000e+04
2.936700000000000000e+04 2.581000000000000000e+04
2.937000000000000000e+04 2.575900000000000000e+04
2.937000000000000000e+04 2.579600000000000000e+04
2.937100000000000000e+04 2.574000000000000000e+04
2.937500000000000000e+04 2.577800000000000000e+04
2.937700000000000000e+04 2.575600000000000000e+04
2.937700000000000000e+04 2.578100000000000000e+04
2.937800000000000000e+04 2.571800000000000000e+04
2.938000000000000000e+04 2.570500000000000000e+04
2.938100000000000000e+04 2.576800000000000000e+04
2.938200000000000000e+04 2.575700000000000000e+04
2.938300000000000000e+04 2.574400000000000000e+04
2.938400000000000000e+04 2.569400000000000000e+04
2.938500000000000000e+04 2.568500000000000000e+04
2.938700000000000000e+04 2.574100000000000000e+04
2.938700000000000000e+04 2.577900000000000000e+04
2.938800000000000000e+04 2.568000000000000000e+04
2.938900000000000000e+04 2.573600000000000000e+04
2.939100000000000000e+04 2.574600000000000000e+04
2.939200000000000000e+04 2.573400000000000000e+04
2.939400000000000000e+04 2.567600000000000000e+04
2.939400000000000000e+04 2.573100000000000000e+04
2.939600000000000000e+04 2.572500000000000000e+04
2.939600000000000000e+04 2.573200000000000000e+04
2.939600000000000000e+04 2.573500000000000000e+04
2.939800000000000000e+04 2.572200000000000000e+04
2.940200000000000000e+04 2.572500000000000000e+04
2.940300000000000000e+04 2.572400000000000000e+04
2.940400000000000000e+04 2.570200000000000000e+04
2.940400000000000000e+04 2.570500000000000000e+04
2.940400000000000000e+04 2.571100000000000000e+04
2.940500000000000000e+04 2.567500000000000000e+04
2.940800000000000000e+04 2.571500000000000000e+04
2.941000000000000000e+04 2.567300000000000000e+04
2.941000000000000000e+04 2.571000000000000000e+04
2.941100000000000000e+04 2.565700000000000000e+04
2.941100000000000000e+04 2.568400000000000000e+04
2.941300000000000000e+04 2.562000000000000000e+04
2.941300000000000000e+04 2.564800000000000000e+04
2.941300000000000000e+04 2.568700000000000000e+04
2.941400000000000000e+04 2.560800000000000000e+04
2.941400000000000000e+04 2.568600000000000000e+04
2.941600000000000000e+04 2.560700000000000000e+04
2.941600000000000000e+04 2.565600000000000000e+04
2.941600000000000000e+04 2.567300000000000000e+04
2.941700000000000000e+04 2.564400000000000000e+04
2.941700000000000000e+04 2.567000000000000000e+04
2.941800000000000000e+04 2.563600000000000000e+04
2.941900000000000000e+04 2.561000000000000000e+04
2.941900000000000000e+04 2.564400000000000000e+04
2.942300000000000000e+04 2.560900000000000000e+04
2.942300000000000000e+04 2.563500000000000000e+04
2.942500000000000000e+04 2.563000000000000000e+04
2.942500000000000000e+04 2.565300000000000000e+04
2.942800000000000000e+04 2.560000000000000000e+04
2.942900000000000000e+04 2.557000000000000000e+04
2.943000000000000000e+04 2.556800000000000000e+04
2.943100000000000000e+04 2.560700000000000000e+04
2.943100000000000000e+04 2.561500000000000000e+04
2.943100000000000000e+04 2.563600000000000000e+04
2.943200000000000000e+04 2.559600000000000000e+04
2.943300000000000000e+04 2.559500000000000000e+04
2.943300000000000000e+04 2.561700000000000000e+04
2.943400000000000000e+04 2.559700000000000000e+04
2.943500000000000000e+04 2.561400000000000000e+04
2.943700000000000000e+04 2.556600000000000000e+04
2.943700000000000000e+04 2.559700000000000000e+04
2.943800000000000000e+04 2.559200000000000000e+04
2.944000000000000000e+04 2.558000000000000000e+04
2.944100000000000000e+04 2.559200000000000000e+04
2.944200000000000000e+04 2.559100000000000000e+04
2.944300000000000000e+04 2.557400000000000000e+04
2.944600000000000000e+04 2.555400000000000000e+04
2.944700000000000000e+04 2.554000000000000000e+04
2.944700000000000000e+04 2.558500000000000000e+04
2.944900000000000000e+04 2.557000000000000000e+04
2.944900000000000000e+04 2.558300000000000000e+04
2.945100000000000000e+04 2.554200000000000000e+04
2.945200000000000000e+04 2.554700000000000000e+04
2.945300000000000000e+04 2.558400000000000000e+04
2.945500000000000000e+04 2.552500000000000000e+04
2.945500000000000000e+04 2.555900000000000000e+04
2.945600000000000000e+04 2.553700000000000000e+04
2.945600000000000000e+04 2.555600000000000000e+04
2.945700000000000000e+04 2.552500000000000000e+04
2.945800000000000000e+04 2.556700000000000000e+04
2.945900000000000000e+04 2.551100000000000000e+04
2.946000000000000000e+04 2.551500000000000000e+04
2.946100000000000000e+04 2.551300000000000000e+04
2.946100000000000000e+04 2.553800000000000000e+04
2.946200000000000000e+04 2.556600000000000000e+04
2.946300000000000000e+04 2.555900000000000000e+04
2.946400000000000000e+04 2.549300000000000000e+04
2.946400000000000000e+04 2.555200000000000000e+04
2.946500000000000000e+04 2.549400000000000000e+04
2.946500000000000000e+04 2.555000000000000000e+04
2.946600000000000000e+04 2.547900000000000000e+04
2.946700000000000000e+04 2.547500000000000000e+04
2.946900000000000000e+04 2.546300000000000000e+04
2.946900000000000000e+04 2.552900000000000000e+04
2.947000000000000000e+04 2.546000000000000000e+04
2.947200000000000000e+04 2.547400000000000000e+04
2.947200000000000000e+04 2.550000000000000000e+04
2.947300000000000000e+04 2.545800000000000000e+04
2.947300000000000000e+04 2.553800000000000000e+04
2.947400000000000000e+04 2.542400000000000000e+04
2.947500000000000000e+04 2.547800000000000000e+04
2.947500000000000000e+04 2.552300000000000000e+04
2.947600000000000000e+04 2.546700000000000000e+04
2.947700000000000000e+04 2.546400000000000000e+04
2.947800000000000000e+04 2.545900000000000000e+04
2.947900000000000000e+04 2.541900000000000000e+04
2.947900000000000000e+04 2.545100000000000000e+04
2.948000000000000000e+04 2.541000000000000000e+04
2.948000000000000000e+04 2.546200000000000000e+04
2.948100000000000000e+04 2.552200000000000000e+04
2.948200000000000000e+04 2.538100000000000000e+04
2.948200000000000000e+04 2.552000000000000000e+04
2.948500000000000000e+04 2.545000000000000000e+04
2.948600000000000000e+04 2.545500000000000000e+04
2.948600000000000000e+04 2.551400000000000000e+04
2.948800000000000000e+04 2.551200000000000000e+04
2.949000000000000000e+04 2.535800000000000000e+04
2.949000000000000000e+04 2.547300000000000000e+04
2.949000000000000000e+04 2.549200000000000000e+04
2.949200000000000000e+04 2.544700000000000000e+04
2.949400000000000000e+04 2.543500000000000000e+04
2.949500000000000000e+04 2.542300000000000000e+04
2.949500000000000000e+04 2.544600000000000000e+04
2.949600000000000000e+04 2.548500000000000000e+04
2.949800000000000000e+04 2.542900000000000000e+04
2.949800000000000000e+04 2.546000000000000000e+04
2.950000000000000000e+04 2.534700000000000000e+04
2.950000000000000000e+04 2.540300000000000000e+04
2.950300000000000000e+04 2.542200000000000000e+04
2.950400000000000000e+04 2.537600000000000000e+04
2.950700000000000000e+04 2.542000000000000000e+04
2.950800000000000000e+04 2.539500000000000000e+04
2.950900000000000000e+04 2.545400000000000000e+04
2.951100000000000000e+04 2.544900000000000000e+04
2.951200000000000000e+04 2.537400000000000000e+04
2.951200000000000000e+04 2.538800000000000000e+04
2.951300000000000000e+04 2.536900000000000000e+04
2.951400000000000000e+04 2.541500000000000000e+04
2.952000000000000000e+04 2.540800000000000000e+04
2.952100000000000000e+04 2.538200000000000000e+04
2.952200000000000000e+04 2.532500000000000000e+04
2.952200000000000000e+04 2.543900000000000000e+04
2.952300000000000000e+04 2.531900000000000000e+04
2.952300000000000000e+04 2.540000000000000000e+04
2.952500000000000000e+04 2.534700000000000000e+04
2.952500000000000000e+04 2.538900000000000000e+04
2.952600000000000000e+04 2.538300000000000000e+04
2.952700000000000000e+04 2.531700000000000000e+04
2.952900000000000000e+04 2.530800000000000000e+04
2.952900000000000000e+04 2.536900000000000000e+04
2.953000000000000000e+04 2.538800000000000000e+04
2.953300000000000000e+04 2.533100000000000000e+04
2.953600000000000000e+04 2.530700000000000000e+04
2.953600000000000000e+04 2.537700000000000000e+04
2.953700000000000000e+04 2.537500000000000000e+04
2.953800000000000000e+04 2.536100000000000000e+04
2.954000000000000000e+04 2.529700000000000000e+04
2.954000000000000000e+04 2.534800000000000000e+04
2.954000000000000000e+04 2.538000000000000000e+04
2.954300000000000000e+04 2.527100000000000000e+04
2.954300000000000000e+04 2.531900000000000000e+04
2.954300000000000000e+04 2.536600000000000000e+04
2.954500000000000000e+04 2.535800000000000000e+04
2.954700000000000000e+04 2.531600000000000000e+04
2.954700000000000000e+04 2.535100000000000000e+04
2.954800000000000000e+04 2.524600000000000000e+04
2.955000000000000000e+04 2.523000000000000000e+04
2.955300000000000000e+04 2.530000000000000000e+04
2.955300000000000000e+04 2.535600000000000000e+04
2.955400000000000000e+04 2.532600000000000000e+04
2.955600000000000000e+04 2.532300000000000000e+04
2.955700000000000000e+04 2.528400000000000000e+04
2.955800000000000000e+04 2.531600000000000000e+04
2.955900000000000000e+04 2.521500000000000000e+04
2.955900000000000000e+04 2.525900000000000000e+04
2.955900000000000000e+04 2.529300000000000000e+04
2.956100000000000000e+04 2.525300000000000000e+04
2.956200000000000000e+04 2.526300000000000000e+04
2.956300000000000000e+04 2.524600000000000000e+04
2.956300000000000000e+04 2.531900000000000000e+04
2.956500000000000000e+04 2.528200000000000000e+04
2.956900000000000000e+04 2.523800000000000000e+04
2.957100000000000000e+04 2.525200000000000000e+04
2.957200000000000000e+04 2.518500000000000000e+04
2.957300000000000000e+04 2.520100000000000000e+04
2.957400000000000000e+04 2.528100000000000000e+04
2.957700000000000000e+04 2.519600000000000000e+04
2.957900000000000000e+04 2.518600000000000000e+04
2.958000000000000000e+04 2.527600000000000000e+04
2.958100000000000000e+04 2.520400000000000000e+04
2.958300000000000000e+04 2.518400000000000000e+04
2.958500000000000000e+04 2.518200000000000000e+04
2.958500000000000000e+04 2.527500000000000000e+04
2.958600000000000000e+04 2.516800000000000000e+04
2.958700000000000000e+04 2.514600000000000000e+04
2.958700000000000000e+04 2.516700000000000000e+04
2.959200000000000000e+04 2.516000000000000000e+04
2.959700000000000000e+04 2.514600000000000000e+04
2.959700000000000000e+04 2.526100000000000000e+04
2.960100000000000000e+04 2.514200000000000000e+04
2.960300000000000000e+04 2.514200000000000000e+04
2.960400000000000000e+04 2.524700000000000000e+04
2.960500000000000000e+04 2.513100000000000000e+04
2.960500000000000000e+04 2.524600000000000000e+04
2.960600000000000000e+04 2.513000000000000000e+04
2.960800000000000000e+04 2.523100000000000000e+04
2.960900000000000000e+04 2.512900000000000000e+04
2.960900000000000000e+04 2.522100000000000000e+04
2.961000000000000000e+04 2.517500000000000000e+04
2.961000000000000000e+04 2.519300000000000000e+04
2.961100000000000000e+04 2.509800000000000000e+04
2.961200000000000000e+04 2.512300000000000000e+04
2.961300000000000000e+04 2.521900000000000000e+04
2.961400000000000000e+04 2.518800000000000000e+04
2.961500000000000000e+04 2.507500000000000000e+04
2.961500000000000000e+04 2.517200000000000000e+04
2.961600000000000000e+04 2.507100000000000000e+04
2.962000000000000000e+04 2.519100000000000000e+04
2.962200000000000000e+04 2.517300000000000000e+04
2.962500000000000000e+04 2.508500000000000000e+04
2.962500000000000000e+04 2.515300000000000000e+04
2.962500000000000000e+04 2.517200000000000000e+04
2.962900000000000000e+04 2.507600000000000000e+04
2.963100000000000000e+04 2.505200000000000000e+04
2.963200000000000000e+04 2.504200000000000000e+04
2.963200000000000000e+04 2.513000000000000000e+04
2.963200000000000000e+04 2.513700000000000000e+04
2.963200000000000000e+04 2.517100000000000000e+04
2.963300000000000000e+04 2.512100000000000000e+04
2.963400000000000000e+04 2.511200000000000000e+04
2.963500000000000000e+04 2.503500000000000000e+04
2.963500000000000000e+04 2.510200000000000000e+04
2.963500000000000000e+04 2.511900000000000000e+04
2.963600000000000000e+04 2.510100000000000000e+04
2.963800000000000000e+04 2.502400000000000000e+04
2.963900000000000000e+04 2.511600000000000000e+04
2.963900000000000000e+04 2.511900000000000000e+04
2.964000000000000000e+04 2.510200000000000000e+04
2.964100000000000000e+04 2.499900000000000000e+04
2.964200000000000000e+04 2.509700000000000000e+04
2.964300000000000000e+04 2.508400000000000000e+04
2.964300000000000000e+04 2.509400000000000000e+04
2.964500000000000000e+04 2.508200000000000000e+04
2.964500000000000000e+04 2.509500000000000000e+04
2.964600000000000000e+04 2.506300000000000000e+04
2.964600000000000000e+04 2.508100000000000000e+04
2.964600000000000000e+04 2.508300000000000000e+04
2.964700000000000000e+04 2.502100000000000000e+04
2.964700000000000000e+04 2.504000000000000000e+04
2.964700000000000000e+04 2.507600000000000000e+04
2.964900000000000000e+04 2.497500000000000000e+04
2.964900000000000000e+04 2.500900000000000000e+04
2.964900000000000000e+04 2.503900000000000000e+04
2.965000000000000000e+04 2.503700000000000000e+04
2.965200000000000000e+04 2.500700000000000000e+04
2.965200000000000000e+04 2.507500000000000000e+04
2.965300000000000000e+04 2.492800000000000000e+04
2.965300000000000000e+04 2.500300000000000000e+04
2.965500000000000000e+04 2.505500000000000000e+04
2.965800000000000000e+04 2.502800000000000000e+04
2.966100000000000000e+04 2.499600000000000000e+04
2.966200000000000000e+04 2.498500000000000000e+04
2.966200000000000000e+04 2.504300000000000000e+04
2.966300000000000000e+04 2.503600000000000000e+04
2.966500000000000000e+04 2.491000000000000000e+04
2.966500000000000000e+04 2.496800000000000000e+04
2.966500000000000000e+04 2.497900000000000000e+04
2.966600000000000000e+04 2.499500000000000000e+04
2.966600000000000000e+04 2.502800000000000000e+04
2.966700000000000000e+04 2.499800000000000000e+04
2.966800000000000000e+04 2.487400000000000000e+04
2.966800000000000000e+04 2.499300000000000000e+04
2.966900000000000000e+04 2.488400000000000000e+04
2.967000000000000000e+04 2.498500000000000000e+04
2.967200000000000000e+04 2.499000000000000000e+04
2.967300000000000000e+04 2.485900000000000000e+04
2.967300000000000000e+04 2.497100000000000000e+04
2.967400000000000000e+04 2.496700000000000000e+04
2.967400000000000000e+04 2.498300000000000000e+04
2.967500000000000000e+04 2.496200000000000000e+04
2.967600000000000000e+04 2.493100000000000000e+04
2.967600000000000000e+04 2.496600000000000000e+04
2.967900000000000000e+04 2.493000000000000000e+04
2.967900000000000000e+04 2.495100000000000000e+04
2.968200000000000000e+04 2.487800000000000000e+04
2.968200000000000000e+04 2.494400000000000000e+04
2.968300000000000000e+04 2.484200000000000000e+04
2.968600000000000000e+04 2.483700000000000000e+04
2.968600000000000000e+04 2.484600000000000000e+04
2.968600000000000000e+04 2.492800000000000000e+04
2.968600000000000000e+04 2.493200000000000000e+04
2.968600000000000000e+04 2.496500000000000000e+04
2.968800000000000000e+04 2.482700000000000000e+04
2.968800000000000000e+04 2.489600000000000000e+04
2.968800000000000000e+04 2.489900000000000000e+04
2.968900000000000000e+04 2.482400000000000000e+04
2.968900000000000000e+04 2.493900000000000000e+04
2.969100000000000000e+04 2.482900000000000000e+04
2.969300000000000000e+04 2.493100000000000000e+04
2.969500000000000000e+04 2.489000000000000000e+04
2.969800000000000000e+04 2.481200000000000000e+04
2.969800000000000000e+04 2.488600000000000000e+04
2.969900000000000000e+04 2.486800000000000000e+04
2.970000000000000000e+04 2.479700000000000000e+04
2.970000000000000000e+04 2.482600000000000000e+04
2.970000000000000000e+04 2.483600000000000000e+04
2.970000000000000000e+04 2.486200000000000000e+04
2.970200000000000000e+04 2.480200000000000000e+04
2.970200000000000000e+04 2.482400000000000000e+04
2.970200000000000000e+04 2.485100000000000000e+04
2.970200000000000000e+04 2.490700000000000000e+04
2.970300000000000000e+04 2.484500000000000000e+04
2.970500000000000000e+04 2.486600000000000000e+04
2.970700000000000000e+04 2.483500000000000000e+04
2.970800000000000000e+04 2.477200000000000000e+04
2.970800000000000000e+04 2.482100000000000000e+04
2.971000000000000000e+04 2.480100000000000000e+04
2.971000000000000000e+04 2.481700000000000000e+04
2.971100000000000000e+04 2.476500000000000000e+04
2.971100000000000000e+04 2.481500000000000000e+04
2.971200000000000000e+04 2.478900000000000000e+04
2.971300000000000000e+04 2.485700000000000000e+04
2.971400000000000000e+04 2.483800000000000000e+04
2.971500000000000000e+04 2.475400000000000000e+04
2.971600000000000000e+04 2.473700000000000000e+04
2.971800000000000000e+04 2.476700000000000000e+04
2.971800000000000000e+04 2.481400000000000000e+04
2.972200000000000000e+04 2.480100000000000000e+04
2.972400000000000000e+04 2.474600000000000000e+04
2.972500000000000000e+04 2.482400000000000000e+04
2.972600000000000000e+04 2.478000000000000000e+04
2.972700000000000000e+04 2.470300000000000000e+04
2.972800000000000000e+04 2.472800000000000000e+04
2.972800000000000000e+04 2.477000000000000000e+04
2.972900000000000000e+04 2.468100000000000000e+04
2.972900000000000000e+04 2.472200000000000000e+04
2.973100000000000000e+04 2.476300000000000000e+04
2.973100000000000000e+04 2.479900000000000000e+04
2.973200000000000000e+04 2.467100000000000000e+04
2.973200000000000000e+04 2.475000000000000000e+04
2.973200000000000000e+04 2.476000000000000000e+04
2.973300000000000000e+04 2.475700000000000000e+04
2.973300000000000000e+04 2.479700000000000000e+04
2.973400000000000000e+04 2.468200000000000000e+04
2.973500000000000000e+04 2.462500000000000000e+04
2.973600000000000000e+04 2.468000000000000000e+04
2.973600000000000000e+04 2.474200000000000000e+04
2.973600000000000000e+04 2.477100000000000000e+04
2.973900000000000000e+04 2.462100000000000000e+04
2.973900000000000000e+04 2.476700000000000000e+04
2.974000000000000000e+04 2.473300000000000000e+04
2.974200000000000000e+04 2.473200000000000000e+04
2.974300000000000000e+04 2.461700000000000000e+04
2.974300000000000000e+04 2.472800000000000000e+04
2.974500000000000000e+04 2.471400000000000000e+04
2.974700000000000000e+04 2.467200000000000000e+04
2.974800000000000000e+04 2.459600000000000000e+04
2.974800000000000000e+04 2.467500000000000000e+04
2.975100000000000000e+04 2.476600000000000000e+04
2.975200000000000000e+04 2.473900000000000000e+04
2.975300000000000000e+04 2.458200000000000000e+04
2.975300000000000000e+04 2.465800000000000000e+04
2.975500000000000000e+04 2.463200000000000000e+04
2.975700000000000000e+04 2.473100000000000000e+04
2.975800000000000000e+04 2.454300000000000000e+04
2.975800000000000000e+04 2.463000000000000000e+04
2.975900000000000000e+04 2.462500000000000000e+04
2.975900000000000000e+04 2.470800000000000000e+04
2.976200000000000000e+04 2.454100000000000000e+04
2.976200000000000000e+04 2.463900000000000000e+04
2.976200000000000000e+04 2.467200000000000000e+04
2.976300000000000000e+04 2.453900000000000000e+04
2.976400000000000000e+04 2.460700000000000000e+04
2.976500000000000000e+04 2.465600000000000000e+04
2.976600000000000000e+04 2.460300000000000000e+04
2.976800000000000000e+04 2.461200000000000000e+04
2.976900000000000000e+04 2.469500000000000000e+04
2.977000000000000000e+04 2.468300000000000000e+04
2.977300000000000000e+04 2.455800000000000000e+04
2.977300000000000000e+04 2.467200000000000000e+04
2.977400000000000000e+04 2.452600000000000000e+04
2.977600000000000000e+04 2.460200000000000000e+04
2.977900000000000000e+04 2.466700000000000000e+04
2.978100000000000000e+04 2.466500000000000000e+04
2.978200000000000000e+04 2.460700000000000000e+04
2.978300000000000000e+04 2.452400000000000000e+04
2.978300000000000000e+04 2.460500000000000000e+04
2.978400000000000000e+04 2.451800000000000000e+04
2.978500000000000000e+04 2.460000000000000000e+04
2.978700000000000000e+04 2.448900000000000000e+04
2.978700000000000000e+04 2.464500000000000000e+04
2.978800000000000000e+04 2.448100000000000000e+04
2.978800000000000000e+04 2.448400000000000000e+04
2.978800000000000000e+04 2.460100000000000000e+04
2.978800000000000000e+04 2.462700000000000000e+04
2.978900000000000000e+04 2.446200000000000000e+04
2.979100000000000000e+04 2.462000000000000000e+04
2.979200000000000000e+04 2.457300000000000000e+04
2.979500000000000000e+04 2.460000000000000000e+04
2.979600000000000000e+04 2.445200000000000000e+04
2.979600000000000000e+04 2.455400000000000000e+04
2.979600000000000000e+04 2.459000000000000000e+04
2.979700000000000000e+04 2.446000000000000000e+04
2.979800000000000000e+04 2.454600000000000000e+04
2.979800000000000000e+04 2.456400000000000000e+04
2.979900000000000000e+04 2.453700000000000000e+04
2.979900000000000000e+04 2.458200000000000000e+04
2.980000000000000000e+04 2.442000000000000000e+04
2.980000000000000000e+04 2.456000000000000000e+04
2.980100000000000000e+04 2.440400000000000000e+04
2.980200000000000000e+04 2.452500000000000000e+04
2.980300000000000000e+04 2.452200000000000000e+04
2.980400000000000000e+04 2.450500000000000000e+04
2.980400000000000000e+04 2.458100000000000000e+04
2.980500000000000000e+04 2.454200000000000000e+04
2.980700000000000000e+04 2.444300000000000000e+04
2.980700000000000000e+04 2.450700000000000000e+04
2.980800000000000000e+04 2.438900000000000000e+04
2.980900000000000000e+04 2.436600000000000000e+04
2.980900000000000000e+04 2.449800000000000000e+04
2.981000000000000000e+04 2.454700000000000000e+04
2.981100000000000000e+04 2.442200000000000000e+04
2.981200000000000000e+04 2.442000000000000000e+04
2.981200000000000000e+04 2.449700000000000000e+04
2.981400000000000000e+04 2.449100000000000000e+04
2.981500000000000000e+04 2.438200000000000000e+04
2.981600000000000000e+04 2.437200000000000000e+04
2.981700000000000000e+04 2.436100000000000000e+04
2.981700000000000000e+04 2.448500000000000000e+04
2.981800000000000000e+04 2.435800000000000000e+04
2.981800000000000000e+04 2.449600000000000000e+04
2.981900000000000000e+04 2.451500000000000000e+04
2.982000000000000000e+04 2.443700000000000000e+04
2.982200000000000000e+04 2.434300000000000000e+04
2.982300000000000000e+04 2.432800000000000000e+04
2.982300000000000000e+04 2.439200000000000000e+04
2.982300000000000000e+04 2.448700000000000000e+04
2.982400000000000000e+04 2.432100000000000000e+04
2.982400000000000000e+04 2.448100000000000000e+04
2.982600000000000000e+04 2.447300000000000000e+04
2.983000000000000000e+04 2.450800000000000000e+04
2.983100000000000000e+04 2.438200000000000000e+04
2.983200000000000000e+04 2.447200000000000000e+04
2.983300000000000000e+04 2.431000000000000000e+04
2.983300000000000000e+04 2.447000000000000000e+04
2.983500000000000000e+04 2.448500000000000000e+04
2.983600000000000000e+04 2.429300000000000000e+04
2.983700000000000000e+04 2.446500000000000000e+04
2.983800000000000000e+04 2.433700000000000000e+04
2.983900000000000000e+04 2.432400000000000000e+04
2.984100000000000000e+04 2.445700000000000000e+04
2.984500000000000000e+04 2.443300000000000000e+04
2.984800000000000000e+04 2.428400000000000000e+04
2.984900000000000000e+04 2.443800000000000000e+04
2.985100000000000000e+04 2.441100000000000000e+04
2.985100000000000000e+04 2.441300000000000000e+04
2.985300000000000000e+04 2.427900000000000000e+04
2.985300000000000000e+04 2.435000000000000000e+04
2.985300000000000000e+04 2.441200000000000000e+04
2.985400000000000000e+04 2.437900000000000000e+04
2.985600000000000000e+04 2.439200000000000000e+04
2.985700000000000000e+04 2.437600000000000000e+04
2.986000000000000000e+04 2.433300000000000000e+04
2.986000000000000000e+04 2.437200000000000000e+04
2.986000000000000000e+04 2.437500000000000000e+04
2.986100000000000000e+04 2.424800000000000000e+04
2.986100000000000000e+04 2.427400000000000000e+04
2.986100000000000000e+04 2.435500000000000000e+04
2.986400000000000000e+04 2.423800000000000000e+04
2.986400000000000000e+04 2.424100000000000000e+04
2.986400000000000000e+04 2.431800000000000000e+04
2.986500000000000000e+04 2.422500000000000000e+04
2.986800000000000000e+04 2.430400000000000000e+04
2.987000000000000000e+04 2.420500000000000000e+04
2.987000000000000000e+04 2.428800000000000000e+04
2.987000000000000000e+04 2.436400000000000000e+04
2.987100000000000000e+04 2.432100000000000000e+04
2.987200000000000000e+04 2.428400000000000000e+04
2.987500000000000000e+04 2.421400000000000000e+04
2.987500000000000000e+04 2.425100000000000000e+04
2.987600000000000000e+04 2.419200000000000000e+04
2.987600000000000000e+04 2.423900000000000000e+04
2.987800000000000000e+04 2.415100000000000000e+04
2.988100000000000000e+04 2.423600000000000000e+04
2.988300000000000000e+04 2.414400000000000000e+04
2.988300000000000000e+04 2.423100000000000000e+04
2.988500000000000000e+04 2.411200000000000000e+04
2.988500000000000000e+04 2.422300000000000000e+04
2.988700000000000000e+04 2.421400000000000000e+04
2.988700000000000000e+04 2.431700000000000000e+04
2.988800000000000000e+04 2.430800000000000000e+04
2.988900000000000000e+04 2.409400000000000000e+04
2.988900000000000000e+04 2.416000000000000000e+04
2.989100000000000000e+04 2.414300000000000000e+04
2.989100000000000000e+04 2.428000000000000000e+04
2.989100000000000000e+04 2.429200000000000000e+04
2.989300000000000000e+04 2.405800000000000000e+04
2.989300000000000000e+04 2.421300000000000000e+04
2.989400000000000000e+04 2.412900000000000000e+04
2.989400000000000000e+04 2.428400000000000000e+04
2.989500000000000000e+04 2.412400000000000000e+04
2.989600000000000000e+04 2.424300000000000000e+04
2.989700000000000000e+04 2.413100000000000000e+04
2.989700000000000000e+04 2.424400000000000000e+04
2.989800000000000000e+04 2.411800000000000000e+04
2.990000000000000000e+04 2.408800000000000000e+04
2.990100000000000000e+04 2.423700000000000000e+04
2.990200000000000000e+04 2.404300000000000000e+04
2.990200000000000000e+04 2.423100000000000000e+04
2.990200000000000000e+04 2.423300000000000000e+04
2.990400000000000000e+04 2.408300000000000000e+04
2.990600000000000000e+04 2.402300000000000000e+04
2.990600000000000000e+04 2.410500000000000000e+04
2.990700000000000000e+04 2.410100000000000000e+04
2.990700000000000000e+04 2.422600000000000000e+04
2.990900000000000000e+04 2.422200000000000000e+04
2.991100000000000000e+04 2.400200000000000000e+04
2.991100000000000000e+04 2.407400000000000000e+04
2.991200000000000000e+04 2.420300000000000000e+04
2.991300000000000000e+04 2.406300000000000000e+04
2.991400000000000000e+04 2.408000000000000000e+04
2.991500000000000000e+04 2.404000000000000000e+04
2.991600000000000000e+04 2.415100000000000000e+04
2.991800000000000000e+04 2.403000000000000000e+04
2.992100000000000000e+04 2.397000000000000000e+04
2.992100000000000000e+04 2.402500000000000000e+04
2.992200000000000000e+04 2.417900000000000000e+04
2.992400000000000000e+04 2.400900000000000000e+04
2.992400000000000000e+04 2.417000000000000000e+04
2.992500000000000000e+04 2.405900000000000000e+04
2.992500000000000000e+04 2.408800000000000000e+04
2.992600000000000000e+04 2.398500000000000000e+04
2.992600000000000000e+04 2.404400000000000000e+04
2.992700000000000000e+04 2.388700000000000000e+04
2.992700000000000000e+04 2.397300000000000000e+04
2.992800000000000000e+04 2.400700000000000000e+04
2.992900000000000000e+04 2.414600000000000000e+04
2.993000000000000000e+04 2.386500000000000000e+04
2.993000000000000000e+04 2.412500000000000000e+04
2.993200000000000000e+04 2.397000000000000000e+04
2.993300000000000000e+04 2.385100000000000000e+04
2.993400000000000000e+04 2.384700000000000000e+04
2.993400000000000000e+04 2.400300000000000000e+04
2.993500000000000000e+04 2.395900000000000000e+04
2.993500000000000000e+04 2.399300000000000000e+04
2.993600000000000000e+04 2.391600000000000000e+04
2.993600000000000000e+04 2.398800000000000000e+04
2.993600000000000000e+04 2.411800000000000000e+04
2.993700000000000000e+04 2.391100000000000000e+04
2.993700000000000000e+04 2.411200000000000000e+04
2.993900000000000000e+04 2.408000000000000000e+04
2.994000000000000000e+04 2.390600000000000000e+04
2.994000000000000000e+04 2.398500000000000000e+04
2.994300000000000000e+04 2.383800000000000000e+04
2.994300000000000000e+04 2.388700000000000000e+04
2.994400000000000000e+04 2.398200000000000000e+04
2.994400000000000000e+04 2.406500000000000000e+04
2.994600000000000000e+04 2.408200000000000000e+04
2.994700000000000000e+04 2.396700000000000000e+04
2.994700000000000000e+04 2.404300000000000000e+04
2.994700000000000000e+04 2.407400000000000000e+04
2.994800000000000000e+04 2.381400000000000000e+04
2.995000000000000000e+04 2.387900000000000000e+04
2.995000000000000000e+04 2.399600000000000000e+04
2.995000000000000000e+04 2.402300000000000000e+04
2.995100000000000000e+04 2.382800000000000000e+04
2.995200000000000000e+04 2.401200000000000000e+04
2.995300000000000000e+04 2.380600000000000000e+04
2.995600000000000000e+04 2.379300000000000000e+04
2.995700000000000000e+04 2.399200000000000000e+04
2.995700000000000000e+04 2.400500000000000000e+04
2.995800000000000000e+04 2.378500000000000000e+04
2.995800000000000000e+04 2.393100000000000000e+04
2.995800000000000000e+04 2.397200000000000000e+04
2.995900000000000000e+04 2.382400000000000000e+04
2.995900000000000000e+04 2.395200000000000000e+04
2.996000000000000000e+04 2.392500000000000000e+04
2.996100000000000000e+04 2.391600000000000000e+04
2.996200000000000000e+04 2.380900000000000000e+04
2.996300000000000000e+04 2.389000000000000000e+04
2.996400000000000000e+04 2.395100000000000000e+04
2.996500000000000000e+04 2.392700000000000000e+04
2.996600000000000000e+04 2.376500000000000000e+04
2.996600000000000000e+04 2.388700000000000000e+04
2.996700000000000000e+04 2.391100000000000000e+04
2.996800000000000000e+04 2.376400000000000000e+04
2.996800000000000000e+04 2.386800000000000000e+04
2.996800000000000000e+04 2.389300000000000000e+04
2.997000000000000000e+04 2.385900000000000000e+04
2.997100000000000000e+04 2.388600000000000000e+04
2.997200000000000000e+04 2.384000000000000000e+04
2.997400000000000000e+04 2.379000000000000000e+04
2.997400000000000000e+04 2.383000000000000000e+04
2.997500000000000000e+04 2.381500000000000000e+04
2.997500000000000000e+04 2.396000000000000000e+04
2.997600000000000000e+04 2.373200000000000000e+04
2.997700000000000000e+04 2.370800000000000000e+04
2.997700000000000000e+04 2.379700000000000000e+04
2.997800000000000000e+04 2.368400000000000000e+04
2.997800000000000000e+04 2.379500000000000000e+04
2.997900000000000000e+04 2.367600000000000000e+04
2.998300000000000000e+04 2.365500000000000000e+04
2.998300000000000000e+04 2.393100000000000000e+04
2.998400000000000000e+04 2.378600000000000000e+04
2.998400000000000000e+04 2.392500000000000000e+04
2.998500000000000000e+04 2.375900000000000000e+04
2.998700000000000000e+04 2.386600000000000000e+04
2.998800000000000000e+04 2.364300000000000000e+04
2.998800000000000000e+04 2.373400000000000000e+04
2.998800000000000000e+04 2.376600000000000000e+04
2.998800000000000000e+04 2.384700000000000000e+04
2.999000000000000000e+04 2.371000000000000000e+04
2.999100000000000000e+04 2.361000000000000000e+04
2.999300000000000000e+04 2.356300000000000000e+04
2.999400000000000000e+04 2.373000000000000000e+04
2.999500000000000000e+04 2.371200000000000000e+04
2.999500000000000000e+04 2.383600000000000000e+04
2.999600000000000000e+04 2.379200000000000000e+04
2.999700000000000000e+04 2.379000000000000000e+04
2.999800000000000000e+04 2.368900000000000000e+04
3.000000000000000000e+04 2.353800000000000000e+04
3.000100000000000000e+04 2.366800000000000000e+04
3.000200000000000000e+04 2.351300000000000000e+04
3.000200000000000000e+04 2.376200000000000000e+04
3.000300000000000000e+04 2.365700000000000000e+04
3.000300000000000000e+04 2.371500000000000000e+04
3.000400000000000000e+04 2.349800000000000000e+04
3.000400000000000000e+04 2.362700000000000000e+04
3.000400000000000000e+04 2.364000000000000000e+04
3.000500000000000000e+04 2.363400000000000000e+04
3.000700000000000000e+04 2.357400000000000000e+04
3.000700000000000000e+04 2.369100000000000000e+04
3.000900000000000000e+04 2.368700000000000000e+04
3.001000000000000000e+04 2.355100000000000000e+04
3.001200000000000000e+04 2.363500000000000000e+04
3.001500000000000000e+04 2.357400000000000000e+04
3.001500000000000000e+04 2.367000000000000000e+04
3.001600000000000000e+04 2.352700000000000000e+04
3.001600000000000000e+04 2.365400000000000000e+04
3.001700000000000000e+04 2.349700000000000000e+04
3.001700000000000000e+04 2.353500000000000000e+04
3.001800000000000000e+04 2.361700000000000000e+04
3.001900000000000000e+04 2.347200000000000000e+04
3.001900000000000000e+04 2.351500000000000000e+04
3.002000000000000000e+04 2.346900000000000000e+04
3.002000000000000000e+04 2.361300000000000000e+04
3.002100000000000000e+04 2.359300000000000000e+04
3.002200000000000000e+04 2.357600000000000000e+04
3.002300000000000000e+04 2.344200000000000000e+04
3.002300000000000000e+04 2.348800000000000000e+04
3.002500000000000000e+04 2.340200000000000000e+04
3.002500000000000000e+04 2.345400000000000000e+04
3.002800000000000000e+04 2.339200000000000000e+04
3.002800000000000000e+04 2.357200000000000000e+04
3.002900000000000000e+04 2.335300000000000000e+04
3.003100000000000000e+04 2.343500000000000000e+04
3.003100000000000000e+04 2.349800000000000000e+04
3.003500000000000000e+04 2.335200000000000000e+04
3.003600000000000000e+04 2.323800000000000000e+04
3.003600000000000000e+04 2.335500000000000000e+04
3.003700000000000000e+04 2.333300000000000000e+04
3.003700000000000000e+04 2.352000000000000000e+04
3.003800000000000000e+04 2.345900000000000000e+04
3.003800000000000000e+04 2.351100000000000000e+04
3.003900000000000000e+04 2.332300000000000000e+04
3.003900000000000000e+04 2.343000000000000000e+04
3.004000000000000000e+04 2.339300000000000000e+04
3.004100000000000000e+04 2.350000000000000000e+04
3.004200000000000000e+04 2.339000000000000000e+04
3.004300000000000000e+04 2.330200000000000000e+04
3.004300000000000000e+04 2.337400000000000000e+04
3.004300000000000000e+04 2.345700000000000000e+04
3.004400000000000000e+04 2.337000000000000000e+04
3.004600000000000000e+04 2.339900000000000000e+04
3.004700000000000000e+04 2.337600000000000000e+04
3.004800000000000000e+04 2.329200000000000000e+04
3.004800000000000000e+04 2.329800000000000000e+04
3.004900000000000000e+04 2.325300000000000000e+04
3.005000000000000000e+04 2.336000000000000000e+04
3.005100000000000000e+04 2.329200000000000000e+04
3.005100000000000000e+04 2.335500000000000000e+04
3.005300000000000000e+04 2.328100000000000000e+04
3.005300000000000000e+04 2.346200000000000000e+04
3.005500000000000000e+04 2.333000000000000000e+04
3.005600000000000000e+04 2.341100000000000000e+04
3.005700000000000000e+04 2.325900000000000000e+04
3.005700000000000000e+04 2.336700000000000000e+04
3.005800000000000000e+04 2.328300000000000000e+04
3.005800000000000000e+04 2.336400000000000000e+04
3.005900000000000000e+04 2.322100000000000000e+04
3.006100000000000000e+04 2.335900000000000000e+04
3.006200000000000000e+04 2.329900000000000000e+04
3.006400000000000000e+04 2.322000000000000000e+04
3.006400000000000000e+04 2.329700000000000000e+04
3.006500000000000000e+04 2.319400000000000000e+04
3.006900000000000000e+04 2.323700000000000000e+04
3.007100000000000000e+04 2.318200000000000000e+04
3.007100000000000000e+04 2.326900000000000000e+04
3.007300000000000000e+04 2.322200000000000000e+04
3.007400000000000000e+04 2.316200000000000000e+04
3.007500000000000000e+04 2.312900000000000000e+04
3.007700000000000000e+04 2.321700000000000000e+04
3.008000000000000000e+04 2.315500000000000000e+04
3.008100000000000000e+04 2.304500000000000000e+04
