2.343700000000000000e+04 2.545400000000000000e+04
2.341300000000000000e+04 2.546700000000000000e+04
2.340200000000000000e+04 2.546800000000000000e+04
2.352500000000000000e+04 2.539100000000000000e+04
2.350500000000000000e+04 2.543100000000000000e+04
2.345900000000000000e+04 2.543700000000000000e+04
2.427000000000000000e+04 2.688700000000000000e+04
2.425300000000000000e+04 2.696200000000000000e+04
2.407100000000000000e+04 2.722700000000000000e+04
2.398400000000000000e+04 2.725200000000000000e+04
2.415700000000000000e+04 2.722400000000000000e+04
2.447100000000000000e+04 2.812100000000000000e+04
2.432400000000000000e+04 2.813900000000000000e+04
2.463000000000000000e+04 2.845700000000000000e+04
2.460000000000000000e+04 2.852700000000000000e+04
2.461600000000000000e+04 2.851000000000000000e+04
2.447000000000000000e+04 2.857000000000000000e+04
2.448600000000000000e+04 2.856300000000000000e+04
2.456900000000000000e+04 2.855900000000000000e+04
2.451400000000000000e+04 2.856100000000000000e+04
2.445600000000000000e+04 2.861600000000000000e+04
2.497900000000000000e+04 2.873500000000000000e+04
2.497200000000000000e+04 2.873600000000000000e+04
2.492500000000000000e+04 2.875800000000000000e+04
2.489800000000000000e+04 2.880100000000000000e+04
2.511400000000000000e+04 2.881100000000000000e+04
2.513900000000000000e+04 2.879800000000000000e+04
2.508800000000000000e+04 2.885700000000000000e+04
2.500500000000000000e+04 2.885900000000000000e+04
2.526700000000000000e+04 2.894700000000000000e+04
2.530700000000000000e+04 2.894000000000000000e+04
2.534500000000000000e+04 2.889500000000000000e+04
2.537200000000000000e+04 2.889000000000000000e+04
2.525800000000000000e+04 2.894900000000000000e+04
2.549600000000000000e+04 2.907800000000000000e+04
2.576600000000000000e+04 2.905100000000000000e+04
2.568800000000000000e+04 2.908000000000000000e+04
2.577700000000000000e+04 2.903700000000000000e+04
2.569700000000000000e+04 2.906600000000000000e+04
2.574500000000000000e+04 2.906000000000000000e+04
2.573500000000000000e+04 2.906400000000000000e+04
2.578400000000000000e+04 2.903100000000000000e+04
2.577500000000000000e+04 2.904800000000000000e+04
2.568800000000000000e+04 2.908000000000000000e+04
2.569700000000000000e+04 2.906600000000000000e+04
2.580400000000000000e+04 2.906500000000000000e+04
2.584700000000000000e+04 2.904900000000000000e+04
2.581400000000000000e+04 2.905500000000000000e+04
2.591100000000000000e+04 2.904800000000000000e+04
2.568800000000000000e+04 2.908000000000000000e+04
2.569700000000000000e+04 2.906600000000000000e+04
2.580400000000000000e+04 2.906500000000000000e+04
2.592200000000000000e+04 2.905700000000000000e+04
2.604900000000000000e+04 2.900700000000000000e+04
2.599300000000000000e+04 2.905300000000000000e+04
2.602400000000000000e+04 2.902800000000000000e+04
2.568800000000000000e+04 2.908000000000000000e+04
2.569700000000000000e+04 2.906600000000000000e+04
2.580400000000000000e+04 2.906500000000000000e+04
2.592200000000000000e+04 2.905700000000000000e+04
2.604900000000000000e+04 2.900700000000000000e+04
2.599300000000000000e+04 2.905300000000000000e+04
2.602400000000000000e+04 2.902800000000000000e+04
2.607600000000000000e+04 2.900400000000000000e+04
2.613500000000000000e+04 2.898800000000000000e+04
2.613400000000000000e+04 2.899400000000000000e+04
2.619500000000000000e+04 2.897900000000000000e+04
2.623500000000000000e+04 2.897800000000000000e+04
2.628000000000000000e+04 2.894400000000000000e+04
2.626600000000000000e+04 2.896100000000000000e+04
2.629500000000000000e+04 2.893400000000000000e+04
2.627800000000000000e+04 2.895500000000000000e+04
2.568800000000000000e+04 2.908000000000000000e+04
2.569700000000000000e+04 2.906600000000000000e+04
2.580400000000000000e+04 2.906500000000000000e+04
2.592200000000000000e+04 2.905700000000000000e+04
2.604900000000000000e+04 2.900700000000000000e+04
2.599300000000000000e+04 2.905300000000000000e+04
2.602400000000000000e+04 2.902800000000000000e+04
2.607600000000000000e+04 2.900400000000000000e+04
2.613500000000000000e+04 2.898800000000000000e+04
2.613400000000000000e+04 2.899400000000000000e+04
2.619500000000000000e+04 2.897900000000000000e+04
2.623500000000000000e+04 2.897800000000000000e+04
2.626600000000000000e+04 2.896100000000000000e+04
2.629700000000000000e+04 2.895800000000000000e+04
2.631000000000000000e+04 2.894200000000000000e+04
2.631900000000000000e+04 2.893700000000000000e+04
2.631300000000000000e+04 2.893900000000000000e+04
2.640700000000000000e+04 2.889000000000000000e+04
2.638800000000000000e+04 2.890000000000000000e+04
2.644200000000000000e+04 2.888300000000000000e+04
2.638400000000000000e+04 2.890700000000000000e+04
2.638200000000000000e+04 2.892800000000000000e+04
2.639900000000000000e+04 2.889800000000000000e+04
2.645100000000000000e+04 2.886900000000000000e+04
2.640500000000000000e+04 2.889500000000000000e+04
2.648300000000000000e+04 2.886200000000000000e+04
2.568800000000000000e+04 2.908000000000000000e+04
2.569700000000000000e+04 2.906600000000000000e+04
2.580400000000000000e+04 2.906500000000000000e+04
2.592200000000000000e+04 2.905700000000000000e+04
2.604900000000000000e+04 2.900700000000000000e+04
2.599300000000000000e+04 2.905300000000000000e+04
2.602400000000000000e+04 2.902800000000000000e+04
2.607600000000000000e+04 2.900400000000000000e+04
2.613500000000000000e+04 2.898800000000000000e+04
2.613400000000000000e+04 2.899400000000000000e+04
2.619500000000000000e+04 2.897900000000000000e+04
2.623500000000000000e+04 2.897800000000000000e+04
2.626600000000000000e+04 2.896100000000000000e+04
2.629700000000000000e+04 2.895800000000000000e+04
2.631000000000000000e+04 2.894200000000000000e+04
2.631900000000000000e+04 2.893700000000000000e+04
2.631300000000000000e+04 2.893900000000000000e+04
2.640700000000000000e+04 2.889000000000000000e+04
2.638800000000000000e+04 2.890000000000000000e+04
2.644200000000000000e+04 2.888300000000000000e+04
2.638400000000000000e+04 2.890700000000000000e+04
2.638200000000000000e+04 2.892800000000000000e+04
2.639900000000000000e+04 2.889800000000000000e+04
2.640500000000000000e+04 2.889500000000000000e+04
2.648300000000000000e+04 2.886200000000000000e+04
2.648200000000000000e+04 2.886800000000000000e+04
2.648800000000000000e+04 2.885400000000000000e+04
2.654000000000000000e+04 2.882900000000000000e+04
2.656000000000000000e+04 2.882400000000000000e+04
2.648100000000000000e+04 2.887000000000000000e+04
2.651000000000000000e+04 2.885000000000000000e+04
2.649100000000000000e+04 2.885200000000000000e+04
2.652600000000000000e+04 2.883300000000000000e+04
2.651100000000000000e+04 2.884600000000000000e+04
2.652000000000000000e+04 2.884000000000000000e+04
2.652100000000000000e+04 2.883700000000000000e+04
2.568800000000000000e+04 2.908000000000000000e+04
2.569700000000000000e+04 2.906600000000000000e+04
2.580400000000000000e+04 2.906500000000000000e+04
2.592200000000000000e+04 2.905700000000000000e+04
2.604900000000000000e+04 2.900700000000000000e+04
2.599300000000000000e+04 2.905300000000000000e+04
2.602400000000000000e+04 2.902800000000000000e+04
2.607600000000000000e+04 2.900400000000000000e+04
2.613500000000000000e+04 2.898800000000000000e+04
2.613400000000000000e+04 2.899400000000000000e+04
2.619500000000000000e+04 2.897900000000000000e+04
2.623500000000000000e+04 2.897800000000000000e+04
2.626600000000000000e+04 2.896100000000000000e+04
2.629700000000000000e+04 2.895800000000000000e+04
2.631000000000000000e+04 2.894200000000000000e+04
2.631900000000000000e+04 2.893700000000000000e+04
2.631300000000000000e+04 2.893900000000000000e+04
2.640700000000000000e+04 2.889000000000000000e+04
2.638800000000000000e+04 2.890000000000000000e+04
2.644200000000000000e+04 2.888300000000000000e+04
2.638400000000000000e+04 2.890700000000000000e+04
2.638200000000000000e+04 2.892800000000000000e+04
2.639900000000000000e+04 2.889800000000000000e+04
2.640500000000000000e+04 2.889500000000000000e+04
2.648200000000000000e+04 2.886800000000000000e+04
2.648100000000000000e+04 2.887000000000000000e+04
2.651000000000000000e+04 2.885000000000000000e+04
2.651100000000000000e+04 2.884600000000000000e+04
2.648900000000000000e+04 2.886000000000000000e+04
2.647900000000000000e+04 2.887500000000000000e+04
2.648400000000000000e+04 2.886300000000000000e+04
2.650800000000000000e+04 2.885800000000000000e+04
2.659400000000000000e+04 2.879700000000000000e+04
2.655100000000000000e+04 2.883300000000000000e+04
2.653000000000000000e+04 2.884500000000000000e+04
2.657700000000000000e+04 2.882700000000000000e+04
2.661000000000000000e+04 2.879200000000000000e+04
2.568800000000000000e+04 2.908000000000000000e+04
2.569700000000000000e+04 2.906600000000000000e+04
2.580400000000000000e+04 2.906500000000000000e+04
2.592200000000000000e+04 2.905700000000000000e+04
2.604900000000000000e+04 2.900700000000000000e+04
2.599300000000000000e+04 2.905300000000000000e+04
2.602400000000000000e+04 2.902800000000000000e+04
2.607600000000000000e+04 2.900400000000000000e+04
2.613500000000000000e+04 2.898800000000000000e+04
2.613400000000000000e+04 2.899400000000000000e+04
2.619500000000000000e+04 2.897900000000000000e+04
2.623500000000000000e+04 2.897800000000000000e+04
2.626600000000000000e+04 2.896100000000000000e+04
2.629700000000000000e+04 2.895800000000000000e+04
2.631000000000000000e+04 2.894200000000000000e+04
2.631900000000000000e+04 2.893700000000000000e+04
2.631300000000000000e+04 2.893900000000000000e+04
2.640700000000000000e+04 2.889000000000000000e+04
2.638800000000000000e+04 2.890000000000000000e+04
2.644200000000000000e+04 2.888300000000000000e+04
2.638400000000000000e+04 2.890700000000000000e+04
2.638200000000000000e+04 2.892800000000000000e+04
2.639900000000000000e+04 2.889800000000000000e+04
2.640500000000000000e+04 2.889500000000000000e+04
2.648200000000000000e+04 2.886800000000000000e+04
2.648100000000000000e+04 2.887000000000000000e+04
2.651000000000000000e+04 2.885000000000000000e+04
2.651100000000000000e+04 2.884600000000000000e+04
2.648900000000000000e+04 2.886000000000000000e+04
2.647900000000000000e+04 2.887500000000000000e+04
2.648400000000000000e+04 2.886300000000000000e+04
2.650800000000000000e+04 2.885800000000000000e+04
2.659400000000000000e+04 2.879700000000000000e+04
2.655100000000000000e+04 2.883300000000000000e+04
2.653000000000000000e+04 2.884500000000000000e+04
2.657700000000000000e+04 2.882700000000000000e+04
2.661000000000000000e+04 2.879200000000000000e+04
2.568800000000000000e+04 2.908000000000000000e+04
2.569700000000000000e+04 2.906600000000000000e+04
2.580400000000000000e+04 2.906500000000000000e+04
2.592200000000000000e+04 2.905700000000000000e+04
2.604900000000000000e+04 2.900700000000000000e+04
2.599300000000000000e+04 2.905300000000000000e+04
2.602400000000000000e+04 2.902800000000000000e+04
2.607600000000000000e+04 2.900400000000000000e+04
2.613500000000000000e+04 2.898800000000000000e+04
2.613400000000000000e+04 2.899400000000000000e+04
2.619500000000000000e+04 2.897900000000000000e+04
2.623500000000000000e+04 2.897800000000000000e+04
2.626600000000000000e+04 2.896100000000000000e+04
2.629700000000000000e+04 2.895800000000000000e+04
2.631000000000000000e+04 2.894200000000000000e+04
2.631900000000000000e+04 2.893700000000000000e+04
2.631300000000000000e+04 2.893900000000000000e+04
2.640700000000000000e+04 2.889000000000000000e+04
2.638800000000000000e+04 2.890000000000000000e+04
2.644200000000000000e+04 2.888300000000000000e+04
2.638400000000000000e+04 2.890700000000000000e+04
2.638200000000000000e+04 2.892800000000000000e+04
2.639900000000000000e+04 2.889800000000000000e+04
2.640500000000000000e+04 2.889500000000000000e+04
2.648200000000000000e+04 2.886800000000000000e+04
2.648100000000000000e+04 2.887000000000000000e+04
2.651000000000000000e+04 2.885000000000000000e+04
2.651100000000000000e+04 2.884600000000000000e+04
2.648900000000000000e+04 2.886000000000000000e+04
2.647900000000000000e+04 2.887500000000000000e+04
2.648400000000000000e+04 2.886300000000000000e+04
2.650800000000000000e+04 2.885800000000000000e+04
2.655100000000000000e+04 2.883300000000000000e+04
2.653000000000000000e+04 2.884500000000000000e+04
2.657700000000000000e+04 2.882700000000000000e+04
2.658500000000000000e+04 2.880800000000000000e+04
2.666500000000000000e+04 2.878700000000000000e+04
2.668400000000000000e+04 2.876900000000000000e+04
2.668000000000000000e+04 2.877300000000000000e+04
2.664800000000000000e+04 2.880500000000000000e+04
2.671400000000000000e+04 2.875100000000000000e+04
2.669200000000000000e+04 2.876100000000000000e+04
2.677100000000000000e+04 2.872900000000000000e+04
2.671500000000000000e+04 2.874800000000000000e+04
2.674500000000000000e+04 2.874600000000000000e+04
2.678100000000000000e+04 2.869900000000000000e+04
2.677200000000000000e+04 2.870100000000000000e+04
2.679100000000000000e+04 2.869100000000000000e+04
2.568800000000000000e+04 2.908000000000000000e+04
2.569700000000000000e+04 2.906600000000000000e+04
2.580400000000000000e+04 2.906500000000000000e+04
2.592200000000000000e+04 2.905700000000000000e+04
2.604900000000000000e+04 2.900700000000000000e+04
2.599300000000000000e+04 2.905300000000000000e+04
2.602400000000000000e+04 2.902800000000000000e+04
2.607600000000000000e+04 2.900400000000000000e+04
2.613500000000000000e+04 2.898800000000000000e+04
2.613400000000000000e+04 2.899400000000000000e+04
2.619500000000000000e+04 2.897900000000000000e+04
2.623500000000000000e+04 2.897800000000000000e+04
2.626600000000000000e+04 2.896100000000000000e+04
2.629700000000000000e+04 2.895800000000000000e+04
2.631000000000000000e+04 2.894200000000000000e+04
2.631900000000000000e+04 2.893700000000000000e+04
2.631300000000000000e+04 2.893900000000000000e+04
2.640700000000000000e+04 2.889000000000000000e+04
2.638800000000000000e+04 2.890000000000000000e+04
2.644200000000000000e+04 2.888300000000000000e+04
2.638400000000000000e+04 2.890700000000000000e+04
2.638200000000000000e+04 2.892800000000000000e+04
2.639900000000000000e+04 2.889800000000000000e+04
2.640500000000000000e+04 2.889500000000000000e+04
2.648200000000000000e+04 2.886800000000000000e+04
2.648100000000000000e+04 2.887000000000000000e+04
2.651000000000000000e+04 2.885000000000000000e+04
2.651100000000000000e+04 2.884600000000000000e+04
2.648900000000000000e+04 2.886000000000000000e+04
2.647900000000000000e+04 2.887500000000000000e+04
2.648400000000000000e+04 2.886300000000000000e+04
2.650800000000000000e+04 2.885800000000000000e+04
2.655100000000000000e+04 2.883300000000000000e+04
2.653000000000000000e+04 2.884500000000000000e+04
2.657700000000000000e+04 2.882700000000000000e+04
2.658500000000000000e+04 2.880800000000000000e+04
2.666500000000000000e+04 2.878700000000000000e+04
2.668400000000000000e+04 2.876900000000000000e+04
2.668000000000000000e+04 2.877300000000000000e+04
2.664800000000000000e+04 2.880500000000000000e+04
2.671400000000000000e+04 2.875100000000000000e+04
2.669200000000000000e+04 2.876100000000000000e+04
2.677100000000000000e+04 2.872900000000000000e+04
2.671500000000000000e+04 2.874800000000000000e+04
2.674500000000000000e+04 2.874600000000000000e+04
2.678100000000000000e+04 2.869900000000000000e+04
2.677200000000000000e+04 2.870100000000000000e+04
2.679100000000000000e+04 2.869100000000000000e+04
2.681800000000000000e+04 2.866900000000000000e+04
2.680300000000000000e+04 2.867500000000000000e+04
2.683800000000000000e+04 2.866600000000000000e+04
2.685600000000000000e+04 2.866000000000000000e+04
2.688600000000000000e+04 2.861800000000000000e+04
2.687800000000000000e+04 2.862400000000000000e+04
2.687400000000000000e+04 2.865100000000000000e+04
2.687600000000000000e+04 2.862900000000000000e+04
2.689300000000000000e+04 2.861400000000000000e+04
2.693700000000000000e+04 2.861100000000000000e+04
2.568800000000000000e+04 2.908000000000000000e+04
2.569700000000000000e+04 2.906600000000000000e+04
2.580400000000000000e+04 2.906500000000000000e+04
2.592200000000000000e+04 2.905700000000000000e+04
2.604900000000000000e+04 2.900700000000000000e+04
2.599300000000000000e+04 2.905300000000000000e+04
2.602400000000000000e+04 2.902800000000000000e+04
2.607600000000000000e+04 2.900400000000000000e+04
2.613500000000000000e+04 2.898800000000000000e+04
2.613400000000000000e+04 2.899400000000000000e+04
2.619500000000000000e+04 2.897900000000000000e+04
2.623500000000000000e+04 2.897800000000000000e+04
2.626600000000000000e+04 2.896100000000000000e+04
2.629700000000000000e+04 2.895800000000000000e+04
2.631000000000000000e+04 2.894200000000000000e+04
2.631900000000000000e+04 2.893700000000000000e+04
2.631300000000000000e+04 2.893900000000000000e+04
2.640700000000000000e+04 2.889000000000000000e+04
2.638800000000000000e+04 2.890000000000000000e+04
2.644200000000000000e+04 2.888300000000000000e+04
2.638400000000000000e+04 2.890700000000000000e+04
2.638200000000000000e+04 2.892800000000000000e+04
2.639900000000000000e+04 2.889800000000000000e+04
2.640500000000000000e+04 2.889500000000000000e+04
2.648200000000000000e+04 2.886800000000000000e+04
2.648100000000000000e+04 2.887000000000000000e+04
2.651000000000000000e+04 2.885000000000000000e+04
2.651100000000000000e+04 2.884600000000000000e+04
2.648900000000000000e+04 2.886000000000000000e+04
2.647900000000000000e+04 2.887500000000000000e+04
2.648400000000000000e+04 2.886300000000000000e+04
2.650800000000000000e+04 2.885800000000000000e+04
2.655100000000000000e+04 2.883300000000000000e+04
2.653000000000000000e+04 2.884500000000000000e+04
2.657700000000000000e+04 2.882700000000000000e+04
2.658500000000000000e+04 2.880800000000000000e+04
2.666500000000000000e+04 2.878700000000000000e+04
2.668400000000000000e+04 2.876900000000000000e+04
2.668000000000000000e+04 2.877300000000000000e+04
2.664800000000000000e+04 2.880500000000000000e+04
2.671400000000000000e+04 2.875100000000000000e+04
2.669200000000000000e+04 2.876100000000000000e+04
2.677100000000000000e+04 2.872900000000000000e+04
2.671500000000000000e+04 2.874800000000000000e+04
2.674500000000000000e+04 2.874600000000000000e+04
2.678100000000000000e+04 2.869900000000000000e+04
2.677200000000000000e+04 2.870100000000000000e+04
2.679100000000000000e+04 2.869100000000000000e+04
2.681800000000000000e+04 2.866900000000000000e+04
2.680300000000000000e+04 2.867500000000000000e+04
2.683800000000000000e+04 2.866600000000000000e+04
2.685600000000000000e+04 2.866000000000000000e+04
2.688600000000000000e+04 2.861800000000000000e+04
2.687800000000000000e+04 2.862400000000000000e+04
2.687400000000000000e+04 2.865100000000000000e+04
2.687600000000000000e+04 2.862900000000000000e+04
2.689300000000000000e+04 2.861400000000000000e+04
2.693700000000000000e+04 2.861100000000000000e+04
2.696800000000000000e+04 2.858100000000000000e+04
2.690200000000000000e+04 2.861300000000000000e+04
2.694000000000000000e+04 2.858300000000000000e+04
2.696900000000000000e+04 2.857400000000000000e+04
2.701300000000000000e+04 2.856400000000000000e+04
2.704200000000000000e+04 2.853000000000000000e+04
2.703100000000000000e+04 2.855700000000000000e+04
2.704700000000000000e+04 2.851100000000000000e+04
2.708400000000000000e+04 2.851000000000000000e+04
2.704500000000000000e+04 2.851500000000000000e+04
2.711300000000000000e+04 2.847000000000000000e+04
2.568800000000000000e+04 2.908000000000000000e+04
2.569700000000000000e+04 2.906600000000000000e+04
2.580400000000000000e+04 2.906500000000000000e+04
2.592200000000000000e+04 2.905700000000000000e+04
2.604900000000000000e+04 2.900700000000000000e+04
2.599300000000000000e+04 2.905300000000000000e+04
2.602400000000000000e+04 2.902800000000000000e+04
2.607600000000000000e+04 2.900400000000000000e+04
2.613500000000000000e+04 2.898800000000000000e+04
2.613400000000000000e+04 2.899400000000000000e+04
2.619500000000000000e+04 2.897900000000000000e+04
2.623500000000000000e+04 2.897800000000000000e+04
2.626600000000000000e+04 2.896100000000000000e+04
2.629700000000000000e+04 2.895800000000000000e+04
2.631000000000000000e+04 2.894200000000000000e+04
2.631900000000000000e+04 2.893700000000000000e+04
2.631300000000000000e+04 2.893900000000000000e+04
2.640700000000000000e+04 2.889000000000000000e+04
2.638800000000000000e+04 2.890000000000000000e+04
2.644200000000000000e+04 2.888300000000000000e+04
2.638400000000000000e+04 2.890700000000000000e+04
2.638200000000000000e+04 2.892800000000000000e+04
2.639900000000000000e+04 2.889800000000000000e+04
2.640500000000000000e+04 2.889500000000000000e+04
2.648200000000000000e+04 2.886800000000000000e+04
2.648100000000000000e+04 2.887000000000000000e+04
2.651000000000000000e+04 2.885000000000000000e+04
2.651100000000000000e+04 2.884600000000000000e+04
2.648900000000000000e+04 2.886000000000000000e+04
2.647900000000000000e+04 2.887500000000000000e+04
2.648400000000000000e+04 2.886300000000000000e+04
2.650800000000000000e+04 2.885800000000000000e+04
2.655100000000000000e+04 2.883300000000000000e+04
2.653000000000000000e+04 2.884500000000000000e+04
2.657700000000000000e+04 2.882700000000000000e+04
2.658500000000000000e+04 2.880800000000000000e+04
2.666500000000000000e+04 2.878700000000000000e+04
2.668400000000000000e+04 2.876900000000000000e+04
2.668000000000000000e+04 2.877300000000000000e+04
2.664800000000000000e+04 2.880500000000000000e+04
2.671400000000000000e+04 2.875100000000000000e+04
2.669200000000000000e+04 2.876100000000000000e+04
2.677100000000000000e+04 2.872900000000000000e+04
2.671500000000000000e+04 2.874800000000000000e+04
2.674500000000000000e+04 2.874600000000000000e+04
2.678100000000000000e+04 2.869900000000000000e+04
2.677200000000000000e+04 2.870100000000000000e+04
2.679100000000000000e+04 2.869100000000000000e+04
2.681800000000000000e+04 2.866900000000000000e+04
2.680300000000000000e+04 2.867500000000000000e+04
2.683800000000000000e+04 2.866600000000000000e+04
2.685600000000000000e+04 2.866000000000000000e+04
2.688600000000000000e+04 2.861800000000000000e+04
2.687800000000000000e+04 2.862400000000000000e+04
2.687400000000000000e+04 2.865100000000000000e+04
2.687600000000000000e+04 2.862900000000000000e+04
2.689300000000000000e+04 2.861400000000000000e+04
2.693700000000000000e+04 2.861100000000000000e+04
2.696800000000000000e+04 2.858100000000000000e+04
2.690200000000000000e+04 2.861300000000000000e+04
2.694000000000000000e+04 2.858300000000000000e+04
2.696900000000000000e+04 2.857400000000000000e+04
2.701300000000000000e+04 2.856400000000000000e+04
2.704200000000000000e+04 2.853000000000000000e+04
2.703100000000000000e+04 2.855700000000000000e+04
2.704700000000000000e+04 2.851100000000000000e+04
2.708400000000000000e+04 2.851000000000000000e+04
2.704500000000000000e+04 2.851500000000000000e+04
2.711300000000000000e+04 2.847000000000000000e+04
2.708700000000000000e+04 2.848000000000000000e+04
2.716500000000000000e+04 2.842900000000000000e+04
2.716800000000000000e+04 2.841200000000000000e+04
2.722000000000000000e+04 2.837300000000000000e+04
2.713600000000000000e+04 2.846900000000000000e+04
2.718300000000000000e+04 2.839700000000000000e+04
2.727000000000000000e+04 2.831600000000000000e+04
2.724000000000000000e+04 2.837000000000000000e+04
2.719600000000000000e+04 2.839500000000000000e+04
2.725600000000000000e+04 2.831900000000000000e+04
2.727100000000000000e+04 2.831200000000000000e+04
2.720600000000000000e+04 2.838400000000000000e+04
2.725300000000000000e+04 2.834300000000000000e+04
2.727500000000000000e+04 2.830800000000000000e+04
2.568800000000000000e+04 2.908000000000000000e+04
2.569700000000000000e+04 2.906600000000000000e+04
2.580400000000000000e+04 2.906500000000000000e+04
2.592200000000000000e+04 2.905700000000000000e+04
2.604900000000000000e+04 2.900700000000000000e+04
2.599300000000000000e+04 2.905300000000000000e+04
2.602400000000000000e+04 2.902800000000000000e+04
2.607600000000000000e+04 2.900400000000000000e+04
2.613500000000000000e+04 2.898800000000000000e+04
2.613400000000000000e+04 2.899400000000000000e+04
2.619500000000000000e+04 2.897900000000000000e+04
2.623500000000000000e+04 2.897800000000000000e+04
2.626600000000000000e+04 2.896100000000000000e+04
2.629700000000000000e+04 2.895800000000000000e+04
2.631000000000000000e+04 2.894200000000000000e+04
2.631900000000000000e+04 2.893700000000000000e+04
2.631300000000000000e+04 2.893900000000000000e+04
2.640700000000000000e+04 2.889000000000000000e+04
2.638800000000000000e+04 2.890000000000000000e+04
2.644200000000000000e+04 2.888300000000000000e+04
2.638400000000000000e+04 2.890700000000000000e+04
2.638200000000000000e+04 2.892800000000000000e+04
2.639900000000000000e+04 2.889800000000000000e+04
2.640500000000000000e+04 2.889500000000000000e+04
2.648200000000000000e+04 2.886800000000000000e+04
2.648100000000000000e+04 2.887000000000000000e+04
2.651000000000000000e+04 2.885000000000000000e+04
2.651100000000000000e+04 2.884600000000000000e+04
2.648900000000000000e+04 2.886000000000000000e+04
2.647900000000000000e+04 2.887500000000000000e+04
2.648400000000000000e+04 2.886300000000000000e+04
2.650800000000000000e+04 2.885800000000000000e+04
2.655100000000000000e+04 2.883300000000000000e+04
2.653000000000000000e+04 2.884500000000000000e+04
2.657700000000000000e+04 2.882700000000000000e+04
2.658500000000000000e+04 2.880800000000000000e+04
2.666500000000000000e+04 2.878700000000000000e+04
2.668400000000000000e+04 2.876900000000000000e+04
2.668000000000000000e+04 2.877300000000000000e+04
2.664800000000000000e+04 2.880500000000000000e+04
2.671400000000000000e+04 2.875100000000000000e+04
2.669200000000000000e+04 2.876100000000000000e+04
2.677100000000000000e+04 2.872900000000000000e+04
2.671500000000000000e+04 2.874800000000000000e+04
2.674500000000000000e+04 2.874600000000000000e+04
2.678100000000000000e+04 2.869900000000000000e+04
2.677200000000000000e+04 2.870100000000000000e+04
2.679100000000000000e+04 2.869100000000000000e+04
2.681800000000000000e+04 2.866900000000000000e+04
2.680300000000000000e+04 2.867500000000000000e+04
2.683800000000000000e+04 2.866600000000000000e+04
2.685600000000000000e+04 2.866000000000000000e+04
2.688600000000000000e+04 2.861800000000000000e+04
2.687800000000000000e+04 2.862400000000000000e+04
2.687400000000000000e+04 2.865100000000000000e+04
2.687600000000000000e+04 2.862900000000000000e+04
2.689300000000000000e+04 2.861400000000000000e+04
2.693700000000000000e+04 2.861100000000000000e+04
2.696800000000000000e+04 2.858100000000000000e+04
2.690200000000000000e+04 2.861300000000000000e+04
2.694000000000000000e+04 2.858300000000000000e+04
2.696900000000000000e+04 2.857400000000000000e+04
2.701300000000000000e+04 2.856400000000000000e+04
2.704200000000000000e+04 2.853000000000000000e+04
2.703100000000000000e+04 2.855700000000000000e+04
2.704700000000000000e+04 2.851100000000000000e+04
2.708400000000000000e+04 2.851000000000000000e+04
2.704500000000000000e+04 2.851500000000000000e+04
2.711300000000000000e+04 2.847000000000000000e+04
2.708700000000000000e+04 2.848000000000000000e+04
2.716500000000000000e+04 2.842900000000000000e+04
2.722000000000000000e+04 2.837300000000000000e+04
2.713600000000000000e+04 2.846900000000000000e+04
2.718300000000000000e+04 2.839700000000000000e+04
2.724000000000000000e+04 2.837000000000000000e+04
2.719600000000000000e+04 2.839500000000000000e+04
2.720600000000000000e+04 2.838400000000000000e+04
2.725300000000000000e+04 2.834300000000000000e+04
2.716800000000000000e+04 2.842800000000000000e+04
2.727000000000000000e+04 2.833600000000000000e+04
2.724100000000000000e+04 2.835900000000000000e+04
2.731200000000000000e+04 2.828900000000000000e+04
2.733400000000000000e+04 2.827500000000000000e+04
2.730100000000000000e+04 2.829800000000000000e+04
2.730200000000000000e+04 2.829600000000000000e+04
2.729600000000000000e+04 2.833200000000000000e+04
2.732100000000000000e+04 2.828800000000000000e+04
2.733600000000000000e+04 2.825500000000000000e+04
2.735100000000000000e+04 2.824800000000000000e+04
2.568800000000000000e+04 2.908000000000000000e+04
2.569700000000000000e+04 2.906600000000000000e+04
2.580400000000000000e+04 2.906500000000000000e+04
2.592200000000000000e+04 2.905700000000000000e+04
2.604900000000000000e+04 2.900700000000000000e+04
2.599300000000000000e+04 2.905300000000000000e+04
2.602400000000000000e+04 2.902800000000000000e+04
2.607600000000000000e+04 2.900400000000000000e+04
2.613500000000000000e+04 2.898800000000000000e+04
2.613400000000000000e+04 2.899400000000000000e+04
2.619500000000000000e+04 2.897900000000000000e+04
2.623500000000000000e+04 2.897800000000000000e+04
2.626600000000000000e+04 2.896100000000000000e+04
2.629700000000000000e+04 2.895800000000000000e+04
2.631000000000000000e+04 2.894200000000000000e+04
2.631900000000000000e+04 2.893700000000000000e+04
2.631300000000000000e+04 2.893900000000000000e+04
2.640700000000000000e+04 2.889000000000000000e+04
2.638800000000000000e+04 2.890000000000000000e+04
2.644200000000000000e+04 2.888300000000000000e+04
2.638400000000000000e+04 2.890700000000000000e+04
2.638200000000000000e+04 2.892800000000000000e+04
2.639900000000000000e+04 2.889800000000000000e+04
2.640500000000000000e+04 2.889500000000000000e+04
2.648200000000000000e+04 2.886800000000000000e+04
2.648100000000000000e+04 2.887000000000000000e+04
2.651000000000000000e+04 2.885000000000000000e+04
2.651100000000000000e+04 2.884600000000000000e+04
2.648900000000000000e+04 2.886000000000000000e+04
2.647900000000000000e+04 2.887500000000000000e+04
2.648400000000000000e+04 2.886300000000000000e+04
2.650800000000000000e+04 2.885800000000000000e+04
2.655100000000000000e+04 2.883300000000000000e+04
2.653000000000000000e+04 2.884500000000000000e+04
2.657700000000000000e+04 2.882700000000000000e+04
2.658500000000000000e+04 2.880800000000000000e+04
2.666500000000000000e+04 2.878700000000000000e+04
2.668400000000000000e+04 2.876900000000000000e+04
2.668000000000000000e+04 2.877300000000000000e+04
2.664800000000000000e+04 2.880500000000000000e+04
2.671400000000000000e+04 2.875100000000000000e+04
2.669200000000000000e+04 2.876100000000000000e+04
2.677100000000000000e+04 2.872900000000000000e+04
2.671500000000000000e+04 2.874800000000000000e+04
2.674500000000000000e+04 2.874600000000000000e+04
2.678100000000000000e+04 2.869900000000000000e+04
2.677200000000000000e+04 2.870100000000000000e+04
2.679100000000000000e+04 2.869100000000000000e+04
2.681800000000000000e+04 2.866900000000000000e+04
2.680300000000000000e+04 2.867500000000000000e+04
2.683800000000000000e+04 2.866600000000000000e+04
2.685600000000000000e+04 2.866000000000000000e+04
2.688600000000000000e+04 2.861800000000000000e+04
2.687800000000000000e+04 2.862400000000000000e+04
2.687400000000000000e+04 2.865100000000000000e+04
2.687600000000000000e+04 2.862900000000000000e+04
2.689300000000000000e+04 2.861400000000000000e+04
2.693700000000000000e+04 2.861100000000000000e+04
2.696800000000000000e+04 2.858100000000000000e+04
2.690200000000000000e+04 2.861300000000000000e+04
2.694000000000000000e+04 2.858300000000000000e+04
2.696900000000000000e+04 2.857400000000000000e+04
2.701300000000000000e+04 2.856400000000000000e+04
2.704200000000000000e+04 2.853000000000000000e+04
2.703100000000000000e+04 2.855700000000000000e+04
2.704700000000000000e+04 2.851100000000000000e+04
2.708400000000000000e+04 2.851000000000000000e+04
2.704500000000000000e+04 2.851500000000000000e+04
2.711300000000000000e+04 2.847000000000000000e+04
2.708700000000000000e+04 2.848000000000000000e+04
2.716500000000000000e+04 2.842900000000000000e+04
2.722000000000000000e+04 2.837300000000000000e+04
2.713600000000000000e+04 2.846900000000000000e+04
2.718300000000000000e+04 2.839700000000000000e+04
2.724000000000000000e+04 2.837000000000000000e+04
2.719600000000000000e+04 2.839500000000000000e+04
2.720600000000000000e+04 2.838400000000000000e+04
2.725300000000000000e+04 2.834300000000000000e+04
2.716800000000000000e+04 2.842800000000000000e+04
2.727000000000000000e+04 2.833600000000000000e+04
2.724100000000000000e+04 2.835900000000000000e+04
2.731200000000000000e+04 2.828900000000000000e+04
2.733400000000000000e+04 2.827500000000000000e+04
2.729600000000000000e+04 2.833200000000000000e+04
2.732100000000000000e+04 2.828800000000000000e+04
2.730700000000000000e+04 2.830200000000000000e+04
2.732800000000000000e+04 2.828200000000000000e+04
2.734300000000000000e+04 2.826300000000000000e+04
2.738100000000000000e+04 2.821600000000000000e+04
2.735900000000000000e+04 2.825200000000000000e+04
2.568800000000000000e+04 2.908000000000000000e+04
2.569700000000000000e+04 2.906600000000000000e+04
2.580400000000000000e+04 2.906500000000000000e+04
2.592200000000000000e+04 2.905700000000000000e+04
2.604900000000000000e+04 2.900700000000000000e+04
2.599300000000000000e+04 2.905300000000000000e+04
2.602400000000000000e+04 2.902800000000000000e+04
2.607600000000000000e+04 2.900400000000000000e+04
2.613500000000000000e+04 2.898800000000000000e+04
2.613400000000000000e+04 2.899400000000000000e+04
2.619500000000000000e+04 2.897900000000000000e+04
2.623500000000000000e+04 2.897800000000000000e+04
2.626600000000000000e+04 2.896100000000000000e+04
2.629700000000000000e+04 2.895800000000000000e+04
2.631000000000000000e+04 2.894200000000000000e+04
2.631900000000000000e+04 2.893700000000000000e+04
2.631300000000000000e+04 2.893900000000000000e+04
2.640700000000000000e+04 2.889000000000000000e+04
2.638800000000000000e+04 2.890000000000000000e+04
2.644200000000000000e+04 2.888300000000000000e+04
2.638400000000000000e+04 2.890700000000000000e+04
2.638200000000000000e+04 2.892800000000000000e+04
2.639900000000000000e+04 2.889800000000000000e+04
2.640500000000000000e+04 2.889500000000000000e+04
2.648200000000000000e+04 2.886800000000000000e+04
2.648100000000000000e+04 2.887000000000000000e+04
2.651000000000000000e+04 2.885000000000000000e+04
2.651100000000000000e+04 2.884600000000000000e+04
2.648900000000000000e+04 2.886000000000000000e+04
2.647900000000000000e+04 2.887500000000000000e+04
2.648400000000000000e+04 2.886300000000000000e+04
2.650800000000000000e+04 2.885800000000000000e+04
2.655100000000000000e+04 2.883300000000000000e+04
2.653000000000000000e+04 2.884500000000000000e+04
2.657700000000000000e+04 2.882700000000000000e+04
2.658500000000000000e+04 2.880800000000000000e+04
2.666500000000000000e+04 2.878700000000000000e+04
2.668400000000000000e+04 2.876900000000000000e+04
2.668000000000000000e+04 2.877300000000000000e+04
2.664800000000000000e+04 2.880500000000000000e+04
2.671400000000000000e+04 2.875100000000000000e+04
2.669200000000000000e+04 2.876100000000000000e+04
2.677100000000000000e+04 2.872900000000000000e+04
2.671500000000000000e+04 2.874800000000000000e+04
2.674500000000000000e+04 2.874600000000000000e+04
2.678100000000000000e+04 2.869900000000000000e+04
2.677200000000000000e+04 2.870100000000000000e+04
2.679100000000000000e+04 2.869100000000000000e+04
2.681800000000000000e+04 2.866900000000000000e+04
2.680300000000000000e+04 2.867500000000000000e+04
2.683800000000000000e+04 2.866600000000000000e+04
2.685600000000000000e+04 2.866000000000000000e+04
2.688600000000000000e+04 2.861800000000000000e+04
2.687800000000000000e+04 2.862400000000000000e+04
2.687400000000000000e+04 2.865100000000000000e+04
2.687600000000000000e+04 2.862900000000000000e+04
2.689300000000000000e+04 2.861400000000000000e+04
2.693700000000000000e+04 2.861100000000000000e+04
2.696800000000000000e+04 2.858100000000000000e+04
2.690200000000000000e+04 2.861300000000000000e+04
2.694000000000000000e+04 2.858300000000000000e+04
2.696900000000000000e+04 2.857400000000000000e+04
2.701300000000000000e+04 2.856400000000000000e+04
2.704200000000000000e+04 2.853000000000000000e+04
2.703100000000000000e+04 2.855700000000000000e+04
2.704700000000000000e+04 2.851100000000000000e+04
2.708400000000000000e+04 2.851000000000000000e+04
2.704500000000000000e+04 2.851500000000000000e+04
2.711300000000000000e+04 2.847000000000000000e+04
2.708700000000000000e+04 2.848000000000000000e+04
2.716500000000000000e+04 2.842900000000000000e+04
2.722000000000000000e+04 2.837300000000000000e+04
2.713600000000000000e+04 2.846900000000000000e+04
2.718300000000000000e+04 2.839700000000000000e+04
2.724000000000000000e+04 2.837000000000000000e+04
2.719600000000000000e+04 2.839500000000000000e+04
2.720600000000000000e+04 2.838400000000000000e+04
2.725300000000000000e+04 2.834300000000000000e+04
2.716800000000000000e+04 2.842800000000000000e+04
2.727000000000000000e+04 2.833600000000000000e+04
2.724100000000000000e+04 2.835900000000000000e+04
2.731200000000000000e+04 2.828900000000000000e+04
2.733400000000000000e+04 2.827500000000000000e+04
2.729600000000000000e+04 2.833200000000000000e+04
2.732100000000000000e+04 2.828800000000000000e+04
2.730700000000000000e+04 2.830200000000000000e+04
2.732800000000000000e+04 2.828200000000000000e+04
2.734300000000000000e+04 2.826300000000000000e+04
2.738100000000000000e+04 2.821600000000000000e+04
2.735900000000000000e+04 2.825200000000000000e+04
2.738200000000000000e+04 2.821300000000000000e+04
2.738800000000000000e+04 2.819900000000000000e+04
2.738700000000000000e+04 2.820700000000000000e+04
2.736600000000000000e+04 2.824100000000000000e+04
2.739000000000000000e+04 2.819200000000000000e+04
2.744600000000000000e+04 2.818100000000000000e+04
2.741900000000000000e+04 2.818900000000000000e+04
2.746900000000000000e+04 2.813700000000000000e+04
2.745300000000000000e+04 2.815200000000000000e+04
2.745400000000000000e+04 2.814200000000000000e+04
2.754200000000000000e+04 2.806100000000000000e+04
2.753800000000000000e+04 2.809100000000000000e+04
2.750700000000000000e+04 2.811000000000000000e+04
2.751200000000000000e+04 2.810000000000000000e+04
2.749600000000000000e+04 2.813200000000000000e+04
2.568800000000000000e+04 2.908000000000000000e+04
2.569700000000000000e+04 2.906600000000000000e+04
2.580400000000000000e+04 2.906500000000000000e+04
2.592200000000000000e+04 2.905700000000000000e+04
2.604900000000000000e+04 2.900700000000000000e+04
2.599300000000000000e+04 2.905300000000000000e+04
2.602400000000000000e+04 2.902800000000000000e+04
2.607600000000000000e+04 2.900400000000000000e+04
2.613500000000000000e+04 2.898800000000000000e+04
2.613400000000000000e+04 2.899400000000000000e+04
2.619500000000000000e+04 2.897900000000000000e+04
2.623500000000000000e+04 2.897800000000000000e+04
2.626600000000000000e+04 2.896100000000000000e+04
2.629700000000000000e+04 2.895800000000000000e+04
2.631000000000000000e+04 2.894200000000000000e+04
2.631900000000000000e+04 2.893700000000000000e+04
2.631300000000000000e+04 2.893900000000000000e+04
2.640700000000000000e+04 2.889000000000000000e+04
2.638800000000000000e+04 2.890000000000000000e+04
2.644200000000000000e+04 2.888300000000000000e+04
2.638400000000000000e+04 2.890700000000000000e+04
2.638200000000000000e+04 2.892800000000000000e+04
2.639900000000000000e+04 2.889800000000000000e+04
2.640500000000000000e+04 2.889500000000000000e+04
2.648200000000000000e+04 2.886800000000000000e+04
2.648100000000000000e+04 2.887000000000000000e+04
2.651000000000000000e+04 2.885000000000000000e+04
2.651100000000000000e+04 2.884600000000000000e+04
2.648900000000000000e+04 2.886000000000000000e+04
2.647900000000000000e+04 2.887500000000000000e+04
2.648400000000000000e+04 2.886300000000000000e+04
2.650800000000000000e+04 2.885800000000000000e+04
2.655100000000000000e+04 2.883300000000000000e+04
2.653000000000000000e+04 2.884500000000000000e+04
2.657700000000000000e+04 2.882700000000000000e+04
2.658500000000000000e+04 2.880800000000000000e+04
2.666500000000000000e+04 2.878700000000000000e+04
2.668400000000000000e+04 2.876900000000000000e+04
2.668000000000000000e+04 2.877300000000000000e+04
2.664800000000000000e+04 2.880500000000000000e+04
2.671400000000000000e+04 2.875100000000000000e+04
2.669200000000000000e+04 2.876100000000000000e+04
2.677100000000000000e+04 2.872900000000000000e+04
2.671500000000000000e+04 2.874800000000000000e+04
2.674500000000000000e+04 2.874600000000000000e+04
2.678100000000000000e+04 2.869900000000000000e+04
2.677200000000000000e+04 2.870100000000000000e+04
2.679100000000000000e+04 2.869100000000000000e+04
2.681800000000000000e+04 2.866900000000000000e+04
2.680300000000000000e+04 2.867500000000000000e+04
2.683800000000000000e+04 2.866600000000000000e+04
2.685600000000000000e+04 2.866000000000000000e+04
2.688600000000000000e+04 2.861800000000000000e+04
2.687800000000000000e+04 2.862400000000000000e+04
2.687400000000000000e+04 2.865100000000000000e+04
2.687600000000000000e+04 2.862900000000000000e+04
2.689300000000000000e+04 2.861400000000000000e+04
2.693700000000000000e+04 2.861100000000000000e+04
2.696800000000000000e+04 2.858100000000000000e+04
2.690200000000000000e+04 2.861300000000000000e+04
2.694000000000000000e+04 2.858300000000000000e+04
2.696900000000000000e+04 2.857400000000000000e+04
2.701300000000000000e+04 2.856400000000000000e+04
2.704200000000000000e+04 2.853000000000000000e+04
2.703100000000000000e+04 2.855700000000000000e+04
2.704700000000000000e+04 2.851100000000000000e+04
2.708400000000000000e+04 2.851000000000000000e+04
2.704500000000000000e+04 2.851500000000000000e+04
2.711300000000000000e+04 2.847000000000000000e+04
2.708700000000000000e+04 2.848000000000000000e+04
2.716500000000000000e+04 2.842900000000000000e+04
2.722000000000000000e+04 2.837300000000000000e+04
2.713600000000000000e+04 2.846900000000000000e+04
2.718300000000000000e+04 2.839700000000000000e+04
2.724000000000000000e+04 2.837000000000000000e+04
2.719600000000000000e+04 2.839500000000000000e+04
2.720600000000000000e+04 2.838400000000000000e+04
2.725300000000000000e+04 2.834300000000000000e+04
2.716800000000000000e+04 2.842800000000000000e+04
2.727000000000000000e+04 2.833600000000000000e+04
2.724100000000000000e+04 2.835900000000000000e+04
2.731200000000000000e+04 2.828900000000000000e+04
2.733400000000000000e+04 2.827500000000000000e+04
2.729600000000000000e+04 2.833200000000000000e+04
2.732100000000000000e+04 2.828800000000000000e+04
2.730700000000000000e+04 2.830200000000000000e+04
2.732800000000000000e+04 2.828200000000000000e+04
2.734300000000000000e+04 2.826300000000000000e+04
2.738100000000000000e+04 2.821600000000000000e+04
2.735900000000000000e+04 2.825200000000000000e+04
2.738200000000000000e+04 2.821300000000000000e+04
2.738800000000000000e+04 2.819900000000000000e+04
2.738700000000000000e+04 2.820700000000000000e+04
2.736600000000000000e+04 2.824100000000000000e+04
2.739000000000000000e+04 2.819200000000000000e+04
2.744600000000000000e+04 2.818100000000000000e+04
2.741900000000000000e+04 2.818900000000000000e+04
2.746900000000000000e+04 2.813700000000000000e+04
2.745300000000000000e+04 2.815200000000000000e+04
2.745400000000000000e+04 2.814200000000000000e+04
2.753800000000000000e+04 2.809100000000000000e+04
2.750700000000000000e+04 2.811000000000000000e+04
2.751200000000000000e+04 2.810000000000000000e+04
2.749600000000000000e+04 2.813200000000000000e+04
2.755100000000000000e+04 2.807100000000000000e+04
2.756400000000000000e+04 2.804200000000000000e+04
2.758800000000000000e+04 2.804100000000000000e+04
2.759100000000000000e+04 2.801400000000000000e+04
2.755900000000000000e+04 2.805300000000000000e+04
2.763200000000000000e+04 2.798100000000000000e+04
2.765700000000000000e+04 2.796500000000000000e+04
2.766800000000000000e+04 2.795000000000000000e+04
2.759600000000000000e+04 2.800600000000000000e+04
2.761000000000000000e+04 2.799500000000000000e+04
2.766900000000000000e+04 2.794000000000000000e+04
2.768300000000000000e+04 2.792500000000000000e+04
2.770400000000000000e+04 2.788400000000000000e+04
2.772100000000000000e+04 2.787700000000000000e+04
2.768100000000000000e+04 2.793300000000000000e+04
2.769800000000000000e+04 2.790700000000000000e+04
2.775100000000000000e+04 2.786500000000000000e+04
2.775500000000000000e+04 2.783200000000000000e+04
2.568800000000000000e+04 2.908000000000000000e+04
2.569700000000000000e+04 2.906600000000000000e+04
2.580400000000000000e+04 2.906500000000000000e+04
2.592200000000000000e+04 2.905700000000000000e+04
2.604900000000000000e+04 2.900700000000000000e+04
2.599300000000000000e+04 2.905300000000000000e+04
2.602400000000000000e+04 2.902800000000000000e+04
2.607600000000000000e+04 2.900400000000000000e+04
2.613500000000000000e+04 2.898800000000000000e+04
2.613400000000000000e+04 2.899400000000000000e+04
2.619500000000000000e+04 2.897900000000000000e+04
2.623500000000000000e+04 2.897800000000000000e+04
2.626600000000000000e+04 2.896100000000000000e+04
2.629700000000000000e+04 2.895800000000000000e+04
2.631000000000000000e+04 2.894200000000000000e+04
2.631900000000000000e+04 2.893700000000000000e+04
2.631300000000000000e+04 2.893900000000000000e+04
2.640700000000000000e+04 2.889000000000000000e+04
2.638800000000000000e+04 2.890000000000000000e+04
2.644200000000000000e+04 2.888300000000000000e+04
2.638400000000000000e+04 2.890700000000000000e+04
2.638200000000000000e+04 2.892800000000000000e+04
2.639900000000000000e+04 2.889800000000000000e+04
2.640500000000000000e+04 2.889500000000000000e+04
2.648200000000000000e+04 2.886800000000000000e+04
2.648100000000000000e+04 2.887000000000000000e+04
2.651000000000000000e+04 2.885000000000000000e+04
2.651100000000000000e+04 2.884600000000000000e+04
2.648900000000000000e+04 2.886000000000000000e+04
2.647900000000000000e+04 2.887500000000000000e+04
2.648400000000000000e+04 2.886300000000000000e+04
2.650800000000000000e+04 2.885800000000000000e+04
2.655100000000000000e+04 2.883300000000000000e+04
2.653000000000000000e+04 2.884500000000000000e+04
2.657700000000000000e+04 2.882700000000000000e+04
2.658500000000000000e+04 2.880800000000000000e+04
2.666500000000000000e+04 2.878700000000000000e+04
2.668400000000000000e+04 2.876900000000000000e+04
2.668000000000000000e+04 2.877300000000000000e+04
2.664800000000000000e+04 2.880500000000000000e+04
2.671400000000000000e+04 2.875100000000000000e+04
2.669200000000000000e+04 2.876100000000000000e+04
2.677100000000000000e+04 2.872900000000000000e+04
2.671500000000000000e+04 2.874800000000000000e+04
2.674500000000000000e+04 2.874600000000000000e+04
2.678100000000000000e+04 2.869900000000000000e+04
2.677200000000000000e+04 2.870100000000000000e+04
2.679100000000000000e+04 2.869100000000000000e+04
2.681800000000000000e+04 2.866900000000000000e+04
2.680300000000000000e+04 2.867500000000000000e+04
2.683800000000000000e+04 2.866600000000000000e+04
2.685600000000000000e+04 2.866000000000000000e+04
2.688600000000000000e+04 2.861800000000000000e+04
2.687800000000000000e+04 2.862400000000000000e+04
2.687400000000000000e+04 2.865100000000000000e+04
2.687600000000000000e+04 2.862900000000000000e+04
2.689300000000000000e+04 2.861400000000000000e+04
2.693700000000000000e+04 2.861100000000000000e+04
2.696800000000000000e+04 2.858100000000000000e+04
2.690200000000000000e+04 2.861300000000000000e+04
2.694000000000000000e+04 2.858300000000000000e+04
2.696900000000000000e+04 2.857400000000000000e+04
2.701300000000000000e+04 2.856400000000000000e+04
2.704200000000000000e+04 2.853000000000000000e+04
2.703100000000000000e+04 2.855700000000000000e+04
2.704700000000000000e+04 2.851100000000000000e+04
2.708400000000000000e+04 2.851000000000000000e+04
2.704500000000000000e+04 2.851500000000000000e+04
2.711300000000000000e+04 2.847000000000000000e+04
2.708700000000000000e+04 2.848000000000000000e+04
2.716500000000000000e+04 2.842900000000000000e+04
2.722000000000000000e+04 2.837300000000000000e+04
2.713600000000000000e+04 2.846900000000000000e+04
2.718300000000000000e+04 2.839700000000000000e+04
2.724000000000000000e+04 2.837000000000000000e+04
2.719600000000000000e+04 2.839500000000000000e+04
2.720600000000000000e+04 2.838400000000000000e+04
2.725300000000000000e+04 2.834300000000000000e+04
2.716800000000000000e+04 2.842800000000000000e+04
2.727000000000000000e+04 2.833600000000000000e+04
2.724100000000000000e+04 2.835900000000000000e+04
2.731200000000000000e+04 2.828900000000000000e+04
2.733400000000000000e+04 2.827500000000000000e+04
2.729600000000000000e+04 2.833200000000000000e+04
2.732100000000000000e+04 2.828800000000000000e+04
2.730700000000000000e+04 2.830200000000000000e+04
2.732800000000000000e+04 2.828200000000000000e+04
2.734300000000000000e+04 2.826300000000000000e+04
2.738100000000000000e+04 2.821600000000000000e+04
2.735900000000000000e+04 2.825200000000000000e+04
2.738200000000000000e+04 2.821300000000000000e+04
2.738800000000000000e+04 2.819900000000000000e+04
2.738700000000000000e+04 2.820700000000000000e+04
2.736600000000000000e+04 2.824100000000000000e+04
2.739000000000000000e+04 2.819200000000000000e+04
2.744600000000000000e+04 2.818100000000000000e+04
2.741900000000000000e+04 2.818900000000000000e+04
2.746900000000000000e+04 2.813700000000000000e+04
2.745300000000000000e+04 2.815200000000000000e+04
2.745400000000000000e+04 2.814200000000000000e+04
2.753800000000000000e+04 2.809100000000000000e+04
2.750700000000000000e+04 2.811000000000000000e+04
2.751200000000000000e+04 2.810000000000000000e+04
2.749600000000000000e+04 2.813200000000000000e+04
2.755100000000000000e+04 2.807100000000000000e+04
2.756400000000000000e+04 2.804200000000000000e+04
2.758800000000000000e+04 2.804100000000000000e+04
2.759100000000000000e+04 2.801400000000000000e+04
2.755900000000000000e+04 2.805300000000000000e+04
2.763200000000000000e+04 2.798100000000000000e+04
2.765700000000000000e+04 2.796500000000000000e+04
2.766800000000000000e+04 2.795000000000000000e+04
2.759600000000000000e+04 2.800600000000000000e+04
2.761000000000000000e+04 2.799500000000000000e+04
2.766900000000000000e+04 2.794000000000000000e+04
2.768300000000000000e+04 2.792500000000000000e+04
2.770400000000000000e+04 2.788400000000000000e+04
2.772100000000000000e+04 2.787700000000000000e+04
2.768100000000000000e+04 2.793300000000000000e+04
2.769800000000000000e+04 2.790700000000000000e+04
2.775100000000000000e+04 2.786500000000000000e+04
2.779500000000000000e+04 2.780900000000000000e+04
2.778600000000000000e+04 2.783900000000000000e+04
2.773900000000000000e+04 2.787400000000000000e+04
2.780900000000000000e+04 2.780400000000000000e+04
2.784300000000000000e+04 2.779400000000000000e+04
2.779400000000000000e+04 2.782500000000000000e+04
2.781100000000000000e+04 2.779800000000000000e+04
2.785700000000000000e+04 2.775100000000000000e+04
2.787200000000000000e+04 2.774500000000000000e+04
2.785500000000000000e+04 2.776000000000000000e+04
2.789600000000000000e+04 2.769800000000000000e+04
2.787300000000000000e+04 2.770500000000000000e+04
2.788000000000000000e+04 2.770300000000000000e+04
2.793800000000000000e+04 2.767600000000000000e+04
2.789800000000000000e+04 2.769600000000000000e+04
2.568800000000000000e+04 2.908000000000000000e+04
2.569700000000000000e+04 2.906600000000000000e+04
2.580400000000000000e+04 2.906500000000000000e+04
2.592200000000000000e+04 2.905700000000000000e+04
2.604900000000000000e+04 2.900700000000000000e+04
2.599300000000000000e+04 2.905300000000000000e+04
2.602400000000000000e+04 2.902800000000000000e+04
2.607600000000000000e+04 2.900400000000000000e+04
2.613500000000000000e+04 2.898800000000000000e+04
2.613400000000000000e+04 2.899400000000000000e+04
2.619500000000000000e+04 2.897900000000000000e+04
2.623500000000000000e+04 2.897800000000000000e+04
2.626600000000000000e+04 2.896100000000000000e+04
2.629700000000000000e+04 2.895800000000000000e+04
2.631000000000000000e+04 2.894200000000000000e+04
2.631900000000000000e+04 2.893700000000000000e+04
2.631300000000000000e+04 2.893900000000000000e+04
2.640700000000000000e+04 2.889000000000000000e+04
2.638800000000000000e+04 2.890000000000000000e+04
2.644200000000000000e+04 2.888300000000000000e+04
2.638400000000000000e+04 2.890700000000000000e+04
2.638200000000000000e+04 2.892800000000000000e+04
2.639900000000000000e+04 2.889800000000000000e+04
2.640500000000000000e+04 2.889500000000000000e+04
2.648200000000000000e+04 2.886800000000000000e+04
2.648100000000000000e+04 2.887000000000000000e+04
2.651000000000000000e+04 2.885000000000000000e+04
2.651100000000000000e+04 2.884600000000000000e+04
2.648900000000000000e+04 2.886000000000000000e+04
2.647900000000000000e+04 2.887500000000000000e+04
2.648400000000000000e+04 2.886300000000000000e+04
2.650800000000000000e+04 2.885800000000000000e+04
2.655100000000000000e+04 2.883300000000000000e+04
2.653000000000000000e+04 2.884500000000000000e+04
2.657700000000000000e+04 2.882700000000000000e+04
2.658500000000000000e+04 2.880800000000000000e+04
2.666500000000000000e+04 2.878700000000000000e+04
2.668400000000000000e+04 2.876900000000000000e+04
2.668000000000000000e+04 2.877300000000000000e+04
2.664800000000000000e+04 2.880500000000000000e+04
2.671400000000000000e+04 2.875100000000000000e+04
2.669200000000000000e+04 2.876100000000000000e+04
2.677100000000000000e+04 2.872900000000000000e+04
2.671500000000000000e+04 2.874800000000000000e+04
2.674500000000000000e+04 2.874600000000000000e+04
2.678100000000000000e+04 2.869900000000000000e+04
2.677200000000000000e+04 2.870100000000000000e+04
2.679100000000000000e+04 2.869100000000000000e+04
2.681800000000000000e+04 2.866900000000000000e+04
2.680300000000000000e+04 2.867500000000000000e+04
2.683800000000000000e+04 2.866600000000000000e+04
2.685600000000000000e+04 2.866000000000000000e+04
2.688600000000000000e+04 2.861800000000000000e+04
2.687800000000000000e+04 2.862400000000000000e+04
2.687400000000000000e+04 2.865100000000000000e+04
2.687600000000000000e+04 2.862900000000000000e+04
2.689300000000000000e+04 2.861400000000000000e+04
2.693700000000000000e+04 2.861100000000000000e+04
2.696800000000000000e+04 2.858100000000000000e+04
2.690200000000000000e+04 2.861300000000000000e+04
2.694000000000000000e+04 2.858300000000000000e+04
2.696900000000000000e+04 2.857400000000000000e+04
2.701300000000000000e+04 2.856400000000000000e+04
2.704200000000000000e+04 2.853000000000000000e+04
2.703100000000000000e+04 2.855700000000000000e+04
2.704700000000000000e+04 2.851100000000000000e+04
2.708400000000000000e+04 2.851000000000000000e+04
2.704500000000000000e+04 2.851500000000000000e+04
2.711300000000000000e+04 2.847000000000000000e+04
2.708700000000000000e+04 2.848000000000000000e+04
2.716500000000000000e+04 2.842900000000000000e+04
2.722000000000000000e+04 2.837300000000000000e+04
2.713600000000000000e+04 2.846900000000000000e+04
2.718300000000000000e+04 2.839700000000000000e+04
2.724000000000000000e+04 2.837000000000000000e+04
2.719600000000000000e+04 2.839500000000000000e+04
2.720600000000000000e+04 2.838400000000000000e+04
2.725300000000000000e+04 2.834300000000000000e+04
2.716800000000000000e+04 2.842800000000000000e+04
2.727000000000000000e+04 2.833600000000000000e+04
2.724100000000000000e+04 2.835900000000000000e+04
2.731200000000000000e+04 2.828900000000000000e+04
2.733400000000000000e+04 2.827500000000000000e+04
2.729600000000000000e+04 2.833200000000000000e+04
2.732100000000000000e+04 2.828800000000000000e+04
2.730700000000000000e+04 2.830200000000000000e+04
2.732800000000000000e+04 2.828200000000000000e+04
2.734300000000000000e+04 2.826300000000000000e+04
2.738100000000000000e+04 2.821600000000000000e+04
2.735900000000000000e+04 2.825200000000000000e+04
2.738200000000000000e+04 2.821300000000000000e+04
2.738800000000000000e+04 2.819900000000000000e+04
2.738700000000000000e+04 2.820700000000000000e+04
2.736600000000000000e+04 2.824100000000000000e+04
2.739000000000000000e+04 2.819200000000000000e+04
2.744600000000000000e+04 2.818100000000000000e+04
2.741900000000000000e+04 2.818900000000000000e+04
2.746900000000000000e+04 2.813700000000000000e+04
2.745300000000000000e+04 2.815200000000000000e+04
2.745400000000000000e+04 2.814200000000000000e+04
2.753800000000000000e+04 2.809100000000000000e+04
2.750700000000000000e+04 2.811000000000000000e+04
2.751200000000000000e+04 2.810000000000000000e+04
2.749600000000000000e+04 2.813200000000000000e+04
2.755100000000000000e+04 2.807100000000000000e+04
2.756400000000000000e+04 2.804200000000000000e+04
2.758800000000000000e+04 2.804100000000000000e+04
2.759100000000000000e+04 2.801400000000000000e+04
2.755900000000000000e+04 2.805300000000000000e+04
2.763200000000000000e+04 2.798100000000000000e+04
2.765700000000000000e+04 2.796500000000000000e+04
2.766800000000000000e+04 2.795000000000000000e+04
2.759600000000000000e+04 2.800600000000000000e+04
2.761000000000000000e+04 2.799500000000000000e+04
2.766900000000000000e+04 2.794000000000000000e+04
2.768300000000000000e+04 2.792500000000000000e+04
2.770400000000000000e+04 2.788400000000000000e+04
2.772100000000000000e+04 2.787700000000000000e+04
2.768100000000000000e+04 2.793300000000000000e+04
2.769800000000000000e+04 2.790700000000000000e+04
2.775100000000000000e+04 2.786500000000000000e+04
2.779500000000000000e+04 2.780900000000000000e+04
2.778600000000000000e+04 2.783900000000000000e+04
2.773900000000000000e+04 2.787400000000000000e+04
2.780900000000000000e+04 2.780400000000000000e+04
2.784300000000000000e+04 2.779400000000000000e+04
2.779400000000000000e+04 2.782500000000000000e+04
2.781100000000000000e+04 2.779800000000000000e+04
2.785700000000000000e+04 2.775100000000000000e+04
2.787200000000000000e+04 2.774500000000000000e+04
2.785500000000000000e+04 2.776000000000000000e+04
2.789600000000000000e+04 2.769800000000000000e+04
2.787300000000000000e+04 2.770500000000000000e+04
2.788000000000000000e+04 2.770300000000000000e+04
2.789800000000000000e+04 2.769600000000000000e+04
2.801400000000000000e+04 2.760400000000000000e+04
2.796700000000000000e+04 2.769100000000000000e+04
2.794800000000000000e+04 2.769500000000000000e+04
2.797900000000000000e+04 2.765600000000000000e+04
2.799400000000000000e+04 2.761700000000000000e+04
2.804400000000000000e+04 2.755300000000000000e+04
2.804700000000000000e+04 2.754900000000000000e+04
2.803500000000000000e+04 2.756100000000000000e+04
2.803300000000000000e+04 2.756700000000000000e+04
2.802800000000000000e+04 2.758100000000000000e+04
2.805800000000000000e+04 2.753700000000000000e+04
2.811900000000000000e+04 2.747600000000000000e+04
2.812400000000000000e+04 2.747300000000000000e+04
2.808800000000000000e+04 2.753300000000000000e+04
2.809600000000000000e+04 2.752600000000000000e+04
2.816100000000000000e+04 2.742300000000000000e+04
2.809700000000000000e+04 2.749800000000000000e+04
2.815300000000000000e+04 2.744200000000000000e+04
2.811100000000000000e+04 2.748500000000000000e+04
2.814000000000000000e+04 2.744500000000000000e+04
2.568800000000000000e+04 2.908000000000000000e+04
2.569700000000000000e+04 2.906600000000000000e+04
2.580400000000000000e+04 2.906500000000000000e+04
2.592200000000000000e+04 2.905700000000000000e+04
2.604900000000000000e+04 2.900700000000000000e+04
2.599300000000000000e+04 2.905300000000000000e+04
2.602400000000000000e+04 2.902800000000000000e+04
2.607600000000000000e+04 2.900400000000000000e+04
2.613500000000000000e+04 2.898800000000000000e+04
2.613400000000000000e+04 2.899400000000000000e+04
2.619500000000000000e+04 2.897900000000000000e+04
2.623500000000000000e+04 2.897800000000000000e+04
2.626600000000000000e+04 2.896100000000000000e+04
2.629700000000000000e+04 2.895800000000000000e+04
2.631000000000000000e+04 2.894200000000000000e+04
2.631900000000000000e+04 2.893700000000000000e+04
2.631300000000000000e+04 2.893900000000000000e+04
2.640700000000000000e+04 2.889000000000000000e+04
2.638800000000000000e+04 2.890000000000000000e+04
2.644200000000000000e+04 2.888300000000000000e+04
2.638400000000000000e+04 2.890700000000000000e+04
2.638200000000000000e+04 2.892800000000000000e+04
2.639900000000000000e+04 2.889800000000000000e+04
2.640500000000000000e+04 2.889500000000000000e+04
2.648200000000000000e+04 2.886800000000000000e+04
2.648100000000000000e+04 2.887000000000000000e+04
2.651000000000000000e+04 2.885000000000000000e+04
2.651100000000000000e+04 2.884600000000000000e+04
2.648900000000000000e+04 2.886000000000000000e+04
2.647900000000000000e+04 2.887500000000000000e+04
2.648400000000000000e+04 2.886300000000000000e+04
2.650800000000000000e+04 2.885800000000000000e+04
2.655100000000000000e+04 2.883300000000000000e+04
2.653000000000000000e+04 2.884500000000000000e+04
2.657700000000000000e+04 2.882700000000000000e+04
2.658500000000000000e+04 2.880800000000000000e+04
2.666500000000000000e+04 2.878700000000000000e+04
2.668400000000000000e+04 2.876900000000000000e+04
2.668000000000000000e+04 2.877300000000000000e+04
2.664800000000000000e+04 2.880500000000000000e+04
2.671400000000000000e+04 2.875100000000000000e+04
2.669200000000000000e+04 2.876100000000000000e+04
2.677100000000000000e+04 2.872900000000000000e+04
2.671500000000000000e+04 2.874800000000000000e+04
2.674500000000000000e+04 2.874600000000000000e+04
2.678100000000000000e+04 2.869900000000000000e+04
2.677200000000000000e+04 2.870100000000000000e+04
2.679100000000000000e+04 2.869100000000000000e+04
2.681800000000000000e+04 2.866900000000000000e+04
2.680300000000000000e+04 2.867500000000000000e+04
2.683800000000000000e+04 2.866600000000000000e+04
2.685600000000000000e+04 2.866000000000000000e+04
2.688600000000000000e+04 2.861800000000000000e+04
2.687800000000000000e+04 2.862400000000000000e+04
2.687400000000000000e+04 2.865100000000000000e+04
2.687600000000000000e+04 2.862900000000000000e+04
2.689300000000000000e+04 2.861400000000000000e+04
2.693700000000000000e+04 2.861100000000000000e+04
2.696800000000000000e+04 2.858100000000000000e+04
2.690200000000000000e+04 2.861300000000000000e+04
2.694000000000000000e+04 2.858300000000000000e+04
2.696900000000000000e+04 2.857400000000000000e+04
2.701300000000000000e+04 2.856400000000000000e+04
2.704200000000000000e+04 2.853000000000000000e+04
2.703100000000000000e+04 2.855700000000000000e+04
2.704700000000000000e+04 2.851100000000000000e+04
2.708400000000000000e+04 2.851000000000000000e+04
2.704500000000000000e+04 2.851500000000000000e+04
2.711300000000000000e+04 2.847000000000000000e+04
2.708700000000000000e+04 2.848000000000000000e+04
2.716500000000000000e+04 2.842900000000000000e+04
2.722000000000000000e+04 2.837300000000000000e+04
2.713600000000000000e+04 2.846900000000000000e+04
2.718300000000000000e+04 2.839700000000000000e+04
2.724000000000000000e+04 2.837000000000000000e+04
2.719600000000000000e+04 2.839500000000000000e+04
2.720600000000000000e+04 2.838400000000000000e+04
2.725300000000000000e+04 2.834300000000000000e+04
2.716800000000000000e+04 2.842800000000000000e+04
2.727000000000000000e+04 2.833600000000000000e+04
2.724100000000000000e+04 2.835900000000000000e+04
2.731200000000000000e+04 2.828900000000000000e+04
2.733400000000000000e+04 2.827500000000000000e+04
2.729600000000000000e+04 2.833200000000000000e+04
2.732100000000000000e+04 2.828800000000000000e+04
2.730700000000000000e+04 2.830200000000000000e+04
2.732800000000000000e+04 2.828200000000000000e+04
2.734300000000000000e+04 2.826300000000000000e+04
2.738100000000000000e+04 2.821600000000000000e+04
2.735900000000000000e+04 2.825200000000000000e+04
2.738200000000000000e+04 2.821300000000000000e+04
2.738800000000000000e+04 2.819900000000000000e+04
2.738700000000000000e+04 2.820700000000000000e+04
2.736600000000000000e+04 2.824100000000000000e+04
2.739000000000000000e+04 2.819200000000000000e+04
2.744600000000000000e+04 2.818100000000000000e+04
2.741900000000000000e+04 2.818900000000000000e+04
2.746900000000000000e+04 2.813700000000000000e+04
2.745300000000000000e+04 2.815200000000000000e+04
2.745400000000000000e+04 2.814200000000000000e+04
2.753800000000000000e+04 2.809100000000000000e+04
2.750700000000000000e+04 2.811000000000000000e+04
2.751200000000000000e+04 2.810000000000000000e+04
2.749600000000000000e+04 2.813200000000000000e+04
2.755100000000000000e+04 2.807100000000000000e+04
2.756400000000000000e+04 2.804200000000000000e+04
2.758800000000000000e+04 2.804100000000000000e+04
2.759100000000000000e+04 2.801400000000000000e+04
2.755900000000000000e+04 2.805300000000000000e+04
2.763200000000000000e+04 2.798100000000000000e+04
2.765700000000000000e+04 2.796500000000000000e+04
2.766800000000000000e+04 2.795000000000000000e+04
2.759600000000000000e+04 2.800600000000000000e+04
2.761000000000000000e+04 2.799500000000000000e+04
2.766900000000000000e+04 2.794000000000000000e+04
2.768300000000000000e+04 2.792500000000000000e+04
2.770400000000000000e+04 2.788400000000000000e+04
2.772100000000000000e+04 2.787700000000000000e+04
2.768100000000000000e+04 2.793300000000000000e+04
2.769800000000000000e+04 2.790700000000000000e+04
2.775100000000000000e+04 2.786500000000000000e+04
2.779500000000000000e+04 2.780900000000000000e+04
2.778600000000000000e+04 2.783900000000000000e+04
2.773900000000000000e+04 2.787400000000000000e+04
2.780900000000000000e+04 2.780400000000000000e+04
2.784300000000000000e+04 2.779400000000000000e+04
2.779400000000000000e+04 2.782500000000000000e+04
2.781100000000000000e+04 2.779800000000000000e+04
2.785700000000000000e+04 2.775100000000000000e+04
2.787200000000000000e+04 2.774500000000000000e+04
2.785500000000000000e+04 2.776000000000000000e+04
2.789600000000000000e+04 2.769800000000000000e+04
2.787300000000000000e+04 2.770500000000000000e+04
2.788000000000000000e+04 2.770300000000000000e+04
2.789800000000000000e+04 2.769600000000000000e+04
2.801400000000000000e+04 2.760400000000000000e+04
2.796700000000000000e+04 2.769100000000000000e+04
2.794800000000000000e+04 2.769500000000000000e+04
2.797900000000000000e+04 2.765600000000000000e+04
2.799400000000000000e+04 2.761700000000000000e+04
2.804400000000000000e+04 2.755300000000000000e+04
2.804700000000000000e+04 2.754900000000000000e+04
2.803500000000000000e+04 2.756100000000000000e+04
2.803300000000000000e+04 2.756700000000000000e+04
2.802800000000000000e+04 2.758100000000000000e+04
2.805800000000000000e+04 2.753700000000000000e+04
2.811900000000000000e+04 2.747600000000000000e+04
2.812400000000000000e+04 2.747300000000000000e+04
2.808800000000000000e+04 2.753300000000000000e+04
2.809600000000000000e+04 2.752600000000000000e+04
2.816100000000000000e+04 2.742300000000000000e+04
2.809700000000000000e+04 2.749800000000000000e+04
2.815300000000000000e+04 2.744200000000000000e+04
2.811100000000000000e+04 2.748500000000000000e+04
2.814000000000000000e+04 2.744500000000000000e+04
2.568800000000000000e+04 2.908000000000000000e+04
2.569700000000000000e+04 2.906600000000000000e+04
2.580400000000000000e+04 2.906500000000000000e+04
2.592200000000000000e+04 2.905700000000000000e+04
2.604900000000000000e+04 2.900700000000000000e+04
2.599300000000000000e+04 2.905300000000000000e+04
2.602400000000000000e+04 2.902800000000000000e+04
2.607600000000000000e+04 2.900400000000000000e+04
2.613500000000000000e+04 2.898800000000000000e+04
2.613400000000000000e+04 2.899400000000000000e+04
2.619500000000000000e+04 2.897900000000000000e+04
2.623500000000000000e+04 2.897800000000000000e+04
2.626600000000000000e+04 2.896100000000000000e+04
2.629700000000000000e+04 2.895800000000000000e+04
2.631000000000000000e+04 2.894200000000000000e+04
2.631900000000000000e+04 2.893700000000000000e+04
2.631300000000000000e+04 2.893900000000000000e+04
2.640700000000000000e+04 2.889000000000000000e+04
2.638800000000000000e+04 2.890000000000000000e+04
2.644200000000000000e+04 2.888300000000000000e+04
2.638400000000000000e+04 2.890700000000000000e+04
2.638200000000000000e+04 2.892800000000000000e+04
2.639900000000000000e+04 2.889800000000000000e+04
2.640500000000000000e+04 2.889500000000000000e+04
2.648200000000000000e+04 2.886800000000000000e+04
2.648100000000000000e+04 2.887000000000000000e+04
2.651000000000000000e+04 2.885000000000000000e+04
2.651100000000000000e+04 2.884600000000000000e+04
2.648900000000000000e+04 2.886000000000000000e+04
2.647900000000000000e+04 2.887500000000000000e+04
2.648400000000000000e+04 2.886300000000000000e+04
2.650800000000000000e+04 2.885800000000000000e+04
2.655100000000000000e+04 2.883300000000000000e+04
2.653000000000000000e+04 2.884500000000000000e+04
2.657700000000000000e+04 2.882700000000000000e+04
2.658500000000000000e+04 2.880800000000000000e+04
2.666500000000000000e+04 2.878700000000000000e+04
2.668400000000000000e+04 2.876900000000000000e+04
2.668000000000000000e+04 2.877300000000000000e+04
2.664800000000000000e+04 2.880500000000000000e+04
2.671400000000000000e+04 2.875100000000000000e+04
2.669200000000000000e+04 2.876100000000000000e+04
2.677100000000000000e+04 2.872900000000000000e+04
2.671500000000000000e+04 2.874800000000000000e+04
2.674500000000000000e+04 2.874600000000000000e+04
2.678100000000000000e+04 2.869900000000000000e+04
2.677200000000000000e+04 2.870100000000000000e+04
2.679100000000000000e+04 2.869100000000000000e+04
2.681800000000000000e+04 2.866900000000000000e+04
2.680300000000000000e+04 2.867500000000000000e+04
2.683800000000000000e+04 2.866600000000000000e+04
2.685600000000000000e+04 2.866000000000000000e+04
2.688600000000000000e+04 2.861800000000000000e+04
2.687800000000000000e+04 2.862400000000000000e+04
2.687400000000000000e+04 2.865100000000000000e+04
2.687600000000000000e+04 2.862900000000000000e+04
2.689300000000000000e+04 2.861400000000000000e+04
2.693700000000000000e+04 2.861100000000000000e+04
2.696800000000000000e+04 2.858100000000000000e+04
2.690200000000000000e+04 2.861300000000000000e+04
2.694000000000000000e+04 2.858300000000000000e+04
2.696900000000000000e+04 2.857400000000000000e+04
2.701300000000000000e+04 2.856400000000000000e+04
2.704200000000000000e+04 2.853000000000000000e+04
2.703100000000000000e+04 2.855700000000000000e+04
2.704700000000000000e+04 2.851100000000000000e+04
2.708400000000000000e+04 2.851000000000000000e+04
2.704500000000000000e+04 2.851500000000000000e+04
2.711300000000000000e+04 2.847000000000000000e+04
2.708700000000000000e+04 2.848000000000000000e+04
2.716500000000000000e+04 2.842900000000000000e+04
2.722000000000000000e+04 2.837300000000000000e+04
2.713600000000000000e+04 2.846900000000000000e+04
2.718300000000000000e+04 2.839700000000000000e+04
2.724000000000000000e+04 2.837000000000000000e+04
2.719600000000000000e+04 2.839500000000000000e+04
2.720600000000000000e+04 2.838400000000000000e+04
2.725300000000000000e+04 2.834300000000000000e+04
2.716800000000000000e+04 2.842800000000000000e+04
2.727000000000000000e+04 2.833600000000000000e+04
2.724100000000000000e+04 2.835900000000000000e+04
2.731200000000000000e+04 2.828900000000000000e+04
2.733400000000000000e+04 2.827500000000000000e+04
2.729600000000000000e+04 2.833200000000000000e+04
2.732100000000000000e+04 2.828800000000000000e+04
2.730700000000000000e+04 2.830200000000000000e+04
2.732800000000000000e+04 2.828200000000000000e+04
2.734300000000000000e+04 2.826300000000000000e+04
2.738100000000000000e+04 2.821600000000000000e+04
2.735900000000000000e+04 2.825200000000000000e+04
2.738200000000000000e+04 2.821300000000000000e+04
2.738800000000000000e+04 2.819900000000000000e+04
2.738700000000000000e+04 2.820700000000000000e+04
2.736600000000000000e+04 2.824100000000000000e+04
2.739000000000000000e+04 2.819200000000000000e+04
2.744600000000000000e+04 2.818100000000000000e+04
2.741900000000000000e+04 2.818900000000000000e+04
2.746900000000000000e+04 2.813700000000000000e+04
2.745300000000000000e+04 2.815200000000000000e+04
2.745400000000000000e+04 2.814200000000000000e+04
2.753800000000000000e+04 2.809100000000000000e+04
2.750700000000000000e+04 2.811000000000000000e+04
2.751200000000000000e+04 2.810000000000000000e+04
2.749600000000000000e+04 2.813200000000000000e+04
2.755100000000000000e+04 2.807100000000000000e+04
2.756400000000000000e+04 2.804200000000000000e+04
2.758800000000000000e+04 2.804100000000000000e+04
2.759100000000000000e+04 2.801400000000000000e+04
2.755900000000000000e+04 2.805300000000000000e+04
2.763200000000000000e+04 2.798100000000000000e+04
2.765700000000000000e+04 2.796500000000000000e+04
2.766800000000000000e+04 2.795000000000000000e+04
2.759600000000000000e+04 2.800600000000000000e+04
2.761000000000000000e+04 2.799500000000000000e+04
2.766900000000000000e+04 2.794000000000000000e+04
2.768300000000000000e+04 2.792500000000000000e+04
2.770400000000000000e+04 2.788400000000000000e+04
2.772100000000000000e+04 2.787700000000000000e+04
2.768100000000000000e+04 2.793300000000000000e+04
2.769800000000000000e+04 2.790700000000000000e+04
2.775100000000000000e+04 2.786500000000000000e+04
2.779500000000000000e+04 2.780900000000000000e+04
2.778600000000000000e+04 2.783900000000000000e+04
2.773900000000000000e+04 2.787400000000000000e+04
2.780900000000000000e+04 2.780400000000000000e+04
2.784300000000000000e+04 2.779400000000000000e+04
2.779400000000000000e+04 2.782500000000000000e+04
2.781100000000000000e+04 2.779800000000000000e+04
2.785700000000000000e+04 2.775100000000000000e+04
2.787200000000000000e+04 2.774500000000000000e+04
2.785500000000000000e+04 2.776000000000000000e+04
2.789600000000000000e+04 2.769800000000000000e+04
2.787300000000000000e+04 2.770500000000000000e+04
2.788000000000000000e+04 2.770300000000000000e+04
2.789800000000000000e+04 2.769600000000000000e+04
2.801400000000000000e+04 2.760400000000000000e+04
2.796700000000000000e+04 2.769100000000000000e+04
2.794800000000000000e+04 2.769500000000000000e+04
2.797900000000000000e+04 2.765600000000000000e+04
2.799400000000000000e+04 2.761700000000000000e+04
2.804400000000000000e+04 2.755300000000000000e+04
2.804700000000000000e+04 2.754900000000000000e+04
2.803500000000000000e+04 2.756100000000000000e+04
2.803300000000000000e+04 2.756700000000000000e+04
2.802800000000000000e+04 2.758100000000000000e+04
2.805800000000000000e+04 2.753700000000000000e+04
2.811900000000000000e+04 2.747600000000000000e+04
2.812400000000000000e+04 2.747300000000000000e+04
2.808800000000000000e+04 2.753300000000000000e+04
2.809600000000000000e+04 2.752600000000000000e+04
2.816100000000000000e+04 2.742300000000000000e+04
2.809700000000000000e+04 2.749800000000000000e+04
2.815300000000000000e+04 2.744200000000000000e+04
2.811100000000000000e+04 2.748500000000000000e+04
2.814000000000000000e+04 2.744500000000000000e+04
2.819200000000000000e+04 2.738000000000000000e+04
2.819600000000000000e+04 2.736800000000000000e+04
2.818900000000000000e+04 2.738200000000000000e+04
2.820800000000000000e+04 2.734400000000000000e+04
2.823900000000000000e+04 2.732400000000000000e+04
2.830000000000000000e+04 2.723700000000000000e+04
2.822300000000000000e+04 2.733400000000000000e+04
2.826900000000000000e+04 2.730300000000000000e+04
2.827400000000000000e+04 2.728500000000000000e+04
2.829200000000000000e+04 2.724700000000000000e+04
2.832300000000000000e+04 2.719800000000000000e+04
2.829100000000000000e+04 2.726400000000000000e+04
2.568800000000000000e+04 2.908000000000000000e+04
2.569700000000000000e+04 2.906600000000000000e+04
2.580400000000000000e+04 2.906500000000000000e+04
2.592200000000000000e+04 2.905700000000000000e+04
2.604900000000000000e+04 2.900700000000000000e+04
2.599300000000000000e+04 2.905300000000000000e+04
2.602400000000000000e+04 2.902800000000000000e+04
2.607600000000000000e+04 2.900400000000000000e+04
2.613500000000000000e+04 2.898800000000000000e+04
2.613400000000000000e+04 2.899400000000000000e+04
2.619500000000000000e+04 2.897900000000000000e+04
2.623500000000000000e+04 2.897800000000000000e+04
2.626600000000000000e+04 2.896100000000000000e+04
2.629700000000000000e+04 2.895800000000000000e+04
2.631000000000000000e+04 2.894200000000000000e+04
2.631900000000000000e+04 2.893700000000000000e+04
2.631300000000000000e+04 2.893900000000000000e+04
2.640700000000000000e+04 2.889000000000000000e+04
2.638800000000000000e+04 2.890000000000000000e+04
2.644200000000000000e+04 2.888300000000000000e+04
2.638400000000000000e+04 2.890700000000000000e+04
2.638200000000000000e+04 2.892800000000000000e+04
2.639900000000000000e+04 2.889800000000000000e+04
2.640500000000000000e+04 2.889500000000000000e+04
2.648200000000000000e+04 2.886800000000000000e+04
2.648100000000000000e+04 2.887000000000000000e+04
2.651000000000000000e+04 2.885000000000000000e+04
2.651100000000000000e+04 2.884600000000000000e+04
2.648900000000000000e+04 2.886000000000000000e+04
2.647900000000000000e+04 2.887500000000000000e+04
2.648400000000000000e+04 2.886300000000000000e+04
2.650800000000000000e+04 2.885800000000000000e+04
2.655100000000000000e+04 2.883300000000000000e+04
2.653000000000000000e+04 2.884500000000000000e+04
2.657700000000000000e+04 2.882700000000000000e+04
2.658500000000000000e+04 2.880800000000000000e+04
2.666500000000000000e+04 2.878700000000000000e+04
2.668400000000000000e+04 2.876900000000000000e+04
2.668000000000000000e+04 2.877300000000000000e+04
2.664800000000000000e+04 2.880500000000000000e+04
2.671400000000000000e+04 2.875100000000000000e+04
2.669200000000000000e+04 2.876100000000000000e+04
2.677100000000000000e+04 2.872900000000000000e+04
2.671500000000000000e+04 2.874800000000000000e+04
2.674500000000000000e+04 2.874600000000000000e+04
2.678100000000000000e+04 2.869900000000000000e+04
2.677200000000000000e+04 2.870100000000000000e+04
2.679100000000000000e+04 2.869100000000000000e+04
2.681800000000000000e+04 2.866900000000000000e+04
2.680300000000000000e+04 2.867500000000000000e+04
2.683800000000000000e+04 2.866600000000000000e+04
2.685600000000000000e+04 2.866000000000000000e+04
2.688600000000000000e+04 2.861800000000000000e+04
2.687800000000000000e+04 2.862400000000000000e+04
2.687400000000000000e+04 2.865100000000000000e+04
2.687600000000000000e+04 2.862900000000000000e+04
2.689300000000000000e+04 2.861400000000000000e+04
2.693700000000000000e+04 2.861100000000000000e+04
2.696800000000000000e+04 2.858100000000000000e+04
2.690200000000000000e+04 2.861300000000000000e+04
2.694000000000000000e+04 2.858300000000000000e+04
2.696900000000000000e+04 2.857400000000000000e+04
2.701300000000000000e+04 2.856400000000000000e+04
2.704200000000000000e+04 2.853000000000000000e+04
2.703100000000000000e+04 2.855700000000000000e+04
2.704700000000000000e+04 2.851100000000000000e+04
2.708400000000000000e+04 2.851000000000000000e+04
2.704500000000000000e+04 2.851500000000000000e+04
2.711300000000000000e+04 2.847000000000000000e+04
2.708700000000000000e+04 2.848000000000000000e+04
2.716500000000000000e+04 2.842900000000000000e+04
2.722000000000000000e+04 2.837300000000000000e+04
2.713600000000000000e+04 2.846900000000000000e+04
2.718300000000000000e+04 2.839700000000000000e+04
2.724000000000000000e+04 2.837000000000000000e+04
2.719600000000000000e+04 2.839500000000000000e+04
2.720600000000000000e+04 2.838400000000000000e+04
2.725300000000000000e+04 2.834300000000000000e+04
2.716800000000000000e+04 2.842800000000000000e+04
2.727000000000000000e+04 2.833600000000000000e+04
2.724100000000000000e+04 2.835900000000000000e+04
2.731200000000000000e+04 2.828900000000000000e+04
2.733400000000000000e+04 2.827500000000000000e+04
2.729600000000000000e+04 2.833200000000000000e+04
2.732100000000000000e+04 2.828800000000000000e+04
2.730700000000000000e+04 2.830200000000000000e+04
2.732800000000000000e+04 2.828200000000000000e+04
2.734300000000000000e+04 2.826300000000000000e+04
2.738100000000000000e+04 2.821600000000000000e+04
2.735900000000000000e+04 2.825200000000000000e+04
2.738200000000000000e+04 2.821300000000000000e+04
2.738800000000000000e+04 2.819900000000000000e+04
2.738700000000000000e+04 2.820700000000000000e+04
2.736600000000000000e+04 2.824100000000000000e+04
2.739000000000000000e+04 2.819200000000000000e+04
2.744600000000000000e+04 2.818100000000000000e+04
2.741900000000000000e+04 2.818900000000000000e+04
2.746900000000000000e+04 2.813700000000000000e+04
2.745300000000000000e+04 2.815200000000000000e+04
2.745400000000000000e+04 2.814200000000000000e+04
2.753800000000000000e+04 2.809100000000000000e+04
2.750700000000000000e+04 2.811000000000000000e+04
2.751200000000000000e+04 2.810000000000000000e+04
2.749600000000000000e+04 2.813200000000000000e+04
2.755100000000000000e+04 2.807100000000000000e+04
2.756400000000000000e+04 2.804200000000000000e+04
2.758800000000000000e+04 2.804100000000000000e+04
2.759100000000000000e+04 2.801400000000000000e+04
2.755900000000000000e+04 2.805300000000000000e+04
2.763200000000000000e+04 2.798100000000000000e+04
2.765700000000000000e+04 2.796500000000000000e+04
2.766800000000000000e+04 2.795000000000000000e+04
2.759600000000000000e+04 2.800600000000000000e+04
2.761000000000000000e+04 2.799500000000000000e+04
2.766900000000000000e+04 2.794000000000000000e+04
2.768300000000000000e+04 2.792500000000000000e+04
2.770400000000000000e+04 2.788400000000000000e+04
2.772100000000000000e+04 2.787700000000000000e+04
2.768100000000000000e+04 2.793300000000000000e+04
2.769800000000000000e+04 2.790700000000000000e+04
2.775100000000000000e+04 2.786500000000000000e+04
2.779500000000000000e+04 2.780900000000000000e+04
2.778600000000000000e+04 2.783900000000000000e+04
2.773900000000000000e+04 2.787400000000000000e+04
2.780900000000000000e+04 2.780400000000000000e+04
2.784300000000000000e+04 2.779400000000000000e+04
2.779400000000000000e+04 2.782500000000000000e+04
2.781100000000000000e+04 2.779800000000000000e+04
2.785700000000000000e+04 2.775100000000000000e+04
2.787200000000000000e+04 2.774500000000000000e+04
2.785500000000000000e+04 2.776000000000000000e+04
2.789600000000000000e+04 2.769800000000000000e+04
2.787300000000000000e+04 2.770500000000000000e+04
2.788000000000000000e+04 2.770300000000000000e+04
2.789800000000000000e+04 2.769600000000000000e+04
2.801400000000000000e+04 2.760400000000000000e+04
2.796700000000000000e+04 2.769100000000000000e+04
2.794800000000000000e+04 2.769500000000000000e+04
2.797900000000000000e+04 2.765600000000000000e+04
2.799400000000000000e+04 2.761700000000000000e+04
2.804400000000000000e+04 2.755300000000000000e+04
2.804700000000000000e+04 2.754900000000000000e+04
2.803500000000000000e+04 2.756100000000000000e+04
2.803300000000000000e+04 2.756700000000000000e+04
2.802800000000000000e+04 2.758100000000000000e+04
2.805800000000000000e+04 2.753700000000000000e+04
2.811900000000000000e+04 2.747600000000000000e+04
2.812400000000000000e+04 2.747300000000000000e+04
2.808800000000000000e+04 2.753300000000000000e+04
2.809600000000000000e+04 2.752600000000000000e+04
2.816100000000000000e+04 2.742300000000000000e+04
2.809700000000000000e+04 2.749800000000000000e+04
2.815300000000000000e+04 2.744200000000000000e+04
2.811100000000000000e+04 2.748500000000000000e+04
2.814000000000000000e+04 2.744500000000000000e+04
2.819200000000000000e+04 2.738000000000000000e+04
2.819600000000000000e+04 2.736800000000000000e+04
2.818900000000000000e+04 2.738200000000000000e+04
2.820800000000000000e+04 2.734400000000000000e+04
2.823900000000000000e+04 2.732400000000000000e+04
2.830000000000000000e+04 2.723700000000000000e+04
2.822300000000000000e+04 2.733400000000000000e+04
2.826900000000000000e+04 2.730300000000000000e+04
2.827400000000000000e+04 2.728500000000000000e+04
2.829200000000000000e+04 2.724700000000000000e+04
2.832300000000000000e+04 2.719800000000000000e+04
2.829100000000000000e+04 2.726400000000000000e+04
2.829300000000000000e+04 2.724100000000000000e+04
2.830700000000000000e+04 2.720100000000000000e+04
2.830500000000000000e+04 2.720200000000000000e+04
2.832500000000000000e+04 2.719400000000000000e+04
2.837700000000000000e+04 2.715500000000000000e+04
2.833400000000000000e+04 2.716100000000000000e+04
2.833000000000000000e+04 2.716800000000000000e+04
2.840300000000000000e+04 2.710700000000000000e+04
2.839100000000000000e+04 2.710900000000000000e+04
2.838700000000000000e+04 2.713400000000000000e+04
2.843100000000000000e+04 2.709600000000000000e+04
2.842700000000000000e+04 2.710400000000000000e+04
2.843800000000000000e+04 2.708600000000000000e+04
2.849600000000000000e+04 2.696200000000000000e+04
2.851100000000000000e+04 2.695000000000000000e+04
2.846300000000000000e+04 2.702500000000000000e+04
2.848400000000000000e+04 2.700100000000000000e+04
2.847600000000000000e+04 2.700600000000000000e+04
2.845400000000000000e+04 2.707600000000000000e+04
2.846700000000000000e+04 2.702100000000000000e+04
2.568800000000000000e+04 2.908000000000000000e+04
2.569700000000000000e+04 2.906600000000000000e+04
2.580400000000000000e+04 2.906500000000000000e+04
2.592200000000000000e+04 2.905700000000000000e+04
2.604900000000000000e+04 2.900700000000000000e+04
2.599300000000000000e+04 2.905300000000000000e+04
2.602400000000000000e+04 2.902800000000000000e+04
2.607600000000000000e+04 2.900400000000000000e+04
2.613500000000000000e+04 2.898800000000000000e+04
2.613400000000000000e+04 2.899400000000000000e+04
2.619500000000000000e+04 2.897900000000000000e+04
2.623500000000000000e+04 2.897800000000000000e+04
2.626600000000000000e+04 2.896100000000000000e+04
2.629700000000000000e+04 2.895800000000000000e+04
2.631000000000000000e+04 2.894200000000000000e+04
2.631900000000000000e+04 2.893700000000000000e+04
2.631300000000000000e+04 2.893900000000000000e+04
2.640700000000000000e+04 2.889000000000000000e+04
2.638800000000000000e+04 2.890000000000000000e+04
2.644200000000000000e+04 2.888300000000000000e+04
2.638400000000000000e+04 2.890700000000000000e+04
2.638200000000000000e+04 2.892800000000000000e+04
2.639900000000000000e+04 2.889800000000000000e+04
2.640500000000000000e+04 2.889500000000000000e+04
2.648200000000000000e+04 2.886800000000000000e+04
2.648100000000000000e+04 2.887000000000000000e+04
2.651000000000000000e+04 2.885000000000000000e+04
2.651100000000000000e+04 2.884600000000000000e+04
2.648900000000000000e+04 2.886000000000000000e+04
2.647900000000000000e+04 2.887500000000000000e+04
2.648400000000000000e+04 2.886300000000000000e+04
2.650800000000000000e+04 2.885800000000000000e+04
2.655100000000000000e+04 2.883300000000000000e+04
2.653000000000000000e+04 2.884500000000000000e+04
2.657700000000000000e+04 2.882700000000000000e+04
2.658500000000000000e+04 2.880800000000000000e+04
2.666500000000000000e+04 2.878700000000000000e+04
2.668400000000000000e+04 2.876900000000000000e+04
2.668000000000000000e+04 2.877300000000000000e+04
2.664800000000000000e+04 2.880500000000000000e+04
2.671400000000000000e+04 2.875100000000000000e+04
2.669200000000000000e+04 2.876100000000000000e+04
2.677100000000000000e+04 2.872900000000000000e+04
2.671500000000000000e+04 2.874800000000000000e+04
2.674500000000000000e+04 2.874600000000000000e+04
2.678100000000000000e+04 2.869900000000000000e+04
2.677200000000000000e+04 2.870100000000000000e+04
2.679100000000000000e+04 2.869100000000000000e+04
2.681800000000000000e+04 2.866900000000000000e+04
2.680300000000000000e+04 2.867500000000000000e+04
2.683800000000000000e+04 2.866600000000000000e+04
2.685600000000000000e+04 2.866000000000000000e+04
2.688600000000000000e+04 2.861800000000000000e+04
2.687800000000000000e+04 2.862400000000000000e+04
2.687400000000000000e+04 2.865100000000000000e+04
2.687600000000000000e+04 2.862900000000000000e+04
2.689300000000000000e+04 2.861400000000000000e+04
2.693700000000000000e+04 2.861100000000000000e+04
2.696800000000000000e+04 2.858100000000000000e+04
2.690200000000000000e+04 2.861300000000000000e+04
2.694000000000000000e+04 2.858300000000000000e+04
2.696900000000000000e+04 2.857400000000000000e+04
2.701300000000000000e+04 2.856400000000000000e+04
2.704200000000000000e+04 2.853000000000000000e+04
2.703100000000000000e+04 2.855700000000000000e+04
2.704700000000000000e+04 2.851100000000000000e+04
2.708400000000000000e+04 2.851000000000000000e+04
2.704500000000000000e+04 2.851500000000000000e+04
2.711300000000000000e+04 2.847000000000000000e+04
2.708700000000000000e+04 2.848000000000000000e+04
2.716500000000000000e+04 2.842900000000000000e+04
2.722000000000000000e+04 2.837300000000000000e+04
2.713600000000000000e+04 2.846900000000000000e+04
2.718300000000000000e+04 2.839700000000000000e+04
2.724000000000000000e+04 2.837000000000000000e+04
2.719600000000000000e+04 2.839500000000000000e+04
2.720600000000000000e+04 2.838400000000000000e+04
2.725300000000000000e+04 2.834300000000000000e+04
2.716800000000000000e+04 2.842800000000000000e+04
2.727000000000000000e+04 2.833600000000000000e+04
2.724100000000000000e+04 2.835900000000000000e+04
2.731200000000000000e+04 2.828900000000000000e+04
2.733400000000000000e+04 2.827500000000000000e+04
2.729600000000000000e+04 2.833200000000000000e+04
2.732100000000000000e+04 2.828800000000000000e+04
2.730700000000000000e+04 2.830200000000000000e+04
2.732800000000000000e+04 2.828200000000000000e+04
2.734300000000000000e+04 2.826300000000000000e+04
2.738100000000000000e+04 2.821600000000000000e+04
2.735900000000000000e+04 2.825200000000000000e+04
2.738200000000000000e+04 2.821300000000000000e+04
2.738800000000000000e+04 2.819900000000000000e+04
2.738700000000000000e+04 2.820700000000000000e+04
2.736600000000000000e+04 2.824100000000000000e+04
2.739000000000000000e+04 2.819200000000000000e+04
2.744600000000000000e+04 2.818100000000000000e+04
2.741900000000000000e+04 2.818900000000000000e+04
2.746900000000000000e+04 2.813700000000000000e+04
2.745300000000000000e+04 2.815200000000000000e+04
2.745400000000000000e+04 2.814200000000000000e+04
2.753800000000000000e+04 2.809100000000000000e+04
2.750700000000000000e+04 2.811000000000000000e+04
2.751200000000000000e+04 2.810000000000000000e+04
2.749600000000000000e+04 2.813200000000000000e+04
2.755100000000000000e+04 2.807100000000000000e+04
2.756400000000000000e+04 2.804200000000000000e+04
2.758800000000000000e+04 2.804100000000000000e+04
2.759100000000000000e+04 2.801400000000000000e+04
2.755900000000000000e+04 2.805300000000000000e+04
2.763200000000000000e+04 2.798100000000000000e+04
2.765700000000000000e+04 2.796500000000000000e+04
2.766800000000000000e+04 2.795000000000000000e+04
2.759600000000000000e+04 2.800600000000000000e+04
2.761000000000000000e+04 2.799500000000000000e+04
2.766900000000000000e+04 2.794000000000000000e+04
2.768300000000000000e+04 2.792500000000000000e+04
2.770400000000000000e+04 2.788400000000000000e+04
2.772100000000000000e+04 2.787700000000000000e+04
2.768100000000000000e+04 2.793300000000000000e+04
2.769800000000000000e+04 2.790700000000000000e+04
2.775100000000000000e+04 2.786500000000000000e+04
2.779500000000000000e+04 2.780900000000000000e+04
2.778600000000000000e+04 2.783900000000000000e+04
2.773900000000000000e+04 2.787400000000000000e+04
2.780900000000000000e+04 2.780400000000000000e+04
2.784300000000000000e+04 2.779400000000000000e+04
2.779400000000000000e+04 2.782500000000000000e+04
2.781100000000000000e+04 2.779800000000000000e+04
2.785700000000000000e+04 2.775100000000000000e+04
2.787200000000000000e+04 2.774500000000000000e+04
2.785500000000000000e+04 2.776000000000000000e+04
2.789600000000000000e+04 2.769800000000000000e+04
2.787300000000000000e+04 2.770500000000000000e+04
2.788000000000000000e+04 2.770300000000000000e+04
2.789800000000000000e+04 2.769600000000000000e+04
2.801400000000000000e+04 2.760400000000000000e+04
2.796700000000000000e+04 2.769100000000000000e+04
2.794800000000000000e+04 2.769500000000000000e+04
2.797900000000000000e+04 2.765600000000000000e+04
2.799400000000000000e+04 2.761700000000000000e+04
2.804400000000000000e+04 2.755300000000000000e+04
2.804700000000000000e+04 2.754900000000000000e+04
2.803500000000000000e+04 2.756100000000000000e+04
2.803300000000000000e+04 2.756700000000000000e+04
2.802800000000000000e+04 2.758100000000000000e+04
2.805800000000000000e+04 2.753700000000000000e+04
2.811900000000000000e+04 2.747600000000000000e+04
2.812400000000000000e+04 2.747300000000000000e+04
2.808800000000000000e+04 2.753300000000000000e+04
2.809600000000000000e+04 2.752600000000000000e+04
2.816100000000000000e+04 2.742300000000000000e+04
2.809700000000000000e+04 2.749800000000000000e+04
2.815300000000000000e+04 2.744200000000000000e+04
2.811100000000000000e+04 2.748500000000000000e+04
2.814000000000000000e+04 2.744500000000000000e+04
2.819200000000000000e+04 2.738000000000000000e+04
2.819600000000000000e+04 2.736800000000000000e+04
2.818900000000000000e+04 2.738200000000000000e+04
2.820800000000000000e+04 2.734400000000000000e+04
2.823900000000000000e+04 2.732400000000000000e+04
2.830000000000000000e+04 2.723700000000000000e+04
2.822300000000000000e+04 2.733400000000000000e+04
2.826900000000000000e+04 2.730300000000000000e+04
2.827400000000000000e+04 2.728500000000000000e+04
2.829200000000000000e+04 2.724700000000000000e+04
2.832300000000000000e+04 2.719800000000000000e+04
2.829100000000000000e+04 2.726400000000000000e+04
2.829300000000000000e+04 2.724100000000000000e+04
2.830700000000000000e+04 2.720100000000000000e+04
2.830500000000000000e+04 2.720200000000000000e+04
2.832500000000000000e+04 2.719400000000000000e+04
2.837700000000000000e+04 2.715500000000000000e+04
2.833400000000000000e+04 2.716100000000000000e+04
2.833000000000000000e+04 2.716800000000000000e+04
2.840300000000000000e+04 2.710700000000000000e+04
2.839100000000000000e+04 2.710900000000000000e+04
2.838700000000000000e+04 2.713400000000000000e+04
2.843100000000000000e+04 2.709600000000000000e+04
2.842700000000000000e+04 2.710400000000000000e+04
2.843800000000000000e+04 2.708600000000000000e+04
2.846300000000000000e+04 2.702500000000000000e+04
2.845400000000000000e+04 2.707600000000000000e+04
2.846700000000000000e+04 2.702100000000000000e+04
2.846800000000000000e+04 2.701700000000000000e+04
2.853000000000000000e+04 2.701500000000000000e+04
2.853600000000000000e+04 2.699100000000000000e+04
2.858000000000000000e+04 2.691300000000000000e+04
2.855800000000000000e+04 2.698000000000000000e+04
2.859100000000000000e+04 2.689000000000000000e+04
2.858100000000000000e+04 2.691000000000000000e+04
2.857900000000000000e+04 2.696600000000000000e+04
2.858800000000000000e+04 2.690500000000000000e+04
2.859900000000000000e+04 2.688500000000000000e+04
2.860600000000000000e+04 2.688400000000000000e+04
2.335100000000000000e+04 2.578300000000000000e+04
2.323000000000000000e+04 2.580900000000000000e+04
2.416300000000000000e+04 2.719900000000000000e+04
2.406600000000000000e+04 2.725100000000000000e+04
2.406500000000000000e+04 2.727000000000000000e+04
2.413300000000000000e+04 2.723800000000000000e+04
2.414800000000000000e+04 2.720900000000000000e+04
2.424200000000000000e+04 2.813800000000000000e+04
2.415600000000000000e+04 2.816900000000000000e+04
2.402200000000000000e+04 2.819000000000000000e+04
2.394600000000000000e+04 2.820300000000000000e+04
2.449300000000000000e+04 2.834000000000000000e+04
2.446600000000000000e+04 2.836900000000000000e+04
2.435600000000000000e+04 2.866600000000000000e+04
2.440100000000000000e+04 2.865400000000000000e+04
2.442600000000000000e+04 2.864500000000000000e+04
2.434700000000000000e+04 2.868700000000000000e+04
2.461500000000000000e+04 2.894400000000000000e+04
2.463600000000000000e+04 2.892400000000000000e+04
2.458800000000000000e+04 2.896300000000000000e+04
2.460400000000000000e+04 2.895200000000000000e+04
2.454500000000000000e+04 2.899500000000000000e+04
2.491100000000000000e+04 2.902000000000000000e+04
2.482300000000000000e+04 2.904300000000000000e+04
2.491500000000000000e+04 2.901400000000000000e+04
2.481100000000000000e+04 2.904500000000000000e+04
2.490100000000000000e+04 2.903600000000000000e+04
2.492500000000000000e+04 2.900200000000000000e+04
2.522900000000000000e+04 2.909500000000000000e+04
2.521900000000000000e+04 2.910000000000000000e+04
2.519400000000000000e+04 2.911000000000000000e+04
2.517200000000000000e+04 2.911100000000000000e+04
2.526700000000000000e+04 2.908600000000000000e+04
2.532600000000000000e+04 2.921600000000000000e+04
2.538000000000000000e+04 2.916800000000000000e+04
2.540000000000000000e+04 2.914200000000000000e+04
2.539200000000000000e+04 2.914700000000000000e+04
2.536400000000000000e+04 2.922800000000000000e+04
2.545800000000000000e+04 2.919300000000000000e+04
2.547100000000000000e+04 2.916400000000000000e+04
2.548900000000000000e+04 2.916000000000000000e+04
2.546600000000000000e+04 2.919100000000000000e+04
2.547000000000000000e+04 2.918500000000000000e+04
2.544100000000000000e+04 2.921700000000000000e+04
2.544500000000000000e+04 2.919900000000000000e+04
2.563400000000000000e+04 2.918300000000000000e+04
2.559900000000000000e+04 2.921500000000000000e+04
2.556000000000000000e+04 2.926000000000000000e+04
2.556400000000000000e+04 2.922000000000000000e+04
2.561900000000000000e+04 2.919700000000000000e+04
2.558700000000000000e+04 2.921800000000000000e+04
2.556000000000000000e+04 2.926000000000000000e+04
2.556400000000000000e+04 2.922000000000000000e+04
2.558700000000000000e+04 2.921800000000000000e+04
2.573700000000000000e+04 2.921700000000000000e+04
2.574200000000000000e+04 2.920400000000000000e+04
2.574900000000000000e+04 2.920200000000000000e+04
2.584400000000000000e+04 2.919300000000000000e+04
2.590300000000000000e+04 2.915500000000000000e+04
2.586900000000000000e+04 2.918800000000000000e+04
2.589700000000000000e+04 2.915600000000000000e+04
2.588500000000000000e+04 2.915800000000000000e+04
2.590600000000000000e+04 2.914000000000000000e+04
2.556000000000000000e+04 2.926000000000000000e+04
2.556400000000000000e+04 2.922000000000000000e+04
2.558700000000000000e+04 2.921800000000000000e+04
2.573700000000000000e+04 2.921700000000000000e+04
2.574200000000000000e+04 2.920400000000000000e+04
2.574900000000000000e+04 2.920200000000000000e+04
2.590500000000000000e+04 2.919400000000000000e+04
2.590600000000000000e+04 2.916900000000000000e+04
2.596200000000000000e+04 2.916300000000000000e+04
2.601000000000000000e+04 2.913000000000000000e+04
2.599900000000000000e+04 2.914100000000000000e+04
2.556000000000000000e+04 2.926000000000000000e+04
2.556400000000000000e+04 2.922000000000000000e+04
2.558700000000000000e+04 2.921800000000000000e+04
2.573700000000000000e+04 2.921700000000000000e+04
2.574200000000000000e+04 2.920400000000000000e+04
2.574900000000000000e+04 2.920200000000000000e+04
2.590500000000000000e+04 2.919400000000000000e+04
2.590600000000000000e+04 2.916900000000000000e+04
2.596200000000000000e+04 2.916300000000000000e+04
2.601000000000000000e+04 2.913000000000000000e+04
2.599900000000000000e+04 2.914100000000000000e+04
2.604000000000000000e+04 2.912600000000000000e+04
2.609400000000000000e+04 2.911600000000000000e+04
2.616800000000000000e+04 2.906100000000000000e+04
2.612300000000000000e+04 2.910900000000000000e+04
2.616500000000000000e+04 2.907800000000000000e+04
2.613500000000000000e+04 2.910100000000000000e+04
2.614100000000000000e+04 2.908900000000000000e+04
2.615600000000000000e+04 2.908500000000000000e+04
2.617000000000000000e+04 2.905500000000000000e+04
2.556000000000000000e+04 2.926000000000000000e+04
2.556400000000000000e+04 2.922000000000000000e+04
2.558700000000000000e+04 2.921800000000000000e+04
2.573700000000000000e+04 2.921700000000000000e+04
2.574200000000000000e+04 2.920400000000000000e+04
2.574900000000000000e+04 2.920200000000000000e+04
2.590500000000000000e+04 2.919400000000000000e+04
2.590600000000000000e+04 2.916900000000000000e+04
2.596200000000000000e+04 2.916300000000000000e+04
2.601000000000000000e+04 2.913000000000000000e+04
2.599900000000000000e+04 2.914100000000000000e+04
2.604000000000000000e+04 2.912600000000000000e+04
2.609400000000000000e+04 2.911600000000000000e+04
2.612300000000000000e+04 2.910900000000000000e+04
2.613500000000000000e+04 2.910100000000000000e+04
2.614100000000000000e+04 2.908900000000000000e+04
2.615600000000000000e+04 2.908500000000000000e+04
2.621500000000000000e+04 2.907000000000000000e+04
2.618700000000000000e+04 2.908300000000000000e+04
2.622500000000000000e+04 2.905200000000000000e+04
2.556000000000000000e+04 2.926000000000000000e+04
2.556400000000000000e+04 2.922000000000000000e+04
2.558700000000000000e+04 2.921800000000000000e+04
2.573700000000000000e+04 2.921700000000000000e+04
2.574200000000000000e+04 2.920400000000000000e+04
2.574900000000000000e+04 2.920200000000000000e+04
2.590500000000000000e+04 2.919400000000000000e+04
2.590600000000000000e+04 2.916900000000000000e+04
2.596200000000000000e+04 2.916300000000000000e+04
2.601000000000000000e+04 2.913000000000000000e+04
2.599900000000000000e+04 2.914100000000000000e+04
2.604000000000000000e+04 2.912600000000000000e+04
2.609400000000000000e+04 2.911600000000000000e+04
2.612300000000000000e+04 2.910900000000000000e+04
2.613500000000000000e+04 2.910100000000000000e+04
2.614100000000000000e+04 2.908900000000000000e+04
2.615600000000000000e+04 2.908500000000000000e+04
2.621500000000000000e+04 2.907000000000000000e+04
2.618700000000000000e+04 2.908300000000000000e+04
2.622500000000000000e+04 2.905200000000000000e+04
2.636800000000000000e+04 2.899500000000000000e+04
2.624900000000000000e+04 2.903500000000000000e+04
2.634300000000000000e+04 2.902100000000000000e+04
2.623200000000000000e+04 2.904800000000000000e+04
2.643600000000000000e+04 2.895100000000000000e+04
2.636000000000000000e+04 2.900600000000000000e+04
2.641700000000000000e+04 2.896700000000000000e+04
2.636400000000000000e+04 2.900200000000000000e+04
2.642200000000000000e+04 2.896400000000000000e+04
2.639900000000000000e+04 2.899000000000000000e+04
2.556000000000000000e+04 2.926000000000000000e+04
2.556400000000000000e+04 2.922000000000000000e+04
2.558700000000000000e+04 2.921800000000000000e+04
2.573700000000000000e+04 2.921700000000000000e+04
2.574200000000000000e+04 2.920400000000000000e+04
2.574900000000000000e+04 2.920200000000000000e+04
2.590500000000000000e+04 2.919400000000000000e+04
2.590600000000000000e+04 2.916900000000000000e+04
2.596200000000000000e+04 2.916300000000000000e+04
2.601000000000000000e+04 2.913000000000000000e+04
2.599900000000000000e+04 2.914100000000000000e+04
2.604000000000000000e+04 2.912600000000000000e+04
2.609400000000000000e+04 2.911600000000000000e+04
2.612300000000000000e+04 2.910900000000000000e+04
2.613500000000000000e+04 2.910100000000000000e+04
2.614100000000000000e+04 2.908900000000000000e+04
2.615600000000000000e+04 2.908500000000000000e+04
2.621500000000000000e+04 2.907000000000000000e+04
2.618700000000000000e+04 2.908300000000000000e+04
2.622500000000000000e+04 2.905200000000000000e+04
2.636800000000000000e+04 2.899500000000000000e+04
2.624900000000000000e+04 2.903500000000000000e+04
2.634300000000000000e+04 2.902100000000000000e+04
2.623200000000000000e+04 2.904800000000000000e+04
2.643600000000000000e+04 2.895100000000000000e+04
2.636000000000000000e+04 2.900600000000000000e+04
2.641700000000000000e+04 2.896700000000000000e+04
2.636400000000000000e+04 2.900200000000000000e+04
2.642200000000000000e+04 2.896400000000000000e+04
2.639900000000000000e+04 2.899000000000000000e+04
2.644600000000000000e+04 2.894300000000000000e+04
2.640600000000000000e+04 2.896800000000000000e+04
2.646500000000000000e+04 2.893300000000000000e+04
2.648900000000000000e+04 2.892000000000000000e+04
2.648000000000000000e+04 2.893000000000000000e+04
2.648500000000000000e+04 2.892700000000000000e+04
2.650400000000000000e+04 2.891300000000000000e+04
2.654700000000000000e+04 2.889500000000000000e+04
2.556000000000000000e+04 2.926000000000000000e+04
2.556400000000000000e+04 2.922000000000000000e+04
2.558700000000000000e+04 2.921800000000000000e+04
2.573700000000000000e+04 2.921700000000000000e+04
2.574200000000000000e+04 2.920400000000000000e+04
2.574900000000000000e+04 2.920200000000000000e+04
2.590500000000000000e+04 2.919400000000000000e+04
2.590600000000000000e+04 2.916900000000000000e+04
2.596200000000000000e+04 2.916300000000000000e+04
2.601000000000000000e+04 2.913000000000000000e+04
2.599900000000000000e+04 2.914100000000000000e+04
2.604000000000000000e+04 2.912600000000000000e+04
2.609400000000000000e+04 2.911600000000000000e+04
2.612300000000000000e+04 2.910900000000000000e+04
2.613500000000000000e+04 2.910100000000000000e+04
2.614100000000000000e+04 2.908900000000000000e+04
2.615600000000000000e+04 2.908500000000000000e+04
2.621500000000000000e+04 2.907000000000000000e+04
2.618700000000000000e+04 2.908300000000000000e+04
2.622500000000000000e+04 2.905200000000000000e+04
2.636800000000000000e+04 2.899500000000000000e+04
2.624900000000000000e+04 2.903500000000000000e+04
2.634300000000000000e+04 2.902100000000000000e+04
2.623200000000000000e+04 2.904800000000000000e+04
2.643600000000000000e+04 2.895100000000000000e+04
2.636000000000000000e+04 2.900600000000000000e+04
2.641700000000000000e+04 2.896700000000000000e+04
2.636400000000000000e+04 2.900200000000000000e+04
2.642200000000000000e+04 2.896400000000000000e+04
2.639900000000000000e+04 2.899000000000000000e+04
2.644600000000000000e+04 2.894300000000000000e+04
2.640600000000000000e+04 2.896800000000000000e+04
2.646500000000000000e+04 2.893300000000000000e+04
2.648900000000000000e+04 2.892000000000000000e+04
2.648000000000000000e+04 2.893000000000000000e+04
2.648500000000000000e+04 2.892700000000000000e+04
2.650400000000000000e+04 2.891300000000000000e+04
2.654700000000000000e+04 2.889500000000000000e+04
2.657500000000000000e+04 2.885600000000000000e+04
2.660100000000000000e+04 2.884600000000000000e+04
2.662400000000000000e+04 2.882700000000000000e+04
2.662300000000000000e+04 2.884200000000000000e+04
2.666000000000000000e+04 2.878700000000000000e+04
2.667500000000000000e+04 2.877800000000000000e+04
2.665200000000000000e+04 2.880700000000000000e+04
2.666400000000000000e+04 2.878500000000000000e+04
2.663100000000000000e+04 2.881100000000000000e+04
2.666100000000000000e+04 2.878600000000000000e+04
2.663800000000000000e+04 2.881000000000000000e+04
2.665700000000000000e+04 2.880200000000000000e+04
2.668300000000000000e+04 2.877200000000000000e+04
2.556000000000000000e+04 2.926000000000000000e+04
2.556400000000000000e+04 2.922000000000000000e+04
2.558700000000000000e+04 2.921800000000000000e+04
2.573700000000000000e+04 2.921700000000000000e+04
2.574200000000000000e+04 2.920400000000000000e+04
2.574900000000000000e+04 2.920200000000000000e+04
2.590500000000000000e+04 2.919400000000000000e+04
2.590600000000000000e+04 2.916900000000000000e+04
2.596200000000000000e+04 2.916300000000000000e+04
2.601000000000000000e+04 2.913000000000000000e+04
2.599900000000000000e+04 2.914100000000000000e+04
2.604000000000000000e+04 2.912600000000000000e+04
2.609400000000000000e+04 2.911600000000000000e+04
2.612300000000000000e+04 2.910900000000000000e+04
2.613500000000000000e+04 2.910100000000000000e+04
2.614100000000000000e+04 2.908900000000000000e+04
2.615600000000000000e+04 2.908500000000000000e+04
2.621500000000000000e+04 2.907000000000000000e+04
2.618700000000000000e+04 2.908300000000000000e+04
2.622500000000000000e+04 2.905200000000000000e+04
2.636800000000000000e+04 2.899500000000000000e+04
2.624900000000000000e+04 2.903500000000000000e+04
2.634300000000000000e+04 2.902100000000000000e+04
2.623200000000000000e+04 2.904800000000000000e+04
2.643600000000000000e+04 2.895100000000000000e+04
2.636000000000000000e+04 2.900600000000000000e+04
2.641700000000000000e+04 2.896700000000000000e+04
2.636400000000000000e+04 2.900200000000000000e+04
2.642200000000000000e+04 2.896400000000000000e+04
2.639900000000000000e+04 2.899000000000000000e+04
2.644600000000000000e+04 2.894300000000000000e+04
2.640600000000000000e+04 2.896800000000000000e+04
2.646500000000000000e+04 2.893300000000000000e+04
2.648900000000000000e+04 2.892000000000000000e+04
2.648000000000000000e+04 2.893000000000000000e+04
2.648500000000000000e+04 2.892700000000000000e+04
2.650400000000000000e+04 2.891300000000000000e+04
2.654700000000000000e+04 2.889500000000000000e+04
2.657500000000000000e+04 2.885600000000000000e+04
2.660100000000000000e+04 2.884600000000000000e+04
2.662400000000000000e+04 2.882700000000000000e+04
2.662300000000000000e+04 2.884200000000000000e+04
2.665200000000000000e+04 2.880700000000000000e+04
2.663100000000000000e+04 2.881100000000000000e+04
2.663800000000000000e+04 2.881000000000000000e+04
2.665700000000000000e+04 2.880200000000000000e+04
2.666400000000000000e+04 2.878700000000000000e+04
2.673400000000000000e+04 2.877700000000000000e+04
2.678000000000000000e+04 2.875300000000000000e+04
2.671200000000000000e+04 2.878600000000000000e+04
2.679000000000000000e+04 2.872200000000000000e+04
2.676100000000000000e+04 2.875600000000000000e+04
2.679600000000000000e+04 2.872000000000000000e+04
2.680800000000000000e+04 2.870800000000000000e+04
2.678900000000000000e+04 2.872400000000000000e+04
2.678300000000000000e+04 2.873700000000000000e+04
2.681000000000000000e+04 2.869000000000000000e+04
2.556000000000000000e+04 2.926000000000000000e+04
2.556400000000000000e+04 2.922000000000000000e+04
2.558700000000000000e+04 2.921800000000000000e+04
2.573700000000000000e+04 2.921700000000000000e+04
2.574200000000000000e+04 2.920400000000000000e+04
2.574900000000000000e+04 2.920200000000000000e+04
2.590500000000000000e+04 2.919400000000000000e+04
2.590600000000000000e+04 2.916900000000000000e+04
2.596200000000000000e+04 2.916300000000000000e+04
2.601000000000000000e+04 2.913000000000000000e+04
2.599900000000000000e+04 2.914100000000000000e+04
2.604000000000000000e+04 2.912600000000000000e+04
2.609400000000000000e+04 2.911600000000000000e+04
2.612300000000000000e+04 2.910900000000000000e+04
2.613500000000000000e+04 2.910100000000000000e+04
2.614100000000000000e+04 2.908900000000000000e+04
2.615600000000000000e+04 2.908500000000000000e+04
2.621500000000000000e+04 2.907000000000000000e+04
2.618700000000000000e+04 2.908300000000000000e+04
2.622500000000000000e+04 2.905200000000000000e+04
2.636800000000000000e+04 2.899500000000000000e+04
2.624900000000000000e+04 2.903500000000000000e+04
2.634300000000000000e+04 2.902100000000000000e+04
2.623200000000000000e+04 2.904800000000000000e+04
2.643600000000000000e+04 2.895100000000000000e+04
2.636000000000000000e+04 2.900600000000000000e+04
2.641700000000000000e+04 2.896700000000000000e+04
2.636400000000000000e+04 2.900200000000000000e+04
2.642200000000000000e+04 2.896400000000000000e+04
2.639900000000000000e+04 2.899000000000000000e+04
2.644600000000000000e+04 2.894300000000000000e+04
2.640600000000000000e+04 2.896800000000000000e+04
2.646500000000000000e+04 2.893300000000000000e+04
2.648900000000000000e+04 2.892000000000000000e+04
2.648000000000000000e+04 2.893000000000000000e+04
2.648500000000000000e+04 2.892700000000000000e+04
2.650400000000000000e+04 2.891300000000000000e+04
2.654700000000000000e+04 2.889500000000000000e+04
2.657500000000000000e+04 2.885600000000000000e+04
2.660100000000000000e+04 2.884600000000000000e+04
2.662400000000000000e+04 2.882700000000000000e+04
2.662300000000000000e+04 2.884200000000000000e+04
2.665200000000000000e+04 2.880700000000000000e+04
2.663100000000000000e+04 2.881100000000000000e+04
2.663800000000000000e+04 2.881000000000000000e+04
2.665700000000000000e+04 2.880200000000000000e+04
2.666400000000000000e+04 2.878700000000000000e+04
2.673400000000000000e+04 2.877700000000000000e+04
2.678000000000000000e+04 2.875300000000000000e+04
2.671200000000000000e+04 2.878600000000000000e+04
2.679000000000000000e+04 2.872200000000000000e+04
2.676100000000000000e+04 2.875600000000000000e+04
2.679600000000000000e+04 2.872000000000000000e+04
2.678900000000000000e+04 2.872400000000000000e+04
2.678300000000000000e+04 2.873700000000000000e+04
2.682000000000000000e+04 2.870100000000000000e+04
2.681400000000000000e+04 2.870900000000000000e+04
2.685800000000000000e+04 2.868200000000000000e+04
2.683000000000000000e+04 2.868600000000000000e+04
2.690700000000000000e+04 2.861600000000000000e+04
2.687900000000000000e+04 2.866900000000000000e+04
2.689500000000000000e+04 2.865400000000000000e+04
2.690300000000000000e+04 2.863100000000000000e+04
2.686200000000000000e+04 2.867700000000000000e+04
2.556000000000000000e+04 2.926000000000000000e+04
2.556400000000000000e+04 2.922000000000000000e+04
2.558700000000000000e+04 2.921800000000000000e+04
2.573700000000000000e+04 2.921700000000000000e+04
2.574200000000000000e+04 2.920400000000000000e+04
2.574900000000000000e+04 2.920200000000000000e+04
2.590500000000000000e+04 2.919400000000000000e+04
2.590600000000000000e+04 2.916900000000000000e+04
2.596200000000000000e+04 2.916300000000000000e+04
2.601000000000000000e+04 2.913000000000000000e+04
2.599900000000000000e+04 2.914100000000000000e+04
2.604000000000000000e+04 2.912600000000000000e+04
2.609400000000000000e+04 2.911600000000000000e+04
2.612300000000000000e+04 2.910900000000000000e+04
2.613500000000000000e+04 2.910100000000000000e+04
2.614100000000000000e+04 2.908900000000000000e+04
2.615600000000000000e+04 2.908500000000000000e+04
2.621500000000000000e+04 2.907000000000000000e+04
2.618700000000000000e+04 2.908300000000000000e+04
2.622500000000000000e+04 2.905200000000000000e+04
2.636800000000000000e+04 2.899500000000000000e+04
2.624900000000000000e+04 2.903500000000000000e+04
2.634300000000000000e+04 2.902100000000000000e+04
2.623200000000000000e+04 2.904800000000000000e+04
2.643600000000000000e+04 2.895100000000000000e+04
2.636000000000000000e+04 2.900600000000000000e+04
2.641700000000000000e+04 2.896700000000000000e+04
2.636400000000000000e+04 2.900200000000000000e+04
2.642200000000000000e+04 2.896400000000000000e+04
2.639900000000000000e+04 2.899000000000000000e+04
2.644600000000000000e+04 2.894300000000000000e+04
2.640600000000000000e+04 2.896800000000000000e+04
2.646500000000000000e+04 2.893300000000000000e+04
2.648900000000000000e+04 2.892000000000000000e+04
2.648000000000000000e+04 2.893000000000000000e+04
2.648500000000000000e+04 2.892700000000000000e+04
2.650400000000000000e+04 2.891300000000000000e+04
2.654700000000000000e+04 2.889500000000000000e+04
2.657500000000000000e+04 2.885600000000000000e+04
2.660100000000000000e+04 2.884600000000000000e+04
2.662400000000000000e+04 2.882700000000000000e+04
2.662300000000000000e+04 2.884200000000000000e+04
2.665200000000000000e+04 2.880700000000000000e+04
2.663100000000000000e+04 2.881100000000000000e+04
2.663800000000000000e+04 2.881000000000000000e+04
2.665700000000000000e+04 2.880200000000000000e+04
2.666400000000000000e+04 2.878700000000000000e+04
2.673400000000000000e+04 2.877700000000000000e+04
2.678000000000000000e+04 2.875300000000000000e+04
2.671200000000000000e+04 2.878600000000000000e+04
2.679000000000000000e+04 2.872200000000000000e+04
2.676100000000000000e+04 2.875600000000000000e+04
2.679600000000000000e+04 2.872000000000000000e+04
2.678900000000000000e+04 2.872400000000000000e+04
2.678300000000000000e+04 2.873700000000000000e+04
2.682000000000000000e+04 2.870100000000000000e+04
2.681400000000000000e+04 2.870900000000000000e+04
2.685800000000000000e+04 2.868200000000000000e+04
2.683000000000000000e+04 2.868600000000000000e+04
2.690700000000000000e+04 2.861600000000000000e+04
2.687900000000000000e+04 2.866900000000000000e+04
2.689500000000000000e+04 2.865400000000000000e+04
2.690300000000000000e+04 2.863100000000000000e+04
2.686200000000000000e+04 2.867700000000000000e+04
2.693300000000000000e+04 2.860000000000000000e+04
2.700500000000000000e+04 2.854600000000000000e+04
2.698300000000000000e+04 2.856900000000000000e+04
2.692600000000000000e+04 2.860200000000000000e+04
2.696100000000000000e+04 2.859000000000000000e+04
2.698700000000000000e+04 2.854900000000000000e+04
2.706900000000000000e+04 2.848800000000000000e+04
2.703200000000000000e+04 2.853000000000000000e+04
2.704300000000000000e+04 2.851700000000000000e+04
2.705500000000000000e+04 2.850200000000000000e+04
2.707100000000000000e+04 2.847500000000000000e+04
2.711000000000000000e+04 2.845000000000000000e+04
2.707500000000000000e+04 2.847300000000000000e+04
2.710300000000000000e+04 2.845900000000000000e+04
2.712200000000000000e+04 2.844800000000000000e+04
2.712600000000000000e+04 2.843200000000000000e+04
2.713000000000000000e+04 2.842900000000000000e+04
2.715400000000000000e+04 2.839500000000000000e+04
2.556000000000000000e+04 2.926000000000000000e+04
2.556400000000000000e+04 2.922000000000000000e+04
2.558700000000000000e+04 2.921800000000000000e+04
2.573700000000000000e+04 2.921700000000000000e+04
2.574200000000000000e+04 2.920400000000000000e+04
2.574900000000000000e+04 2.920200000000000000e+04
2.590500000000000000e+04 2.919400000000000000e+04
2.590600000000000000e+04 2.916900000000000000e+04
2.596200000000000000e+04 2.916300000000000000e+04
2.601000000000000000e+04 2.913000000000000000e+04
2.599900000000000000e+04 2.914100000000000000e+04
2.604000000000000000e+04 2.912600000000000000e+04
2.609400000000000000e+04 2.911600000000000000e+04
2.612300000000000000e+04 2.910900000000000000e+04
2.613500000000000000e+04 2.910100000000000000e+04
2.614100000000000000e+04 2.908900000000000000e+04
2.615600000000000000e+04 2.908500000000000000e+04
2.621500000000000000e+04 2.907000000000000000e+04
2.618700000000000000e+04 2.908300000000000000e+04
2.622500000000000000e+04 2.905200000000000000e+04
2.636800000000000000e+04 2.899500000000000000e+04
2.624900000000000000e+04 2.903500000000000000e+04
2.634300000000000000e+04 2.902100000000000000e+04
2.623200000000000000e+04 2.904800000000000000e+04
2.643600000000000000e+04 2.895100000000000000e+04
2.636000000000000000e+04 2.900600000000000000e+04
2.641700000000000000e+04 2.896700000000000000e+04
2.636400000000000000e+04 2.900200000000000000e+04
2.642200000000000000e+04 2.896400000000000000e+04
2.639900000000000000e+04 2.899000000000000000e+04
2.644600000000000000e+04 2.894300000000000000e+04
2.640600000000000000e+04 2.896800000000000000e+04
2.646500000000000000e+04 2.893300000000000000e+04
2.648900000000000000e+04 2.892000000000000000e+04
2.648000000000000000e+04 2.893000000000000000e+04
2.648500000000000000e+04 2.892700000000000000e+04
2.650400000000000000e+04 2.891300000000000000e+04
2.654700000000000000e+04 2.889500000000000000e+04
2.657500000000000000e+04 2.885600000000000000e+04
2.660100000000000000e+04 2.884600000000000000e+04
2.662400000000000000e+04 2.882700000000000000e+04
2.662300000000000000e+04 2.884200000000000000e+04
2.665200000000000000e+04 2.880700000000000000e+04
2.663100000000000000e+04 2.881100000000000000e+04
2.663800000000000000e+04 2.881000000000000000e+04
2.665700000000000000e+04 2.880200000000000000e+04
2.666400000000000000e+04 2.878700000000000000e+04
2.673400000000000000e+04 2.877700000000000000e+04
2.678000000000000000e+04 2.875300000000000000e+04
2.671200000000000000e+04 2.878600000000000000e+04
2.679000000000000000e+04 2.872200000000000000e+04
2.676100000000000000e+04 2.875600000000000000e+04
2.679600000000000000e+04 2.872000000000000000e+04
2.678900000000000000e+04 2.872400000000000000e+04
2.678300000000000000e+04 2.873700000000000000e+04
2.682000000000000000e+04 2.870100000000000000e+04
2.681400000000000000e+04 2.870900000000000000e+04
2.685800000000000000e+04 2.868200000000000000e+04
2.683000000000000000e+04 2.868600000000000000e+04
2.690700000000000000e+04 2.861600000000000000e+04
2.687900000000000000e+04 2.866900000000000000e+04
2.689500000000000000e+04 2.865400000000000000e+04
2.690300000000000000e+04 2.863100000000000000e+04
2.686200000000000000e+04 2.867700000000000000e+04
2.693300000000000000e+04 2.860000000000000000e+04
2.700500000000000000e+04 2.854600000000000000e+04
2.698300000000000000e+04 2.856900000000000000e+04
2.692600000000000000e+04 2.860200000000000000e+04
2.696100000000000000e+04 2.859000000000000000e+04
2.698700000000000000e+04 2.854900000000000000e+04
2.706900000000000000e+04 2.848800000000000000e+04
2.703200000000000000e+04 2.853000000000000000e+04
2.704300000000000000e+04 2.851700000000000000e+04
2.705500000000000000e+04 2.850200000000000000e+04
2.707100000000000000e+04 2.847500000000000000e+04
2.711000000000000000e+04 2.845000000000000000e+04
2.707500000000000000e+04 2.847300000000000000e+04
2.710300000000000000e+04 2.845900000000000000e+04
2.712200000000000000e+04 2.844800000000000000e+04
2.712600000000000000e+04 2.843200000000000000e+04
2.713000000000000000e+04 2.842900000000000000e+04
2.715400000000000000e+04 2.839500000000000000e+04
2.713200000000000000e+04 2.841200000000000000e+04
2.717800000000000000e+04 2.839000000000000000e+04
2.719600000000000000e+04 2.837200000000000000e+04
2.722700000000000000e+04 2.835200000000000000e+04
2.721700000000000000e+04 2.835900000000000000e+04
2.721300000000000000e+04 2.837100000000000000e+04
2.723100000000000000e+04 2.833900000000000000e+04
2.723200000000000000e+04 2.833600000000000000e+04
2.730500000000000000e+04 2.831200000000000000e+04
2.728100000000000000e+04 2.832200000000000000e+04
2.733300000000000000e+04 2.824900000000000000e+04
2.733100000000000000e+04 2.825800000000000000e+04
2.731800000000000000e+04 2.829300000000000000e+04
2.736200000000000000e+04 2.824800000000000000e+04
2.732000000000000000e+04 2.828300000000000000e+04
2.737600000000000000e+04 2.823000000000000000e+04
2.732500000000000000e+04 2.826500000000000000e+04
2.556000000000000000e+04 2.926000000000000000e+04
2.556400000000000000e+04 2.922000000000000000e+04
2.558700000000000000e+04 2.921800000000000000e+04
2.573700000000000000e+04 2.921700000000000000e+04
2.574200000000000000e+04 2.920400000000000000e+04
2.574900000000000000e+04 2.920200000000000000e+04
2.590500000000000000e+04 2.919400000000000000e+04
2.590600000000000000e+04 2.916900000000000000e+04
2.596200000000000000e+04 2.916300000000000000e+04
2.601000000000000000e+04 2.913000000000000000e+04
2.599900000000000000e+04 2.914100000000000000e+04
2.604000000000000000e+04 2.912600000000000000e+04
2.609400000000000000e+04 2.911600000000000000e+04
2.612300000000000000e+04 2.910900000000000000e+04
2.613500000000000000e+04 2.910100000000000000e+04
2.614100000000000000e+04 2.908900000000000000e+04
2.615600000000000000e+04 2.908500000000000000e+04
2.621500000000000000e+04 2.907000000000000000e+04
2.618700000000000000e+04 2.908300000000000000e+04
2.622500000000000000e+04 2.905200000000000000e+04
2.636800000000000000e+04 2.899500000000000000e+04
2.624900000000000000e+04 2.903500000000000000e+04
2.634300000000000000e+04 2.902100000000000000e+04
2.623200000000000000e+04 2.904800000000000000e+04
2.643600000000000000e+04 2.895100000000000000e+04
2.636000000000000000e+04 2.900600000000000000e+04
2.641700000000000000e+04 2.896700000000000000e+04
2.636400000000000000e+04 2.900200000000000000e+04
2.642200000000000000e+04 2.896400000000000000e+04
2.639900000000000000e+04 2.899000000000000000e+04
2.644600000000000000e+04 2.894300000000000000e+04
2.640600000000000000e+04 2.896800000000000000e+04
2.646500000000000000e+04 2.893300000000000000e+04
2.648900000000000000e+04 2.892000000000000000e+04
2.648000000000000000e+04 2.893000000000000000e+04
2.648500000000000000e+04 2.892700000000000000e+04
2.650400000000000000e+04 2.891300000000000000e+04
2.654700000000000000e+04 2.889500000000000000e+04
2.657500000000000000e+04 2.885600000000000000e+04
2.660100000000000000e+04 2.884600000000000000e+04
2.662400000000000000e+04 2.882700000000000000e+04
2.662300000000000000e+04 2.884200000000000000e+04
2.665200000000000000e+04 2.880700000000000000e+04
2.663100000000000000e+04 2.881100000000000000e+04
2.663800000000000000e+04 2.881000000000000000e+04
2.665700000000000000e+04 2.880200000000000000e+04
2.666400000000000000e+04 2.878700000000000000e+04
2.673400000000000000e+04 2.877700000000000000e+04
2.678000000000000000e+04 2.875300000000000000e+04
2.671200000000000000e+04 2.878600000000000000e+04
2.679000000000000000e+04 2.872200000000000000e+04
2.676100000000000000e+04 2.875600000000000000e+04
2.679600000000000000e+04 2.872000000000000000e+04
2.678900000000000000e+04 2.872400000000000000e+04
2.678300000000000000e+04 2.873700000000000000e+04
2.682000000000000000e+04 2.870100000000000000e+04
2.681400000000000000e+04 2.870900000000000000e+04
2.685800000000000000e+04 2.868200000000000000e+04
2.683000000000000000e+04 2.868600000000000000e+04
2.690700000000000000e+04 2.861600000000000000e+04
2.687900000000000000e+04 2.866900000000000000e+04
2.689500000000000000e+04 2.865400000000000000e+04
2.690300000000000000e+04 2.863100000000000000e+04
2.686200000000000000e+04 2.867700000000000000e+04
2.693300000000000000e+04 2.860000000000000000e+04
2.700500000000000000e+04 2.854600000000000000e+04
2.698300000000000000e+04 2.856900000000000000e+04
2.692600000000000000e+04 2.860200000000000000e+04
2.696100000000000000e+04 2.859000000000000000e+04
2.698700000000000000e+04 2.854900000000000000e+04
2.706900000000000000e+04 2.848800000000000000e+04
2.703200000000000000e+04 2.853000000000000000e+04
2.704300000000000000e+04 2.851700000000000000e+04
2.705500000000000000e+04 2.850200000000000000e+04
2.707100000000000000e+04 2.847500000000000000e+04
2.711000000000000000e+04 2.845000000000000000e+04
2.707500000000000000e+04 2.847300000000000000e+04
2.710300000000000000e+04 2.845900000000000000e+04
2.712200000000000000e+04 2.844800000000000000e+04
2.712600000000000000e+04 2.843200000000000000e+04
2.713000000000000000e+04 2.842900000000000000e+04
2.715400000000000000e+04 2.839500000000000000e+04
2.713200000000000000e+04 2.841200000000000000e+04
2.717800000000000000e+04 2.839000000000000000e+04
2.719600000000000000e+04 2.837200000000000000e+04
2.722700000000000000e+04 2.835200000000000000e+04
2.721700000000000000e+04 2.835900000000000000e+04
2.721300000000000000e+04 2.837100000000000000e+04
2.723100000000000000e+04 2.833900000000000000e+04
2.723200000000000000e+04 2.833600000000000000e+04
2.730500000000000000e+04 2.831200000000000000e+04
2.728100000000000000e+04 2.832200000000000000e+04
2.733100000000000000e+04 2.825800000000000000e+04
2.731800000000000000e+04 2.829300000000000000e+04
2.736200000000000000e+04 2.824800000000000000e+04
2.732000000000000000e+04 2.828300000000000000e+04
2.737600000000000000e+04 2.823000000000000000e+04
2.732500000000000000e+04 2.826500000000000000e+04
2.739700000000000000e+04 2.818900000000000000e+04
2.734400000000000000e+04 2.825500000000000000e+04
2.743500000000000000e+04 2.818100000000000000e+04
2.737700000000000000e+04 2.819200000000000000e+04
2.745100000000000000e+04 2.815600000000000000e+04
2.746700000000000000e+04 2.811700000000000000e+04
2.747200000000000000e+04 2.811400000000000000e+04
2.745600000000000000e+04 2.814200000000000000e+04
2.749700000000000000e+04 2.811000000000000000e+04
2.748800000000000000e+04 2.811100000000000000e+04
2.746000000000000000e+04 2.812300000000000000e+04
2.745700000000000000e+04 2.812900000000000000e+04
2.754200000000000000e+04 2.806300000000000000e+04
2.751700000000000000e+04 2.808800000000000000e+04
2.556000000000000000e+04 2.926000000000000000e+04
2.556400000000000000e+04 2.922000000000000000e+04
2.558700000000000000e+04 2.921800000000000000e+04
2.573700000000000000e+04 2.921700000000000000e+04
2.574200000000000000e+04 2.920400000000000000e+04
2.574900000000000000e+04 2.920200000000000000e+04
2.590500000000000000e+04 2.919400000000000000e+04
2.590600000000000000e+04 2.916900000000000000e+04
2.596200000000000000e+04 2.916300000000000000e+04
2.601000000000000000e+04 2.913000000000000000e+04
2.599900000000000000e+04 2.914100000000000000e+04
2.604000000000000000e+04 2.912600000000000000e+04
2.609400000000000000e+04 2.911600000000000000e+04
2.612300000000000000e+04 2.910900000000000000e+04
2.613500000000000000e+04 2.910100000000000000e+04
2.614100000000000000e+04 2.908900000000000000e+04
2.615600000000000000e+04 2.908500000000000000e+04
2.621500000000000000e+04 2.907000000000000000e+04
2.618700000000000000e+04 2.908300000000000000e+04
2.622500000000000000e+04 2.905200000000000000e+04
2.636800000000000000e+04 2.899500000000000000e+04
2.624900000000000000e+04 2.903500000000000000e+04
2.634300000000000000e+04 2.902100000000000000e+04
2.623200000000000000e+04 2.904800000000000000e+04
2.643600000000000000e+04 2.895100000000000000e+04
2.636000000000000000e+04 2.900600000000000000e+04
2.641700000000000000e+04 2.896700000000000000e+04
2.636400000000000000e+04 2.900200000000000000e+04
2.642200000000000000e+04 2.896400000000000000e+04
2.639900000000000000e+04 2.899000000000000000e+04
2.644600000000000000e+04 2.894300000000000000e+04
2.640600000000000000e+04 2.896800000000000000e+04
2.646500000000000000e+04 2.893300000000000000e+04
2.648900000000000000e+04 2.892000000000000000e+04
2.648000000000000000e+04 2.893000000000000000e+04
2.648500000000000000e+04 2.892700000000000000e+04
2.650400000000000000e+04 2.891300000000000000e+04
2.654700000000000000e+04 2.889500000000000000e+04
2.657500000000000000e+04 2.885600000000000000e+04
2.660100000000000000e+04 2.884600000000000000e+04
2.662400000000000000e+04 2.882700000000000000e+04
2.662300000000000000e+04 2.884200000000000000e+04
2.665200000000000000e+04 2.880700000000000000e+04
2.663100000000000000e+04 2.881100000000000000e+04
2.663800000000000000e+04 2.881000000000000000e+04
2.665700000000000000e+04 2.880200000000000000e+04
2.666400000000000000e+04 2.878700000000000000e+04
2.673400000000000000e+04 2.877700000000000000e+04
2.678000000000000000e+04 2.875300000000000000e+04
2.671200000000000000e+04 2.878600000000000000e+04
2.679000000000000000e+04 2.872200000000000000e+04
2.676100000000000000e+04 2.875600000000000000e+04
2.679600000000000000e+04 2.872000000000000000e+04
2.678900000000000000e+04 2.872400000000000000e+04
2.678300000000000000e+04 2.873700000000000000e+04
2.682000000000000000e+04 2.870100000000000000e+04
2.681400000000000000e+04 2.870900000000000000e+04
2.685800000000000000e+04 2.868200000000000000e+04
2.683000000000000000e+04 2.868600000000000000e+04
2.690700000000000000e+04 2.861600000000000000e+04
2.687900000000000000e+04 2.866900000000000000e+04
2.689500000000000000e+04 2.865400000000000000e+04
2.690300000000000000e+04 2.863100000000000000e+04
2.686200000000000000e+04 2.867700000000000000e+04
2.693300000000000000e+04 2.860000000000000000e+04
2.700500000000000000e+04 2.854600000000000000e+04
2.698300000000000000e+04 2.856900000000000000e+04
2.692600000000000000e+04 2.860200000000000000e+04
2.696100000000000000e+04 2.859000000000000000e+04
2.698700000000000000e+04 2.854900000000000000e+04
2.706900000000000000e+04 2.848800000000000000e+04
2.703200000000000000e+04 2.853000000000000000e+04
2.704300000000000000e+04 2.851700000000000000e+04
2.705500000000000000e+04 2.850200000000000000e+04
2.707100000000000000e+04 2.847500000000000000e+04
2.711000000000000000e+04 2.845000000000000000e+04
2.707500000000000000e+04 2.847300000000000000e+04
2.710300000000000000e+04 2.845900000000000000e+04
2.712200000000000000e+04 2.844800000000000000e+04
2.712600000000000000e+04 2.843200000000000000e+04
2.713000000000000000e+04 2.842900000000000000e+04
2.715400000000000000e+04 2.839500000000000000e+04
2.713200000000000000e+04 2.841200000000000000e+04
2.717800000000000000e+04 2.839000000000000000e+04
2.719600000000000000e+04 2.837200000000000000e+04
2.722700000000000000e+04 2.835200000000000000e+04
2.721700000000000000e+04 2.835900000000000000e+04
2.721300000000000000e+04 2.837100000000000000e+04
2.723100000000000000e+04 2.833900000000000000e+04
2.723200000000000000e+04 2.833600000000000000e+04
2.730500000000000000e+04 2.831200000000000000e+04
2.728100000000000000e+04 2.832200000000000000e+04
2.733100000000000000e+04 2.825800000000000000e+04
2.731800000000000000e+04 2.829300000000000000e+04
2.736200000000000000e+04 2.824800000000000000e+04
2.732000000000000000e+04 2.828300000000000000e+04
2.737600000000000000e+04 2.823000000000000000e+04
2.732500000000000000e+04 2.826500000000000000e+04
2.739700000000000000e+04 2.818900000000000000e+04
2.734400000000000000e+04 2.825500000000000000e+04
2.743500000000000000e+04 2.818100000000000000e+04
2.737700000000000000e+04 2.819200000000000000e+04
2.745100000000000000e+04 2.815600000000000000e+04
2.745600000000000000e+04 2.814200000000000000e+04
2.748800000000000000e+04 2.811100000000000000e+04
2.746000000000000000e+04 2.812300000000000000e+04
2.745700000000000000e+04 2.812900000000000000e+04
2.748100000000000000e+04 2.811800000000000000e+04
2.752100000000000000e+04 2.811000000000000000e+04
2.759000000000000000e+04 2.805200000000000000e+04
2.755200000000000000e+04 2.809500000000000000e+04
2.755400000000000000e+04 2.808400000000000000e+04
2.764200000000000000e+04 2.800800000000000000e+04
2.762100000000000000e+04 2.802300000000000000e+04
2.757100000000000000e+04 2.806700000000000000e+04
2.760600000000000000e+04 2.803600000000000000e+04
2.767300000000000000e+04 2.796800000000000000e+04
2.761300000000000000e+04 2.802700000000000000e+04
2.763100000000000000e+04 2.801600000000000000e+04
2.761200000000000000e+04 2.803000000000000000e+04
2.766000000000000000e+04 2.797000000000000000e+04
2.556000000000000000e+04 2.926000000000000000e+04
2.556400000000000000e+04 2.922000000000000000e+04
2.558700000000000000e+04 2.921800000000000000e+04
2.573700000000000000e+04 2.921700000000000000e+04
2.574200000000000000e+04 2.920400000000000000e+04
2.574900000000000000e+04 2.920200000000000000e+04
2.590500000000000000e+04 2.919400000000000000e+04
2.590600000000000000e+04 2.916900000000000000e+04
2.596200000000000000e+04 2.916300000000000000e+04
2.601000000000000000e+04 2.913000000000000000e+04
2.599900000000000000e+04 2.914100000000000000e+04
2.604000000000000000e+04 2.912600000000000000e+04
2.609400000000000000e+04 2.911600000000000000e+04
2.612300000000000000e+04 2.910900000000000000e+04
2.613500000000000000e+04 2.910100000000000000e+04
2.614100000000000000e+04 2.908900000000000000e+04
2.615600000000000000e+04 2.908500000000000000e+04
2.621500000000000000e+04 2.907000000000000000e+04
2.618700000000000000e+04 2.908300000000000000e+04
2.622500000000000000e+04 2.905200000000000000e+04
2.636800000000000000e+04 2.899500000000000000e+04
2.624900000000000000e+04 2.903500000000000000e+04
2.634300000000000000e+04 2.902100000000000000e+04
2.623200000000000000e+04 2.904800000000000000e+04
2.643600000000000000e+04 2.895100000000000000e+04
2.636000000000000000e+04 2.900600000000000000e+04
2.641700000000000000e+04 2.896700000000000000e+04
2.636400000000000000e+04 2.900200000000000000e+04
2.642200000000000000e+04 2.896400000000000000e+04
2.639900000000000000e+04 2.899000000000000000e+04
2.644600000000000000e+04 2.894300000000000000e+04
2.640600000000000000e+04 2.896800000000000000e+04
2.646500000000000000e+04 2.893300000000000000e+04
2.648900000000000000e+04 2.892000000000000000e+04
2.648000000000000000e+04 2.893000000000000000e+04
2.648500000000000000e+04 2.892700000000000000e+04
2.650400000000000000e+04 2.891300000000000000e+04
2.654700000000000000e+04 2.889500000000000000e+04
2.657500000000000000e+04 2.885600000000000000e+04
2.660100000000000000e+04 2.884600000000000000e+04
2.662400000000000000e+04 2.882700000000000000e+04
2.662300000000000000e+04 2.884200000000000000e+04
2.665200000000000000e+04 2.880700000000000000e+04
2.663100000000000000e+04 2.881100000000000000e+04
2.663800000000000000e+04 2.881000000000000000e+04
2.665700000000000000e+04 2.880200000000000000e+04
2.666400000000000000e+04 2.878700000000000000e+04
2.673400000000000000e+04 2.877700000000000000e+04
2.678000000000000000e+04 2.875300000000000000e+04
2.671200000000000000e+04 2.878600000000000000e+04
2.679000000000000000e+04 2.872200000000000000e+04
2.676100000000000000e+04 2.875600000000000000e+04
2.679600000000000000e+04 2.872000000000000000e+04
2.678900000000000000e+04 2.872400000000000000e+04
2.678300000000000000e+04 2.873700000000000000e+04
2.682000000000000000e+04 2.870100000000000000e+04
2.681400000000000000e+04 2.870900000000000000e+04
2.685800000000000000e+04 2.868200000000000000e+04
2.683000000000000000e+04 2.868600000000000000e+04
2.690700000000000000e+04 2.861600000000000000e+04
2.687900000000000000e+04 2.866900000000000000e+04
2.689500000000000000e+04 2.865400000000000000e+04
2.690300000000000000e+04 2.863100000000000000e+04
2.686200000000000000e+04 2.867700000000000000e+04
2.693300000000000000e+04 2.860000000000000000e+04
2.700500000000000000e+04 2.854600000000000000e+04
2.698300000000000000e+04 2.856900000000000000e+04
2.692600000000000000e+04 2.860200000000000000e+04
2.696100000000000000e+04 2.859000000000000000e+04
2.698700000000000000e+04 2.854900000000000000e+04
2.706900000000000000e+04 2.848800000000000000e+04
2.703200000000000000e+04 2.853000000000000000e+04
2.704300000000000000e+04 2.851700000000000000e+04
2.705500000000000000e+04 2.850200000000000000e+04
2.707100000000000000e+04 2.847500000000000000e+04
2.711000000000000000e+04 2.845000000000000000e+04
2.707500000000000000e+04 2.847300000000000000e+04
2.710300000000000000e+04 2.845900000000000000e+04
2.712200000000000000e+04 2.844800000000000000e+04
2.712600000000000000e+04 2.843200000000000000e+04
2.713000000000000000e+04 2.842900000000000000e+04
2.715400000000000000e+04 2.839500000000000000e+04
2.713200000000000000e+04 2.841200000000000000e+04
2.717800000000000000e+04 2.839000000000000000e+04
2.719600000000000000e+04 2.837200000000000000e+04
2.722700000000000000e+04 2.835200000000000000e+04
2.721700000000000000e+04 2.835900000000000000e+04
2.721300000000000000e+04 2.837100000000000000e+04
2.723100000000000000e+04 2.833900000000000000e+04
2.723200000000000000e+04 2.833600000000000000e+04
2.730500000000000000e+04 2.831200000000000000e+04
2.728100000000000000e+04 2.832200000000000000e+04
2.733100000000000000e+04 2.825800000000000000e+04
2.731800000000000000e+04 2.829300000000000000e+04
2.736200000000000000e+04 2.824800000000000000e+04
2.732000000000000000e+04 2.828300000000000000e+04
2.737600000000000000e+04 2.823000000000000000e+04
2.732500000000000000e+04 2.826500000000000000e+04
2.739700000000000000e+04 2.818900000000000000e+04
2.734400000000000000e+04 2.825500000000000000e+04
2.743500000000000000e+04 2.818100000000000000e+04
2.737700000000000000e+04 2.819200000000000000e+04
2.745100000000000000e+04 2.815600000000000000e+04
2.745600000000000000e+04 2.814200000000000000e+04
2.748800000000000000e+04 2.811100000000000000e+04
2.746000000000000000e+04 2.812300000000000000e+04
2.745700000000000000e+04 2.812900000000000000e+04
2.748100000000000000e+04 2.811800000000000000e+04
2.752100000000000000e+04 2.811000000000000000e+04
2.759000000000000000e+04 2.805200000000000000e+04
2.755200000000000000e+04 2.809500000000000000e+04
2.755400000000000000e+04 2.808400000000000000e+04
2.762100000000000000e+04 2.802300000000000000e+04
2.757100000000000000e+04 2.806700000000000000e+04
2.760600000000000000e+04 2.803600000000000000e+04
2.767300000000000000e+04 2.796800000000000000e+04
2.761300000000000000e+04 2.802700000000000000e+04
2.761200000000000000e+04 2.803000000000000000e+04
2.766000000000000000e+04 2.797000000000000000e+04
2.765700000000000000e+04 2.798600000000000000e+04
2.765200000000000000e+04 2.801900000000000000e+04
2.772300000000000000e+04 2.792700000000000000e+04
2.771600000000000000e+04 2.793300000000000000e+04
2.774900000000000000e+04 2.785800000000000000e+04
2.774500000000000000e+04 2.787500000000000000e+04
2.773800000000000000e+04 2.789000000000000000e+04
2.776800000000000000e+04 2.785400000000000000e+04
2.779200000000000000e+04 2.785000000000000000e+04
2.773100000000000000e+04 2.789800000000000000e+04
2.781800000000000000e+04 2.783700000000000000e+04
2.787700000000000000e+04 2.774700000000000000e+04
2.784800000000000000e+04 2.779300000000000000e+04
2.782900000000000000e+04 2.781600000000000000e+04
2.787500000000000000e+04 2.775500000000000000e+04
2.785400000000000000e+04 2.777800000000000000e+04
2.788900000000000000e+04 2.774000000000000000e+04
2.785800000000000000e+04 2.775900000000000000e+04
2.790900000000000000e+04 2.768200000000000000e+04
2.790000000000000000e+04 2.769800000000000000e+04
2.789900000000000000e+04 2.771400000000000000e+04
2.556000000000000000e+04 2.926000000000000000e+04
2.556400000000000000e+04 2.922000000000000000e+04
2.558700000000000000e+04 2.921800000000000000e+04
2.573700000000000000e+04 2.921700000000000000e+04
2.574200000000000000e+04 2.920400000000000000e+04
2.574900000000000000e+04 2.920200000000000000e+04
2.590500000000000000e+04 2.919400000000000000e+04
2.590600000000000000e+04 2.916900000000000000e+04
2.596200000000000000e+04 2.916300000000000000e+04
2.601000000000000000e+04 2.913000000000000000e+04
2.599900000000000000e+04 2.914100000000000000e+04
2.604000000000000000e+04 2.912600000000000000e+04
2.609400000000000000e+04 2.911600000000000000e+04
2.612300000000000000e+04 2.910900000000000000e+04
2.613500000000000000e+04 2.910100000000000000e+04
2.614100000000000000e+04 2.908900000000000000e+04
2.615600000000000000e+04 2.908500000000000000e+04
2.621500000000000000e+04 2.907000000000000000e+04
2.618700000000000000e+04 2.908300000000000000e+04
2.622500000000000000e+04 2.905200000000000000e+04
2.636800000000000000e+04 2.899500000000000000e+04
2.624900000000000000e+04 2.903500000000000000e+04
2.634300000000000000e+04 2.902100000000000000e+04
2.623200000000000000e+04 2.904800000000000000e+04
2.643600000000000000e+04 2.895100000000000000e+04
2.636000000000000000e+04 2.900600000000000000e+04
2.641700000000000000e+04 2.896700000000000000e+04
2.636400000000000000e+04 2.900200000000000000e+04
2.642200000000000000e+04 2.896400000000000000e+04
2.639900000000000000e+04 2.899000000000000000e+04
2.644600000000000000e+04 2.894300000000000000e+04
2.640600000000000000e+04 2.896800000000000000e+04
2.646500000000000000e+04 2.893300000000000000e+04
2.648900000000000000e+04 2.892000000000000000e+04
2.648000000000000000e+04 2.893000000000000000e+04
2.648500000000000000e+04 2.892700000000000000e+04
2.650400000000000000e+04 2.891300000000000000e+04
2.654700000000000000e+04 2.889500000000000000e+04
2.657500000000000000e+04 2.885600000000000000e+04
2.660100000000000000e+04 2.884600000000000000e+04
2.662400000000000000e+04 2.882700000000000000e+04
2.662300000000000000e+04 2.884200000000000000e+04
2.665200000000000000e+04 2.880700000000000000e+04
2.663100000000000000e+04 2.881100000000000000e+04
2.663800000000000000e+04 2.881000000000000000e+04
2.665700000000000000e+04 2.880200000000000000e+04
2.666400000000000000e+04 2.878700000000000000e+04
2.673400000000000000e+04 2.877700000000000000e+04
2.678000000000000000e+04 2.875300000000000000e+04
2.671200000000000000e+04 2.878600000000000000e+04
2.679000000000000000e+04 2.872200000000000000e+04
2.676100000000000000e+04 2.875600000000000000e+04
2.679600000000000000e+04 2.872000000000000000e+04
2.678900000000000000e+04 2.872400000000000000e+04
2.678300000000000000e+04 2.873700000000000000e+04
2.682000000000000000e+04 2.870100000000000000e+04
2.681400000000000000e+04 2.870900000000000000e+04
2.685800000000000000e+04 2.868200000000000000e+04
2.683000000000000000e+04 2.868600000000000000e+04
2.690700000000000000e+04 2.861600000000000000e+04
2.687900000000000000e+04 2.866900000000000000e+04
2.689500000000000000e+04 2.865400000000000000e+04
2.690300000000000000e+04 2.863100000000000000e+04
2.686200000000000000e+04 2.867700000000000000e+04
2.693300000000000000e+04 2.860000000000000000e+04
2.700500000000000000e+04 2.854600000000000000e+04
2.698300000000000000e+04 2.856900000000000000e+04
2.692600000000000000e+04 2.860200000000000000e+04
2.696100000000000000e+04 2.859000000000000000e+04
2.698700000000000000e+04 2.854900000000000000e+04
2.706900000000000000e+04 2.848800000000000000e+04
2.703200000000000000e+04 2.853000000000000000e+04
2.704300000000000000e+04 2.851700000000000000e+04
2.705500000000000000e+04 2.850200000000000000e+04
2.707100000000000000e+04 2.847500000000000000e+04
2.711000000000000000e+04 2.845000000000000000e+04
2.707500000000000000e+04 2.847300000000000000e+04
2.710300000000000000e+04 2.845900000000000000e+04
2.712200000000000000e+04 2.844800000000000000e+04
2.712600000000000000e+04 2.843200000000000000e+04
2.713000000000000000e+04 2.842900000000000000e+04
2.715400000000000000e+04 2.839500000000000000e+04
2.713200000000000000e+04 2.841200000000000000e+04
2.717800000000000000e+04 2.839000000000000000e+04
2.719600000000000000e+04 2.837200000000000000e+04
2.722700000000000000e+04 2.835200000000000000e+04
2.721700000000000000e+04 2.835900000000000000e+04
2.721300000000000000e+04 2.837100000000000000e+04
2.723100000000000000e+04 2.833900000000000000e+04
2.723200000000000000e+04 2.833600000000000000e+04
2.730500000000000000e+04 2.831200000000000000e+04
2.728100000000000000e+04 2.832200000000000000e+04
2.733100000000000000e+04 2.825800000000000000e+04
2.731800000000000000e+04 2.829300000000000000e+04
2.736200000000000000e+04 2.824800000000000000e+04
2.732000000000000000e+04 2.828300000000000000e+04
2.737600000000000000e+04 2.823000000000000000e+04
2.732500000000000000e+04 2.826500000000000000e+04
2.739700000000000000e+04 2.818900000000000000e+04
2.734400000000000000e+04 2.825500000000000000e+04
2.743500000000000000e+04 2.818100000000000000e+04
2.737700000000000000e+04 2.819200000000000000e+04
2.745100000000000000e+04 2.815600000000000000e+04
2.745600000000000000e+04 2.814200000000000000e+04
2.748800000000000000e+04 2.811100000000000000e+04
2.746000000000000000e+04 2.812300000000000000e+04
2.745700000000000000e+04 2.812900000000000000e+04
2.748100000000000000e+04 2.811800000000000000e+04
2.752100000000000000e+04 2.811000000000000000e+04
2.759000000000000000e+04 2.805200000000000000e+04
2.755200000000000000e+04 2.809500000000000000e+04
2.755400000000000000e+04 2.808400000000000000e+04
2.762100000000000000e+04 2.802300000000000000e+04
2.757100000000000000e+04 2.806700000000000000e+04
2.760600000000000000e+04 2.803600000000000000e+04
2.767300000000000000e+04 2.796800000000000000e+04
2.761300000000000000e+04 2.802700000000000000e+04
2.761200000000000000e+04 2.803000000000000000e+04
2.766000000000000000e+04 2.797000000000000000e+04
2.765700000000000000e+04 2.798600000000000000e+04
2.765200000000000000e+04 2.801900000000000000e+04
2.772300000000000000e+04 2.792700000000000000e+04
2.771600000000000000e+04 2.793300000000000000e+04
2.774900000000000000e+04 2.785800000000000000e+04
2.774500000000000000e+04 2.787500000000000000e+04
2.773800000000000000e+04 2.789000000000000000e+04
2.776800000000000000e+04 2.785400000000000000e+04
2.779200000000000000e+04 2.785000000000000000e+04
2.773100000000000000e+04 2.789800000000000000e+04
2.781800000000000000e+04 2.783700000000000000e+04
2.787700000000000000e+04 2.774700000000000000e+04
2.784800000000000000e+04 2.779300000000000000e+04
2.782900000000000000e+04 2.781600000000000000e+04
2.787500000000000000e+04 2.775500000000000000e+04
2.785400000000000000e+04 2.777800000000000000e+04
2.788900000000000000e+04 2.774000000000000000e+04
2.785800000000000000e+04 2.775900000000000000e+04
2.789900000000000000e+04 2.771400000000000000e+04
2.792600000000000000e+04 2.770400000000000000e+04
2.795700000000000000e+04 2.766000000000000000e+04
2.790200000000000000e+04 2.771200000000000000e+04
2.794500000000000000e+04 2.767200000000000000e+04
2.800900000000000000e+04 2.760400000000000000e+04
2.797000000000000000e+04 2.764400000000000000e+04
2.802900000000000000e+04 2.757600000000000000e+04
2.801300000000000000e+04 2.760300000000000000e+04
2.800400000000000000e+04 2.763300000000000000e+04
2.797600000000000000e+04 2.763500000000000000e+04
2.556000000000000000e+04 2.926000000000000000e+04
2.556400000000000000e+04 2.922000000000000000e+04
2.558700000000000000e+04 2.921800000000000000e+04
2.573700000000000000e+04 2.921700000000000000e+04
2.574200000000000000e+04 2.920400000000000000e+04
2.574900000000000000e+04 2.920200000000000000e+04
2.590500000000000000e+04 2.919400000000000000e+04
2.590600000000000000e+04 2.916900000000000000e+04
2.596200000000000000e+04 2.916300000000000000e+04
2.601000000000000000e+04 2.913000000000000000e+04
2.599900000000000000e+04 2.914100000000000000e+04
2.604000000000000000e+04 2.912600000000000000e+04
2.609400000000000000e+04 2.911600000000000000e+04
2.612300000000000000e+04 2.910900000000000000e+04
2.613500000000000000e+04 2.910100000000000000e+04
2.614100000000000000e+04 2.908900000000000000e+04
2.615600000000000000e+04 2.908500000000000000e+04
2.621500000000000000e+04 2.907000000000000000e+04
2.618700000000000000e+04 2.908300000000000000e+04
2.622500000000000000e+04 2.905200000000000000e+04
2.636800000000000000e+04 2.899500000000000000e+04
2.624900000000000000e+04 2.903500000000000000e+04
2.634300000000000000e+04 2.902100000000000000e+04
2.623200000000000000e+04 2.904800000000000000e+04
2.643600000000000000e+04 2.895100000000000000e+04
2.636000000000000000e+04 2.900600000000000000e+04
2.641700000000000000e+04 2.896700000000000000e+04
2.636400000000000000e+04 2.900200000000000000e+04
2.642200000000000000e+04 2.896400000000000000e+04
2.639900000000000000e+04 2.899000000000000000e+04
2.644600000000000000e+04 2.894300000000000000e+04
2.640600000000000000e+04 2.896800000000000000e+04
2.646500000000000000e+04 2.893300000000000000e+04
2.648900000000000000e+04 2.892000000000000000e+04
2.648000000000000000e+04 2.893000000000000000e+04
2.648500000000000000e+04 2.892700000000000000e+04
2.650400000000000000e+04 2.891300000000000000e+04
2.654700000000000000e+04 2.889500000000000000e+04
2.657500000000000000e+04 2.885600000000000000e+04
2.660100000000000000e+04 2.884600000000000000e+04
2.662400000000000000e+04 2.882700000000000000e+04
2.662300000000000000e+04 2.884200000000000000e+04
2.665200000000000000e+04 2.880700000000000000e+04
2.663100000000000000e+04 2.881100000000000000e+04
2.663800000000000000e+04 2.881000000000000000e+04
2.665700000000000000e+04 2.880200000000000000e+04
2.666400000000000000e+04 2.878700000000000000e+04
2.673400000000000000e+04 2.877700000000000000e+04
2.678000000000000000e+04 2.875300000000000000e+04
2.671200000000000000e+04 2.878600000000000000e+04
2.679000000000000000e+04 2.872200000000000000e+04
2.676100000000000000e+04 2.875600000000000000e+04
2.679600000000000000e+04 2.872000000000000000e+04
2.678900000000000000e+04 2.872400000000000000e+04
2.678300000000000000e+04 2.873700000000000000e+04
2.682000000000000000e+04 2.870100000000000000e+04
2.681400000000000000e+04 2.870900000000000000e+04
2.685800000000000000e+04 2.868200000000000000e+04
2.683000000000000000e+04 2.868600000000000000e+04
2.690700000000000000e+04 2.861600000000000000e+04
2.687900000000000000e+04 2.866900000000000000e+04
2.689500000000000000e+04 2.865400000000000000e+04
2.690300000000000000e+04 2.863100000000000000e+04
2.686200000000000000e+04 2.867700000000000000e+04
2.693300000000000000e+04 2.860000000000000000e+04
2.700500000000000000e+04 2.854600000000000000e+04
2.698300000000000000e+04 2.856900000000000000e+04
2.692600000000000000e+04 2.860200000000000000e+04
2.696100000000000000e+04 2.859000000000000000e+04
2.698700000000000000e+04 2.854900000000000000e+04
2.706900000000000000e+04 2.848800000000000000e+04
2.703200000000000000e+04 2.853000000000000000e+04
2.704300000000000000e+04 2.851700000000000000e+04
2.705500000000000000e+04 2.850200000000000000e+04
2.707100000000000000e+04 2.847500000000000000e+04
2.711000000000000000e+04 2.845000000000000000e+04
2.707500000000000000e+04 2.847300000000000000e+04
2.710300000000000000e+04 2.845900000000000000e+04
2.712200000000000000e+04 2.844800000000000000e+04
2.712600000000000000e+04 2.843200000000000000e+04
2.713000000000000000e+04 2.842900000000000000e+04
2.715400000000000000e+04 2.839500000000000000e+04
2.713200000000000000e+04 2.841200000000000000e+04
2.717800000000000000e+04 2.839000000000000000e+04
2.719600000000000000e+04 2.837200000000000000e+04
2.722700000000000000e+04 2.835200000000000000e+04
2.721700000000000000e+04 2.835900000000000000e+04
2.721300000000000000e+04 2.837100000000000000e+04
2.723100000000000000e+04 2.833900000000000000e+04
2.723200000000000000e+04 2.833600000000000000e+04
2.730500000000000000e+04 2.831200000000000000e+04
2.728100000000000000e+04 2.832200000000000000e+04
2.733100000000000000e+04 2.825800000000000000e+04
2.731800000000000000e+04 2.829300000000000000e+04
2.736200000000000000e+04 2.824800000000000000e+04
2.732000000000000000e+04 2.828300000000000000e+04
2.737600000000000000e+04 2.823000000000000000e+04
2.732500000000000000e+04 2.826500000000000000e+04
2.739700000000000000e+04 2.818900000000000000e+04
2.734400000000000000e+04 2.825500000000000000e+04
2.743500000000000000e+04 2.818100000000000000e+04
2.737700000000000000e+04 2.819200000000000000e+04
2.745100000000000000e+04 2.815600000000000000e+04
2.745600000000000000e+04 2.814200000000000000e+04
2.748800000000000000e+04 2.811100000000000000e+04
2.746000000000000000e+04 2.812300000000000000e+04
2.745700000000000000e+04 2.812900000000000000e+04
2.748100000000000000e+04 2.811800000000000000e+04
2.752100000000000000e+04 2.811000000000000000e+04
2.759000000000000000e+04 2.805200000000000000e+04
2.755200000000000000e+04 2.809500000000000000e+04
2.755400000000000000e+04 2.808400000000000000e+04
2.762100000000000000e+04 2.802300000000000000e+04
2.757100000000000000e+04 2.806700000000000000e+04
2.760600000000000000e+04 2.803600000000000000e+04
2.767300000000000000e+04 2.796800000000000000e+04
2.761300000000000000e+04 2.802700000000000000e+04
2.761200000000000000e+04 2.803000000000000000e+04
2.766000000000000000e+04 2.797000000000000000e+04
2.765700000000000000e+04 2.798600000000000000e+04
2.765200000000000000e+04 2.801900000000000000e+04
2.772300000000000000e+04 2.792700000000000000e+04
2.771600000000000000e+04 2.793300000000000000e+04
2.774900000000000000e+04 2.785800000000000000e+04
2.774500000000000000e+04 2.787500000000000000e+04
2.773800000000000000e+04 2.789000000000000000e+04
2.776800000000000000e+04 2.785400000000000000e+04
2.779200000000000000e+04 2.785000000000000000e+04
2.773100000000000000e+04 2.789800000000000000e+04
2.781800000000000000e+04 2.783700000000000000e+04
2.787700000000000000e+04 2.774700000000000000e+04
2.784800000000000000e+04 2.779300000000000000e+04
2.782900000000000000e+04 2.781600000000000000e+04
2.787500000000000000e+04 2.775500000000000000e+04
2.785400000000000000e+04 2.777800000000000000e+04
2.788900000000000000e+04 2.774000000000000000e+04
2.785800000000000000e+04 2.775900000000000000e+04
2.789900000000000000e+04 2.771400000000000000e+04
2.792600000000000000e+04 2.770400000000000000e+04
2.795700000000000000e+04 2.766000000000000000e+04
2.790200000000000000e+04 2.771200000000000000e+04
2.794500000000000000e+04 2.767200000000000000e+04
2.800900000000000000e+04 2.760400000000000000e+04
2.797000000000000000e+04 2.764400000000000000e+04
2.801300000000000000e+04 2.760300000000000000e+04
2.800400000000000000e+04 2.763300000000000000e+04
2.797600000000000000e+04 2.763500000000000000e+04
2.803300000000000000e+04 2.756700000000000000e+04
2.804100000000000000e+04 2.756600000000000000e+04
2.805100000000000000e+04 2.754800000000000000e+04
2.807600000000000000e+04 2.749800000000000000e+04
2.803200000000000000e+04 2.757700000000000000e+04
2.806200000000000000e+04 2.754700000000000000e+04
2.806900000000000000e+04 2.751300000000000000e+04
2.810100000000000000e+04 2.746000000000000000e+04
2.810000000000000000e+04 2.749300000000000000e+04
2.812000000000000000e+04 2.744800000000000000e+04
2.810300000000000000e+04 2.745400000000000000e+04
2.813800000000000000e+04 2.742400000000000000e+04
2.811800000000000000e+04 2.745100000000000000e+04
2.556000000000000000e+04 2.926000000000000000e+04
2.556400000000000000e+04 2.922000000000000000e+04
2.558700000000000000e+04 2.921800000000000000e+04
2.573700000000000000e+04 2.921700000000000000e+04
2.574200000000000000e+04 2.920400000000000000e+04
2.574900000000000000e+04 2.920200000000000000e+04
2.590500000000000000e+04 2.919400000000000000e+04
2.590600000000000000e+04 2.916900000000000000e+04
2.596200000000000000e+04 2.916300000000000000e+04
2.601000000000000000e+04 2.913000000000000000e+04
2.599900000000000000e+04 2.914100000000000000e+04
2.604000000000000000e+04 2.912600000000000000e+04
2.609400000000000000e+04 2.911600000000000000e+04
2.612300000000000000e+04 2.910900000000000000e+04
2.613500000000000000e+04 2.910100000000000000e+04
2.614100000000000000e+04 2.908900000000000000e+04
2.615600000000000000e+04 2.908500000000000000e+04
2.621500000000000000e+04 2.907000000000000000e+04
2.618700000000000000e+04 2.908300000000000000e+04
2.622500000000000000e+04 2.905200000000000000e+04
2.636800000000000000e+04 2.899500000000000000e+04
2.624900000000000000e+04 2.903500000000000000e+04
2.634300000000000000e+04 2.902100000000000000e+04
2.623200000000000000e+04 2.904800000000000000e+04
2.643600000000000000e+04 2.895100000000000000e+04
2.636000000000000000e+04 2.900600000000000000e+04
2.641700000000000000e+04 2.896700000000000000e+04
2.636400000000000000e+04 2.900200000000000000e+04
2.642200000000000000e+04 2.896400000000000000e+04
2.639900000000000000e+04 2.899000000000000000e+04
2.644600000000000000e+04 2.894300000000000000e+04
2.640600000000000000e+04 2.896800000000000000e+04
2.646500000000000000e+04 2.893300000000000000e+04
2.648900000000000000e+04 2.892000000000000000e+04
2.648000000000000000e+04 2.893000000000000000e+04
2.648500000000000000e+04 2.892700000000000000e+04
2.650400000000000000e+04 2.891300000000000000e+04
2.654700000000000000e+04 2.889500000000000000e+04
2.657500000000000000e+04 2.885600000000000000e+04
2.660100000000000000e+04 2.884600000000000000e+04
2.662400000000000000e+04 2.882700000000000000e+04
2.662300000000000000e+04 2.884200000000000000e+04
2.665200000000000000e+04 2.880700000000000000e+04
2.663100000000000000e+04 2.881100000000000000e+04
2.663800000000000000e+04 2.881000000000000000e+04
2.665700000000000000e+04 2.880200000000000000e+04
2.666400000000000000e+04 2.878700000000000000e+04
2.673400000000000000e+04 2.877700000000000000e+04
2.678000000000000000e+04 2.875300000000000000e+04
2.671200000000000000e+04 2.878600000000000000e+04
2.679000000000000000e+04 2.872200000000000000e+04
2.676100000000000000e+04 2.875600000000000000e+04
2.679600000000000000e+04 2.872000000000000000e+04
2.678900000000000000e+04 2.872400000000000000e+04
2.678300000000000000e+04 2.873700000000000000e+04
2.682000000000000000e+04 2.870100000000000000e+04
2.681400000000000000e+04 2.870900000000000000e+04
2.685800000000000000e+04 2.868200000000000000e+04
2.683000000000000000e+04 2.868600000000000000e+04
2.690700000000000000e+04 2.861600000000000000e+04
2.687900000000000000e+04 2.866900000000000000e+04
2.689500000000000000e+04 2.865400000000000000e+04
2.690300000000000000e+04 2.863100000000000000e+04
2.686200000000000000e+04 2.867700000000000000e+04
2.693300000000000000e+04 2.860000000000000000e+04
2.700500000000000000e+04 2.854600000000000000e+04
2.698300000000000000e+04 2.856900000000000000e+04
2.692600000000000000e+04 2.860200000000000000e+04
2.696100000000000000e+04 2.859000000000000000e+04
2.698700000000000000e+04 2.854900000000000000e+04
2.706900000000000000e+04 2.848800000000000000e+04
2.703200000000000000e+04 2.853000000000000000e+04
2.704300000000000000e+04 2.851700000000000000e+04
2.705500000000000000e+04 2.850200000000000000e+04
2.707100000000000000e+04 2.847500000000000000e+04
2.711000000000000000e+04 2.845000000000000000e+04
2.707500000000000000e+04 2.847300000000000000e+04
2.710300000000000000e+04 2.845900000000000000e+04
2.712200000000000000e+04 2.844800000000000000e+04
2.712600000000000000e+04 2.843200000000000000e+04
2.713000000000000000e+04 2.842900000000000000e+04
2.715400000000000000e+04 2.839500000000000000e+04
2.713200000000000000e+04 2.841200000000000000e+04
2.717800000000000000e+04 2.839000000000000000e+04
2.719600000000000000e+04 2.837200000000000000e+04
2.722700000000000000e+04 2.835200000000000000e+04
2.721700000000000000e+04 2.835900000000000000e+04
2.721300000000000000e+04 2.837100000000000000e+04
2.723100000000000000e+04 2.833900000000000000e+04
2.723200000000000000e+04 2.833600000000000000e+04
2.730500000000000000e+04 2.831200000000000000e+04
2.728100000000000000e+04 2.832200000000000000e+04
2.733100000000000000e+04 2.825800000000000000e+04
2.731800000000000000e+04 2.829300000000000000e+04
2.736200000000000000e+04 2.824800000000000000e+04
2.732000000000000000e+04 2.828300000000000000e+04
2.737600000000000000e+04 2.823000000000000000e+04
2.732500000000000000e+04 2.826500000000000000e+04
2.739700000000000000e+04 2.818900000000000000e+04
2.734400000000000000e+04 2.825500000000000000e+04
2.743500000000000000e+04 2.818100000000000000e+04
2.737700000000000000e+04 2.819200000000000000e+04
2.745100000000000000e+04 2.815600000000000000e+04
2.745600000000000000e+04 2.814200000000000000e+04
2.748800000000000000e+04 2.811100000000000000e+04
2.746000000000000000e+04 2.812300000000000000e+04
2.745700000000000000e+04 2.812900000000000000e+04
2.748100000000000000e+04 2.811800000000000000e+04
2.752100000000000000e+04 2.811000000000000000e+04
2.759000000000000000e+04 2.805200000000000000e+04
2.755200000000000000e+04 2.809500000000000000e+04
2.755400000000000000e+04 2.808400000000000000e+04
2.762100000000000000e+04 2.802300000000000000e+04
2.757100000000000000e+04 2.806700000000000000e+04
2.760600000000000000e+04 2.803600000000000000e+04
2.767300000000000000e+04 2.796800000000000000e+04
2.761300000000000000e+04 2.802700000000000000e+04
2.761200000000000000e+04 2.803000000000000000e+04
2.766000000000000000e+04 2.797000000000000000e+04
2.765700000000000000e+04 2.798600000000000000e+04
2.765200000000000000e+04 2.801900000000000000e+04
2.772300000000000000e+04 2.792700000000000000e+04
2.771600000000000000e+04 2.793300000000000000e+04
2.774900000000000000e+04 2.785800000000000000e+04
2.774500000000000000e+04 2.787500000000000000e+04
2.773800000000000000e+04 2.789000000000000000e+04
2.776800000000000000e+04 2.785400000000000000e+04
2.779200000000000000e+04 2.785000000000000000e+04
2.773100000000000000e+04 2.789800000000000000e+04
2.781800000000000000e+04 2.783700000000000000e+04
2.787700000000000000e+04 2.774700000000000000e+04
2.784800000000000000e+04 2.779300000000000000e+04
2.782900000000000000e+04 2.781600000000000000e+04
2.787500000000000000e+04 2.775500000000000000e+04
2.785400000000000000e+04 2.777800000000000000e+04
2.788900000000000000e+04 2.774000000000000000e+04
2.785800000000000000e+04 2.775900000000000000e+04
2.789900000000000000e+04 2.771400000000000000e+04
2.792600000000000000e+04 2.770400000000000000e+04
2.795700000000000000e+04 2.766000000000000000e+04
2.790200000000000000e+04 2.771200000000000000e+04
2.794500000000000000e+04 2.767200000000000000e+04
2.800900000000000000e+04 2.760400000000000000e+04
2.797000000000000000e+04 2.764400000000000000e+04
2.801300000000000000e+04 2.760300000000000000e+04
2.800400000000000000e+04 2.763300000000000000e+04
2.797600000000000000e+04 2.763500000000000000e+04
2.803300000000000000e+04 2.756700000000000000e+04
2.804100000000000000e+04 2.756600000000000000e+04
2.805100000000000000e+04 2.754800000000000000e+04
2.807600000000000000e+04 2.749800000000000000e+04
2.803200000000000000e+04 2.757700000000000000e+04
2.806200000000000000e+04 2.754700000000000000e+04
2.806900000000000000e+04 2.751300000000000000e+04
2.810000000000000000e+04 2.749300000000000000e+04
2.812000000000000000e+04 2.744800000000000000e+04
2.810300000000000000e+04 2.745400000000000000e+04
2.811800000000000000e+04 2.745100000000000000e+04
2.815900000000000000e+04 2.740700000000000000e+04
2.810100000000000000e+04 2.747800000000000000e+04
2.817300000000000000e+04 2.738100000000000000e+04
2.815800000000000000e+04 2.743000000000000000e+04
2.820000000000000000e+04 2.735400000000000000e+04
2.819100000000000000e+04 2.737600000000000000e+04
2.821700000000000000e+04 2.732300000000000000e+04
2.816700000000000000e+04 2.739000000000000000e+04
2.819800000000000000e+04 2.735500000000000000e+04
2.826000000000000000e+04 2.723100000000000000e+04
2.823500000000000000e+04 2.729500000000000000e+04
2.824000000000000000e+04 2.728200000000000000e+04
2.556000000000000000e+04 2.926000000000000000e+04
2.556400000000000000e+04 2.922000000000000000e+04
2.558700000000000000e+04 2.921800000000000000e+04
2.573700000000000000e+04 2.921700000000000000e+04
2.574200000000000000e+04 2.920400000000000000e+04
2.574900000000000000e+04 2.920200000000000000e+04
2.590500000000000000e+04 2.919400000000000000e+04
2.590600000000000000e+04 2.916900000000000000e+04
2.596200000000000000e+04 2.916300000000000000e+04
2.601000000000000000e+04 2.913000000000000000e+04
2.599900000000000000e+04 2.914100000000000000e+04
2.604000000000000000e+04 2.912600000000000000e+04
2.609400000000000000e+04 2.911600000000000000e+04
2.612300000000000000e+04 2.910900000000000000e+04
2.613500000000000000e+04 2.910100000000000000e+04
2.614100000000000000e+04 2.908900000000000000e+04
2.615600000000000000e+04 2.908500000000000000e+04
2.621500000000000000e+04 2.907000000000000000e+04
2.618700000000000000e+04 2.908300000000000000e+04
2.622500000000000000e+04 2.905200000000000000e+04
2.636800000000000000e+04 2.899500000000000000e+04
2.624900000000000000e+04 2.903500000000000000e+04
2.634300000000000000e+04 2.902100000000000000e+04
2.623200000000000000e+04 2.904800000000000000e+04
2.643600000000000000e+04 2.895100000000000000e+04
2.636000000000000000e+04 2.900600000000000000e+04
2.641700000000000000e+04 2.896700000000000000e+04
2.636400000000000000e+04 2.900200000000000000e+04
2.642200000000000000e+04 2.896400000000000000e+04
2.639900000000000000e+04 2.899000000000000000e+04
2.644600000000000000e+04 2.894300000000000000e+04
2.640600000000000000e+04 2.896800000000000000e+04
2.646500000000000000e+04 2.893300000000000000e+04
2.648900000000000000e+04 2.892000000000000000e+04
2.648000000000000000e+04 2.893000000000000000e+04
2.648500000000000000e+04 2.892700000000000000e+04
2.650400000000000000e+04 2.891300000000000000e+04
2.654700000000000000e+04 2.889500000000000000e+04
2.657500000000000000e+04 2.885600000000000000e+04
2.660100000000000000e+04 2.884600000000000000e+04
2.662400000000000000e+04 2.882700000000000000e+04
2.662300000000000000e+04 2.884200000000000000e+04
2.665200000000000000e+04 2.880700000000000000e+04
2.663100000000000000e+04 2.881100000000000000e+04
2.663800000000000000e+04 2.881000000000000000e+04
2.665700000000000000e+04 2.880200000000000000e+04
2.666400000000000000e+04 2.878700000000000000e+04
2.673400000000000000e+04 2.877700000000000000e+04
2.678000000000000000e+04 2.875300000000000000e+04
2.671200000000000000e+04 2.878600000000000000e+04
2.679000000000000000e+04 2.872200000000000000e+04
2.676100000000000000e+04 2.875600000000000000e+04
2.679600000000000000e+04 2.872000000000000000e+04
2.678900000000000000e+04 2.872400000000000000e+04
2.678300000000000000e+04 2.873700000000000000e+04
2.682000000000000000e+04 2.870100000000000000e+04
2.681400000000000000e+04 2.870900000000000000e+04
2.685800000000000000e+04 2.868200000000000000e+04
2.683000000000000000e+04 2.868600000000000000e+04
2.690700000000000000e+04 2.861600000000000000e+04
2.687900000000000000e+04 2.866900000000000000e+04
2.689500000000000000e+04 2.865400000000000000e+04
2.690300000000000000e+04 2.863100000000000000e+04
2.686200000000000000e+04 2.867700000000000000e+04
2.693300000000000000e+04 2.860000000000000000e+04
2.700500000000000000e+04 2.854600000000000000e+04
2.698300000000000000e+04 2.856900000000000000e+04
2.692600000000000000e+04 2.860200000000000000e+04
2.696100000000000000e+04 2.859000000000000000e+04
2.698700000000000000e+04 2.854900000000000000e+04
2.706900000000000000e+04 2.848800000000000000e+04
2.703200000000000000e+04 2.853000000000000000e+04
2.704300000000000000e+04 2.851700000000000000e+04
2.705500000000000000e+04 2.850200000000000000e+04
2.707100000000000000e+04 2.847500000000000000e+04
2.711000000000000000e+04 2.845000000000000000e+04
2.707500000000000000e+04 2.847300000000000000e+04
2.710300000000000000e+04 2.845900000000000000e+04
2.712200000000000000e+04 2.844800000000000000e+04
2.712600000000000000e+04 2.843200000000000000e+04
2.713000000000000000e+04 2.842900000000000000e+04
2.715400000000000000e+04 2.839500000000000000e+04
2.713200000000000000e+04 2.841200000000000000e+04
2.717800000000000000e+04 2.839000000000000000e+04
2.719600000000000000e+04 2.837200000000000000e+04
2.722700000000000000e+04 2.835200000000000000e+04
2.721700000000000000e+04 2.835900000000000000e+04
2.721300000000000000e+04 2.837100000000000000e+04
2.723100000000000000e+04 2.833900000000000000e+04
2.723200000000000000e+04 2.833600000000000000e+04
2.730500000000000000e+04 2.831200000000000000e+04
2.728100000000000000e+04 2.832200000000000000e+04
2.733100000000000000e+04 2.825800000000000000e+04
2.731800000000000000e+04 2.829300000000000000e+04
2.736200000000000000e+04 2.824800000000000000e+04
2.732000000000000000e+04 2.828300000000000000e+04
2.737600000000000000e+04 2.823000000000000000e+04
2.732500000000000000e+04 2.826500000000000000e+04
2.739700000000000000e+04 2.818900000000000000e+04
2.734400000000000000e+04 2.825500000000000000e+04
2.743500000000000000e+04 2.818100000000000000e+04
2.737700000000000000e+04 2.819200000000000000e+04
2.745100000000000000e+04 2.815600000000000000e+04
2.745600000000000000e+04 2.814200000000000000e+04
2.748800000000000000e+04 2.811100000000000000e+04
2.746000000000000000e+04 2.812300000000000000e+04
2.745700000000000000e+04 2.812900000000000000e+04
2.748100000000000000e+04 2.811800000000000000e+04
2.752100000000000000e+04 2.811000000000000000e+04
2.759000000000000000e+04 2.805200000000000000e+04
2.755200000000000000e+04 2.809500000000000000e+04
2.755400000000000000e+04 2.808400000000000000e+04
2.762100000000000000e+04 2.802300000000000000e+04
2.757100000000000000e+04 2.806700000000000000e+04
2.760600000000000000e+04 2.803600000000000000e+04
2.767300000000000000e+04 2.796800000000000000e+04
2.761300000000000000e+04 2.802700000000000000e+04
2.761200000000000000e+04 2.803000000000000000e+04
2.766000000000000000e+04 2.797000000000000000e+04
2.765700000000000000e+04 2.798600000000000000e+04
2.765200000000000000e+04 2.801900000000000000e+04
2.772300000000000000e+04 2.792700000000000000e+04
2.771600000000000000e+04 2.793300000000000000e+04
2.774900000000000000e+04 2.785800000000000000e+04
2.774500000000000000e+04 2.787500000000000000e+04
2.773800000000000000e+04 2.789000000000000000e+04
2.776800000000000000e+04 2.785400000000000000e+04
2.779200000000000000e+04 2.785000000000000000e+04
2.773100000000000000e+04 2.789800000000000000e+04
2.781800000000000000e+04 2.783700000000000000e+04
2.787700000000000000e+04 2.774700000000000000e+04
2.784800000000000000e+04 2.779300000000000000e+04
2.782900000000000000e+04 2.781600000000000000e+04
2.787500000000000000e+04 2.775500000000000000e+04
2.785400000000000000e+04 2.777800000000000000e+04
2.788900000000000000e+04 2.774000000000000000e+04
2.785800000000000000e+04 2.775900000000000000e+04
2.789900000000000000e+04 2.771400000000000000e+04
2.792600000000000000e+04 2.770400000000000000e+04
2.795700000000000000e+04 2.766000000000000000e+04
2.790200000000000000e+04 2.771200000000000000e+04
2.794500000000000000e+04 2.767200000000000000e+04
2.800900000000000000e+04 2.760400000000000000e+04
2.797000000000000000e+04 2.764400000000000000e+04
2.801300000000000000e+04 2.760300000000000000e+04
2.800400000000000000e+04 2.763300000000000000e+04
2.797600000000000000e+04 2.763500000000000000e+04
2.803300000000000000e+04 2.756700000000000000e+04
2.804100000000000000e+04 2.756600000000000000e+04
2.803200000000000000e+04 2.757700000000000000e+04
2.806200000000000000e+04 2.754700000000000000e+04
2.806900000000000000e+04 2.751300000000000000e+04
2.810000000000000000e+04 2.749300000000000000e+04
2.815900000000000000e+04 2.740700000000000000e+04
2.810100000000000000e+04 2.747800000000000000e+04
2.815800000000000000e+04 2.743000000000000000e+04
2.821700000000000000e+04 2.732300000000000000e+04
2.826000000000000000e+04 2.723100000000000000e+04
2.823500000000000000e+04 2.729500000000000000e+04
2.824000000000000000e+04 2.728200000000000000e+04
2.805400000000000000e+04 2.754900000000000000e+04
2.805200000000000000e+04 2.755100000000000000e+04
2.806300000000000000e+04 2.753800000000000000e+04
2.808600000000000000e+04 2.750500000000000000e+04
2.813200000000000000e+04 2.745600000000000000e+04
2.811700000000000000e+04 2.746300000000000000e+04
2.810800000000000000e+04 2.747200000000000000e+04
2.820400000000000000e+04 2.737600000000000000e+04
2.812500000000000000e+04 2.746100000000000000e+04
2.819200000000000000e+04 2.738600000000000000e+04
2.821200000000000000e+04 2.734700000000000000e+04
2.823000000000000000e+04 2.729600000000000000e+04
2.818200000000000000e+04 2.740400000000000000e+04
2.822500000000000000e+04 2.730200000000000000e+04
2.556000000000000000e+04 2.926000000000000000e+04
2.556400000000000000e+04 2.922000000000000000e+04
2.558700000000000000e+04 2.921800000000000000e+04
2.573700000000000000e+04 2.921700000000000000e+04
2.574200000000000000e+04 2.920400000000000000e+04
2.574900000000000000e+04 2.920200000000000000e+04
2.590500000000000000e+04 2.919400000000000000e+04
2.590600000000000000e+04 2.916900000000000000e+04
2.596200000000000000e+04 2.916300000000000000e+04
2.601000000000000000e+04 2.913000000000000000e+04
2.599900000000000000e+04 2.914100000000000000e+04
2.604000000000000000e+04 2.912600000000000000e+04
2.609400000000000000e+04 2.911600000000000000e+04
2.612300000000000000e+04 2.910900000000000000e+04
2.613500000000000000e+04 2.910100000000000000e+04
2.614100000000000000e+04 2.908900000000000000e+04
2.615600000000000000e+04 2.908500000000000000e+04
2.621500000000000000e+04 2.907000000000000000e+04
2.618700000000000000e+04 2.908300000000000000e+04
2.622500000000000000e+04 2.905200000000000000e+04
2.636800000000000000e+04 2.899500000000000000e+04
2.624900000000000000e+04 2.903500000000000000e+04
2.634300000000000000e+04 2.902100000000000000e+04
2.623200000000000000e+04 2.904800000000000000e+04
2.643600000000000000e+04 2.895100000000000000e+04
2.636000000000000000e+04 2.900600000000000000e+04
2.641700000000000000e+04 2.896700000000000000e+04
2.636400000000000000e+04 2.900200000000000000e+04
2.642200000000000000e+04 2.896400000000000000e+04
2.639900000000000000e+04 2.899000000000000000e+04
2.644600000000000000e+04 2.894300000000000000e+04
2.640600000000000000e+04 2.896800000000000000e+04
2.646500000000000000e+04 2.893300000000000000e+04
2.648900000000000000e+04 2.892000000000000000e+04
2.648000000000000000e+04 2.893000000000000000e+04
2.648500000000000000e+04 2.892700000000000000e+04
2.650400000000000000e+04 2.891300000000000000e+04
2.654700000000000000e+04 2.889500000000000000e+04
2.657500000000000000e+04 2.885600000000000000e+04
2.660100000000000000e+04 2.884600000000000000e+04
2.662400000000000000e+04 2.882700000000000000e+04
2.662300000000000000e+04 2.884200000000000000e+04
2.665200000000000000e+04 2.880700000000000000e+04
2.663100000000000000e+04 2.881100000000000000e+04
2.663800000000000000e+04 2.881000000000000000e+04
2.665700000000000000e+04 2.880200000000000000e+04
2.666400000000000000e+04 2.878700000000000000e+04
2.673400000000000000e+04 2.877700000000000000e+04
2.678000000000000000e+04 2.875300000000000000e+04
2.671200000000000000e+04 2.878600000000000000e+04
2.679000000000000000e+04 2.872200000000000000e+04
2.676100000000000000e+04 2.875600000000000000e+04
2.679600000000000000e+04 2.872000000000000000e+04
2.678900000000000000e+04 2.872400000000000000e+04
2.678300000000000000e+04 2.873700000000000000e+04
2.682000000000000000e+04 2.870100000000000000e+04
2.681400000000000000e+04 2.870900000000000000e+04
2.685800000000000000e+04 2.868200000000000000e+04
2.683000000000000000e+04 2.868600000000000000e+04
2.690700000000000000e+04 2.861600000000000000e+04
2.687900000000000000e+04 2.866900000000000000e+04
2.689500000000000000e+04 2.865400000000000000e+04
2.690300000000000000e+04 2.863100000000000000e+04
2.686200000000000000e+04 2.867700000000000000e+04
2.693300000000000000e+04 2.860000000000000000e+04
2.700500000000000000e+04 2.854600000000000000e+04
2.698300000000000000e+04 2.856900000000000000e+04
2.692600000000000000e+04 2.860200000000000000e+04
2.696100000000000000e+04 2.859000000000000000e+04
2.698700000000000000e+04 2.854900000000000000e+04
2.706900000000000000e+04 2.848800000000000000e+04
2.703200000000000000e+04 2.853000000000000000e+04
2.704300000000000000e+04 2.851700000000000000e+04
2.705500000000000000e+04 2.850200000000000000e+04
2.707100000000000000e+04 2.847500000000000000e+04
2.711000000000000000e+04 2.845000000000000000e+04
2.707500000000000000e+04 2.847300000000000000e+04
2.710300000000000000e+04 2.845900000000000000e+04
2.712200000000000000e+04 2.844800000000000000e+04
2.712600000000000000e+04 2.843200000000000000e+04
2.713000000000000000e+04 2.842900000000000000e+04
2.715400000000000000e+04 2.839500000000000000e+04
2.713200000000000000e+04 2.841200000000000000e+04
2.717800000000000000e+04 2.839000000000000000e+04
2.719600000000000000e+04 2.837200000000000000e+04
2.722700000000000000e+04 2.835200000000000000e+04
2.721700000000000000e+04 2.835900000000000000e+04
2.721300000000000000e+04 2.837100000000000000e+04
2.723100000000000000e+04 2.833900000000000000e+04
2.723200000000000000e+04 2.833600000000000000e+04
2.730500000000000000e+04 2.831200000000000000e+04
2.728100000000000000e+04 2.832200000000000000e+04
2.733100000000000000e+04 2.825800000000000000e+04
2.731800000000000000e+04 2.829300000000000000e+04
2.736200000000000000e+04 2.824800000000000000e+04
2.732000000000000000e+04 2.828300000000000000e+04
2.737600000000000000e+04 2.823000000000000000e+04
2.732500000000000000e+04 2.826500000000000000e+04
2.739700000000000000e+04 2.818900000000000000e+04
2.734400000000000000e+04 2.825500000000000000e+04
2.743500000000000000e+04 2.818100000000000000e+04
2.737700000000000000e+04 2.819200000000000000e+04
2.745100000000000000e+04 2.815600000000000000e+04
2.745600000000000000e+04 2.814200000000000000e+04
2.748800000000000000e+04 2.811100000000000000e+04
2.746000000000000000e+04 2.812300000000000000e+04
2.745700000000000000e+04 2.812900000000000000e+04
2.748100000000000000e+04 2.811800000000000000e+04
2.752100000000000000e+04 2.811000000000000000e+04
2.759000000000000000e+04 2.805200000000000000e+04
2.755200000000000000e+04 2.809500000000000000e+04
2.755400000000000000e+04 2.808400000000000000e+04
2.762100000000000000e+04 2.802300000000000000e+04
2.757100000000000000e+04 2.806700000000000000e+04
2.760600000000000000e+04 2.803600000000000000e+04
2.767300000000000000e+04 2.796800000000000000e+04
2.761300000000000000e+04 2.802700000000000000e+04
2.761200000000000000e+04 2.803000000000000000e+04
2.766000000000000000e+04 2.797000000000000000e+04
2.765700000000000000e+04 2.798600000000000000e+04
2.765200000000000000e+04 2.801900000000000000e+04
2.772300000000000000e+04 2.792700000000000000e+04
2.771600000000000000e+04 2.793300000000000000e+04
2.774900000000000000e+04 2.785800000000000000e+04
2.774500000000000000e+04 2.787500000000000000e+04
2.773800000000000000e+04 2.789000000000000000e+04
2.776800000000000000e+04 2.785400000000000000e+04
2.779200000000000000e+04 2.785000000000000000e+04
2.773100000000000000e+04 2.789800000000000000e+04
2.781800000000000000e+04 2.783700000000000000e+04
2.787700000000000000e+04 2.774700000000000000e+04
2.784800000000000000e+04 2.779300000000000000e+04
2.782900000000000000e+04 2.781600000000000000e+04
2.787500000000000000e+04 2.775500000000000000e+04
2.785400000000000000e+04 2.777800000000000000e+04
2.788900000000000000e+04 2.774000000000000000e+04
2.785800000000000000e+04 2.775900000000000000e+04
2.789900000000000000e+04 2.771400000000000000e+04
2.792600000000000000e+04 2.770400000000000000e+04
2.795700000000000000e+04 2.766000000000000000e+04
2.790200000000000000e+04 2.771200000000000000e+04
2.794500000000000000e+04 2.767200000000000000e+04
2.800900000000000000e+04 2.760400000000000000e+04
2.797000000000000000e+04 2.764400000000000000e+04
2.801300000000000000e+04 2.760300000000000000e+04
2.800400000000000000e+04 2.763300000000000000e+04
2.797600000000000000e+04 2.763500000000000000e+04
2.803300000000000000e+04 2.756700000000000000e+04
2.804100000000000000e+04 2.756600000000000000e+04
2.803200000000000000e+04 2.757700000000000000e+04
2.806200000000000000e+04 2.754700000000000000e+04
2.806900000000000000e+04 2.751300000000000000e+04
2.810000000000000000e+04 2.749300000000000000e+04
2.815900000000000000e+04 2.740700000000000000e+04
2.810100000000000000e+04 2.747800000000000000e+04
2.815800000000000000e+04 2.743000000000000000e+04
2.821700000000000000e+04 2.732300000000000000e+04
2.823500000000000000e+04 2.729500000000000000e+04
2.824000000000000000e+04 2.728200000000000000e+04
2.805400000000000000e+04 2.754900000000000000e+04
2.805200000000000000e+04 2.755100000000000000e+04
2.806300000000000000e+04 2.753800000000000000e+04
2.808600000000000000e+04 2.750500000000000000e+04
2.813200000000000000e+04 2.745600000000000000e+04
2.811700000000000000e+04 2.746300000000000000e+04
2.810800000000000000e+04 2.747200000000000000e+04
2.820400000000000000e+04 2.737600000000000000e+04
2.812500000000000000e+04 2.746100000000000000e+04
2.819200000000000000e+04 2.738600000000000000e+04
2.821200000000000000e+04 2.734700000000000000e+04
2.823000000000000000e+04 2.729600000000000000e+04
2.818200000000000000e+04 2.740400000000000000e+04
2.822500000000000000e+04 2.730200000000000000e+04
2.829300000000000000e+04 2.723600000000000000e+04
2.829700000000000000e+04 2.720600000000000000e+04
2.830500000000000000e+04 2.719000000000000000e+04
2.827000000000000000e+04 2.728100000000000000e+04
2.829600000000000000e+04 2.722700000000000000e+04
2.831400000000000000e+04 2.717900000000000000e+04
2.835500000000000000e+04 2.711900000000000000e+04
2.832600000000000000e+04 2.717400000000000000e+04
2.831300000000000000e+04 2.718000000000000000e+04
2.834900000000000000e+04 2.714800000000000000e+04
2.832700000000000000e+04 2.716200000000000000e+04
2.835400000000000000e+04 2.713900000000000000e+04
2.839800000000000000e+04 2.705800000000000000e+04
2.839300000000000000e+04 2.710400000000000000e+04
2.837300000000000000e+04 2.711400000000000000e+04
2.840000000000000000e+04 2.705600000000000000e+04
2.841600000000000000e+04 2.702800000000000000e+04
2.839500000000000000e+04 2.707100000000000000e+04
2.556000000000000000e+04 2.926000000000000000e+04
2.556400000000000000e+04 2.922000000000000000e+04
2.558700000000000000e+04 2.921800000000000000e+04
2.573700000000000000e+04 2.921700000000000000e+04
2.574200000000000000e+04 2.920400000000000000e+04
2.574900000000000000e+04 2.920200000000000000e+04
2.590500000000000000e+04 2.919400000000000000e+04
2.590600000000000000e+04 2.916900000000000000e+04
2.596200000000000000e+04 2.916300000000000000e+04
2.601000000000000000e+04 2.913000000000000000e+04
2.599900000000000000e+04 2.914100000000000000e+04
2.604000000000000000e+04 2.912600000000000000e+04
2.609400000000000000e+04 2.911600000000000000e+04
2.612300000000000000e+04 2.910900000000000000e+04
2.613500000000000000e+04 2.910100000000000000e+04
2.614100000000000000e+04 2.908900000000000000e+04
2.615600000000000000e+04 2.908500000000000000e+04
2.621500000000000000e+04 2.907000000000000000e+04
2.618700000000000000e+04 2.908300000000000000e+04
2.622500000000000000e+04 2.905200000000000000e+04
2.636800000000000000e+04 2.899500000000000000e+04
2.624900000000000000e+04 2.903500000000000000e+04
2.634300000000000000e+04 2.902100000000000000e+04
2.623200000000000000e+04 2.904800000000000000e+04
2.643600000000000000e+04 2.895100000000000000e+04
2.636000000000000000e+04 2.900600000000000000e+04
2.641700000000000000e+04 2.896700000000000000e+04
2.636400000000000000e+04 2.900200000000000000e+04
2.642200000000000000e+04 2.896400000000000000e+04
2.639900000000000000e+04 2.899000000000000000e+04
2.644600000000000000e+04 2.894300000000000000e+04
2.640600000000000000e+04 2.896800000000000000e+04
2.646500000000000000e+04 2.893300000000000000e+04
2.648900000000000000e+04 2.892000000000000000e+04
2.648000000000000000e+04 2.893000000000000000e+04
2.648500000000000000e+04 2.892700000000000000e+04
2.650400000000000000e+04 2.891300000000000000e+04
2.654700000000000000e+04 2.889500000000000000e+04
2.657500000000000000e+04 2.885600000000000000e+04
2.660100000000000000e+04 2.884600000000000000e+04
2.662400000000000000e+04 2.882700000000000000e+04
2.662300000000000000e+04 2.884200000000000000e+04
2.665200000000000000e+04 2.880700000000000000e+04
2.663100000000000000e+04 2.881100000000000000e+04
2.663800000000000000e+04 2.881000000000000000e+04
2.665700000000000000e+04 2.880200000000000000e+04
2.666400000000000000e+04 2.878700000000000000e+04
2.673400000000000000e+04 2.877700000000000000e+04
2.678000000000000000e+04 2.875300000000000000e+04
2.671200000000000000e+04 2.878600000000000000e+04
2.679000000000000000e+04 2.872200000000000000e+04
2.676100000000000000e+04 2.875600000000000000e+04
2.679600000000000000e+04 2.872000000000000000e+04
2.678900000000000000e+04 2.872400000000000000e+04
2.678300000000000000e+04 2.873700000000000000e+04
2.682000000000000000e+04 2.870100000000000000e+04
2.681400000000000000e+04 2.870900000000000000e+04
2.685800000000000000e+04 2.868200000000000000e+04
2.683000000000000000e+04 2.868600000000000000e+04
2.690700000000000000e+04 2.861600000000000000e+04
2.687900000000000000e+04 2.866900000000000000e+04
2.689500000000000000e+04 2.865400000000000000e+04
2.690300000000000000e+04 2.863100000000000000e+04
2.686200000000000000e+04 2.867700000000000000e+04
2.693300000000000000e+04 2.860000000000000000e+04
2.700500000000000000e+04 2.854600000000000000e+04
2.698300000000000000e+04 2.856900000000000000e+04
2.692600000000000000e+04 2.860200000000000000e+04
2.696100000000000000e+04 2.859000000000000000e+04
2.698700000000000000e+04 2.854900000000000000e+04
2.706900000000000000e+04 2.848800000000000000e+04
2.703200000000000000e+04 2.853000000000000000e+04
2.704300000000000000e+04 2.851700000000000000e+04
2.705500000000000000e+04 2.850200000000000000e+04
2.707100000000000000e+04 2.847500000000000000e+04
2.711000000000000000e+04 2.845000000000000000e+04
2.707500000000000000e+04 2.847300000000000000e+04
2.710300000000000000e+04 2.845900000000000000e+04
2.712200000000000000e+04 2.844800000000000000e+04
2.712600000000000000e+04 2.843200000000000000e+04
2.713000000000000000e+04 2.842900000000000000e+04
2.715400000000000000e+04 2.839500000000000000e+04
2.713200000000000000e+04 2.841200000000000000e+04
2.717800000000000000e+04 2.839000000000000000e+04
2.719600000000000000e+04 2.837200000000000000e+04
2.722700000000000000e+04 2.835200000000000000e+04
2.721700000000000000e+04 2.835900000000000000e+04
2.721300000000000000e+04 2.837100000000000000e+04
2.723100000000000000e+04 2.833900000000000000e+04
2.723200000000000000e+04 2.833600000000000000e+04
2.730500000000000000e+04 2.831200000000000000e+04
2.728100000000000000e+04 2.832200000000000000e+04
2.733100000000000000e+04 2.825800000000000000e+04
2.731800000000000000e+04 2.829300000000000000e+04
2.736200000000000000e+04 2.824800000000000000e+04
2.732000000000000000e+04 2.828300000000000000e+04
2.737600000000000000e+04 2.823000000000000000e+04
2.732500000000000000e+04 2.826500000000000000e+04
2.739700000000000000e+04 2.818900000000000000e+04
2.734400000000000000e+04 2.825500000000000000e+04
2.743500000000000000e+04 2.818100000000000000e+04
2.737700000000000000e+04 2.819200000000000000e+04
2.745100000000000000e+04 2.815600000000000000e+04
2.745600000000000000e+04 2.814200000000000000e+04
2.748800000000000000e+04 2.811100000000000000e+04
2.746000000000000000e+04 2.812300000000000000e+04
2.745700000000000000e+04 2.812900000000000000e+04
2.748100000000000000e+04 2.811800000000000000e+04
2.752100000000000000e+04 2.811000000000000000e+04
2.759000000000000000e+04 2.805200000000000000e+04
2.755200000000000000e+04 2.809500000000000000e+04
2.755400000000000000e+04 2.808400000000000000e+04
2.762100000000000000e+04 2.802300000000000000e+04
2.757100000000000000e+04 2.806700000000000000e+04
2.760600000000000000e+04 2.803600000000000000e+04
2.767300000000000000e+04 2.796800000000000000e+04
2.761300000000000000e+04 2.802700000000000000e+04
2.761200000000000000e+04 2.803000000000000000e+04
2.766000000000000000e+04 2.797000000000000000e+04
2.765700000000000000e+04 2.798600000000000000e+04
2.765200000000000000e+04 2.801900000000000000e+04
2.772300000000000000e+04 2.792700000000000000e+04
2.771600000000000000e+04 2.793300000000000000e+04
2.774900000000000000e+04 2.785800000000000000e+04
2.774500000000000000e+04 2.787500000000000000e+04
2.773800000000000000e+04 2.789000000000000000e+04
2.776800000000000000e+04 2.785400000000000000e+04
2.779200000000000000e+04 2.785000000000000000e+04
2.773100000000000000e+04 2.789800000000000000e+04
2.781800000000000000e+04 2.783700000000000000e+04
2.787700000000000000e+04 2.774700000000000000e+04
2.784800000000000000e+04 2.779300000000000000e+04
2.782900000000000000e+04 2.781600000000000000e+04
2.787500000000000000e+04 2.775500000000000000e+04
2.785400000000000000e+04 2.777800000000000000e+04
2.788900000000000000e+04 2.774000000000000000e+04
2.785800000000000000e+04 2.775900000000000000e+04
2.789900000000000000e+04 2.771400000000000000e+04
2.792600000000000000e+04 2.770400000000000000e+04
2.795700000000000000e+04 2.766000000000000000e+04
2.790200000000000000e+04 2.771200000000000000e+04
2.794500000000000000e+04 2.767200000000000000e+04
2.800900000000000000e+04 2.760400000000000000e+04
2.797000000000000000e+04 2.764400000000000000e+04
2.801300000000000000e+04 2.760300000000000000e+04
2.800400000000000000e+04 2.763300000000000000e+04
2.797600000000000000e+04 2.763500000000000000e+04
2.803300000000000000e+04 2.756700000000000000e+04
2.804100000000000000e+04 2.756600000000000000e+04
2.803200000000000000e+04 2.757700000000000000e+04
2.806200000000000000e+04 2.754700000000000000e+04
2.806900000000000000e+04 2.751300000000000000e+04
2.810000000000000000e+04 2.749300000000000000e+04
2.815900000000000000e+04 2.740700000000000000e+04
2.810100000000000000e+04 2.747800000000000000e+04
2.815800000000000000e+04 2.743000000000000000e+04
2.821700000000000000e+04 2.732300000000000000e+04
2.823500000000000000e+04 2.729500000000000000e+04
2.824000000000000000e+04 2.728200000000000000e+04
2.805400000000000000e+04 2.754900000000000000e+04
2.805200000000000000e+04 2.755100000000000000e+04
2.806300000000000000e+04 2.753800000000000000e+04
2.808600000000000000e+04 2.750500000000000000e+04
2.813200000000000000e+04 2.745600000000000000e+04
2.811700000000000000e+04 2.746300000000000000e+04
2.810800000000000000e+04 2.747200000000000000e+04
2.820400000000000000e+04 2.737600000000000000e+04
2.812500000000000000e+04 2.746100000000000000e+04
2.819200000000000000e+04 2.738600000000000000e+04
2.821200000000000000e+04 2.734700000000000000e+04
2.823000000000000000e+04 2.729600000000000000e+04
2.818200000000000000e+04 2.740400000000000000e+04
2.822500000000000000e+04 2.730200000000000000e+04
2.829300000000000000e+04 2.723600000000000000e+04
2.829700000000000000e+04 2.720600000000000000e+04
2.830500000000000000e+04 2.719000000000000000e+04
2.827000000000000000e+04 2.728100000000000000e+04
2.829600000000000000e+04 2.722700000000000000e+04
2.831400000000000000e+04 2.717900000000000000e+04
2.835500000000000000e+04 2.711900000000000000e+04
2.832600000000000000e+04 2.717400000000000000e+04
2.831300000000000000e+04 2.718000000000000000e+04
2.834900000000000000e+04 2.714800000000000000e+04
2.832700000000000000e+04 2.716200000000000000e+04
2.835400000000000000e+04 2.713900000000000000e+04
2.839800000000000000e+04 2.705800000000000000e+04
2.839300000000000000e+04 2.710400000000000000e+04
2.837300000000000000e+04 2.711400000000000000e+04
2.840000000000000000e+04 2.705600000000000000e+04
2.841600000000000000e+04 2.702800000000000000e+04
2.839500000000000000e+04 2.707100000000000000e+04
2.843800000000000000e+04 2.698700000000000000e+04
2.844800000000000000e+04 2.698300000000000000e+04
2.843500000000000000e+04 2.700000000000000000e+04
2.847600000000000000e+04 2.693400000000000000e+04
2.845800000000000000e+04 2.696800000000000000e+04
2.851100000000000000e+04 2.690900000000000000e+04
2.849900000000000000e+04 2.691500000000000000e+04
2.853200000000000000e+04 2.689500000000000000e+04
2.852400000000000000e+04 2.689900000000000000e+04
2.855100000000000000e+04 2.686200000000000000e+04
2.855000000000000000e+04 2.688100000000000000e+04
2.856200000000000000e+04 2.685900000000000000e+04
2.860500000000000000e+04 2.675800000000000000e+04
2.859500000000000000e+04 2.678600000000000000e+04
2.858000000000000000e+04 2.681300000000000000e+04
2.858900000000000000e+04 2.680100000000000000e+04
2.857500000000000000e+04 2.683300000000000000e+04
2.860900000000000000e+04 2.672800000000000000e+04
2.860700000000000000e+04 2.673400000000000000e+04
2.307700000000000000e+04 2.520300000000000000e+04
2.289200000000000000e+04 2.526300000000000000e+04
2.294100000000000000e+04 2.525200000000000000e+04
2.368300000000000000e+04 2.728400000000000000e+04
2.375800000000000000e+04 2.721100000000000000e+04
2.411400000000000000e+04 2.743000000000000000e+04
2.409300000000000000e+04 2.803800000000000000e+04
2.409700000000000000e+04 2.795400000000000000e+04
2.449500000000000000e+04 2.844200000000000000e+04
2.444800000000000000e+04 2.848700000000000000e+04
2.455300000000000000e+04 2.841400000000000000e+04
2.452900000000000000e+04 2.843900000000000000e+04
2.448500000000000000e+04 2.844300000000000000e+04
2.451700000000000000e+04 2.844100000000000000e+04
2.447200000000000000e+04 2.845400000000000000e+04
2.478400000000000000e+04 2.872500000000000000e+04
2.483100000000000000e+04 2.871200000000000000e+04
2.488100000000000000e+04 2.869600000000000000e+04
2.486200000000000000e+04 2.870000000000000000e+04
2.483500000000000000e+04 2.870200000000000000e+04
2.489700000000000000e+04 2.869000000000000000e+04
2.523800000000000000e+04 2.887700000000000000e+04
2.528200000000000000e+04 2.883300000000000000e+04
2.526300000000000000e+04 2.884000000000000000e+04
2.525100000000000000e+04 2.885300000000000000e+04
2.539100000000000000e+04 2.896600000000000000e+04
2.542600000000000000e+04 2.895500000000000000e+04
2.538100000000000000e+04 2.898200000000000000e+04
2.533600000000000000e+04 2.898900000000000000e+04
2.541000000000000000e+04 2.895700000000000000e+04
2.543900000000000000e+04 2.894200000000000000e+04
2.539200000000000000e+04 2.896200000000000000e+04
2.543500000000000000e+04 2.894500000000000000e+04
2.548200000000000000e+04 2.893100000000000000e+04
2.546500000000000000e+04 2.893600000000000000e+04
2.559400000000000000e+04 2.898200000000000000e+04
2.562500000000000000e+04 2.895100000000000000e+04
2.561900000000000000e+04 2.897800000000000000e+04
2.564400000000000000e+04 2.894900000000000000e+04
2.555000000000000000e+04 2.899100000000000000e+04
2.555000000000000000e+04 2.899100000000000000e+04
2.566800000000000000e+04 2.898500000000000000e+04
2.577900000000000000e+04 2.897800000000000000e+04
2.592000000000000000e+04 2.893500000000000000e+04
2.585000000000000000e+04 2.896100000000000000e+04
2.587700000000000000e+04 2.895500000000000000e+04
2.582800000000000000e+04 2.896900000000000000e+04
2.555000000000000000e+04 2.899100000000000000e+04
2.566800000000000000e+04 2.898500000000000000e+04
2.577900000000000000e+04 2.897800000000000000e+04
2.582800000000000000e+04 2.896900000000000000e+04
2.595100000000000000e+04 2.896800000000000000e+04
2.599700000000000000e+04 2.895000000000000000e+04
2.607400000000000000e+04 2.890000000000000000e+04
2.601900000000000000e+04 2.893600000000000000e+04
2.606300000000000000e+04 2.892000000000000000e+04
2.602900000000000000e+04 2.892400000000000000e+04
2.602400000000000000e+04 2.892500000000000000e+04
2.555000000000000000e+04 2.899100000000000000e+04
2.566800000000000000e+04 2.898500000000000000e+04
2.577900000000000000e+04 2.897800000000000000e+04
2.582800000000000000e+04 2.896900000000000000e+04
2.595100000000000000e+04 2.896800000000000000e+04
2.599700000000000000e+04 2.895000000000000000e+04
2.621100000000000000e+04 2.888300000000000000e+04
2.620700000000000000e+04 2.893200000000000000e+04
2.616200000000000000e+04 2.894600000000000000e+04
2.620800000000000000e+04 2.889000000000000000e+04
2.555000000000000000e+04 2.899100000000000000e+04
2.566800000000000000e+04 2.898500000000000000e+04
2.577900000000000000e+04 2.897800000000000000e+04
2.582800000000000000e+04 2.896900000000000000e+04
2.595100000000000000e+04 2.896800000000000000e+04
2.599700000000000000e+04 2.895000000000000000e+04
2.616200000000000000e+04 2.894600000000000000e+04
2.622500000000000000e+04 2.892900000000000000e+04
2.622400000000000000e+04 2.893500000000000000e+04
2.631100000000000000e+04 2.888600000000000000e+04
2.635800000000000000e+04 2.888200000000000000e+04
2.624100000000000000e+04 2.892600000000000000e+04
2.629800000000000000e+04 2.892400000000000000e+04
2.630300000000000000e+04 2.890400000000000000e+04
2.555000000000000000e+04 2.899100000000000000e+04
2.566800000000000000e+04 2.898500000000000000e+04
2.577900000000000000e+04 2.897800000000000000e+04
2.582800000000000000e+04 2.896900000000000000e+04
2.595100000000000000e+04 2.896800000000000000e+04
2.599700000000000000e+04 2.895000000000000000e+04
2.616200000000000000e+04 2.894600000000000000e+04
2.622500000000000000e+04 2.892900000000000000e+04
2.622400000000000000e+04 2.893500000000000000e+04
2.624100000000000000e+04 2.892600000000000000e+04
2.629800000000000000e+04 2.892400000000000000e+04
2.638300000000000000e+04 2.887700000000000000e+04
2.632900000000000000e+04 2.890100000000000000e+04
2.633500000000000000e+04 2.888900000000000000e+04
2.638400000000000000e+04 2.887100000000000000e+04
2.632500000000000000e+04 2.890800000000000000e+04
2.636700000000000000e+04 2.888700000000000000e+04
2.644100000000000000e+04 2.883500000000000000e+04
2.639300000000000000e+04 2.886500000000000000e+04
2.640500000000000000e+04 2.886000000000000000e+04
2.643200000000000000e+04 2.885200000000000000e+04
2.555000000000000000e+04 2.899100000000000000e+04
2.566800000000000000e+04 2.898500000000000000e+04
2.577900000000000000e+04 2.897800000000000000e+04
2.582800000000000000e+04 2.896900000000000000e+04
2.595100000000000000e+04 2.896800000000000000e+04
2.599700000000000000e+04 2.895000000000000000e+04
2.616200000000000000e+04 2.894600000000000000e+04
2.622500000000000000e+04 2.892900000000000000e+04
2.622400000000000000e+04 2.893500000000000000e+04
2.624100000000000000e+04 2.892600000000000000e+04
2.629800000000000000e+04 2.892400000000000000e+04
2.632500000000000000e+04 2.890800000000000000e+04
2.640500000000000000e+04 2.886000000000000000e+04
2.643200000000000000e+04 2.885200000000000000e+04
2.638400000000000000e+04 2.888100000000000000e+04
2.637000000000000000e+04 2.890400000000000000e+04
2.645000000000000000e+04 2.884100000000000000e+04
2.645100000000000000e+04 2.881500000000000000e+04
2.639500000000000000e+04 2.886800000000000000e+04
2.555000000000000000e+04 2.899100000000000000e+04
2.566800000000000000e+04 2.898500000000000000e+04
2.577900000000000000e+04 2.897800000000000000e+04
2.582800000000000000e+04 2.896900000000000000e+04
2.595100000000000000e+04 2.896800000000000000e+04
2.599700000000000000e+04 2.895000000000000000e+04
2.616200000000000000e+04 2.894600000000000000e+04
2.622500000000000000e+04 2.892900000000000000e+04
2.622400000000000000e+04 2.893500000000000000e+04
2.624100000000000000e+04 2.892600000000000000e+04
2.629800000000000000e+04 2.892400000000000000e+04
2.632500000000000000e+04 2.890800000000000000e+04
2.640500000000000000e+04 2.886000000000000000e+04
2.643200000000000000e+04 2.885200000000000000e+04
2.638400000000000000e+04 2.888100000000000000e+04
2.637000000000000000e+04 2.890400000000000000e+04
2.645000000000000000e+04 2.884100000000000000e+04
2.639500000000000000e+04 2.886800000000000000e+04
2.647400000000000000e+04 2.882500000000000000e+04
2.650400000000000000e+04 2.880700000000000000e+04
2.648100000000000000e+04 2.881500000000000000e+04
2.653000000000000000e+04 2.877700000000000000e+04
2.652900000000000000e+04 2.879700000000000000e+04
2.651300000000000000e+04 2.880000000000000000e+04
2.650100000000000000e+04 2.881100000000000000e+04
2.650500000000000000e+04 2.880200000000000000e+04
2.555000000000000000e+04 2.899100000000000000e+04
2.566800000000000000e+04 2.898500000000000000e+04
2.577900000000000000e+04 2.897800000000000000e+04
2.582800000000000000e+04 2.896900000000000000e+04
2.595100000000000000e+04 2.896800000000000000e+04
2.599700000000000000e+04 2.895000000000000000e+04
2.616200000000000000e+04 2.894600000000000000e+04
2.622500000000000000e+04 2.892900000000000000e+04
2.622400000000000000e+04 2.893500000000000000e+04
2.624100000000000000e+04 2.892600000000000000e+04
2.629800000000000000e+04 2.892400000000000000e+04
2.632500000000000000e+04 2.890800000000000000e+04
2.640500000000000000e+04 2.886000000000000000e+04
2.643200000000000000e+04 2.885200000000000000e+04
2.638400000000000000e+04 2.888100000000000000e+04
2.637000000000000000e+04 2.890400000000000000e+04
2.645000000000000000e+04 2.884100000000000000e+04
2.639500000000000000e+04 2.886800000000000000e+04
2.647400000000000000e+04 2.882500000000000000e+04
2.650400000000000000e+04 2.880700000000000000e+04
2.648100000000000000e+04 2.881500000000000000e+04
2.650100000000000000e+04 2.881100000000000000e+04
2.657000000000000000e+04 2.879500000000000000e+04
2.659000000000000000e+04 2.879100000000000000e+04
2.664300000000000000e+04 2.872300000000000000e+04
2.655200000000000000e+04 2.880400000000000000e+04
2.659500000000000000e+04 2.877700000000000000e+04
2.662100000000000000e+04 2.875600000000000000e+04
2.555000000000000000e+04 2.899100000000000000e+04
2.566800000000000000e+04 2.898500000000000000e+04
2.577900000000000000e+04 2.897800000000000000e+04
2.582800000000000000e+04 2.896900000000000000e+04
2.595100000000000000e+04 2.896800000000000000e+04
2.599700000000000000e+04 2.895000000000000000e+04
2.616200000000000000e+04 2.894600000000000000e+04
2.622500000000000000e+04 2.892900000000000000e+04
2.622400000000000000e+04 2.893500000000000000e+04
2.624100000000000000e+04 2.892600000000000000e+04
2.629800000000000000e+04 2.892400000000000000e+04
2.632500000000000000e+04 2.890800000000000000e+04
2.640500000000000000e+04 2.886000000000000000e+04
2.643200000000000000e+04 2.885200000000000000e+04
2.638400000000000000e+04 2.888100000000000000e+04
2.637000000000000000e+04 2.890400000000000000e+04
2.645000000000000000e+04 2.884100000000000000e+04
2.639500000000000000e+04 2.886800000000000000e+04
2.647400000000000000e+04 2.882500000000000000e+04
2.650400000000000000e+04 2.880700000000000000e+04
2.648100000000000000e+04 2.881500000000000000e+04
2.650100000000000000e+04 2.881100000000000000e+04
2.657000000000000000e+04 2.879500000000000000e+04
2.659000000000000000e+04 2.879100000000000000e+04
2.655200000000000000e+04 2.880400000000000000e+04
2.659500000000000000e+04 2.877700000000000000e+04
2.662100000000000000e+04 2.875600000000000000e+04
2.667500000000000000e+04 2.870500000000000000e+04
2.671600000000000000e+04 2.867600000000000000e+04
2.665700000000000000e+04 2.872300000000000000e+04
2.667700000000000000e+04 2.869300000000000000e+04
2.671800000000000000e+04 2.867100000000000000e+04
2.671400000000000000e+04 2.868700000000000000e+04
2.672800000000000000e+04 2.866700000000000000e+04
2.555000000000000000e+04 2.899100000000000000e+04
2.566800000000000000e+04 2.898500000000000000e+04
2.577900000000000000e+04 2.897800000000000000e+04
2.582800000000000000e+04 2.896900000000000000e+04
2.595100000000000000e+04 2.896800000000000000e+04
2.599700000000000000e+04 2.895000000000000000e+04
2.616200000000000000e+04 2.894600000000000000e+04
2.622500000000000000e+04 2.892900000000000000e+04
2.622400000000000000e+04 2.893500000000000000e+04
2.624100000000000000e+04 2.892600000000000000e+04
2.629800000000000000e+04 2.892400000000000000e+04
2.632500000000000000e+04 2.890800000000000000e+04
2.640500000000000000e+04 2.886000000000000000e+04
2.643200000000000000e+04 2.885200000000000000e+04
2.638400000000000000e+04 2.888100000000000000e+04
2.637000000000000000e+04 2.890400000000000000e+04
2.645000000000000000e+04 2.884100000000000000e+04
2.639500000000000000e+04 2.886800000000000000e+04
2.647400000000000000e+04 2.882500000000000000e+04
2.650400000000000000e+04 2.880700000000000000e+04
2.648100000000000000e+04 2.881500000000000000e+04
2.650100000000000000e+04 2.881100000000000000e+04
2.657000000000000000e+04 2.879500000000000000e+04
2.659000000000000000e+04 2.879100000000000000e+04
2.655200000000000000e+04 2.880400000000000000e+04
2.659500000000000000e+04 2.877700000000000000e+04
2.662100000000000000e+04 2.875600000000000000e+04
2.667500000000000000e+04 2.870500000000000000e+04
2.671600000000000000e+04 2.867600000000000000e+04
2.665700000000000000e+04 2.872300000000000000e+04
2.667700000000000000e+04 2.869300000000000000e+04
2.671400000000000000e+04 2.868700000000000000e+04
2.680300000000000000e+04 2.863000000000000000e+04
2.678300000000000000e+04 2.867100000000000000e+04
2.685200000000000000e+04 2.858900000000000000e+04
2.680100000000000000e+04 2.863300000000000000e+04
2.680900000000000000e+04 2.861500000000000000e+04
2.683600000000000000e+04 2.859800000000000000e+04
2.555000000000000000e+04 2.899100000000000000e+04
2.566800000000000000e+04 2.898500000000000000e+04
2.577900000000000000e+04 2.897800000000000000e+04
2.582800000000000000e+04 2.896900000000000000e+04
2.595100000000000000e+04 2.896800000000000000e+04
2.599700000000000000e+04 2.895000000000000000e+04
2.616200000000000000e+04 2.894600000000000000e+04
2.622500000000000000e+04 2.892900000000000000e+04
2.622400000000000000e+04 2.893500000000000000e+04
2.624100000000000000e+04 2.892600000000000000e+04
2.629800000000000000e+04 2.892400000000000000e+04
2.632500000000000000e+04 2.890800000000000000e+04
2.640500000000000000e+04 2.886000000000000000e+04
2.643200000000000000e+04 2.885200000000000000e+04
2.638400000000000000e+04 2.888100000000000000e+04
2.637000000000000000e+04 2.890400000000000000e+04
2.645000000000000000e+04 2.884100000000000000e+04
2.639500000000000000e+04 2.886800000000000000e+04
2.647400000000000000e+04 2.882500000000000000e+04
2.650400000000000000e+04 2.880700000000000000e+04
2.648100000000000000e+04 2.881500000000000000e+04
2.650100000000000000e+04 2.881100000000000000e+04
2.657000000000000000e+04 2.879500000000000000e+04
2.659000000000000000e+04 2.879100000000000000e+04
2.655200000000000000e+04 2.880400000000000000e+04
2.659500000000000000e+04 2.877700000000000000e+04
2.662100000000000000e+04 2.875600000000000000e+04
2.667500000000000000e+04 2.870500000000000000e+04
2.671600000000000000e+04 2.867600000000000000e+04
2.665700000000000000e+04 2.872300000000000000e+04
2.667700000000000000e+04 2.869300000000000000e+04
2.671400000000000000e+04 2.868700000000000000e+04
2.680300000000000000e+04 2.863000000000000000e+04
2.678300000000000000e+04 2.867100000000000000e+04
2.680100000000000000e+04 2.863300000000000000e+04
2.684300000000000000e+04 2.861900000000000000e+04
2.687100000000000000e+04 2.859900000000000000e+04
2.689200000000000000e+04 2.858000000000000000e+04
2.692800000000000000e+04 2.856700000000000000e+04
2.697900000000000000e+04 2.851100000000000000e+04
2.693400000000000000e+04 2.854200000000000000e+04
2.693900000000000000e+04 2.852600000000000000e+04
2.696100000000000000e+04 2.851800000000000000e+04
2.694800000000000000e+04 2.852200000000000000e+04
2.699800000000000000e+04 2.849600000000000000e+04
2.700000000000000000e+04 2.849100000000000000e+04
2.693200000000000000e+04 2.856100000000000000e+04
2.555000000000000000e+04 2.899100000000000000e+04
2.566800000000000000e+04 2.898500000000000000e+04
2.577900000000000000e+04 2.897800000000000000e+04
2.582800000000000000e+04 2.896900000000000000e+04
2.595100000000000000e+04 2.896800000000000000e+04
2.599700000000000000e+04 2.895000000000000000e+04
2.616200000000000000e+04 2.894600000000000000e+04
2.622500000000000000e+04 2.892900000000000000e+04
2.622400000000000000e+04 2.893500000000000000e+04
2.624100000000000000e+04 2.892600000000000000e+04
2.629800000000000000e+04 2.892400000000000000e+04
2.632500000000000000e+04 2.890800000000000000e+04
2.640500000000000000e+04 2.886000000000000000e+04
2.643200000000000000e+04 2.885200000000000000e+04
2.638400000000000000e+04 2.888100000000000000e+04
2.637000000000000000e+04 2.890400000000000000e+04
2.645000000000000000e+04 2.884100000000000000e+04
2.639500000000000000e+04 2.886800000000000000e+04
2.647400000000000000e+04 2.882500000000000000e+04
2.650400000000000000e+04 2.880700000000000000e+04
2.648100000000000000e+04 2.881500000000000000e+04
2.650100000000000000e+04 2.881100000000000000e+04
2.657000000000000000e+04 2.879500000000000000e+04
2.659000000000000000e+04 2.879100000000000000e+04
2.655200000000000000e+04 2.880400000000000000e+04
2.659500000000000000e+04 2.877700000000000000e+04
2.662100000000000000e+04 2.875600000000000000e+04
2.667500000000000000e+04 2.870500000000000000e+04
2.671600000000000000e+04 2.867600000000000000e+04
2.665700000000000000e+04 2.872300000000000000e+04
2.667700000000000000e+04 2.869300000000000000e+04
2.671400000000000000e+04 2.868700000000000000e+04
2.680300000000000000e+04 2.863000000000000000e+04
2.678300000000000000e+04 2.867100000000000000e+04
2.680100000000000000e+04 2.863300000000000000e+04
2.684300000000000000e+04 2.861900000000000000e+04
2.687100000000000000e+04 2.859900000000000000e+04
2.689200000000000000e+04 2.858000000000000000e+04
2.692800000000000000e+04 2.856700000000000000e+04
2.697900000000000000e+04 2.851100000000000000e+04
2.693400000000000000e+04 2.854200000000000000e+04
2.693900000000000000e+04 2.852600000000000000e+04
2.696100000000000000e+04 2.851800000000000000e+04
2.694800000000000000e+04 2.852200000000000000e+04
2.693200000000000000e+04 2.856100000000000000e+04
2.702700000000000000e+04 2.849300000000000000e+04
2.701300000000000000e+04 2.850000000000000000e+04
2.710300000000000000e+04 2.841700000000000000e+04
2.711000000000000000e+04 2.840900000000000000e+04
2.706500000000000000e+04 2.844400000000000000e+04
2.712300000000000000e+04 2.840200000000000000e+04
2.706000000000000000e+04 2.844800000000000000e+04
2.709000000000000000e+04 2.843000000000000000e+04
2.709200000000000000e+04 2.842100000000000000e+04
2.720300000000000000e+04 2.836200000000000000e+04
2.712700000000000000e+04 2.840000000000000000e+04
2.717400000000000000e+04 2.838700000000000000e+04
2.720400000000000000e+04 2.832000000000000000e+04
2.721700000000000000e+04 2.831700000000000000e+04
2.722500000000000000e+04 2.830700000000000000e+04
2.724500000000000000e+04 2.830000000000000000e+04
2.555000000000000000e+04 2.899100000000000000e+04
2.566800000000000000e+04 2.898500000000000000e+04
2.577900000000000000e+04 2.897800000000000000e+04
2.582800000000000000e+04 2.896900000000000000e+04
2.595100000000000000e+04 2.896800000000000000e+04
2.599700000000000000e+04 2.895000000000000000e+04
2.616200000000000000e+04 2.894600000000000000e+04
2.622500000000000000e+04 2.892900000000000000e+04
2.622400000000000000e+04 2.893500000000000000e+04
2.624100000000000000e+04 2.892600000000000000e+04
2.629800000000000000e+04 2.892400000000000000e+04
2.632500000000000000e+04 2.890800000000000000e+04
2.640500000000000000e+04 2.886000000000000000e+04
2.643200000000000000e+04 2.885200000000000000e+04
2.638400000000000000e+04 2.888100000000000000e+04
2.637000000000000000e+04 2.890400000000000000e+04
2.645000000000000000e+04 2.884100000000000000e+04
2.639500000000000000e+04 2.886800000000000000e+04
2.647400000000000000e+04 2.882500000000000000e+04
2.650400000000000000e+04 2.880700000000000000e+04
2.648100000000000000e+04 2.881500000000000000e+04
2.650100000000000000e+04 2.881100000000000000e+04
2.657000000000000000e+04 2.879500000000000000e+04
2.659000000000000000e+04 2.879100000000000000e+04
2.655200000000000000e+04 2.880400000000000000e+04
2.659500000000000000e+04 2.877700000000000000e+04
2.662100000000000000e+04 2.875600000000000000e+04
2.667500000000000000e+04 2.870500000000000000e+04
2.671600000000000000e+04 2.867600000000000000e+04
2.665700000000000000e+04 2.872300000000000000e+04
2.667700000000000000e+04 2.869300000000000000e+04
2.671400000000000000e+04 2.868700000000000000e+04
2.680300000000000000e+04 2.863000000000000000e+04
2.678300000000000000e+04 2.867100000000000000e+04
2.680100000000000000e+04 2.863300000000000000e+04
2.684300000000000000e+04 2.861900000000000000e+04
2.687100000000000000e+04 2.859900000000000000e+04
2.689200000000000000e+04 2.858000000000000000e+04
2.692800000000000000e+04 2.856700000000000000e+04
2.697900000000000000e+04 2.851100000000000000e+04
2.693400000000000000e+04 2.854200000000000000e+04
2.693900000000000000e+04 2.852600000000000000e+04
2.696100000000000000e+04 2.851800000000000000e+04
2.694800000000000000e+04 2.852200000000000000e+04
2.693200000000000000e+04 2.856100000000000000e+04
2.702700000000000000e+04 2.849300000000000000e+04
2.701300000000000000e+04 2.850000000000000000e+04
2.710300000000000000e+04 2.841700000000000000e+04
2.711000000000000000e+04 2.840900000000000000e+04
2.706500000000000000e+04 2.844400000000000000e+04
2.712300000000000000e+04 2.840200000000000000e+04
2.706000000000000000e+04 2.844800000000000000e+04
2.709000000000000000e+04 2.843000000000000000e+04
2.709200000000000000e+04 2.842100000000000000e+04
2.720300000000000000e+04 2.836200000000000000e+04
2.712700000000000000e+04 2.840000000000000000e+04
2.717400000000000000e+04 2.838700000000000000e+04
2.720400000000000000e+04 2.832000000000000000e+04
2.721700000000000000e+04 2.831700000000000000e+04
2.722500000000000000e+04 2.830700000000000000e+04
2.724500000000000000e+04 2.830000000000000000e+04
2.728100000000000000e+04 2.826100000000000000e+04
2.735100000000000000e+04 2.822500000000000000e+04
2.731400000000000000e+04 2.825000000000000000e+04
2.734700000000000000e+04 2.823400000000000000e+04
2.742200000000000000e+04 2.815100000000000000e+04
2.739800000000000000e+04 2.816100000000000000e+04
2.737700000000000000e+04 2.819700000000000000e+04
2.739000000000000000e+04 2.816200000000000000e+04
2.737000000000000000e+04 2.820900000000000000e+04
2.740500000000000000e+04 2.815400000000000000e+04
2.736800000000000000e+04 2.822200000000000000e+04
2.738000000000000000e+04 2.817300000000000000e+04
2.555000000000000000e+04 2.899100000000000000e+04
2.566800000000000000e+04 2.898500000000000000e+04
2.577900000000000000e+04 2.897800000000000000e+04
2.582800000000000000e+04 2.896900000000000000e+04
2.595100000000000000e+04 2.896800000000000000e+04
2.599700000000000000e+04 2.895000000000000000e+04
2.616200000000000000e+04 2.894600000000000000e+04
2.622500000000000000e+04 2.892900000000000000e+04
2.622400000000000000e+04 2.893500000000000000e+04
2.624100000000000000e+04 2.892600000000000000e+04
2.629800000000000000e+04 2.892400000000000000e+04
2.632500000000000000e+04 2.890800000000000000e+04
2.640500000000000000e+04 2.886000000000000000e+04
2.643200000000000000e+04 2.885200000000000000e+04
2.638400000000000000e+04 2.888100000000000000e+04
2.637000000000000000e+04 2.890400000000000000e+04
2.645000000000000000e+04 2.884100000000000000e+04
2.639500000000000000e+04 2.886800000000000000e+04
2.647400000000000000e+04 2.882500000000000000e+04
2.650400000000000000e+04 2.880700000000000000e+04
2.648100000000000000e+04 2.881500000000000000e+04
2.650100000000000000e+04 2.881100000000000000e+04
2.657000000000000000e+04 2.879500000000000000e+04
2.659000000000000000e+04 2.879100000000000000e+04
2.655200000000000000e+04 2.880400000000000000e+04
2.659500000000000000e+04 2.877700000000000000e+04
2.662100000000000000e+04 2.875600000000000000e+04
2.667500000000000000e+04 2.870500000000000000e+04
2.671600000000000000e+04 2.867600000000000000e+04
2.665700000000000000e+04 2.872300000000000000e+04
2.667700000000000000e+04 2.869300000000000000e+04
2.671400000000000000e+04 2.868700000000000000e+04
2.680300000000000000e+04 2.863000000000000000e+04
2.678300000000000000e+04 2.867100000000000000e+04
2.680100000000000000e+04 2.863300000000000000e+04
2.684300000000000000e+04 2.861900000000000000e+04
2.687100000000000000e+04 2.859900000000000000e+04
2.689200000000000000e+04 2.858000000000000000e+04
2.692800000000000000e+04 2.856700000000000000e+04
2.697900000000000000e+04 2.851100000000000000e+04
2.693400000000000000e+04 2.854200000000000000e+04
2.693900000000000000e+04 2.852600000000000000e+04
2.696100000000000000e+04 2.851800000000000000e+04
2.694800000000000000e+04 2.852200000000000000e+04
2.693200000000000000e+04 2.856100000000000000e+04
2.702700000000000000e+04 2.849300000000000000e+04
2.701300000000000000e+04 2.850000000000000000e+04
2.710300000000000000e+04 2.841700000000000000e+04
2.711000000000000000e+04 2.840900000000000000e+04
2.706500000000000000e+04 2.844400000000000000e+04
2.712300000000000000e+04 2.840200000000000000e+04
2.706000000000000000e+04 2.844800000000000000e+04
2.709000000000000000e+04 2.843000000000000000e+04
2.709200000000000000e+04 2.842100000000000000e+04
2.720300000000000000e+04 2.836200000000000000e+04
2.712700000000000000e+04 2.840000000000000000e+04
2.717400000000000000e+04 2.838700000000000000e+04
2.720400000000000000e+04 2.832000000000000000e+04
2.721700000000000000e+04 2.831700000000000000e+04
2.722500000000000000e+04 2.830700000000000000e+04
2.724500000000000000e+04 2.830000000000000000e+04
2.728100000000000000e+04 2.826100000000000000e+04
2.735100000000000000e+04 2.822500000000000000e+04
2.731400000000000000e+04 2.825000000000000000e+04
2.734700000000000000e+04 2.823400000000000000e+04
2.742200000000000000e+04 2.815100000000000000e+04
2.737700000000000000e+04 2.819700000000000000e+04
2.739000000000000000e+04 2.816200000000000000e+04
2.737000000000000000e+04 2.820900000000000000e+04
2.736800000000000000e+04 2.822200000000000000e+04
2.738000000000000000e+04 2.817300000000000000e+04
2.740300000000000000e+04 2.816100000000000000e+04
2.742300000000000000e+04 2.814100000000000000e+04
2.742900000000000000e+04 2.812700000000000000e+04
2.742100000000000000e+04 2.815900000000000000e+04
2.747900000000000000e+04 2.809600000000000000e+04
2.744900000000000000e+04 2.812600000000000000e+04
2.555000000000000000e+04 2.899100000000000000e+04
2.566800000000000000e+04 2.898500000000000000e+04
2.577900000000000000e+04 2.897800000000000000e+04
2.582800000000000000e+04 2.896900000000000000e+04
2.595100000000000000e+04 2.896800000000000000e+04
2.599700000000000000e+04 2.895000000000000000e+04
2.616200000000000000e+04 2.894600000000000000e+04
2.622500000000000000e+04 2.892900000000000000e+04
2.622400000000000000e+04 2.893500000000000000e+04
2.624100000000000000e+04 2.892600000000000000e+04
2.629800000000000000e+04 2.892400000000000000e+04
2.632500000000000000e+04 2.890800000000000000e+04
2.640500000000000000e+04 2.886000000000000000e+04
2.643200000000000000e+04 2.885200000000000000e+04
2.638400000000000000e+04 2.888100000000000000e+04
2.637000000000000000e+04 2.890400000000000000e+04
2.645000000000000000e+04 2.884100000000000000e+04
2.639500000000000000e+04 2.886800000000000000e+04
2.647400000000000000e+04 2.882500000000000000e+04
2.650400000000000000e+04 2.880700000000000000e+04
2.648100000000000000e+04 2.881500000000000000e+04
2.650100000000000000e+04 2.881100000000000000e+04
2.657000000000000000e+04 2.879500000000000000e+04
2.659000000000000000e+04 2.879100000000000000e+04
2.655200000000000000e+04 2.880400000000000000e+04
2.659500000000000000e+04 2.877700000000000000e+04
2.662100000000000000e+04 2.875600000000000000e+04
2.667500000000000000e+04 2.870500000000000000e+04
2.671600000000000000e+04 2.867600000000000000e+04
2.665700000000000000e+04 2.872300000000000000e+04
2.667700000000000000e+04 2.869300000000000000e+04
2.671400000000000000e+04 2.868700000000000000e+04
2.680300000000000000e+04 2.863000000000000000e+04
2.678300000000000000e+04 2.867100000000000000e+04
2.680100000000000000e+04 2.863300000000000000e+04
2.684300000000000000e+04 2.861900000000000000e+04
2.687100000000000000e+04 2.859900000000000000e+04
2.689200000000000000e+04 2.858000000000000000e+04
2.692800000000000000e+04 2.856700000000000000e+04
2.697900000000000000e+04 2.851100000000000000e+04
2.693400000000000000e+04 2.854200000000000000e+04
2.693900000000000000e+04 2.852600000000000000e+04
2.696100000000000000e+04 2.851800000000000000e+04
2.694800000000000000e+04 2.852200000000000000e+04
2.693200000000000000e+04 2.856100000000000000e+04
2.702700000000000000e+04 2.849300000000000000e+04
2.701300000000000000e+04 2.850000000000000000e+04
2.710300000000000000e+04 2.841700000000000000e+04
2.711000000000000000e+04 2.840900000000000000e+04
2.706500000000000000e+04 2.844400000000000000e+04
2.712300000000000000e+04 2.840200000000000000e+04
2.706000000000000000e+04 2.844800000000000000e+04
2.709000000000000000e+04 2.843000000000000000e+04
2.709200000000000000e+04 2.842100000000000000e+04
2.720300000000000000e+04 2.836200000000000000e+04
2.712700000000000000e+04 2.840000000000000000e+04
2.717400000000000000e+04 2.838700000000000000e+04
2.720400000000000000e+04 2.832000000000000000e+04
2.721700000000000000e+04 2.831700000000000000e+04
2.722500000000000000e+04 2.830700000000000000e+04
2.724500000000000000e+04 2.830000000000000000e+04
2.728100000000000000e+04 2.826100000000000000e+04
2.735100000000000000e+04 2.822500000000000000e+04
2.731400000000000000e+04 2.825000000000000000e+04
2.734700000000000000e+04 2.823400000000000000e+04
2.742200000000000000e+04 2.815100000000000000e+04
2.737700000000000000e+04 2.819700000000000000e+04
2.739000000000000000e+04 2.816200000000000000e+04
2.737000000000000000e+04 2.820900000000000000e+04
2.736800000000000000e+04 2.822200000000000000e+04
2.738000000000000000e+04 2.817300000000000000e+04
2.740300000000000000e+04 2.816100000000000000e+04
2.742300000000000000e+04 2.814100000000000000e+04
2.742100000000000000e+04 2.815900000000000000e+04
2.747900000000000000e+04 2.809600000000000000e+04
2.744900000000000000e+04 2.812600000000000000e+04
2.744600000000000000e+04 2.813000000000000000e+04
2.746900000000000000e+04 2.810000000000000000e+04
2.748300000000000000e+04 2.806800000000000000e+04
2.752800000000000000e+04 2.804500000000000000e+04
2.746800000000000000e+04 2.811400000000000000e+04
2.751100000000000000e+04 2.805300000000000000e+04
2.754500000000000000e+04 2.802700000000000000e+04
2.755100000000000000e+04 2.800200000000000000e+04
2.749600000000000000e+04 2.805700000000000000e+04
2.752200000000000000e+04 2.804900000000000000e+04
2.756500000000000000e+04 2.799500000000000000e+04
2.755400000000000000e+04 2.800000000000000000e+04
2.757100000000000000e+04 2.798200000000000000e+04
2.754000000000000000e+04 2.803500000000000000e+04
2.753100000000000000e+04 2.804000000000000000e+04
2.555000000000000000e+04 2.899100000000000000e+04
2.566800000000000000e+04 2.898500000000000000e+04
2.577900000000000000e+04 2.897800000000000000e+04
2.582800000000000000e+04 2.896900000000000000e+04
2.595100000000000000e+04 2.896800000000000000e+04
2.599700000000000000e+04 2.895000000000000000e+04
2.616200000000000000e+04 2.894600000000000000e+04
2.622500000000000000e+04 2.892900000000000000e+04
2.622400000000000000e+04 2.893500000000000000e+04
2.624100000000000000e+04 2.892600000000000000e+04
2.629800000000000000e+04 2.892400000000000000e+04
2.632500000000000000e+04 2.890800000000000000e+04
2.640500000000000000e+04 2.886000000000000000e+04
2.643200000000000000e+04 2.885200000000000000e+04
2.638400000000000000e+04 2.888100000000000000e+04
2.637000000000000000e+04 2.890400000000000000e+04
2.645000000000000000e+04 2.884100000000000000e+04
2.639500000000000000e+04 2.886800000000000000e+04
2.647400000000000000e+04 2.882500000000000000e+04
2.650400000000000000e+04 2.880700000000000000e+04
2.648100000000000000e+04 2.881500000000000000e+04
2.650100000000000000e+04 2.881100000000000000e+04
2.657000000000000000e+04 2.879500000000000000e+04
2.659000000000000000e+04 2.879100000000000000e+04
2.655200000000000000e+04 2.880400000000000000e+04
2.659500000000000000e+04 2.877700000000000000e+04
2.662100000000000000e+04 2.875600000000000000e+04
2.667500000000000000e+04 2.870500000000000000e+04
2.671600000000000000e+04 2.867600000000000000e+04
2.665700000000000000e+04 2.872300000000000000e+04
2.667700000000000000e+04 2.869300000000000000e+04
2.671400000000000000e+04 2.868700000000000000e+04
2.680300000000000000e+04 2.863000000000000000e+04
2.678300000000000000e+04 2.867100000000000000e+04
2.680100000000000000e+04 2.863300000000000000e+04
2.684300000000000000e+04 2.861900000000000000e+04
2.687100000000000000e+04 2.859900000000000000e+04
2.689200000000000000e+04 2.858000000000000000e+04
2.692800000000000000e+04 2.856700000000000000e+04
2.697900000000000000e+04 2.851100000000000000e+04
2.693400000000000000e+04 2.854200000000000000e+04
2.693900000000000000e+04 2.852600000000000000e+04
2.696100000000000000e+04 2.851800000000000000e+04
2.694800000000000000e+04 2.852200000000000000e+04
2.693200000000000000e+04 2.856100000000000000e+04
2.702700000000000000e+04 2.849300000000000000e+04
2.701300000000000000e+04 2.850000000000000000e+04
2.710300000000000000e+04 2.841700000000000000e+04
2.711000000000000000e+04 2.840900000000000000e+04
2.706500000000000000e+04 2.844400000000000000e+04
2.712300000000000000e+04 2.840200000000000000e+04
2.706000000000000000e+04 2.844800000000000000e+04
2.709000000000000000e+04 2.843000000000000000e+04
2.709200000000000000e+04 2.842100000000000000e+04
2.720300000000000000e+04 2.836200000000000000e+04
2.712700000000000000e+04 2.840000000000000000e+04
2.717400000000000000e+04 2.838700000000000000e+04
2.720400000000000000e+04 2.832000000000000000e+04
2.721700000000000000e+04 2.831700000000000000e+04
2.722500000000000000e+04 2.830700000000000000e+04
2.724500000000000000e+04 2.830000000000000000e+04
2.728100000000000000e+04 2.826100000000000000e+04
2.735100000000000000e+04 2.822500000000000000e+04
2.731400000000000000e+04 2.825000000000000000e+04
2.734700000000000000e+04 2.823400000000000000e+04
2.742200000000000000e+04 2.815100000000000000e+04
2.737700000000000000e+04 2.819700000000000000e+04
2.739000000000000000e+04 2.816200000000000000e+04
2.737000000000000000e+04 2.820900000000000000e+04
2.736800000000000000e+04 2.822200000000000000e+04
2.738000000000000000e+04 2.817300000000000000e+04
2.740300000000000000e+04 2.816100000000000000e+04
2.742300000000000000e+04 2.814100000000000000e+04
2.742100000000000000e+04 2.815900000000000000e+04
2.747900000000000000e+04 2.809600000000000000e+04
2.744900000000000000e+04 2.812600000000000000e+04
2.744600000000000000e+04 2.813000000000000000e+04
2.746900000000000000e+04 2.810000000000000000e+04
2.748300000000000000e+04 2.806800000000000000e+04
2.752800000000000000e+04 2.804500000000000000e+04
2.746800000000000000e+04 2.811400000000000000e+04
2.751100000000000000e+04 2.805300000000000000e+04
2.754500000000000000e+04 2.802700000000000000e+04
2.749600000000000000e+04 2.805700000000000000e+04
2.752200000000000000e+04 2.804900000000000000e+04
2.754000000000000000e+04 2.803500000000000000e+04
2.753100000000000000e+04 2.804000000000000000e+04
2.757000000000000000e+04 2.800700000000000000e+04
2.761800000000000000e+04 2.798500000000000000e+04
2.762200000000000000e+04 2.795800000000000000e+04
2.759800000000000000e+04 2.800200000000000000e+04
2.761000000000000000e+04 2.799000000000000000e+04
2.764200000000000000e+04 2.794400000000000000e+04
2.768500000000000000e+04 2.789200000000000000e+04
2.767300000000000000e+04 2.791500000000000000e+04
2.766300000000000000e+04 2.792900000000000000e+04
2.767000000000000000e+04 2.792600000000000000e+04
2.767900000000000000e+04 2.789800000000000000e+04
2.771000000000000000e+04 2.785200000000000000e+04
2.769400000000000000e+04 2.785300000000000000e+04
2.771800000000000000e+04 2.784500000000000000e+04
2.555000000000000000e+04 2.899100000000000000e+04
2.566800000000000000e+04 2.898500000000000000e+04
2.577900000000000000e+04 2.897800000000000000e+04
2.582800000000000000e+04 2.896900000000000000e+04
2.595100000000000000e+04 2.896800000000000000e+04
2.599700000000000000e+04 2.895000000000000000e+04
2.616200000000000000e+04 2.894600000000000000e+04
2.622500000000000000e+04 2.892900000000000000e+04
2.622400000000000000e+04 2.893500000000000000e+04
2.624100000000000000e+04 2.892600000000000000e+04
2.629800000000000000e+04 2.892400000000000000e+04
2.632500000000000000e+04 2.890800000000000000e+04
2.640500000000000000e+04 2.886000000000000000e+04
2.643200000000000000e+04 2.885200000000000000e+04
2.638400000000000000e+04 2.888100000000000000e+04
2.637000000000000000e+04 2.890400000000000000e+04
2.645000000000000000e+04 2.884100000000000000e+04
2.639500000000000000e+04 2.886800000000000000e+04
2.647400000000000000e+04 2.882500000000000000e+04
2.650400000000000000e+04 2.880700000000000000e+04
2.648100000000000000e+04 2.881500000000000000e+04
2.650100000000000000e+04 2.881100000000000000e+04
2.657000000000000000e+04 2.879500000000000000e+04
2.659000000000000000e+04 2.879100000000000000e+04
2.655200000000000000e+04 2.880400000000000000e+04
2.659500000000000000e+04 2.877700000000000000e+04
2.662100000000000000e+04 2.875600000000000000e+04
2.667500000000000000e+04 2.870500000000000000e+04
2.671600000000000000e+04 2.867600000000000000e+04
2.665700000000000000e+04 2.872300000000000000e+04
2.667700000000000000e+04 2.869300000000000000e+04
2.671400000000000000e+04 2.868700000000000000e+04
2.680300000000000000e+04 2.863000000000000000e+04
2.678300000000000000e+04 2.867100000000000000e+04
2.680100000000000000e+04 2.863300000000000000e+04
2.684300000000000000e+04 2.861900000000000000e+04
2.687100000000000000e+04 2.859900000000000000e+04
2.689200000000000000e+04 2.858000000000000000e+04
2.692800000000000000e+04 2.856700000000000000e+04
2.697900000000000000e+04 2.851100000000000000e+04
2.693400000000000000e+04 2.854200000000000000e+04
2.693900000000000000e+04 2.852600000000000000e+04
2.696100000000000000e+04 2.851800000000000000e+04
2.694800000000000000e+04 2.852200000000000000e+04
2.693200000000000000e+04 2.856100000000000000e+04
2.702700000000000000e+04 2.849300000000000000e+04
2.701300000000000000e+04 2.850000000000000000e+04
2.710300000000000000e+04 2.841700000000000000e+04
2.711000000000000000e+04 2.840900000000000000e+04
2.706500000000000000e+04 2.844400000000000000e+04
2.712300000000000000e+04 2.840200000000000000e+04
2.706000000000000000e+04 2.844800000000000000e+04
2.709000000000000000e+04 2.843000000000000000e+04
2.709200000000000000e+04 2.842100000000000000e+04
2.720300000000000000e+04 2.836200000000000000e+04
2.712700000000000000e+04 2.840000000000000000e+04
2.717400000000000000e+04 2.838700000000000000e+04
2.720400000000000000e+04 2.832000000000000000e+04
2.721700000000000000e+04 2.831700000000000000e+04
2.722500000000000000e+04 2.830700000000000000e+04
2.724500000000000000e+04 2.830000000000000000e+04
2.728100000000000000e+04 2.826100000000000000e+04
2.735100000000000000e+04 2.822500000000000000e+04
2.731400000000000000e+04 2.825000000000000000e+04
2.734700000000000000e+04 2.823400000000000000e+04
2.742200000000000000e+04 2.815100000000000000e+04
2.737700000000000000e+04 2.819700000000000000e+04
2.739000000000000000e+04 2.816200000000000000e+04
2.737000000000000000e+04 2.820900000000000000e+04
2.736800000000000000e+04 2.822200000000000000e+04
2.738000000000000000e+04 2.817300000000000000e+04
2.740300000000000000e+04 2.816100000000000000e+04
2.742300000000000000e+04 2.814100000000000000e+04
2.742100000000000000e+04 2.815900000000000000e+04
2.747900000000000000e+04 2.809600000000000000e+04
2.744900000000000000e+04 2.812600000000000000e+04
2.744600000000000000e+04 2.813000000000000000e+04
2.746900000000000000e+04 2.810000000000000000e+04
2.748300000000000000e+04 2.806800000000000000e+04
2.752800000000000000e+04 2.804500000000000000e+04
2.746800000000000000e+04 2.811400000000000000e+04
2.751100000000000000e+04 2.805300000000000000e+04
2.754500000000000000e+04 2.802700000000000000e+04
2.749600000000000000e+04 2.805700000000000000e+04
2.752200000000000000e+04 2.804900000000000000e+04
2.754000000000000000e+04 2.803500000000000000e+04
2.753100000000000000e+04 2.804000000000000000e+04
2.757000000000000000e+04 2.800700000000000000e+04
2.761800000000000000e+04 2.798500000000000000e+04
2.762200000000000000e+04 2.795800000000000000e+04
2.759800000000000000e+04 2.800200000000000000e+04
2.761000000000000000e+04 2.799000000000000000e+04
2.764200000000000000e+04 2.794400000000000000e+04
2.768500000000000000e+04 2.789200000000000000e+04
2.767300000000000000e+04 2.791500000000000000e+04
2.766300000000000000e+04 2.792900000000000000e+04
2.767000000000000000e+04 2.792600000000000000e+04
2.767900000000000000e+04 2.789800000000000000e+04
2.771700000000000000e+04 2.787800000000000000e+04
2.771800000000000000e+04 2.786300000000000000e+04
2.773300000000000000e+04 2.782200000000000000e+04
2.772000000000000000e+04 2.784100000000000000e+04
2.773000000000000000e+04 2.783800000000000000e+04
2.777700000000000000e+04 2.781700000000000000e+04
2.775700000000000000e+04 2.781900000000000000e+04
2.783900000000000000e+04 2.774900000000000000e+04
2.780400000000000000e+04 2.778600000000000000e+04
2.779300000000000000e+04 2.779300000000000000e+04
2.782100000000000000e+04 2.776400000000000000e+04
2.555000000000000000e+04 2.899100000000000000e+04
2.566800000000000000e+04 2.898500000000000000e+04
2.577900000000000000e+04 2.897800000000000000e+04
2.582800000000000000e+04 2.896900000000000000e+04
2.595100000000000000e+04 2.896800000000000000e+04
2.599700000000000000e+04 2.895000000000000000e+04
2.616200000000000000e+04 2.894600000000000000e+04
2.622500000000000000e+04 2.892900000000000000e+04
2.622400000000000000e+04 2.893500000000000000e+04
2.624100000000000000e+04 2.892600000000000000e+04
2.629800000000000000e+04 2.892400000000000000e+04
2.632500000000000000e+04 2.890800000000000000e+04
2.640500000000000000e+04 2.886000000000000000e+04
2.643200000000000000e+04 2.885200000000000000e+04
2.638400000000000000e+04 2.888100000000000000e+04
2.637000000000000000e+04 2.890400000000000000e+04
2.645000000000000000e+04 2.884100000000000000e+04
2.639500000000000000e+04 2.886800000000000000e+04
2.647400000000000000e+04 2.882500000000000000e+04
2.650400000000000000e+04 2.880700000000000000e+04
2.648100000000000000e+04 2.881500000000000000e+04
2.650100000000000000e+04 2.881100000000000000e+04
2.657000000000000000e+04 2.879500000000000000e+04
2.659000000000000000e+04 2.879100000000000000e+04
2.655200000000000000e+04 2.880400000000000000e+04
2.659500000000000000e+04 2.877700000000000000e+04
2.662100000000000000e+04 2.875600000000000000e+04
2.667500000000000000e+04 2.870500000000000000e+04
2.671600000000000000e+04 2.867600000000000000e+04
2.665700000000000000e+04 2.872300000000000000e+04
2.667700000000000000e+04 2.869300000000000000e+04
2.671400000000000000e+04 2.868700000000000000e+04
2.680300000000000000e+04 2.863000000000000000e+04
2.678300000000000000e+04 2.867100000000000000e+04
2.680100000000000000e+04 2.863300000000000000e+04
2.684300000000000000e+04 2.861900000000000000e+04
2.687100000000000000e+04 2.859900000000000000e+04
2.689200000000000000e+04 2.858000000000000000e+04
2.692800000000000000e+04 2.856700000000000000e+04
2.697900000000000000e+04 2.851100000000000000e+04
2.693400000000000000e+04 2.854200000000000000e+04
2.693900000000000000e+04 2.852600000000000000e+04
2.696100000000000000e+04 2.851800000000000000e+04
2.694800000000000000e+04 2.852200000000000000e+04
2.693200000000000000e+04 2.856100000000000000e+04
2.702700000000000000e+04 2.849300000000000000e+04
2.701300000000000000e+04 2.850000000000000000e+04
2.710300000000000000e+04 2.841700000000000000e+04
2.711000000000000000e+04 2.840900000000000000e+04
2.706500000000000000e+04 2.844400000000000000e+04
2.712300000000000000e+04 2.840200000000000000e+04
2.706000000000000000e+04 2.844800000000000000e+04
2.709000000000000000e+04 2.843000000000000000e+04
2.709200000000000000e+04 2.842100000000000000e+04
2.720300000000000000e+04 2.836200000000000000e+04
2.712700000000000000e+04 2.840000000000000000e+04
2.717400000000000000e+04 2.838700000000000000e+04
2.720400000000000000e+04 2.832000000000000000e+04
2.721700000000000000e+04 2.831700000000000000e+04
2.722500000000000000e+04 2.830700000000000000e+04
2.724500000000000000e+04 2.830000000000000000e+04
2.728100000000000000e+04 2.826100000000000000e+04
2.735100000000000000e+04 2.822500000000000000e+04
2.731400000000000000e+04 2.825000000000000000e+04
2.734700000000000000e+04 2.823400000000000000e+04
2.742200000000000000e+04 2.815100000000000000e+04
2.737700000000000000e+04 2.819700000000000000e+04
2.739000000000000000e+04 2.816200000000000000e+04
2.737000000000000000e+04 2.820900000000000000e+04
2.736800000000000000e+04 2.822200000000000000e+04
2.738000000000000000e+04 2.817300000000000000e+04
2.740300000000000000e+04 2.816100000000000000e+04
2.742300000000000000e+04 2.814100000000000000e+04
2.742100000000000000e+04 2.815900000000000000e+04
2.747900000000000000e+04 2.809600000000000000e+04
2.744900000000000000e+04 2.812600000000000000e+04
2.744600000000000000e+04 2.813000000000000000e+04
2.746900000000000000e+04 2.810000000000000000e+04
2.748300000000000000e+04 2.806800000000000000e+04
2.752800000000000000e+04 2.804500000000000000e+04
2.746800000000000000e+04 2.811400000000000000e+04
2.751100000000000000e+04 2.805300000000000000e+04
2.754500000000000000e+04 2.802700000000000000e+04
2.749600000000000000e+04 2.805700000000000000e+04
2.752200000000000000e+04 2.804900000000000000e+04
2.754000000000000000e+04 2.803500000000000000e+04
2.753100000000000000e+04 2.804000000000000000e+04
2.757000000000000000e+04 2.800700000000000000e+04
2.761800000000000000e+04 2.798500000000000000e+04
2.762200000000000000e+04 2.795800000000000000e+04
2.759800000000000000e+04 2.800200000000000000e+04
2.761000000000000000e+04 2.799000000000000000e+04
2.764200000000000000e+04 2.794400000000000000e+04
2.768500000000000000e+04 2.789200000000000000e+04
2.767300000000000000e+04 2.791500000000000000e+04
2.766300000000000000e+04 2.792900000000000000e+04
2.767000000000000000e+04 2.792600000000000000e+04
2.767900000000000000e+04 2.789800000000000000e+04
2.771700000000000000e+04 2.787800000000000000e+04
2.771800000000000000e+04 2.786300000000000000e+04
2.773300000000000000e+04 2.782200000000000000e+04
2.772000000000000000e+04 2.784100000000000000e+04
2.773000000000000000e+04 2.783800000000000000e+04
2.777700000000000000e+04 2.781700000000000000e+04
2.775700000000000000e+04 2.781900000000000000e+04
2.783900000000000000e+04 2.774900000000000000e+04
2.780400000000000000e+04 2.778600000000000000e+04
2.779300000000000000e+04 2.779300000000000000e+04
2.782100000000000000e+04 2.776400000000000000e+04
2.786700000000000000e+04 2.771200000000000000e+04
2.790300000000000000e+04 2.763700000000000000e+04
2.787000000000000000e+04 2.767300000000000000e+04
2.788600000000000000e+04 2.766800000000000000e+04
2.789100000000000000e+04 2.764700000000000000e+04
2.789800000000000000e+04 2.764000000000000000e+04
2.791300000000000000e+04 2.763600000000000000e+04
2.793100000000000000e+04 2.760800000000000000e+04
2.793300000000000000e+04 2.757500000000000000e+04
2.794300000000000000e+04 2.756500000000000000e+04
2.792900000000000000e+04 2.761200000000000000e+04
2.794200000000000000e+04 2.757000000000000000e+04
2.555000000000000000e+04 2.899100000000000000e+04
2.566800000000000000e+04 2.898500000000000000e+04
2.577900000000000000e+04 2.897800000000000000e+04
2.582800000000000000e+04 2.896900000000000000e+04
2.595100000000000000e+04 2.896800000000000000e+04
2.599700000000000000e+04 2.895000000000000000e+04
2.616200000000000000e+04 2.894600000000000000e+04
2.622500000000000000e+04 2.892900000000000000e+04
2.622400000000000000e+04 2.893500000000000000e+04
2.624100000000000000e+04 2.892600000000000000e+04
2.629800000000000000e+04 2.892400000000000000e+04
2.632500000000000000e+04 2.890800000000000000e+04
2.640500000000000000e+04 2.886000000000000000e+04
2.643200000000000000e+04 2.885200000000000000e+04
2.638400000000000000e+04 2.888100000000000000e+04
2.637000000000000000e+04 2.890400000000000000e+04
2.645000000000000000e+04 2.884100000000000000e+04
2.639500000000000000e+04 2.886800000000000000e+04
2.647400000000000000e+04 2.882500000000000000e+04
2.650400000000000000e+04 2.880700000000000000e+04
2.648100000000000000e+04 2.881500000000000000e+04
2.650100000000000000e+04 2.881100000000000000e+04
2.657000000000000000e+04 2.879500000000000000e+04
2.659000000000000000e+04 2.879100000000000000e+04
2.655200000000000000e+04 2.880400000000000000e+04
2.659500000000000000e+04 2.877700000000000000e+04
2.662100000000000000e+04 2.875600000000000000e+04
2.667500000000000000e+04 2.870500000000000000e+04
2.671600000000000000e+04 2.867600000000000000e+04
2.665700000000000000e+04 2.872300000000000000e+04
2.667700000000000000e+04 2.869300000000000000e+04
2.671400000000000000e+04 2.868700000000000000e+04
2.680300000000000000e+04 2.863000000000000000e+04
2.678300000000000000e+04 2.867100000000000000e+04
2.680100000000000000e+04 2.863300000000000000e+04
2.684300000000000000e+04 2.861900000000000000e+04
2.687100000000000000e+04 2.859900000000000000e+04
2.689200000000000000e+04 2.858000000000000000e+04
2.692800000000000000e+04 2.856700000000000000e+04
2.697900000000000000e+04 2.851100000000000000e+04
2.693400000000000000e+04 2.854200000000000000e+04
2.693900000000000000e+04 2.852600000000000000e+04
2.696100000000000000e+04 2.851800000000000000e+04
2.694800000000000000e+04 2.852200000000000000e+04
2.693200000000000000e+04 2.856100000000000000e+04
2.702700000000000000e+04 2.849300000000000000e+04
2.701300000000000000e+04 2.850000000000000000e+04
2.710300000000000000e+04 2.841700000000000000e+04
2.711000000000000000e+04 2.840900000000000000e+04
2.706500000000000000e+04 2.844400000000000000e+04
2.712300000000000000e+04 2.840200000000000000e+04
2.706000000000000000e+04 2.844800000000000000e+04
2.709000000000000000e+04 2.843000000000000000e+04
2.709200000000000000e+04 2.842100000000000000e+04
2.720300000000000000e+04 2.836200000000000000e+04
2.712700000000000000e+04 2.840000000000000000e+04
2.717400000000000000e+04 2.838700000000000000e+04
2.720400000000000000e+04 2.832000000000000000e+04
2.721700000000000000e+04 2.831700000000000000e+04
2.722500000000000000e+04 2.830700000000000000e+04
2.724500000000000000e+04 2.830000000000000000e+04
2.728100000000000000e+04 2.826100000000000000e+04
2.735100000000000000e+04 2.822500000000000000e+04
2.731400000000000000e+04 2.825000000000000000e+04
2.734700000000000000e+04 2.823400000000000000e+04
2.742200000000000000e+04 2.815100000000000000e+04
2.737700000000000000e+04 2.819700000000000000e+04
2.739000000000000000e+04 2.816200000000000000e+04
2.737000000000000000e+04 2.820900000000000000e+04
2.736800000000000000e+04 2.822200000000000000e+04
2.738000000000000000e+04 2.817300000000000000e+04
2.740300000000000000e+04 2.816100000000000000e+04
2.742300000000000000e+04 2.814100000000000000e+04
2.742100000000000000e+04 2.815900000000000000e+04
2.747900000000000000e+04 2.809600000000000000e+04
2.744900000000000000e+04 2.812600000000000000e+04
2.744600000000000000e+04 2.813000000000000000e+04
2.746900000000000000e+04 2.810000000000000000e+04
2.748300000000000000e+04 2.806800000000000000e+04
2.752800000000000000e+04 2.804500000000000000e+04
2.746800000000000000e+04 2.811400000000000000e+04
2.751100000000000000e+04 2.805300000000000000e+04
2.754500000000000000e+04 2.802700000000000000e+04
2.749600000000000000e+04 2.805700000000000000e+04
2.752200000000000000e+04 2.804900000000000000e+04
2.754000000000000000e+04 2.803500000000000000e+04
2.753100000000000000e+04 2.804000000000000000e+04
2.757000000000000000e+04 2.800700000000000000e+04
2.761800000000000000e+04 2.798500000000000000e+04
2.762200000000000000e+04 2.795800000000000000e+04
2.759800000000000000e+04 2.800200000000000000e+04
2.761000000000000000e+04 2.799000000000000000e+04
2.764200000000000000e+04 2.794400000000000000e+04
2.768500000000000000e+04 2.789200000000000000e+04
2.767300000000000000e+04 2.791500000000000000e+04
2.766300000000000000e+04 2.792900000000000000e+04
2.767000000000000000e+04 2.792600000000000000e+04
2.767900000000000000e+04 2.789800000000000000e+04
2.771700000000000000e+04 2.787800000000000000e+04
2.771800000000000000e+04 2.786300000000000000e+04
2.773300000000000000e+04 2.782200000000000000e+04
2.772000000000000000e+04 2.784100000000000000e+04
2.773000000000000000e+04 2.783800000000000000e+04
2.777700000000000000e+04 2.781700000000000000e+04
2.775700000000000000e+04 2.781900000000000000e+04
2.783900000000000000e+04 2.774900000000000000e+04
2.780400000000000000e+04 2.778600000000000000e+04
2.779300000000000000e+04 2.779300000000000000e+04
2.782100000000000000e+04 2.776400000000000000e+04
2.786700000000000000e+04 2.771200000000000000e+04
2.790300000000000000e+04 2.763700000000000000e+04
2.787000000000000000e+04 2.767300000000000000e+04
2.788600000000000000e+04 2.766800000000000000e+04
2.789100000000000000e+04 2.764700000000000000e+04
2.789800000000000000e+04 2.764000000000000000e+04
2.791300000000000000e+04 2.763600000000000000e+04
2.793100000000000000e+04 2.760800000000000000e+04
2.793300000000000000e+04 2.757500000000000000e+04
2.794300000000000000e+04 2.756500000000000000e+04
2.792900000000000000e+04 2.761200000000000000e+04
2.794200000000000000e+04 2.757000000000000000e+04
2.797000000000000000e+04 2.752200000000000000e+04
2.796500000000000000e+04 2.753400000000000000e+04
2.804900000000000000e+04 2.746700000000000000e+04
2.802600000000000000e+04 2.751000000000000000e+04
2.807000000000000000e+04 2.741700000000000000e+04
2.802900000000000000e+04 2.747200000000000000e+04
2.806000000000000000e+04 2.742800000000000000e+04
2.814300000000000000e+04 2.736500000000000000e+04
2.810200000000000000e+04 2.739900000000000000e+04
2.805000000000000000e+04 2.744300000000000000e+04
2.806500000000000000e+04 2.742200000000000000e+04
2.808500000000000000e+04 2.741000000000000000e+04
2.814400000000000000e+04 2.729800000000000000e+04
2.810900000000000000e+04 2.738900000000000000e+04
2.555000000000000000e+04 2.899100000000000000e+04
2.566800000000000000e+04 2.898500000000000000e+04
2.577900000000000000e+04 2.897800000000000000e+04
2.582800000000000000e+04 2.896900000000000000e+04
2.595100000000000000e+04 2.896800000000000000e+04
2.599700000000000000e+04 2.895000000000000000e+04
2.616200000000000000e+04 2.894600000000000000e+04
2.622500000000000000e+04 2.892900000000000000e+04
2.622400000000000000e+04 2.893500000000000000e+04
2.624100000000000000e+04 2.892600000000000000e+04
2.629800000000000000e+04 2.892400000000000000e+04
2.632500000000000000e+04 2.890800000000000000e+04
2.640500000000000000e+04 2.886000000000000000e+04
2.643200000000000000e+04 2.885200000000000000e+04
2.638400000000000000e+04 2.888100000000000000e+04
2.637000000000000000e+04 2.890400000000000000e+04
2.645000000000000000e+04 2.884100000000000000e+04
2.639500000000000000e+04 2.886800000000000000e+04
2.647400000000000000e+04 2.882500000000000000e+04
2.650400000000000000e+04 2.880700000000000000e+04
2.648100000000000000e+04 2.881500000000000000e+04
2.650100000000000000e+04 2.881100000000000000e+04
2.657000000000000000e+04 2.879500000000000000e+04
2.659000000000000000e+04 2.879100000000000000e+04
2.655200000000000000e+04 2.880400000000000000e+04
2.659500000000000000e+04 2.877700000000000000e+04
2.662100000000000000e+04 2.875600000000000000e+04
2.667500000000000000e+04 2.870500000000000000e+04
2.671600000000000000e+04 2.867600000000000000e+04
2.665700000000000000e+04 2.872300000000000000e+04
2.667700000000000000e+04 2.869300000000000000e+04
2.671400000000000000e+04 2.868700000000000000e+04
2.680300000000000000e+04 2.863000000000000000e+04
2.678300000000000000e+04 2.867100000000000000e+04
2.680100000000000000e+04 2.863300000000000000e+04
2.684300000000000000e+04 2.861900000000000000e+04
2.687100000000000000e+04 2.859900000000000000e+04
2.689200000000000000e+04 2.858000000000000000e+04
2.692800000000000000e+04 2.856700000000000000e+04
2.697900000000000000e+04 2.851100000000000000e+04
2.693400000000000000e+04 2.854200000000000000e+04
2.693900000000000000e+04 2.852600000000000000e+04
2.696100000000000000e+04 2.851800000000000000e+04
2.694800000000000000e+04 2.852200000000000000e+04
2.693200000000000000e+04 2.856100000000000000e+04
2.702700000000000000e+04 2.849300000000000000e+04
2.701300000000000000e+04 2.850000000000000000e+04
2.710300000000000000e+04 2.841700000000000000e+04
2.711000000000000000e+04 2.840900000000000000e+04
2.706500000000000000e+04 2.844400000000000000e+04
2.712300000000000000e+04 2.840200000000000000e+04
2.706000000000000000e+04 2.844800000000000000e+04
2.709000000000000000e+04 2.843000000000000000e+04
2.709200000000000000e+04 2.842100000000000000e+04
2.720300000000000000e+04 2.836200000000000000e+04
2.712700000000000000e+04 2.840000000000000000e+04
2.717400000000000000e+04 2.838700000000000000e+04
2.720400000000000000e+04 2.832000000000000000e+04
2.721700000000000000e+04 2.831700000000000000e+04
2.722500000000000000e+04 2.830700000000000000e+04
2.724500000000000000e+04 2.830000000000000000e+04
2.728100000000000000e+04 2.826100000000000000e+04
2.735100000000000000e+04 2.822500000000000000e+04
2.731400000000000000e+04 2.825000000000000000e+04
2.734700000000000000e+04 2.823400000000000000e+04
2.742200000000000000e+04 2.815100000000000000e+04
2.737700000000000000e+04 2.819700000000000000e+04
2.739000000000000000e+04 2.816200000000000000e+04
2.737000000000000000e+04 2.820900000000000000e+04
2.736800000000000000e+04 2.822200000000000000e+04
2.738000000000000000e+04 2.817300000000000000e+04
2.740300000000000000e+04 2.816100000000000000e+04
2.742300000000000000e+04 2.814100000000000000e+04
2.742100000000000000e+04 2.815900000000000000e+04
2.747900000000000000e+04 2.809600000000000000e+04
2.744900000000000000e+04 2.812600000000000000e+04
2.744600000000000000e+04 2.813000000000000000e+04
2.746900000000000000e+04 2.810000000000000000e+04
2.748300000000000000e+04 2.806800000000000000e+04
2.752800000000000000e+04 2.804500000000000000e+04
2.746800000000000000e+04 2.811400000000000000e+04
2.751100000000000000e+04 2.805300000000000000e+04
2.754500000000000000e+04 2.802700000000000000e+04
2.749600000000000000e+04 2.805700000000000000e+04
2.752200000000000000e+04 2.804900000000000000e+04
2.754000000000000000e+04 2.803500000000000000e+04
2.753100000000000000e+04 2.804000000000000000e+04
2.757000000000000000e+04 2.800700000000000000e+04
2.761800000000000000e+04 2.798500000000000000e+04
2.762200000000000000e+04 2.795800000000000000e+04
2.759800000000000000e+04 2.800200000000000000e+04
2.761000000000000000e+04 2.799000000000000000e+04
2.764200000000000000e+04 2.794400000000000000e+04
2.768500000000000000e+04 2.789200000000000000e+04
2.767300000000000000e+04 2.791500000000000000e+04
2.766300000000000000e+04 2.792900000000000000e+04
2.767000000000000000e+04 2.792600000000000000e+04
2.767900000000000000e+04 2.789800000000000000e+04
2.771700000000000000e+04 2.787800000000000000e+04
2.771800000000000000e+04 2.786300000000000000e+04
2.773300000000000000e+04 2.782200000000000000e+04
2.772000000000000000e+04 2.784100000000000000e+04
2.773000000000000000e+04 2.783800000000000000e+04
2.777700000000000000e+04 2.781700000000000000e+04
2.775700000000000000e+04 2.781900000000000000e+04
2.783900000000000000e+04 2.774900000000000000e+04
2.780400000000000000e+04 2.778600000000000000e+04
2.779300000000000000e+04 2.779300000000000000e+04
2.782100000000000000e+04 2.776400000000000000e+04
2.786700000000000000e+04 2.771200000000000000e+04
2.790300000000000000e+04 2.763700000000000000e+04
2.787000000000000000e+04 2.767300000000000000e+04
2.788600000000000000e+04 2.766800000000000000e+04
2.789100000000000000e+04 2.764700000000000000e+04
2.789800000000000000e+04 2.764000000000000000e+04
2.791300000000000000e+04 2.763600000000000000e+04
2.793100000000000000e+04 2.760800000000000000e+04
2.793300000000000000e+04 2.757500000000000000e+04
2.794300000000000000e+04 2.756500000000000000e+04
2.792900000000000000e+04 2.761200000000000000e+04
2.794200000000000000e+04 2.757000000000000000e+04
2.797000000000000000e+04 2.752200000000000000e+04
2.796500000000000000e+04 2.753400000000000000e+04
2.804900000000000000e+04 2.746700000000000000e+04
2.802600000000000000e+04 2.751000000000000000e+04
2.807000000000000000e+04 2.741700000000000000e+04
2.802900000000000000e+04 2.747200000000000000e+04
2.806000000000000000e+04 2.742800000000000000e+04
2.814300000000000000e+04 2.736500000000000000e+04
2.810200000000000000e+04 2.739900000000000000e+04
2.805000000000000000e+04 2.744300000000000000e+04
2.806500000000000000e+04 2.742200000000000000e+04
2.808500000000000000e+04 2.741000000000000000e+04
2.810900000000000000e+04 2.738900000000000000e+04
2.821000000000000000e+04 2.719800000000000000e+04
2.815500000000000000e+04 2.733200000000000000e+04
2.817100000000000000e+04 2.726200000000000000e+04
2.815800000000000000e+04 2.729700000000000000e+04
2.816800000000000000e+04 2.728000000000000000e+04
2.818100000000000000e+04 2.724000000000000000e+04
2.817600000000000000e+04 2.724900000000000000e+04
2.816300000000000000e+04 2.728100000000000000e+04
2.819800000000000000e+04 2.722000000000000000e+04
2.817300000000000000e+04 2.725700000000000000e+04
2.819700000000000000e+04 2.723300000000000000e+04
2.818200000000000000e+04 2.723700000000000000e+04
2.820000000000000000e+04 2.720300000000000000e+04
2.555000000000000000e+04 2.899100000000000000e+04
2.566800000000000000e+04 2.898500000000000000e+04
2.577900000000000000e+04 2.897800000000000000e+04
2.582800000000000000e+04 2.896900000000000000e+04
2.595100000000000000e+04 2.896800000000000000e+04
2.599700000000000000e+04 2.895000000000000000e+04
2.616200000000000000e+04 2.894600000000000000e+04
2.622500000000000000e+04 2.892900000000000000e+04
2.622400000000000000e+04 2.893500000000000000e+04
2.624100000000000000e+04 2.892600000000000000e+04
2.629800000000000000e+04 2.892400000000000000e+04
2.632500000000000000e+04 2.890800000000000000e+04
2.640500000000000000e+04 2.886000000000000000e+04
2.643200000000000000e+04 2.885200000000000000e+04
2.638400000000000000e+04 2.888100000000000000e+04
2.637000000000000000e+04 2.890400000000000000e+04
2.645000000000000000e+04 2.884100000000000000e+04
2.639500000000000000e+04 2.886800000000000000e+04
2.647400000000000000e+04 2.882500000000000000e+04
2.650400000000000000e+04 2.880700000000000000e+04
2.648100000000000000e+04 2.881500000000000000e+04
2.650100000000000000e+04 2.881100000000000000e+04
2.657000000000000000e+04 2.879500000000000000e+04
2.659000000000000000e+04 2.879100000000000000e+04
2.655200000000000000e+04 2.880400000000000000e+04
2.659500000000000000e+04 2.877700000000000000e+04
2.662100000000000000e+04 2.875600000000000000e+04
2.667500000000000000e+04 2.870500000000000000e+04
2.671600000000000000e+04 2.867600000000000000e+04
2.665700000000000000e+04 2.872300000000000000e+04
2.667700000000000000e+04 2.869300000000000000e+04
2.671400000000000000e+04 2.868700000000000000e+04
2.680300000000000000e+04 2.863000000000000000e+04
2.678300000000000000e+04 2.867100000000000000e+04
2.680100000000000000e+04 2.863300000000000000e+04
2.684300000000000000e+04 2.861900000000000000e+04
2.687100000000000000e+04 2.859900000000000000e+04
2.689200000000000000e+04 2.858000000000000000e+04
2.692800000000000000e+04 2.856700000000000000e+04
2.697900000000000000e+04 2.851100000000000000e+04
2.693400000000000000e+04 2.854200000000000000e+04
2.693900000000000000e+04 2.852600000000000000e+04
2.696100000000000000e+04 2.851800000000000000e+04
2.694800000000000000e+04 2.852200000000000000e+04
2.693200000000000000e+04 2.856100000000000000e+04
2.702700000000000000e+04 2.849300000000000000e+04
2.701300000000000000e+04 2.850000000000000000e+04
2.710300000000000000e+04 2.841700000000000000e+04
2.711000000000000000e+04 2.840900000000000000e+04
2.706500000000000000e+04 2.844400000000000000e+04
2.712300000000000000e+04 2.840200000000000000e+04
2.706000000000000000e+04 2.844800000000000000e+04
2.709000000000000000e+04 2.843000000000000000e+04
2.709200000000000000e+04 2.842100000000000000e+04
2.720300000000000000e+04 2.836200000000000000e+04
2.712700000000000000e+04 2.840000000000000000e+04
2.717400000000000000e+04 2.838700000000000000e+04
2.720400000000000000e+04 2.832000000000000000e+04
2.721700000000000000e+04 2.831700000000000000e+04
2.722500000000000000e+04 2.830700000000000000e+04
2.724500000000000000e+04 2.830000000000000000e+04
2.728100000000000000e+04 2.826100000000000000e+04
2.735100000000000000e+04 2.822500000000000000e+04
2.731400000000000000e+04 2.825000000000000000e+04
2.734700000000000000e+04 2.823400000000000000e+04
2.742200000000000000e+04 2.815100000000000000e+04
2.737700000000000000e+04 2.819700000000000000e+04
2.739000000000000000e+04 2.816200000000000000e+04
2.737000000000000000e+04 2.820900000000000000e+04
2.736800000000000000e+04 2.822200000000000000e+04
2.738000000000000000e+04 2.817300000000000000e+04
2.740300000000000000e+04 2.816100000000000000e+04
2.742300000000000000e+04 2.814100000000000000e+04
2.742100000000000000e+04 2.815900000000000000e+04
2.747900000000000000e+04 2.809600000000000000e+04
2.744900000000000000e+04 2.812600000000000000e+04
2.744600000000000000e+04 2.813000000000000000e+04
2.746900000000000000e+04 2.810000000000000000e+04
2.748300000000000000e+04 2.806800000000000000e+04
2.752800000000000000e+04 2.804500000000000000e+04
2.746800000000000000e+04 2.811400000000000000e+04
2.751100000000000000e+04 2.805300000000000000e+04
2.754500000000000000e+04 2.802700000000000000e+04
2.749600000000000000e+04 2.805700000000000000e+04
2.752200000000000000e+04 2.804900000000000000e+04
2.754000000000000000e+04 2.803500000000000000e+04
2.753100000000000000e+04 2.804000000000000000e+04
2.757000000000000000e+04 2.800700000000000000e+04
2.761800000000000000e+04 2.798500000000000000e+04
2.762200000000000000e+04 2.795800000000000000e+04
2.759800000000000000e+04 2.800200000000000000e+04
2.761000000000000000e+04 2.799000000000000000e+04
2.764200000000000000e+04 2.794400000000000000e+04
2.768500000000000000e+04 2.789200000000000000e+04
2.767300000000000000e+04 2.791500000000000000e+04
2.766300000000000000e+04 2.792900000000000000e+04
2.767000000000000000e+04 2.792600000000000000e+04
2.767900000000000000e+04 2.789800000000000000e+04
2.771700000000000000e+04 2.787800000000000000e+04
2.771800000000000000e+04 2.786300000000000000e+04
2.773300000000000000e+04 2.782200000000000000e+04
2.772000000000000000e+04 2.784100000000000000e+04
2.773000000000000000e+04 2.783800000000000000e+04
2.777700000000000000e+04 2.781700000000000000e+04
2.775700000000000000e+04 2.781900000000000000e+04
2.783900000000000000e+04 2.774900000000000000e+04
2.780400000000000000e+04 2.778600000000000000e+04
2.779300000000000000e+04 2.779300000000000000e+04
2.782100000000000000e+04 2.776400000000000000e+04
2.786700000000000000e+04 2.771200000000000000e+04
2.790300000000000000e+04 2.763700000000000000e+04
2.787000000000000000e+04 2.767300000000000000e+04
2.788600000000000000e+04 2.766800000000000000e+04
2.789100000000000000e+04 2.764700000000000000e+04
2.789800000000000000e+04 2.764000000000000000e+04
2.791300000000000000e+04 2.763600000000000000e+04
2.793100000000000000e+04 2.760800000000000000e+04
2.793300000000000000e+04 2.757500000000000000e+04
2.794300000000000000e+04 2.756500000000000000e+04
2.792900000000000000e+04 2.761200000000000000e+04
2.794200000000000000e+04 2.757000000000000000e+04
2.797000000000000000e+04 2.752200000000000000e+04
2.796500000000000000e+04 2.753400000000000000e+04
2.804900000000000000e+04 2.746700000000000000e+04
2.802600000000000000e+04 2.751000000000000000e+04
2.807000000000000000e+04 2.741700000000000000e+04
2.802900000000000000e+04 2.747200000000000000e+04
2.806000000000000000e+04 2.742800000000000000e+04
2.814300000000000000e+04 2.736500000000000000e+04
2.810200000000000000e+04 2.739900000000000000e+04
2.805000000000000000e+04 2.744300000000000000e+04
2.806500000000000000e+04 2.742200000000000000e+04
2.808500000000000000e+04 2.741000000000000000e+04
2.810900000000000000e+04 2.738900000000000000e+04
2.821000000000000000e+04 2.719800000000000000e+04
2.815500000000000000e+04 2.733200000000000000e+04
2.817100000000000000e+04 2.726200000000000000e+04
2.815800000000000000e+04 2.729700000000000000e+04
2.816800000000000000e+04 2.728000000000000000e+04
2.818100000000000000e+04 2.724000000000000000e+04
2.817600000000000000e+04 2.724900000000000000e+04
2.816300000000000000e+04 2.728100000000000000e+04
2.817300000000000000e+04 2.725700000000000000e+04
2.818200000000000000e+04 2.723700000000000000e+04
2.820000000000000000e+04 2.720300000000000000e+04
2.819800000000000000e+04 2.723600000000000000e+04
2.827300000000000000e+04 2.713600000000000000e+04
2.821600000000000000e+04 2.716000000000000000e+04
2.824100000000000000e+04 2.714900000000000000e+04
2.821200000000000000e+04 2.716200000000000000e+04
2.824800000000000000e+04 2.714000000000000000e+04
2.829000000000000000e+04 2.712600000000000000e+04
2.834600000000000000e+04 2.703400000000000000e+04
2.832400000000000000e+04 2.706100000000000000e+04
2.831400000000000000e+04 2.706800000000000000e+04
2.829400000000000000e+04 2.708100000000000000e+04
2.829900000000000000e+04 2.707300000000000000e+04
2.835400000000000000e+04 2.702400000000000000e+04
2.832500000000000000e+04 2.706000000000000000e+04
2.839400000000000000e+04 2.695800000000000000e+04
2.833000000000000000e+04 2.703500000000000000e+04
2.840000000000000000e+04 2.694400000000000000e+04
2.835700000000000000e+04 2.702200000000000000e+04
2.841100000000000000e+04 2.693600000000000000e+04
2.837200000000000000e+04 2.701600000000000000e+04
2.838200000000000000e+04 2.698300000000000000e+04
2.838800000000000000e+04 2.697000000000000000e+04
2.555000000000000000e+04 2.899100000000000000e+04
2.566800000000000000e+04 2.898500000000000000e+04
2.577900000000000000e+04 2.897800000000000000e+04
2.582800000000000000e+04 2.896900000000000000e+04
2.595100000000000000e+04 2.896800000000000000e+04
2.599700000000000000e+04 2.895000000000000000e+04
2.616200000000000000e+04 2.894600000000000000e+04
2.622500000000000000e+04 2.892900000000000000e+04
2.622400000000000000e+04 2.893500000000000000e+04
2.624100000000000000e+04 2.892600000000000000e+04
2.629800000000000000e+04 2.892400000000000000e+04
2.632500000000000000e+04 2.890800000000000000e+04
2.640500000000000000e+04 2.886000000000000000e+04
2.643200000000000000e+04 2.885200000000000000e+04
2.638400000000000000e+04 2.888100000000000000e+04
2.637000000000000000e+04 2.890400000000000000e+04
2.645000000000000000e+04 2.884100000000000000e+04
2.639500000000000000e+04 2.886800000000000000e+04
2.647400000000000000e+04 2.882500000000000000e+04
2.650400000000000000e+04 2.880700000000000000e+04
2.648100000000000000e+04 2.881500000000000000e+04
2.650100000000000000e+04 2.881100000000000000e+04
2.657000000000000000e+04 2.879500000000000000e+04
2.659000000000000000e+04 2.879100000000000000e+04
2.655200000000000000e+04 2.880400000000000000e+04
2.659500000000000000e+04 2.877700000000000000e+04
2.662100000000000000e+04 2.875600000000000000e+04
2.667500000000000000e+04 2.870500000000000000e+04
2.671600000000000000e+04 2.867600000000000000e+04
2.665700000000000000e+04 2.872300000000000000e+04
2.667700000000000000e+04 2.869300000000000000e+04
2.671400000000000000e+04 2.868700000000000000e+04
2.680300000000000000e+04 2.863000000000000000e+04
2.678300000000000000e+04 2.867100000000000000e+04
2.680100000000000000e+04 2.863300000000000000e+04
2.684300000000000000e+04 2.861900000000000000e+04
2.687100000000000000e+04 2.859900000000000000e+04
2.689200000000000000e+04 2.858000000000000000e+04
2.692800000000000000e+04 2.856700000000000000e+04
2.697900000000000000e+04 2.851100000000000000e+04
2.693400000000000000e+04 2.854200000000000000e+04
2.693900000000000000e+04 2.852600000000000000e+04
2.696100000000000000e+04 2.851800000000000000e+04
2.694800000000000000e+04 2.852200000000000000e+04
2.693200000000000000e+04 2.856100000000000000e+04
2.702700000000000000e+04 2.849300000000000000e+04
2.701300000000000000e+04 2.850000000000000000e+04
2.710300000000000000e+04 2.841700000000000000e+04
2.711000000000000000e+04 2.840900000000000000e+04
2.706500000000000000e+04 2.844400000000000000e+04
2.712300000000000000e+04 2.840200000000000000e+04
2.706000000000000000e+04 2.844800000000000000e+04
2.709000000000000000e+04 2.843000000000000000e+04
2.709200000000000000e+04 2.842100000000000000e+04
2.720300000000000000e+04 2.836200000000000000e+04
2.712700000000000000e+04 2.840000000000000000e+04
2.717400000000000000e+04 2.838700000000000000e+04
2.720400000000000000e+04 2.832000000000000000e+04
2.721700000000000000e+04 2.831700000000000000e+04
2.722500000000000000e+04 2.830700000000000000e+04
2.724500000000000000e+04 2.830000000000000000e+04
2.728100000000000000e+04 2.826100000000000000e+04
2.735100000000000000e+04 2.822500000000000000e+04
2.731400000000000000e+04 2.825000000000000000e+04
2.734700000000000000e+04 2.823400000000000000e+04
2.742200000000000000e+04 2.815100000000000000e+04
2.737700000000000000e+04 2.819700000000000000e+04
2.739000000000000000e+04 2.816200000000000000e+04
2.737000000000000000e+04 2.820900000000000000e+04
2.736800000000000000e+04 2.822200000000000000e+04
2.738000000000000000e+04 2.817300000000000000e+04
2.740300000000000000e+04 2.816100000000000000e+04
2.742300000000000000e+04 2.814100000000000000e+04
2.742100000000000000e+04 2.815900000000000000e+04
2.747900000000000000e+04 2.809600000000000000e+04
2.744900000000000000e+04 2.812600000000000000e+04
2.744600000000000000e+04 2.813000000000000000e+04
2.746900000000000000e+04 2.810000000000000000e+04
2.748300000000000000e+04 2.806800000000000000e+04
2.752800000000000000e+04 2.804500000000000000e+04
2.746800000000000000e+04 2.811400000000000000e+04
2.751100000000000000e+04 2.805300000000000000e+04
2.754500000000000000e+04 2.802700000000000000e+04
2.749600000000000000e+04 2.805700000000000000e+04
2.752200000000000000e+04 2.804900000000000000e+04
2.754000000000000000e+04 2.803500000000000000e+04
2.753100000000000000e+04 2.804000000000000000e+04
2.757000000000000000e+04 2.800700000000000000e+04
2.761800000000000000e+04 2.798500000000000000e+04
2.762200000000000000e+04 2.795800000000000000e+04
2.759800000000000000e+04 2.800200000000000000e+04
2.761000000000000000e+04 2.799000000000000000e+04
2.764200000000000000e+04 2.794400000000000000e+04
2.768500000000000000e+04 2.789200000000000000e+04
2.767300000000000000e+04 2.791500000000000000e+04
2.766300000000000000e+04 2.792900000000000000e+04
2.767000000000000000e+04 2.792600000000000000e+04
2.767900000000000000e+04 2.789800000000000000e+04
2.771700000000000000e+04 2.787800000000000000e+04
2.771800000000000000e+04 2.786300000000000000e+04
2.773300000000000000e+04 2.782200000000000000e+04
2.772000000000000000e+04 2.784100000000000000e+04
2.773000000000000000e+04 2.783800000000000000e+04
2.777700000000000000e+04 2.781700000000000000e+04
2.775700000000000000e+04 2.781900000000000000e+04
2.783900000000000000e+04 2.774900000000000000e+04
2.780400000000000000e+04 2.778600000000000000e+04
2.779300000000000000e+04 2.779300000000000000e+04
2.782100000000000000e+04 2.776400000000000000e+04
2.786700000000000000e+04 2.771200000000000000e+04
2.790300000000000000e+04 2.763700000000000000e+04
2.787000000000000000e+04 2.767300000000000000e+04
2.788600000000000000e+04 2.766800000000000000e+04
2.789100000000000000e+04 2.764700000000000000e+04
2.789800000000000000e+04 2.764000000000000000e+04
2.791300000000000000e+04 2.763600000000000000e+04
2.793100000000000000e+04 2.760800000000000000e+04
2.793300000000000000e+04 2.757500000000000000e+04
2.794300000000000000e+04 2.756500000000000000e+04
2.792900000000000000e+04 2.761200000000000000e+04
2.794200000000000000e+04 2.757000000000000000e+04
2.797000000000000000e+04 2.752200000000000000e+04
2.796500000000000000e+04 2.753400000000000000e+04
2.804900000000000000e+04 2.746700000000000000e+04
2.802600000000000000e+04 2.751000000000000000e+04
2.807000000000000000e+04 2.741700000000000000e+04
2.802900000000000000e+04 2.747200000000000000e+04
2.806000000000000000e+04 2.742800000000000000e+04
2.814300000000000000e+04 2.736500000000000000e+04
2.810200000000000000e+04 2.739900000000000000e+04
2.805000000000000000e+04 2.744300000000000000e+04
2.806500000000000000e+04 2.742200000000000000e+04
2.808500000000000000e+04 2.741000000000000000e+04
2.810900000000000000e+04 2.738900000000000000e+04
2.821000000000000000e+04 2.719800000000000000e+04
2.815500000000000000e+04 2.733200000000000000e+04
2.817100000000000000e+04 2.726200000000000000e+04
2.815800000000000000e+04 2.729700000000000000e+04
2.816800000000000000e+04 2.728000000000000000e+04
2.818100000000000000e+04 2.724000000000000000e+04
2.817600000000000000e+04 2.724900000000000000e+04
2.816300000000000000e+04 2.728100000000000000e+04
2.817300000000000000e+04 2.725700000000000000e+04
2.818200000000000000e+04 2.723700000000000000e+04
2.820000000000000000e+04 2.720300000000000000e+04
2.819800000000000000e+04 2.723600000000000000e+04
2.827300000000000000e+04 2.713600000000000000e+04
2.821600000000000000e+04 2.716000000000000000e+04
2.824100000000000000e+04 2.714900000000000000e+04
2.821200000000000000e+04 2.716200000000000000e+04
2.824800000000000000e+04 2.714000000000000000e+04
2.829000000000000000e+04 2.712600000000000000e+04
2.834600000000000000e+04 2.703400000000000000e+04
2.832400000000000000e+04 2.706100000000000000e+04
2.831400000000000000e+04 2.706800000000000000e+04
2.829400000000000000e+04 2.708100000000000000e+04
2.829900000000000000e+04 2.707300000000000000e+04
2.835400000000000000e+04 2.702400000000000000e+04
2.832500000000000000e+04 2.706000000000000000e+04
2.839400000000000000e+04 2.695800000000000000e+04
2.833000000000000000e+04 2.703500000000000000e+04
2.840000000000000000e+04 2.694400000000000000e+04
2.835700000000000000e+04 2.702200000000000000e+04
2.841100000000000000e+04 2.693600000000000000e+04
2.837200000000000000e+04 2.701600000000000000e+04
2.838200000000000000e+04 2.698300000000000000e+04
2.838800000000000000e+04 2.697000000000000000e+04
2.844500000000000000e+04 2.691300000000000000e+04
2.840800000000000000e+04 2.694100000000000000e+04
2.846200000000000000e+04 2.687600000000000000e+04
2.842300000000000000e+04 2.691900000000000000e+04
2.848700000000000000e+04 2.681700000000000000e+04
2.848100000000000000e+04 2.682100000000000000e+04
2.851500000000000000e+04 2.677300000000000000e+04
2.849000000000000000e+04 2.680500000000000000e+04
2.846500000000000000e+04 2.686500000000000000e+04
2.847400000000000000e+04 2.684000000000000000e+04
2.848000000000000000e+04 2.683000000000000000e+04
2.852700000000000000e+04 2.676700000000000000e+04
2.853000000000000000e+04 2.675800000000000000e+04
2.850700000000000000e+04 2.678400000000000000e+04
2.853700000000000000e+04 2.673100000000000000e+04
2.856500000000000000e+04 2.669300000000000000e+04
2.856700000000000000e+04 2.667000000000000000e+04
2.855400000000000000e+04 2.671600000000000000e+04
2.853600000000000000e+04 2.674600000000000000e+04
2.347300000000000000e+04 2.514400000000000000e+04
2.398600000000000000e+04 2.648300000000000000e+04
2.397700000000000000e+04 2.653200000000000000e+04
2.390900000000000000e+04 2.688100000000000000e+04
2.393300000000000000e+04 2.688000000000000000e+04
2.390200000000000000e+04 2.690200000000000000e+04
2.393400000000000000e+04 2.685100000000000000e+04
2.389600000000000000e+04 2.691500000000000000e+04
2.443000000000000000e+04 2.788200000000000000e+04
2.433600000000000000e+04 2.789700000000000000e+04
2.434500000000000000e+04 2.788600000000000000e+04
2.446000000000000000e+04 2.784400000000000000e+04
2.471600000000000000e+04 2.844700000000000000e+04
2.481200000000000000e+04 2.841300000000000000e+04
2.480100000000000000e+04 2.841900000000000000e+04
2.476600000000000000e+04 2.843200000000000000e+04
2.522400000000000000e+04 2.874300000000000000e+04
2.508100000000000000e+04 2.879000000000000000e+04
2.509400000000000000e+04 2.877600000000000000e+04
2.502300000000000000e+04 2.881500000000000000e+04
2.517300000000000000e+04 2.876700000000000000e+04
2.537600000000000000e+04 2.898200000000000000e+04
2.519100000000000000e+04 2.899000000000000000e+04
2.516500000000000000e+04 2.901000000000000000e+04
2.536800000000000000e+04 2.904100000000000000e+04
2.537000000000000000e+04 2.903000000000000000e+04
2.538100000000000000e+04 2.902500000000000000e+04
2.536200000000000000e+04 2.904300000000000000e+04
2.558400000000000000e+04 2.897200000000000000e+04
2.554800000000000000e+04 2.901400000000000000e+04
2.536800000000000000e+04 2.904100000000000000e+04
2.537000000000000000e+04 2.903000000000000000e+04
2.536200000000000000e+04 2.904300000000000000e+04
2.565200000000000000e+04 2.900200000000000000e+04
2.557700000000000000e+04 2.902800000000000000e+04
2.560600000000000000e+04 2.902600000000000000e+04
2.564800000000000000e+04 2.901000000000000000e+04
2.563000000000000000e+04 2.901400000000000000e+04
2.568200000000000000e+04 2.899100000000000000e+04
2.567400000000000000e+04 2.905800000000000000e+04
2.571400000000000000e+04 2.904100000000000000e+04
2.582800000000000000e+04 2.898600000000000000e+04
2.570800000000000000e+04 2.905300000000000000e+04
2.582400000000000000e+04 2.899200000000000000e+04
2.581300000000000000e+04 2.902400000000000000e+04
2.577900000000000000e+04 2.903300000000000000e+04
2.567400000000000000e+04 2.905800000000000000e+04
2.571400000000000000e+04 2.904100000000000000e+04
2.570800000000000000e+04 2.905300000000000000e+04
2.593200000000000000e+04 2.896400000000000000e+04
2.589200000000000000e+04 2.900300000000000000e+04
2.589000000000000000e+04 2.901900000000000000e+04
2.591900000000000000e+04 2.899400000000000000e+04
2.586300000000000000e+04 2.903900000000000000e+04
2.592500000000000000e+04 2.898700000000000000e+04
2.587600000000000000e+04 2.902400000000000000e+04
2.593000000000000000e+04 2.898100000000000000e+04
2.591000000000000000e+04 2.899600000000000000e+04
2.567400000000000000e+04 2.905800000000000000e+04
2.571400000000000000e+04 2.904100000000000000e+04
2.570800000000000000e+04 2.905300000000000000e+04
2.586300000000000000e+04 2.903900000000000000e+04
2.600600000000000000e+04 2.902900000000000000e+04
2.612600000000000000e+04 2.894100000000000000e+04
2.609200000000000000e+04 2.899600000000000000e+04
2.611000000000000000e+04 2.895900000000000000e+04
2.610700000000000000e+04 2.898000000000000000e+04
2.567400000000000000e+04 2.905800000000000000e+04
2.571400000000000000e+04 2.904100000000000000e+04
2.570800000000000000e+04 2.905300000000000000e+04
2.586300000000000000e+04 2.903900000000000000e+04
2.600600000000000000e+04 2.902900000000000000e+04
2.609200000000000000e+04 2.899600000000000000e+04
2.610700000000000000e+04 2.898000000000000000e+04
2.613100000000000000e+04 2.897900000000000000e+04
2.615400000000000000e+04 2.896900000000000000e+04
2.618100000000000000e+04 2.895300000000000000e+04
2.618200000000000000e+04 2.893700000000000000e+04
2.617900000000000000e+04 2.896700000000000000e+04
2.620600000000000000e+04 2.893600000000000000e+04
2.621500000000000000e+04 2.892200000000000000e+04
2.621200000000000000e+04 2.893100000000000000e+04
2.567400000000000000e+04 2.905800000000000000e+04
2.571400000000000000e+04 2.904100000000000000e+04
2.570800000000000000e+04 2.905300000000000000e+04
2.586300000000000000e+04 2.903900000000000000e+04
2.600600000000000000e+04 2.902900000000000000e+04
2.609200000000000000e+04 2.899600000000000000e+04
2.610700000000000000e+04 2.898000000000000000e+04
2.613100000000000000e+04 2.897900000000000000e+04
2.615400000000000000e+04 2.896900000000000000e+04
2.618100000000000000e+04 2.895300000000000000e+04
2.617900000000000000e+04 2.896700000000000000e+04
2.619100000000000000e+04 2.895000000000000000e+04
2.619900000000000000e+04 2.894500000000000000e+04
2.621700000000000000e+04 2.893400000000000000e+04
2.624900000000000000e+04 2.890700000000000000e+04
2.622200000000000000e+04 2.893200000000000000e+04
2.619400000000000000e+04 2.894600000000000000e+04
2.620700000000000000e+04 2.894000000000000000e+04
2.623200000000000000e+04 2.892100000000000000e+04
2.567400000000000000e+04 2.905800000000000000e+04
2.571400000000000000e+04 2.904100000000000000e+04
2.570800000000000000e+04 2.905300000000000000e+04
2.586300000000000000e+04 2.903900000000000000e+04
2.600600000000000000e+04 2.902900000000000000e+04
2.609200000000000000e+04 2.899600000000000000e+04
2.610700000000000000e+04 2.898000000000000000e+04
2.613100000000000000e+04 2.897900000000000000e+04
2.615400000000000000e+04 2.896900000000000000e+04
2.618100000000000000e+04 2.895300000000000000e+04
2.617900000000000000e+04 2.896700000000000000e+04
2.619100000000000000e+04 2.895000000000000000e+04
2.618600000000000000e+04 2.895200000000000000e+04
2.618000000000000000e+04 2.895400000000000000e+04
2.625000000000000000e+04 2.891600000000000000e+04
2.631800000000000000e+04 2.890500000000000000e+04
2.631600000000000000e+04 2.891300000000000000e+04
2.624800000000000000e+04 2.894600000000000000e+04
2.567400000000000000e+04 2.905800000000000000e+04
2.571400000000000000e+04 2.904100000000000000e+04
2.570800000000000000e+04 2.905300000000000000e+04
2.586300000000000000e+04 2.903900000000000000e+04
2.600600000000000000e+04 2.902900000000000000e+04
2.609200000000000000e+04 2.899600000000000000e+04
2.610700000000000000e+04 2.898000000000000000e+04
2.613100000000000000e+04 2.897900000000000000e+04
2.615400000000000000e+04 2.896900000000000000e+04
2.617900000000000000e+04 2.896700000000000000e+04
2.631800000000000000e+04 2.890500000000000000e+04
2.631600000000000000e+04 2.891300000000000000e+04
2.626400000000000000e+04 2.894400000000000000e+04
2.624900000000000000e+04 2.895400000000000000e+04
2.626600000000000000e+04 2.893500000000000000e+04
2.633200000000000000e+04 2.888700000000000000e+04
2.631100000000000000e+04 2.891400000000000000e+04
2.626900000000000000e+04 2.893000000000000000e+04
2.631900000000000000e+04 2.888900000000000000e+04
2.636700000000000000e+04 2.886800000000000000e+04
2.634400000000000000e+04 2.888000000000000000e+04
2.635800000000000000e+04 2.887400000000000000e+04
2.634600000000000000e+04 2.887700000000000000e+04
2.633000000000000000e+04 2.888800000000000000e+04
2.567400000000000000e+04 2.905800000000000000e+04
2.571400000000000000e+04 2.904100000000000000e+04
2.570800000000000000e+04 2.905300000000000000e+04
2.586300000000000000e+04 2.903900000000000000e+04
2.600600000000000000e+04 2.902900000000000000e+04
2.609200000000000000e+04 2.899600000000000000e+04
2.610700000000000000e+04 2.898000000000000000e+04
2.613100000000000000e+04 2.897900000000000000e+04
2.615400000000000000e+04 2.896900000000000000e+04
2.617900000000000000e+04 2.896700000000000000e+04
2.631600000000000000e+04 2.891300000000000000e+04
2.626400000000000000e+04 2.894400000000000000e+04
2.624900000000000000e+04 2.895400000000000000e+04
2.626600000000000000e+04 2.893500000000000000e+04
2.633200000000000000e+04 2.888700000000000000e+04
2.631100000000000000e+04 2.891400000000000000e+04
2.626900000000000000e+04 2.893000000000000000e+04
2.636700000000000000e+04 2.886800000000000000e+04
2.634400000000000000e+04 2.888000000000000000e+04
2.635800000000000000e+04 2.887400000000000000e+04
2.634600000000000000e+04 2.887700000000000000e+04
2.633100000000000000e+04 2.890800000000000000e+04
2.638100000000000000e+04 2.885100000000000000e+04
2.641400000000000000e+04 2.884400000000000000e+04
2.645000000000000000e+04 2.880600000000000000e+04
2.645300000000000000e+04 2.880400000000000000e+04
2.643700000000000000e+04 2.881700000000000000e+04
2.642400000000000000e+04 2.881800000000000000e+04
2.640000000000000000e+04 2.884700000000000000e+04
2.643800000000000000e+04 2.881100000000000000e+04
2.567400000000000000e+04 2.905800000000000000e+04
2.571400000000000000e+04 2.904100000000000000e+04
2.570800000000000000e+04 2.905300000000000000e+04
2.586300000000000000e+04 2.903900000000000000e+04
2.600600000000000000e+04 2.902900000000000000e+04
2.609200000000000000e+04 2.899600000000000000e+04
2.610700000000000000e+04 2.898000000000000000e+04
2.613100000000000000e+04 2.897900000000000000e+04
2.615400000000000000e+04 2.896900000000000000e+04
2.617900000000000000e+04 2.896700000000000000e+04
2.631600000000000000e+04 2.891300000000000000e+04
2.626400000000000000e+04 2.894400000000000000e+04
2.624900000000000000e+04 2.895400000000000000e+04
2.626600000000000000e+04 2.893500000000000000e+04
2.633200000000000000e+04 2.888700000000000000e+04
2.631100000000000000e+04 2.891400000000000000e+04
2.626900000000000000e+04 2.893000000000000000e+04
2.636700000000000000e+04 2.886800000000000000e+04
2.634400000000000000e+04 2.888000000000000000e+04
2.635800000000000000e+04 2.887400000000000000e+04
2.634600000000000000e+04 2.887700000000000000e+04
2.633100000000000000e+04 2.890800000000000000e+04
2.638100000000000000e+04 2.885100000000000000e+04
2.641400000000000000e+04 2.884400000000000000e+04
2.645000000000000000e+04 2.880600000000000000e+04
2.645300000000000000e+04 2.880400000000000000e+04
2.643700000000000000e+04 2.881700000000000000e+04
2.642400000000000000e+04 2.881800000000000000e+04
2.640000000000000000e+04 2.884700000000000000e+04
2.643800000000000000e+04 2.881100000000000000e+04
2.647400000000000000e+04 2.878200000000000000e+04
2.650100000000000000e+04 2.876700000000000000e+04
2.646100000000000000e+04 2.880000000000000000e+04
2.655200000000000000e+04 2.872400000000000000e+04
2.657200000000000000e+04 2.871900000000000000e+04
2.659300000000000000e+04 2.871000000000000000e+04
2.654000000000000000e+04 2.876400000000000000e+04
2.657300000000000000e+04 2.871600000000000000e+04
2.655100000000000000e+04 2.873800000000000000e+04
2.567400000000000000e+04 2.905800000000000000e+04
2.571400000000000000e+04 2.904100000000000000e+04
2.570800000000000000e+04 2.905300000000000000e+04
2.586300000000000000e+04 2.903900000000000000e+04
2.600600000000000000e+04 2.902900000000000000e+04
2.609200000000000000e+04 2.899600000000000000e+04
2.610700000000000000e+04 2.898000000000000000e+04
2.613100000000000000e+04 2.897900000000000000e+04
2.615400000000000000e+04 2.896900000000000000e+04
2.617900000000000000e+04 2.896700000000000000e+04
2.631600000000000000e+04 2.891300000000000000e+04
2.626400000000000000e+04 2.894400000000000000e+04
2.624900000000000000e+04 2.895400000000000000e+04
2.626600000000000000e+04 2.893500000000000000e+04
2.633200000000000000e+04 2.888700000000000000e+04
2.631100000000000000e+04 2.891400000000000000e+04
2.626900000000000000e+04 2.893000000000000000e+04
2.636700000000000000e+04 2.886800000000000000e+04
2.634400000000000000e+04 2.888000000000000000e+04
2.635800000000000000e+04 2.887400000000000000e+04
2.634600000000000000e+04 2.887700000000000000e+04
2.633100000000000000e+04 2.890800000000000000e+04
2.638100000000000000e+04 2.885100000000000000e+04
2.641400000000000000e+04 2.884400000000000000e+04
2.645000000000000000e+04 2.880600000000000000e+04
2.645300000000000000e+04 2.880400000000000000e+04
2.643700000000000000e+04 2.881700000000000000e+04
2.642400000000000000e+04 2.881800000000000000e+04
2.640000000000000000e+04 2.884700000000000000e+04
2.643800000000000000e+04 2.881100000000000000e+04
2.647400000000000000e+04 2.878200000000000000e+04
2.650100000000000000e+04 2.876700000000000000e+04
2.646100000000000000e+04 2.880000000000000000e+04
2.655200000000000000e+04 2.872400000000000000e+04
2.657200000000000000e+04 2.871900000000000000e+04
2.659300000000000000e+04 2.871000000000000000e+04
2.654000000000000000e+04 2.876400000000000000e+04
2.657300000000000000e+04 2.871600000000000000e+04
2.655100000000000000e+04 2.873800000000000000e+04
2.662800000000000000e+04 2.867800000000000000e+04
2.665100000000000000e+04 2.866700000000000000e+04
2.667100000000000000e+04 2.865700000000000000e+04
2.668800000000000000e+04 2.863900000000000000e+04
2.671900000000000000e+04 2.862800000000000000e+04
2.669700000000000000e+04 2.863400000000000000e+04
2.672600000000000000e+04 2.861800000000000000e+04
2.674400000000000000e+04 2.860000000000000000e+04
2.673400000000000000e+04 2.860700000000000000e+04
2.567400000000000000e+04 2.905800000000000000e+04
2.571400000000000000e+04 2.904100000000000000e+04
2.570800000000000000e+04 2.905300000000000000e+04
2.586300000000000000e+04 2.903900000000000000e+04
2.600600000000000000e+04 2.902900000000000000e+04
2.609200000000000000e+04 2.899600000000000000e+04
2.610700000000000000e+04 2.898000000000000000e+04
2.613100000000000000e+04 2.897900000000000000e+04
2.615400000000000000e+04 2.896900000000000000e+04
2.617900000000000000e+04 2.896700000000000000e+04
2.631600000000000000e+04 2.891300000000000000e+04
2.626400000000000000e+04 2.894400000000000000e+04
2.624900000000000000e+04 2.895400000000000000e+04
2.626600000000000000e+04 2.893500000000000000e+04
2.633200000000000000e+04 2.888700000000000000e+04
2.631100000000000000e+04 2.891400000000000000e+04
2.626900000000000000e+04 2.893000000000000000e+04
2.636700000000000000e+04 2.886800000000000000e+04
2.634400000000000000e+04 2.888000000000000000e+04
2.635800000000000000e+04 2.887400000000000000e+04
2.634600000000000000e+04 2.887700000000000000e+04
2.633100000000000000e+04 2.890800000000000000e+04
2.638100000000000000e+04 2.885100000000000000e+04
2.641400000000000000e+04 2.884400000000000000e+04
2.645000000000000000e+04 2.880600000000000000e+04
2.645300000000000000e+04 2.880400000000000000e+04
2.643700000000000000e+04 2.881700000000000000e+04
2.642400000000000000e+04 2.881800000000000000e+04
2.640000000000000000e+04 2.884700000000000000e+04
2.643800000000000000e+04 2.881100000000000000e+04
2.647400000000000000e+04 2.878200000000000000e+04
2.650100000000000000e+04 2.876700000000000000e+04
2.646100000000000000e+04 2.880000000000000000e+04
2.655200000000000000e+04 2.872400000000000000e+04
2.657200000000000000e+04 2.871900000000000000e+04
2.659300000000000000e+04 2.871000000000000000e+04
2.654000000000000000e+04 2.876400000000000000e+04
2.657300000000000000e+04 2.871600000000000000e+04
2.655100000000000000e+04 2.873800000000000000e+04
2.662800000000000000e+04 2.867800000000000000e+04
2.665100000000000000e+04 2.866700000000000000e+04
2.667100000000000000e+04 2.865700000000000000e+04
2.668800000000000000e+04 2.863900000000000000e+04
2.671900000000000000e+04 2.862800000000000000e+04
2.669700000000000000e+04 2.863400000000000000e+04
2.672600000000000000e+04 2.861800000000000000e+04
2.674400000000000000e+04 2.860000000000000000e+04
2.673400000000000000e+04 2.860700000000000000e+04
2.674900000000000000e+04 2.858500000000000000e+04
2.678400000000000000e+04 2.857100000000000000e+04
2.675700000000000000e+04 2.857700000000000000e+04
2.676900000000000000e+04 2.857500000000000000e+04
2.677300000000000000e+04 2.857200000000000000e+04
2.674800000000000000e+04 2.859400000000000000e+04
2.679800000000000000e+04 2.856600000000000000e+04
2.680800000000000000e+04 2.852800000000000000e+04
2.685100000000000000e+04 2.852500000000000000e+04
2.692600000000000000e+04 2.850600000000000000e+04
2.690500000000000000e+04 2.852400000000000000e+04
2.692800000000000000e+04 2.850100000000000000e+04
2.695100000000000000e+04 2.849000000000000000e+04
2.697300000000000000e+04 2.844300000000000000e+04
2.699500000000000000e+04 2.842800000000000000e+04
2.696200000000000000e+04 2.846400000000000000e+04
2.696900000000000000e+04 2.845700000000000000e+04
2.567400000000000000e+04 2.905800000000000000e+04
2.571400000000000000e+04 2.904100000000000000e+04
2.570800000000000000e+04 2.905300000000000000e+04
2.586300000000000000e+04 2.903900000000000000e+04
2.600600000000000000e+04 2.902900000000000000e+04
2.609200000000000000e+04 2.899600000000000000e+04
2.610700000000000000e+04 2.898000000000000000e+04
2.613100000000000000e+04 2.897900000000000000e+04
2.615400000000000000e+04 2.896900000000000000e+04
2.617900000000000000e+04 2.896700000000000000e+04
2.631600000000000000e+04 2.891300000000000000e+04
2.626400000000000000e+04 2.894400000000000000e+04
2.624900000000000000e+04 2.895400000000000000e+04
2.626600000000000000e+04 2.893500000000000000e+04
2.633200000000000000e+04 2.888700000000000000e+04
2.631100000000000000e+04 2.891400000000000000e+04
2.626900000000000000e+04 2.893000000000000000e+04
2.636700000000000000e+04 2.886800000000000000e+04
2.634400000000000000e+04 2.888000000000000000e+04
2.635800000000000000e+04 2.887400000000000000e+04
2.634600000000000000e+04 2.887700000000000000e+04
2.633100000000000000e+04 2.890800000000000000e+04
2.638100000000000000e+04 2.885100000000000000e+04
2.641400000000000000e+04 2.884400000000000000e+04
2.645000000000000000e+04 2.880600000000000000e+04
2.645300000000000000e+04 2.880400000000000000e+04
2.643700000000000000e+04 2.881700000000000000e+04
2.642400000000000000e+04 2.881800000000000000e+04
2.640000000000000000e+04 2.884700000000000000e+04
2.643800000000000000e+04 2.881100000000000000e+04
2.647400000000000000e+04 2.878200000000000000e+04
2.650100000000000000e+04 2.876700000000000000e+04
2.646100000000000000e+04 2.880000000000000000e+04
2.655200000000000000e+04 2.872400000000000000e+04
2.657200000000000000e+04 2.871900000000000000e+04
2.659300000000000000e+04 2.871000000000000000e+04
2.654000000000000000e+04 2.876400000000000000e+04
2.657300000000000000e+04 2.871600000000000000e+04
2.655100000000000000e+04 2.873800000000000000e+04
2.662800000000000000e+04 2.867800000000000000e+04
2.665100000000000000e+04 2.866700000000000000e+04
2.667100000000000000e+04 2.865700000000000000e+04
2.668800000000000000e+04 2.863900000000000000e+04
2.671900000000000000e+04 2.862800000000000000e+04
2.669700000000000000e+04 2.863400000000000000e+04
2.672600000000000000e+04 2.861800000000000000e+04
2.674400000000000000e+04 2.860000000000000000e+04
2.673400000000000000e+04 2.860700000000000000e+04
2.674900000000000000e+04 2.858500000000000000e+04
2.678400000000000000e+04 2.857100000000000000e+04
2.675700000000000000e+04 2.857700000000000000e+04
2.676900000000000000e+04 2.857500000000000000e+04
2.677300000000000000e+04 2.857200000000000000e+04
2.674800000000000000e+04 2.859400000000000000e+04
2.679800000000000000e+04 2.856600000000000000e+04
2.680800000000000000e+04 2.852800000000000000e+04
2.685100000000000000e+04 2.852500000000000000e+04
2.692600000000000000e+04 2.850600000000000000e+04
2.690500000000000000e+04 2.852400000000000000e+04
2.692800000000000000e+04 2.850100000000000000e+04
2.695100000000000000e+04 2.849000000000000000e+04
2.697300000000000000e+04 2.844300000000000000e+04
2.696200000000000000e+04 2.846400000000000000e+04
2.696900000000000000e+04 2.845700000000000000e+04
2.696400000000000000e+04 2.845800000000000000e+04
2.705600000000000000e+04 2.840100000000000000e+04
2.703600000000000000e+04 2.844200000000000000e+04
2.704000000000000000e+04 2.841400000000000000e+04
2.708600000000000000e+04 2.837600000000000000e+04
2.709700000000000000e+04 2.836600000000000000e+04
2.707000000000000000e+04 2.838300000000000000e+04
2.710700000000000000e+04 2.835900000000000000e+04
2.713100000000000000e+04 2.835000000000000000e+04
2.713000000000000000e+04 2.835100000000000000e+04
2.567400000000000000e+04 2.905800000000000000e+04
2.571400000000000000e+04 2.904100000000000000e+04
2.570800000000000000e+04 2.905300000000000000e+04
2.586300000000000000e+04 2.903900000000000000e+04
2.600600000000000000e+04 2.902900000000000000e+04
2.609200000000000000e+04 2.899600000000000000e+04
2.610700000000000000e+04 2.898000000000000000e+04
2.613100000000000000e+04 2.897900000000000000e+04
2.615400000000000000e+04 2.896900000000000000e+04
2.617900000000000000e+04 2.896700000000000000e+04
2.631600000000000000e+04 2.891300000000000000e+04
2.626400000000000000e+04 2.894400000000000000e+04
2.624900000000000000e+04 2.895400000000000000e+04
2.626600000000000000e+04 2.893500000000000000e+04
2.633200000000000000e+04 2.888700000000000000e+04
2.631100000000000000e+04 2.891400000000000000e+04
2.626900000000000000e+04 2.893000000000000000e+04
2.636700000000000000e+04 2.886800000000000000e+04
2.634400000000000000e+04 2.888000000000000000e+04
2.635800000000000000e+04 2.887400000000000000e+04
2.634600000000000000e+04 2.887700000000000000e+04
2.633100000000000000e+04 2.890800000000000000e+04
2.638100000000000000e+04 2.885100000000000000e+04
2.641400000000000000e+04 2.884400000000000000e+04
2.645000000000000000e+04 2.880600000000000000e+04
2.645300000000000000e+04 2.880400000000000000e+04
2.643700000000000000e+04 2.881700000000000000e+04
2.642400000000000000e+04 2.881800000000000000e+04
2.640000000000000000e+04 2.884700000000000000e+04
2.643800000000000000e+04 2.881100000000000000e+04
2.647400000000000000e+04 2.878200000000000000e+04
2.650100000000000000e+04 2.876700000000000000e+04
2.646100000000000000e+04 2.880000000000000000e+04
2.655200000000000000e+04 2.872400000000000000e+04
2.657200000000000000e+04 2.871900000000000000e+04
2.659300000000000000e+04 2.871000000000000000e+04
2.654000000000000000e+04 2.876400000000000000e+04
2.657300000000000000e+04 2.871600000000000000e+04
2.655100000000000000e+04 2.873800000000000000e+04
2.662800000000000000e+04 2.867800000000000000e+04
2.665100000000000000e+04 2.866700000000000000e+04
2.667100000000000000e+04 2.865700000000000000e+04
2.668800000000000000e+04 2.863900000000000000e+04
2.671900000000000000e+04 2.862800000000000000e+04
2.669700000000000000e+04 2.863400000000000000e+04
2.672600000000000000e+04 2.861800000000000000e+04
2.674400000000000000e+04 2.860000000000000000e+04
2.673400000000000000e+04 2.860700000000000000e+04
2.674900000000000000e+04 2.858500000000000000e+04
2.678400000000000000e+04 2.857100000000000000e+04
2.675700000000000000e+04 2.857700000000000000e+04
2.676900000000000000e+04 2.857500000000000000e+04
2.677300000000000000e+04 2.857200000000000000e+04
2.674800000000000000e+04 2.859400000000000000e+04
2.679800000000000000e+04 2.856600000000000000e+04
2.680800000000000000e+04 2.852800000000000000e+04
2.685100000000000000e+04 2.852500000000000000e+04
2.692600000000000000e+04 2.850600000000000000e+04
2.690500000000000000e+04 2.852400000000000000e+04
2.692800000000000000e+04 2.850100000000000000e+04
2.695100000000000000e+04 2.849000000000000000e+04
2.697300000000000000e+04 2.844300000000000000e+04
2.696200000000000000e+04 2.846400000000000000e+04
2.696900000000000000e+04 2.845700000000000000e+04
2.696400000000000000e+04 2.845800000000000000e+04
2.705600000000000000e+04 2.840100000000000000e+04
2.703600000000000000e+04 2.844200000000000000e+04
2.704000000000000000e+04 2.841400000000000000e+04
2.708600000000000000e+04 2.837600000000000000e+04
2.709700000000000000e+04 2.836600000000000000e+04
2.707000000000000000e+04 2.838300000000000000e+04
2.714600000000000000e+04 2.835100000000000000e+04
2.716600000000000000e+04 2.833100000000000000e+04
2.712900000000000000e+04 2.836400000000000000e+04
2.718900000000000000e+04 2.831500000000000000e+04
2.719200000000000000e+04 2.831400000000000000e+04
2.720400000000000000e+04 2.829200000000000000e+04
2.717400000000000000e+04 2.831700000000000000e+04
2.726000000000000000e+04 2.824800000000000000e+04
2.725000000000000000e+04 2.828300000000000000e+04
2.727200000000000000e+04 2.821700000000000000e+04
2.567400000000000000e+04 2.905800000000000000e+04
2.571400000000000000e+04 2.904100000000000000e+04
2.570800000000000000e+04 2.905300000000000000e+04
2.586300000000000000e+04 2.903900000000000000e+04
2.600600000000000000e+04 2.902900000000000000e+04
2.609200000000000000e+04 2.899600000000000000e+04
2.610700000000000000e+04 2.898000000000000000e+04
2.613100000000000000e+04 2.897900000000000000e+04
2.615400000000000000e+04 2.896900000000000000e+04
2.617900000000000000e+04 2.896700000000000000e+04
2.631600000000000000e+04 2.891300000000000000e+04
2.626400000000000000e+04 2.894400000000000000e+04
2.624900000000000000e+04 2.895400000000000000e+04
2.626600000000000000e+04 2.893500000000000000e+04
2.633200000000000000e+04 2.888700000000000000e+04
2.631100000000000000e+04 2.891400000000000000e+04
2.626900000000000000e+04 2.893000000000000000e+04
2.636700000000000000e+04 2.886800000000000000e+04
2.634400000000000000e+04 2.888000000000000000e+04
2.635800000000000000e+04 2.887400000000000000e+04
2.634600000000000000e+04 2.887700000000000000e+04
2.633100000000000000e+04 2.890800000000000000e+04
2.638100000000000000e+04 2.885100000000000000e+04
2.641400000000000000e+04 2.884400000000000000e+04
2.645000000000000000e+04 2.880600000000000000e+04
2.645300000000000000e+04 2.880400000000000000e+04
2.643700000000000000e+04 2.881700000000000000e+04
2.642400000000000000e+04 2.881800000000000000e+04
2.640000000000000000e+04 2.884700000000000000e+04
2.643800000000000000e+04 2.881100000000000000e+04
2.647400000000000000e+04 2.878200000000000000e+04
2.650100000000000000e+04 2.876700000000000000e+04
2.646100000000000000e+04 2.880000000000000000e+04
2.655200000000000000e+04 2.872400000000000000e+04
2.657200000000000000e+04 2.871900000000000000e+04
2.659300000000000000e+04 2.871000000000000000e+04
2.654000000000000000e+04 2.876400000000000000e+04
2.657300000000000000e+04 2.871600000000000000e+04
2.655100000000000000e+04 2.873800000000000000e+04
2.662800000000000000e+04 2.867800000000000000e+04
2.665100000000000000e+04 2.866700000000000000e+04
2.667100000000000000e+04 2.865700000000000000e+04
2.668800000000000000e+04 2.863900000000000000e+04
2.671900000000000000e+04 2.862800000000000000e+04
2.669700000000000000e+04 2.863400000000000000e+04
2.672600000000000000e+04 2.861800000000000000e+04
2.674400000000000000e+04 2.860000000000000000e+04
2.673400000000000000e+04 2.860700000000000000e+04
2.674900000000000000e+04 2.858500000000000000e+04
2.678400000000000000e+04 2.857100000000000000e+04
2.675700000000000000e+04 2.857700000000000000e+04
2.676900000000000000e+04 2.857500000000000000e+04
2.677300000000000000e+04 2.857200000000000000e+04
2.674800000000000000e+04 2.859400000000000000e+04
2.679800000000000000e+04 2.856600000000000000e+04
2.680800000000000000e+04 2.852800000000000000e+04
2.685100000000000000e+04 2.852500000000000000e+04
2.692600000000000000e+04 2.850600000000000000e+04
2.690500000000000000e+04 2.852400000000000000e+04
2.692800000000000000e+04 2.850100000000000000e+04
2.695100000000000000e+04 2.849000000000000000e+04
2.697300000000000000e+04 2.844300000000000000e+04
2.696200000000000000e+04 2.846400000000000000e+04
2.696900000000000000e+04 2.845700000000000000e+04
2.696400000000000000e+04 2.845800000000000000e+04
2.705600000000000000e+04 2.840100000000000000e+04
2.703600000000000000e+04 2.844200000000000000e+04
2.704000000000000000e+04 2.841400000000000000e+04
2.708600000000000000e+04 2.837600000000000000e+04
2.709700000000000000e+04 2.836600000000000000e+04
2.707000000000000000e+04 2.838300000000000000e+04
2.714600000000000000e+04 2.835100000000000000e+04
2.716600000000000000e+04 2.833100000000000000e+04
2.712900000000000000e+04 2.836400000000000000e+04
2.718900000000000000e+04 2.831500000000000000e+04
2.719200000000000000e+04 2.831400000000000000e+04
2.720400000000000000e+04 2.829200000000000000e+04
2.717400000000000000e+04 2.831700000000000000e+04
2.725000000000000000e+04 2.828300000000000000e+04
2.727500000000000000e+04 2.826300000000000000e+04
2.729800000000000000e+04 2.824700000000000000e+04
2.730700000000000000e+04 2.823900000000000000e+04
2.737700000000000000e+04 2.814700000000000000e+04
2.735400000000000000e+04 2.817800000000000000e+04
2.733300000000000000e+04 2.820800000000000000e+04
2.736600000000000000e+04 2.815600000000000000e+04
2.731900000000000000e+04 2.821300000000000000e+04
2.737000000000000000e+04 2.814900000000000000e+04
2.733400000000000000e+04 2.819100000000000000e+04
2.567400000000000000e+04 2.905800000000000000e+04
2.571400000000000000e+04 2.904100000000000000e+04
2.570800000000000000e+04 2.905300000000000000e+04
2.586300000000000000e+04 2.903900000000000000e+04
2.600600000000000000e+04 2.902900000000000000e+04
2.609200000000000000e+04 2.899600000000000000e+04
2.610700000000000000e+04 2.898000000000000000e+04
2.613100000000000000e+04 2.897900000000000000e+04
2.615400000000000000e+04 2.896900000000000000e+04
2.617900000000000000e+04 2.896700000000000000e+04
2.631600000000000000e+04 2.891300000000000000e+04
2.626400000000000000e+04 2.894400000000000000e+04
2.624900000000000000e+04 2.895400000000000000e+04
2.626600000000000000e+04 2.893500000000000000e+04
2.633200000000000000e+04 2.888700000000000000e+04
2.631100000000000000e+04 2.891400000000000000e+04
2.626900000000000000e+04 2.893000000000000000e+04
2.636700000000000000e+04 2.886800000000000000e+04
2.634400000000000000e+04 2.888000000000000000e+04
2.635800000000000000e+04 2.887400000000000000e+04
2.634600000000000000e+04 2.887700000000000000e+04
2.633100000000000000e+04 2.890800000000000000e+04
2.638100000000000000e+04 2.885100000000000000e+04
2.641400000000000000e+04 2.884400000000000000e+04
2.645000000000000000e+04 2.880600000000000000e+04
2.645300000000000000e+04 2.880400000000000000e+04
2.643700000000000000e+04 2.881700000000000000e+04
2.642400000000000000e+04 2.881800000000000000e+04
2.640000000000000000e+04 2.884700000000000000e+04
2.643800000000000000e+04 2.881100000000000000e+04
2.647400000000000000e+04 2.878200000000000000e+04
2.650100000000000000e+04 2.876700000000000000e+04
2.646100000000000000e+04 2.880000000000000000e+04
2.655200000000000000e+04 2.872400000000000000e+04
2.657200000000000000e+04 2.871900000000000000e+04
2.659300000000000000e+04 2.871000000000000000e+04
2.654000000000000000e+04 2.876400000000000000e+04
2.657300000000000000e+04 2.871600000000000000e+04
2.655100000000000000e+04 2.873800000000000000e+04
2.662800000000000000e+04 2.867800000000000000e+04
2.665100000000000000e+04 2.866700000000000000e+04
2.667100000000000000e+04 2.865700000000000000e+04
2.668800000000000000e+04 2.863900000000000000e+04
2.671900000000000000e+04 2.862800000000000000e+04
2.669700000000000000e+04 2.863400000000000000e+04
2.672600000000000000e+04 2.861800000000000000e+04
2.674400000000000000e+04 2.860000000000000000e+04
2.673400000000000000e+04 2.860700000000000000e+04
2.674900000000000000e+04 2.858500000000000000e+04
2.678400000000000000e+04 2.857100000000000000e+04
2.675700000000000000e+04 2.857700000000000000e+04
2.676900000000000000e+04 2.857500000000000000e+04
2.677300000000000000e+04 2.857200000000000000e+04
2.674800000000000000e+04 2.859400000000000000e+04
2.679800000000000000e+04 2.856600000000000000e+04
2.680800000000000000e+04 2.852800000000000000e+04
2.685100000000000000e+04 2.852500000000000000e+04
2.692600000000000000e+04 2.850600000000000000e+04
2.690500000000000000e+04 2.852400000000000000e+04
2.692800000000000000e+04 2.850100000000000000e+04
2.695100000000000000e+04 2.849000000000000000e+04
2.697300000000000000e+04 2.844300000000000000e+04
2.696200000000000000e+04 2.846400000000000000e+04
2.696900000000000000e+04 2.845700000000000000e+04
2.696400000000000000e+04 2.845800000000000000e+04
2.705600000000000000e+04 2.840100000000000000e+04
2.703600000000000000e+04 2.844200000000000000e+04
2.704000000000000000e+04 2.841400000000000000e+04
2.708600000000000000e+04 2.837600000000000000e+04
2.709700000000000000e+04 2.836600000000000000e+04
2.707000000000000000e+04 2.838300000000000000e+04
2.714600000000000000e+04 2.835100000000000000e+04
2.716600000000000000e+04 2.833100000000000000e+04
2.712900000000000000e+04 2.836400000000000000e+04
2.718900000000000000e+04 2.831500000000000000e+04
2.719200000000000000e+04 2.831400000000000000e+04
2.720400000000000000e+04 2.829200000000000000e+04
2.717400000000000000e+04 2.831700000000000000e+04
2.725000000000000000e+04 2.828300000000000000e+04
2.727500000000000000e+04 2.826300000000000000e+04
2.729800000000000000e+04 2.824700000000000000e+04
2.730700000000000000e+04 2.823900000000000000e+04
2.735400000000000000e+04 2.817800000000000000e+04
2.733300000000000000e+04 2.820800000000000000e+04
2.731900000000000000e+04 2.821300000000000000e+04
2.733400000000000000e+04 2.819100000000000000e+04
2.739600000000000000e+04 2.815800000000000000e+04
2.740300000000000000e+04 2.812600000000000000e+04
2.742000000000000000e+04 2.812500000000000000e+04
2.743700000000000000e+04 2.810200000000000000e+04
2.742700000000000000e+04 2.811200000000000000e+04
2.744900000000000000e+04 2.809800000000000000e+04
2.742800000000000000e+04 2.810500000000000000e+04
2.746900000000000000e+04 2.807100000000000000e+04
2.742200000000000000e+04 2.811800000000000000e+04
2.745300000000000000e+04 2.808000000000000000e+04
2.751500000000000000e+04 2.801500000000000000e+04
2.749500000000000000e+04 2.805800000000000000e+04
2.746700000000000000e+04 2.807500000000000000e+04
2.748200000000000000e+04 2.806600000000000000e+04
2.751000000000000000e+04 2.802900000000000000e+04
2.567400000000000000e+04 2.905800000000000000e+04
2.571400000000000000e+04 2.904100000000000000e+04
2.570800000000000000e+04 2.905300000000000000e+04
2.586300000000000000e+04 2.903900000000000000e+04
2.600600000000000000e+04 2.902900000000000000e+04
2.609200000000000000e+04 2.899600000000000000e+04
2.610700000000000000e+04 2.898000000000000000e+04
2.613100000000000000e+04 2.897900000000000000e+04
2.615400000000000000e+04 2.896900000000000000e+04
2.617900000000000000e+04 2.896700000000000000e+04
2.631600000000000000e+04 2.891300000000000000e+04
2.626400000000000000e+04 2.894400000000000000e+04
2.624900000000000000e+04 2.895400000000000000e+04
2.626600000000000000e+04 2.893500000000000000e+04
2.633200000000000000e+04 2.888700000000000000e+04
2.631100000000000000e+04 2.891400000000000000e+04
2.626900000000000000e+04 2.893000000000000000e+04
2.636700000000000000e+04 2.886800000000000000e+04
2.634400000000000000e+04 2.888000000000000000e+04
2.635800000000000000e+04 2.887400000000000000e+04
2.634600000000000000e+04 2.887700000000000000e+04
2.633100000000000000e+04 2.890800000000000000e+04
2.638100000000000000e+04 2.885100000000000000e+04
2.641400000000000000e+04 2.884400000000000000e+04
2.645000000000000000e+04 2.880600000000000000e+04
2.645300000000000000e+04 2.880400000000000000e+04
2.643700000000000000e+04 2.881700000000000000e+04
2.642400000000000000e+04 2.881800000000000000e+04
2.640000000000000000e+04 2.884700000000000000e+04
2.643800000000000000e+04 2.881100000000000000e+04
2.647400000000000000e+04 2.878200000000000000e+04
2.650100000000000000e+04 2.876700000000000000e+04
2.646100000000000000e+04 2.880000000000000000e+04
2.655200000000000000e+04 2.872400000000000000e+04
2.657200000000000000e+04 2.871900000000000000e+04
2.659300000000000000e+04 2.871000000000000000e+04
2.654000000000000000e+04 2.876400000000000000e+04
2.657300000000000000e+04 2.871600000000000000e+04
2.655100000000000000e+04 2.873800000000000000e+04
2.662800000000000000e+04 2.867800000000000000e+04
2.665100000000000000e+04 2.866700000000000000e+04
2.667100000000000000e+04 2.865700000000000000e+04
2.668800000000000000e+04 2.863900000000000000e+04
2.671900000000000000e+04 2.862800000000000000e+04
2.669700000000000000e+04 2.863400000000000000e+04
2.672600000000000000e+04 2.861800000000000000e+04
2.674400000000000000e+04 2.860000000000000000e+04
2.673400000000000000e+04 2.860700000000000000e+04
2.674900000000000000e+04 2.858500000000000000e+04
2.678400000000000000e+04 2.857100000000000000e+04
2.675700000000000000e+04 2.857700000000000000e+04
2.676900000000000000e+04 2.857500000000000000e+04
2.677300000000000000e+04 2.857200000000000000e+04
2.674800000000000000e+04 2.859400000000000000e+04
2.679800000000000000e+04 2.856600000000000000e+04
2.680800000000000000e+04 2.852800000000000000e+04
2.685100000000000000e+04 2.852500000000000000e+04
2.692600000000000000e+04 2.850600000000000000e+04
2.690500000000000000e+04 2.852400000000000000e+04
2.692800000000000000e+04 2.850100000000000000e+04
2.695100000000000000e+04 2.849000000000000000e+04
2.697300000000000000e+04 2.844300000000000000e+04
2.696200000000000000e+04 2.846400000000000000e+04
2.696900000000000000e+04 2.845700000000000000e+04
2.696400000000000000e+04 2.845800000000000000e+04
2.705600000000000000e+04 2.840100000000000000e+04
2.703600000000000000e+04 2.844200000000000000e+04
2.704000000000000000e+04 2.841400000000000000e+04
2.708600000000000000e+04 2.837600000000000000e+04
2.709700000000000000e+04 2.836600000000000000e+04
2.707000000000000000e+04 2.838300000000000000e+04
2.714600000000000000e+04 2.835100000000000000e+04
2.716600000000000000e+04 2.833100000000000000e+04
2.712900000000000000e+04 2.836400000000000000e+04
2.718900000000000000e+04 2.831500000000000000e+04
2.719200000000000000e+04 2.831400000000000000e+04
2.720400000000000000e+04 2.829200000000000000e+04
2.717400000000000000e+04 2.831700000000000000e+04
2.725000000000000000e+04 2.828300000000000000e+04
2.727500000000000000e+04 2.826300000000000000e+04
2.729800000000000000e+04 2.824700000000000000e+04
2.730700000000000000e+04 2.823900000000000000e+04
2.735400000000000000e+04 2.817800000000000000e+04
2.733300000000000000e+04 2.820800000000000000e+04
2.731900000000000000e+04 2.821300000000000000e+04
2.733400000000000000e+04 2.819100000000000000e+04
2.739600000000000000e+04 2.815800000000000000e+04
2.740300000000000000e+04 2.812600000000000000e+04
2.742000000000000000e+04 2.812500000000000000e+04
2.743700000000000000e+04 2.810200000000000000e+04
2.742700000000000000e+04 2.811200000000000000e+04
2.744900000000000000e+04 2.809800000000000000e+04
2.742800000000000000e+04 2.810500000000000000e+04
2.746900000000000000e+04 2.807100000000000000e+04
2.742200000000000000e+04 2.811800000000000000e+04
2.745300000000000000e+04 2.808000000000000000e+04
2.751500000000000000e+04 2.801500000000000000e+04
2.749500000000000000e+04 2.805800000000000000e+04
2.746700000000000000e+04 2.807500000000000000e+04
2.748200000000000000e+04 2.806600000000000000e+04
2.751000000000000000e+04 2.802900000000000000e+04
2.754000000000000000e+04 2.799700000000000000e+04
2.763700000000000000e+04 2.791500000000000000e+04
2.756600000000000000e+04 2.798400000000000000e+04
2.758900000000000000e+04 2.794800000000000000e+04
2.767300000000000000e+04 2.786100000000000000e+04
2.760300000000000000e+04 2.791800000000000000e+04
2.764800000000000000e+04 2.788400000000000000e+04
2.766200000000000000e+04 2.787000000000000000e+04
2.773100000000000000e+04 2.779800000000000000e+04
2.771300000000000000e+04 2.783500000000000000e+04
2.771600000000000000e+04 2.780900000000000000e+04
2.775100000000000000e+04 2.778700000000000000e+04
2.769500000000000000e+04 2.785900000000000000e+04
2.567400000000000000e+04 2.905800000000000000e+04
2.571400000000000000e+04 2.904100000000000000e+04
2.570800000000000000e+04 2.905300000000000000e+04
2.586300000000000000e+04 2.903900000000000000e+04
2.600600000000000000e+04 2.902900000000000000e+04
2.609200000000000000e+04 2.899600000000000000e+04
2.610700000000000000e+04 2.898000000000000000e+04
2.613100000000000000e+04 2.897900000000000000e+04
2.615400000000000000e+04 2.896900000000000000e+04
2.617900000000000000e+04 2.896700000000000000e+04
2.631600000000000000e+04 2.891300000000000000e+04
2.626400000000000000e+04 2.894400000000000000e+04
2.624900000000000000e+04 2.895400000000000000e+04
2.626600000000000000e+04 2.893500000000000000e+04
2.633200000000000000e+04 2.888700000000000000e+04
2.631100000000000000e+04 2.891400000000000000e+04
2.626900000000000000e+04 2.893000000000000000e+04
2.636700000000000000e+04 2.886800000000000000e+04
2.634400000000000000e+04 2.888000000000000000e+04
2.635800000000000000e+04 2.887400000000000000e+04
2.634600000000000000e+04 2.887700000000000000e+04
2.633100000000000000e+04 2.890800000000000000e+04
2.638100000000000000e+04 2.885100000000000000e+04
2.641400000000000000e+04 2.884400000000000000e+04
2.645000000000000000e+04 2.880600000000000000e+04
2.645300000000000000e+04 2.880400000000000000e+04
2.643700000000000000e+04 2.881700000000000000e+04
2.642400000000000000e+04 2.881800000000000000e+04
2.640000000000000000e+04 2.884700000000000000e+04
2.643800000000000000e+04 2.881100000000000000e+04
2.647400000000000000e+04 2.878200000000000000e+04
2.650100000000000000e+04 2.876700000000000000e+04
2.646100000000000000e+04 2.880000000000000000e+04
2.655200000000000000e+04 2.872400000000000000e+04
2.657200000000000000e+04 2.871900000000000000e+04
2.659300000000000000e+04 2.871000000000000000e+04
2.654000000000000000e+04 2.876400000000000000e+04
2.657300000000000000e+04 2.871600000000000000e+04
2.655100000000000000e+04 2.873800000000000000e+04
2.662800000000000000e+04 2.867800000000000000e+04
2.665100000000000000e+04 2.866700000000000000e+04
2.667100000000000000e+04 2.865700000000000000e+04
2.668800000000000000e+04 2.863900000000000000e+04
2.671900000000000000e+04 2.862800000000000000e+04
2.669700000000000000e+04 2.863400000000000000e+04
2.672600000000000000e+04 2.861800000000000000e+04
2.674400000000000000e+04 2.860000000000000000e+04
2.673400000000000000e+04 2.860700000000000000e+04
2.674900000000000000e+04 2.858500000000000000e+04
2.678400000000000000e+04 2.857100000000000000e+04
2.675700000000000000e+04 2.857700000000000000e+04
2.676900000000000000e+04 2.857500000000000000e+04
2.677300000000000000e+04 2.857200000000000000e+04
2.674800000000000000e+04 2.859400000000000000e+04
2.679800000000000000e+04 2.856600000000000000e+04
2.680800000000000000e+04 2.852800000000000000e+04
2.685100000000000000e+04 2.852500000000000000e+04
2.692600000000000000e+04 2.850600000000000000e+04
2.690500000000000000e+04 2.852400000000000000e+04
2.692800000000000000e+04 2.850100000000000000e+04
2.695100000000000000e+04 2.849000000000000000e+04
2.697300000000000000e+04 2.844300000000000000e+04
2.696200000000000000e+04 2.846400000000000000e+04
2.696900000000000000e+04 2.845700000000000000e+04
2.696400000000000000e+04 2.845800000000000000e+04
2.705600000000000000e+04 2.840100000000000000e+04
2.703600000000000000e+04 2.844200000000000000e+04
2.704000000000000000e+04 2.841400000000000000e+04
2.708600000000000000e+04 2.837600000000000000e+04
2.709700000000000000e+04 2.836600000000000000e+04
2.707000000000000000e+04 2.838300000000000000e+04
2.714600000000000000e+04 2.835100000000000000e+04
2.716600000000000000e+04 2.833100000000000000e+04
2.712900000000000000e+04 2.836400000000000000e+04
2.718900000000000000e+04 2.831500000000000000e+04
2.719200000000000000e+04 2.831400000000000000e+04
2.720400000000000000e+04 2.829200000000000000e+04
2.717400000000000000e+04 2.831700000000000000e+04
2.725000000000000000e+04 2.828300000000000000e+04
2.727500000000000000e+04 2.826300000000000000e+04
2.729800000000000000e+04 2.824700000000000000e+04
2.730700000000000000e+04 2.823900000000000000e+04
2.735400000000000000e+04 2.817800000000000000e+04
2.733300000000000000e+04 2.820800000000000000e+04
2.731900000000000000e+04 2.821300000000000000e+04
2.733400000000000000e+04 2.819100000000000000e+04
2.739600000000000000e+04 2.815800000000000000e+04
2.740300000000000000e+04 2.812600000000000000e+04
2.742000000000000000e+04 2.812500000000000000e+04
2.743700000000000000e+04 2.810200000000000000e+04
2.742700000000000000e+04 2.811200000000000000e+04
2.744900000000000000e+04 2.809800000000000000e+04
2.742800000000000000e+04 2.810500000000000000e+04
2.746900000000000000e+04 2.807100000000000000e+04
2.742200000000000000e+04 2.811800000000000000e+04
2.745300000000000000e+04 2.808000000000000000e+04
2.751500000000000000e+04 2.801500000000000000e+04
2.749500000000000000e+04 2.805800000000000000e+04
2.746700000000000000e+04 2.807500000000000000e+04
2.748200000000000000e+04 2.806600000000000000e+04
2.751000000000000000e+04 2.802900000000000000e+04
2.754000000000000000e+04 2.799700000000000000e+04
2.763700000000000000e+04 2.791500000000000000e+04
2.756600000000000000e+04 2.798400000000000000e+04
2.758900000000000000e+04 2.794800000000000000e+04
2.767300000000000000e+04 2.786100000000000000e+04
2.760300000000000000e+04 2.791800000000000000e+04
2.764800000000000000e+04 2.788400000000000000e+04
2.766200000000000000e+04 2.787000000000000000e+04
2.773100000000000000e+04 2.779800000000000000e+04
2.771300000000000000e+04 2.783500000000000000e+04
2.771600000000000000e+04 2.780900000000000000e+04
2.775100000000000000e+04 2.778700000000000000e+04
2.769500000000000000e+04 2.785900000000000000e+04
2.776300000000000000e+04 2.778000000000000000e+04
2.776400000000000000e+04 2.776000000000000000e+04
2.776600000000000000e+04 2.774400000000000000e+04
2.785200000000000000e+04 2.766400000000000000e+04
2.776800000000000000e+04 2.773200000000000000e+04
2.780700000000000000e+04 2.769700000000000000e+04
2.785700000000000000e+04 2.766200000000000000e+04
2.780200000000000000e+04 2.773100000000000000e+04
2.782500000000000000e+04 2.769500000000000000e+04
2.782800000000000000e+04 2.766800000000000000e+04
2.786900000000000000e+04 2.765000000000000000e+04
2.794800000000000000e+04 2.757300000000000000e+04
2.787500000000000000e+04 2.763500000000000000e+04
2.789700000000000000e+04 2.763100000000000000e+04
2.792400000000000000e+04 2.757800000000000000e+04
2.791900000000000000e+04 2.762500000000000000e+04
2.567400000000000000e+04 2.905800000000000000e+04
2.571400000000000000e+04 2.904100000000000000e+04
2.570800000000000000e+04 2.905300000000000000e+04
2.586300000000000000e+04 2.903900000000000000e+04
2.600600000000000000e+04 2.902900000000000000e+04
2.609200000000000000e+04 2.899600000000000000e+04
2.610700000000000000e+04 2.898000000000000000e+04
2.613100000000000000e+04 2.897900000000000000e+04
2.615400000000000000e+04 2.896900000000000000e+04
2.617900000000000000e+04 2.896700000000000000e+04
2.631600000000000000e+04 2.891300000000000000e+04
2.626400000000000000e+04 2.894400000000000000e+04
2.624900000000000000e+04 2.895400000000000000e+04
2.626600000000000000e+04 2.893500000000000000e+04
2.633200000000000000e+04 2.888700000000000000e+04
2.631100000000000000e+04 2.891400000000000000e+04
2.626900000000000000e+04 2.893000000000000000e+04
2.636700000000000000e+04 2.886800000000000000e+04
2.634400000000000000e+04 2.888000000000000000e+04
2.635800000000000000e+04 2.887400000000000000e+04
2.634600000000000000e+04 2.887700000000000000e+04
2.633100000000000000e+04 2.890800000000000000e+04
2.638100000000000000e+04 2.885100000000000000e+04
2.641400000000000000e+04 2.884400000000000000e+04
2.645000000000000000e+04 2.880600000000000000e+04
2.645300000000000000e+04 2.880400000000000000e+04
2.643700000000000000e+04 2.881700000000000000e+04
2.642400000000000000e+04 2.881800000000000000e+04
2.640000000000000000e+04 2.884700000000000000e+04
2.643800000000000000e+04 2.881100000000000000e+04
2.647400000000000000e+04 2.878200000000000000e+04
2.650100000000000000e+04 2.876700000000000000e+04
2.646100000000000000e+04 2.880000000000000000e+04
2.655200000000000000e+04 2.872400000000000000e+04
2.657200000000000000e+04 2.871900000000000000e+04
2.659300000000000000e+04 2.871000000000000000e+04
2.654000000000000000e+04 2.876400000000000000e+04
2.657300000000000000e+04 2.871600000000000000e+04
2.655100000000000000e+04 2.873800000000000000e+04
2.662800000000000000e+04 2.867800000000000000e+04
2.665100000000000000e+04 2.866700000000000000e+04
2.667100000000000000e+04 2.865700000000000000e+04
2.668800000000000000e+04 2.863900000000000000e+04
2.671900000000000000e+04 2.862800000000000000e+04
2.669700000000000000e+04 2.863400000000000000e+04
2.672600000000000000e+04 2.861800000000000000e+04
2.674400000000000000e+04 2.860000000000000000e+04
2.673400000000000000e+04 2.860700000000000000e+04
2.674900000000000000e+04 2.858500000000000000e+04
2.678400000000000000e+04 2.857100000000000000e+04
2.675700000000000000e+04 2.857700000000000000e+04
2.676900000000000000e+04 2.857500000000000000e+04
2.677300000000000000e+04 2.857200000000000000e+04
2.674800000000000000e+04 2.859400000000000000e+04
2.679800000000000000e+04 2.856600000000000000e+04
2.680800000000000000e+04 2.852800000000000000e+04
2.685100000000000000e+04 2.852500000000000000e+04
2.692600000000000000e+04 2.850600000000000000e+04
2.690500000000000000e+04 2.852400000000000000e+04
2.692800000000000000e+04 2.850100000000000000e+04
2.695100000000000000e+04 2.849000000000000000e+04
2.697300000000000000e+04 2.844300000000000000e+04
2.696200000000000000e+04 2.846400000000000000e+04
2.696900000000000000e+04 2.845700000000000000e+04
2.696400000000000000e+04 2.845800000000000000e+04
2.705600000000000000e+04 2.840100000000000000e+04
2.703600000000000000e+04 2.844200000000000000e+04
2.704000000000000000e+04 2.841400000000000000e+04
2.708600000000000000e+04 2.837600000000000000e+04
2.709700000000000000e+04 2.836600000000000000e+04
2.707000000000000000e+04 2.838300000000000000e+04
2.714600000000000000e+04 2.835100000000000000e+04
2.716600000000000000e+04 2.833100000000000000e+04
2.712900000000000000e+04 2.836400000000000000e+04
2.718900000000000000e+04 2.831500000000000000e+04
2.719200000000000000e+04 2.831400000000000000e+04
2.720400000000000000e+04 2.829200000000000000e+04
2.717400000000000000e+04 2.831700000000000000e+04
2.725000000000000000e+04 2.828300000000000000e+04
2.727500000000000000e+04 2.826300000000000000e+04
2.729800000000000000e+04 2.824700000000000000e+04
2.730700000000000000e+04 2.823900000000000000e+04
2.735400000000000000e+04 2.817800000000000000e+04
2.733300000000000000e+04 2.820800000000000000e+04
2.731900000000000000e+04 2.821300000000000000e+04
2.733400000000000000e+04 2.819100000000000000e+04
2.739600000000000000e+04 2.815800000000000000e+04
2.740300000000000000e+04 2.812600000000000000e+04
2.742000000000000000e+04 2.812500000000000000e+04
2.743700000000000000e+04 2.810200000000000000e+04
2.742700000000000000e+04 2.811200000000000000e+04
2.744900000000000000e+04 2.809800000000000000e+04
2.742800000000000000e+04 2.810500000000000000e+04
2.746900000000000000e+04 2.807100000000000000e+04
2.742200000000000000e+04 2.811800000000000000e+04
2.745300000000000000e+04 2.808000000000000000e+04
2.751500000000000000e+04 2.801500000000000000e+04
2.749500000000000000e+04 2.805800000000000000e+04
2.746700000000000000e+04 2.807500000000000000e+04
2.748200000000000000e+04 2.806600000000000000e+04
2.751000000000000000e+04 2.802900000000000000e+04
2.754000000000000000e+04 2.799700000000000000e+04
2.763700000000000000e+04 2.791500000000000000e+04
2.756600000000000000e+04 2.798400000000000000e+04
2.758900000000000000e+04 2.794800000000000000e+04
2.767300000000000000e+04 2.786100000000000000e+04
2.760300000000000000e+04 2.791800000000000000e+04
2.764800000000000000e+04 2.788400000000000000e+04
2.766200000000000000e+04 2.787000000000000000e+04
2.773100000000000000e+04 2.779800000000000000e+04
2.771300000000000000e+04 2.783500000000000000e+04
2.771600000000000000e+04 2.780900000000000000e+04
2.775100000000000000e+04 2.778700000000000000e+04
2.769500000000000000e+04 2.785900000000000000e+04
2.776300000000000000e+04 2.778000000000000000e+04
2.776400000000000000e+04 2.776000000000000000e+04
2.776600000000000000e+04 2.774400000000000000e+04
2.785200000000000000e+04 2.766400000000000000e+04
2.776800000000000000e+04 2.773200000000000000e+04
2.780700000000000000e+04 2.769700000000000000e+04
2.785700000000000000e+04 2.766200000000000000e+04
2.780200000000000000e+04 2.773100000000000000e+04
2.782500000000000000e+04 2.769500000000000000e+04
2.782800000000000000e+04 2.766800000000000000e+04
2.786900000000000000e+04 2.765000000000000000e+04
2.794800000000000000e+04 2.757300000000000000e+04
2.787500000000000000e+04 2.763500000000000000e+04
2.789700000000000000e+04 2.763100000000000000e+04
2.792400000000000000e+04 2.757800000000000000e+04
2.791900000000000000e+04 2.762500000000000000e+04
2.801500000000000000e+04 2.753800000000000000e+04
2.803000000000000000e+04 2.749400000000000000e+04
2.807000000000000000e+04 2.741400000000000000e+04
2.806000000000000000e+04 2.745400000000000000e+04
2.804900000000000000e+04 2.748100000000000000e+04
2.567400000000000000e+04 2.905800000000000000e+04
2.571400000000000000e+04 2.904100000000000000e+04
2.570800000000000000e+04 2.905300000000000000e+04
2.586300000000000000e+04 2.903900000000000000e+04
2.600600000000000000e+04 2.902900000000000000e+04
2.609200000000000000e+04 2.899600000000000000e+04
2.610700000000000000e+04 2.898000000000000000e+04
2.613100000000000000e+04 2.897900000000000000e+04
2.615400000000000000e+04 2.896900000000000000e+04
2.617900000000000000e+04 2.896700000000000000e+04
2.631600000000000000e+04 2.891300000000000000e+04
2.626400000000000000e+04 2.894400000000000000e+04
2.624900000000000000e+04 2.895400000000000000e+04
2.626600000000000000e+04 2.893500000000000000e+04
2.633200000000000000e+04 2.888700000000000000e+04
2.631100000000000000e+04 2.891400000000000000e+04
2.626900000000000000e+04 2.893000000000000000e+04
2.636700000000000000e+04 2.886800000000000000e+04
2.634400000000000000e+04 2.888000000000000000e+04
2.635800000000000000e+04 2.887400000000000000e+04
2.634600000000000000e+04 2.887700000000000000e+04
2.633100000000000000e+04 2.890800000000000000e+04
2.638100000000000000e+04 2.885100000000000000e+04
2.641400000000000000e+04 2.884400000000000000e+04
2.645000000000000000e+04 2.880600000000000000e+04
2.645300000000000000e+04 2.880400000000000000e+04
2.643700000000000000e+04 2.881700000000000000e+04
2.642400000000000000e+04 2.881800000000000000e+04
2.640000000000000000e+04 2.884700000000000000e+04
2.643800000000000000e+04 2.881100000000000000e+04
2.647400000000000000e+04 2.878200000000000000e+04
2.650100000000000000e+04 2.876700000000000000e+04
2.646100000000000000e+04 2.880000000000000000e+04
2.655200000000000000e+04 2.872400000000000000e+04
2.657200000000000000e+04 2.871900000000000000e+04
2.659300000000000000e+04 2.871000000000000000e+04
2.654000000000000000e+04 2.876400000000000000e+04
2.657300000000000000e+04 2.871600000000000000e+04
2.655100000000000000e+04 2.873800000000000000e+04
2.662800000000000000e+04 2.867800000000000000e+04
2.665100000000000000e+04 2.866700000000000000e+04
2.667100000000000000e+04 2.865700000000000000e+04
2.668800000000000000e+04 2.863900000000000000e+04
2.671900000000000000e+04 2.862800000000000000e+04
2.669700000000000000e+04 2.863400000000000000e+04
2.672600000000000000e+04 2.861800000000000000e+04
2.674400000000000000e+04 2.860000000000000000e+04
2.673400000000000000e+04 2.860700000000000000e+04
2.674900000000000000e+04 2.858500000000000000e+04
2.678400000000000000e+04 2.857100000000000000e+04
2.675700000000000000e+04 2.857700000000000000e+04
2.676900000000000000e+04 2.857500000000000000e+04
2.677300000000000000e+04 2.857200000000000000e+04
2.674800000000000000e+04 2.859400000000000000e+04
2.679800000000000000e+04 2.856600000000000000e+04
2.680800000000000000e+04 2.852800000000000000e+04
2.685100000000000000e+04 2.852500000000000000e+04
2.692600000000000000e+04 2.850600000000000000e+04
2.690500000000000000e+04 2.852400000000000000e+04
2.692800000000000000e+04 2.850100000000000000e+04
2.695100000000000000e+04 2.849000000000000000e+04
2.697300000000000000e+04 2.844300000000000000e+04
2.696200000000000000e+04 2.846400000000000000e+04
2.696900000000000000e+04 2.845700000000000000e+04
2.696400000000000000e+04 2.845800000000000000e+04
2.705600000000000000e+04 2.840100000000000000e+04
2.703600000000000000e+04 2.844200000000000000e+04
2.704000000000000000e+04 2.841400000000000000e+04
2.708600000000000000e+04 2.837600000000000000e+04
2.709700000000000000e+04 2.836600000000000000e+04
2.707000000000000000e+04 2.838300000000000000e+04
2.714600000000000000e+04 2.835100000000000000e+04
2.716600000000000000e+04 2.833100000000000000e+04
2.712900000000000000e+04 2.836400000000000000e+04
2.718900000000000000e+04 2.831500000000000000e+04
2.719200000000000000e+04 2.831400000000000000e+04
2.720400000000000000e+04 2.829200000000000000e+04
2.717400000000000000e+04 2.831700000000000000e+04
2.725000000000000000e+04 2.828300000000000000e+04
2.727500000000000000e+04 2.826300000000000000e+04
2.729800000000000000e+04 2.824700000000000000e+04
2.730700000000000000e+04 2.823900000000000000e+04
2.735400000000000000e+04 2.817800000000000000e+04
2.733300000000000000e+04 2.820800000000000000e+04
2.731900000000000000e+04 2.821300000000000000e+04
2.733400000000000000e+04 2.819100000000000000e+04
2.739600000000000000e+04 2.815800000000000000e+04
2.740300000000000000e+04 2.812600000000000000e+04
2.742000000000000000e+04 2.812500000000000000e+04
2.743700000000000000e+04 2.810200000000000000e+04
2.742700000000000000e+04 2.811200000000000000e+04
2.744900000000000000e+04 2.809800000000000000e+04
2.742800000000000000e+04 2.810500000000000000e+04
2.746900000000000000e+04 2.807100000000000000e+04
2.742200000000000000e+04 2.811800000000000000e+04
2.745300000000000000e+04 2.808000000000000000e+04
2.751500000000000000e+04 2.801500000000000000e+04
2.749500000000000000e+04 2.805800000000000000e+04
2.746700000000000000e+04 2.807500000000000000e+04
2.748200000000000000e+04 2.806600000000000000e+04
2.751000000000000000e+04 2.802900000000000000e+04
2.754000000000000000e+04 2.799700000000000000e+04
2.763700000000000000e+04 2.791500000000000000e+04
2.756600000000000000e+04 2.798400000000000000e+04
2.758900000000000000e+04 2.794800000000000000e+04
2.767300000000000000e+04 2.786100000000000000e+04
2.760300000000000000e+04 2.791800000000000000e+04
2.764800000000000000e+04 2.788400000000000000e+04
2.766200000000000000e+04 2.787000000000000000e+04
2.773100000000000000e+04 2.779800000000000000e+04
2.771300000000000000e+04 2.783500000000000000e+04
2.771600000000000000e+04 2.780900000000000000e+04
2.775100000000000000e+04 2.778700000000000000e+04
2.769500000000000000e+04 2.785900000000000000e+04
2.776300000000000000e+04 2.778000000000000000e+04
2.776400000000000000e+04 2.776000000000000000e+04
2.776600000000000000e+04 2.774400000000000000e+04
2.785200000000000000e+04 2.766400000000000000e+04
2.776800000000000000e+04 2.773200000000000000e+04
2.780700000000000000e+04 2.769700000000000000e+04
2.785700000000000000e+04 2.766200000000000000e+04
2.780200000000000000e+04 2.773100000000000000e+04
2.782500000000000000e+04 2.769500000000000000e+04
2.782800000000000000e+04 2.766800000000000000e+04
2.786900000000000000e+04 2.765000000000000000e+04
2.794800000000000000e+04 2.757300000000000000e+04
2.787500000000000000e+04 2.763500000000000000e+04
2.789700000000000000e+04 2.763100000000000000e+04
2.792400000000000000e+04 2.757800000000000000e+04
2.791900000000000000e+04 2.762500000000000000e+04
2.801500000000000000e+04 2.753800000000000000e+04
2.803000000000000000e+04 2.749400000000000000e+04
2.806000000000000000e+04 2.745400000000000000e+04
2.804900000000000000e+04 2.748100000000000000e+04
2.806100000000000000e+04 2.742900000000000000e+04
2.808500000000000000e+04 2.741600000000000000e+04
2.809100000000000000e+04 2.738000000000000000e+04
2.811300000000000000e+04 2.735400000000000000e+04
2.812700000000000000e+04 2.734500000000000000e+04
2.811000000000000000e+04 2.736900000000000000e+04
2.810600000000000000e+04 2.737300000000000000e+04
2.567400000000000000e+04 2.905800000000000000e+04
2.571400000000000000e+04 2.904100000000000000e+04
2.570800000000000000e+04 2.905300000000000000e+04
2.586300000000000000e+04 2.903900000000000000e+04
2.600600000000000000e+04 2.902900000000000000e+04
2.609200000000000000e+04 2.899600000000000000e+04
2.610700000000000000e+04 2.898000000000000000e+04
2.613100000000000000e+04 2.897900000000000000e+04
2.615400000000000000e+04 2.896900000000000000e+04
2.617900000000000000e+04 2.896700000000000000e+04
2.631600000000000000e+04 2.891300000000000000e+04
2.626400000000000000e+04 2.894400000000000000e+04
2.624900000000000000e+04 2.895400000000000000e+04
2.626600000000000000e+04 2.893500000000000000e+04
2.633200000000000000e+04 2.888700000000000000e+04
2.631100000000000000e+04 2.891400000000000000e+04
2.626900000000000000e+04 2.893000000000000000e+04
2.636700000000000000e+04 2.886800000000000000e+04
2.634400000000000000e+04 2.888000000000000000e+04
2.635800000000000000e+04 2.887400000000000000e+04
2.634600000000000000e+04 2.887700000000000000e+04
2.633100000000000000e+04 2.890800000000000000e+04
2.638100000000000000e+04 2.885100000000000000e+04
2.641400000000000000e+04 2.884400000000000000e+04
2.645000000000000000e+04 2.880600000000000000e+04
2.645300000000000000e+04 2.880400000000000000e+04
2.643700000000000000e+04 2.881700000000000000e+04
2.642400000000000000e+04 2.881800000000000000e+04
2.640000000000000000e+04 2.884700000000000000e+04
2.643800000000000000e+04 2.881100000000000000e+04
2.647400000000000000e+04 2.878200000000000000e+04
2.650100000000000000e+04 2.876700000000000000e+04
2.646100000000000000e+04 2.880000000000000000e+04
2.655200000000000000e+04 2.872400000000000000e+04
2.657200000000000000e+04 2.871900000000000000e+04
2.659300000000000000e+04 2.871000000000000000e+04
2.654000000000000000e+04 2.876400000000000000e+04
2.657300000000000000e+04 2.871600000000000000e+04
2.655100000000000000e+04 2.873800000000000000e+04
2.662800000000000000e+04 2.867800000000000000e+04
2.665100000000000000e+04 2.866700000000000000e+04
2.667100000000000000e+04 2.865700000000000000e+04
2.668800000000000000e+04 2.863900000000000000e+04
2.671900000000000000e+04 2.862800000000000000e+04
2.669700000000000000e+04 2.863400000000000000e+04
2.672600000000000000e+04 2.861800000000000000e+04
2.674400000000000000e+04 2.860000000000000000e+04
2.673400000000000000e+04 2.860700000000000000e+04
2.674900000000000000e+04 2.858500000000000000e+04
2.678400000000000000e+04 2.857100000000000000e+04
2.675700000000000000e+04 2.857700000000000000e+04
2.676900000000000000e+04 2.857500000000000000e+04
2.677300000000000000e+04 2.857200000000000000e+04
2.674800000000000000e+04 2.859400000000000000e+04
2.679800000000000000e+04 2.856600000000000000e+04
2.680800000000000000e+04 2.852800000000000000e+04
2.685100000000000000e+04 2.852500000000000000e+04
2.692600000000000000e+04 2.850600000000000000e+04
2.690500000000000000e+04 2.852400000000000000e+04
2.692800000000000000e+04 2.850100000000000000e+04
2.695100000000000000e+04 2.849000000000000000e+04
2.697300000000000000e+04 2.844300000000000000e+04
2.696200000000000000e+04 2.846400000000000000e+04
2.696900000000000000e+04 2.845700000000000000e+04
2.696400000000000000e+04 2.845800000000000000e+04
2.705600000000000000e+04 2.840100000000000000e+04
2.703600000000000000e+04 2.844200000000000000e+04
2.704000000000000000e+04 2.841400000000000000e+04
2.708600000000000000e+04 2.837600000000000000e+04
2.709700000000000000e+04 2.836600000000000000e+04
2.707000000000000000e+04 2.838300000000000000e+04
2.714600000000000000e+04 2.835100000000000000e+04
2.716600000000000000e+04 2.833100000000000000e+04
2.712900000000000000e+04 2.836400000000000000e+04
2.718900000000000000e+04 2.831500000000000000e+04
2.719200000000000000e+04 2.831400000000000000e+04
2.720400000000000000e+04 2.829200000000000000e+04
2.717400000000000000e+04 2.831700000000000000e+04
2.725000000000000000e+04 2.828300000000000000e+04
2.727500000000000000e+04 2.826300000000000000e+04
2.729800000000000000e+04 2.824700000000000000e+04
2.730700000000000000e+04 2.823900000000000000e+04
2.735400000000000000e+04 2.817800000000000000e+04
2.733300000000000000e+04 2.820800000000000000e+04
2.731900000000000000e+04 2.821300000000000000e+04
2.733400000000000000e+04 2.819100000000000000e+04
2.739600000000000000e+04 2.815800000000000000e+04
2.740300000000000000e+04 2.812600000000000000e+04
2.742000000000000000e+04 2.812500000000000000e+04
2.743700000000000000e+04 2.810200000000000000e+04
2.742700000000000000e+04 2.811200000000000000e+04
2.744900000000000000e+04 2.809800000000000000e+04
2.742800000000000000e+04 2.810500000000000000e+04
2.746900000000000000e+04 2.807100000000000000e+04
2.742200000000000000e+04 2.811800000000000000e+04
2.745300000000000000e+04 2.808000000000000000e+04
2.751500000000000000e+04 2.801500000000000000e+04
2.749500000000000000e+04 2.805800000000000000e+04
2.746700000000000000e+04 2.807500000000000000e+04
2.748200000000000000e+04 2.806600000000000000e+04
2.751000000000000000e+04 2.802900000000000000e+04
2.754000000000000000e+04 2.799700000000000000e+04
2.763700000000000000e+04 2.791500000000000000e+04
2.756600000000000000e+04 2.798400000000000000e+04
2.758900000000000000e+04 2.794800000000000000e+04
2.767300000000000000e+04 2.786100000000000000e+04
2.760300000000000000e+04 2.791800000000000000e+04
2.764800000000000000e+04 2.788400000000000000e+04
2.766200000000000000e+04 2.787000000000000000e+04
2.773100000000000000e+04 2.779800000000000000e+04
2.771300000000000000e+04 2.783500000000000000e+04
2.771600000000000000e+04 2.780900000000000000e+04
2.775100000000000000e+04 2.778700000000000000e+04
2.769500000000000000e+04 2.785900000000000000e+04
2.776300000000000000e+04 2.778000000000000000e+04
2.776400000000000000e+04 2.776000000000000000e+04
2.776600000000000000e+04 2.774400000000000000e+04
2.785200000000000000e+04 2.766400000000000000e+04
2.776800000000000000e+04 2.773200000000000000e+04
2.780700000000000000e+04 2.769700000000000000e+04
2.785700000000000000e+04 2.766200000000000000e+04
2.780200000000000000e+04 2.773100000000000000e+04
2.782500000000000000e+04 2.769500000000000000e+04
2.782800000000000000e+04 2.766800000000000000e+04
2.786900000000000000e+04 2.765000000000000000e+04
2.794800000000000000e+04 2.757300000000000000e+04
2.787500000000000000e+04 2.763500000000000000e+04
2.789700000000000000e+04 2.763100000000000000e+04
2.792400000000000000e+04 2.757800000000000000e+04
2.791900000000000000e+04 2.762500000000000000e+04
2.801500000000000000e+04 2.753800000000000000e+04
2.803000000000000000e+04 2.749400000000000000e+04
2.806000000000000000e+04 2.745400000000000000e+04
2.804900000000000000e+04 2.748100000000000000e+04
2.806100000000000000e+04 2.742900000000000000e+04
2.808500000000000000e+04 2.741600000000000000e+04
2.809100000000000000e+04 2.738000000000000000e+04
2.811300000000000000e+04 2.735400000000000000e+04
2.812700000000000000e+04 2.734500000000000000e+04
2.811000000000000000e+04 2.736900000000000000e+04
2.810600000000000000e+04 2.737300000000000000e+04
2.815300000000000000e+04 2.730500000000000000e+04
2.813800000000000000e+04 2.731200000000000000e+04
2.813300000000000000e+04 2.732500000000000000e+04
2.814600000000000000e+04 2.731000000000000000e+04
2.816100000000000000e+04 2.728700000000000000e+04
2.824100000000000000e+04 2.719500000000000000e+04
2.822800000000000000e+04 2.728400000000000000e+04
2.825000000000000000e+04 2.719300000000000000e+04
2.567400000000000000e+04 2.905800000000000000e+04
2.571400000000000000e+04 2.904100000000000000e+04
2.570800000000000000e+04 2.905300000000000000e+04
2.586300000000000000e+04 2.903900000000000000e+04
2.600600000000000000e+04 2.902900000000000000e+04
2.609200000000000000e+04 2.899600000000000000e+04
2.610700000000000000e+04 2.898000000000000000e+04
2.613100000000000000e+04 2.897900000000000000e+04
2.615400000000000000e+04 2.896900000000000000e+04
2.617900000000000000e+04 2.896700000000000000e+04
2.631600000000000000e+04 2.891300000000000000e+04
2.626400000000000000e+04 2.894400000000000000e+04
2.624900000000000000e+04 2.895400000000000000e+04
2.626600000000000000e+04 2.893500000000000000e+04
2.633200000000000000e+04 2.888700000000000000e+04
2.631100000000000000e+04 2.891400000000000000e+04
2.626900000000000000e+04 2.893000000000000000e+04
2.636700000000000000e+04 2.886800000000000000e+04
2.634400000000000000e+04 2.888000000000000000e+04
2.635800000000000000e+04 2.887400000000000000e+04
2.634600000000000000e+04 2.887700000000000000e+04
2.633100000000000000e+04 2.890800000000000000e+04
2.638100000000000000e+04 2.885100000000000000e+04
2.641400000000000000e+04 2.884400000000000000e+04
2.645000000000000000e+04 2.880600000000000000e+04
2.645300000000000000e+04 2.880400000000000000e+04
2.643700000000000000e+04 2.881700000000000000e+04
2.642400000000000000e+04 2.881800000000000000e+04
2.640000000000000000e+04 2.884700000000000000e+04
2.643800000000000000e+04 2.881100000000000000e+04
2.647400000000000000e+04 2.878200000000000000e+04
2.650100000000000000e+04 2.876700000000000000e+04
2.646100000000000000e+04 2.880000000000000000e+04
2.655200000000000000e+04 2.872400000000000000e+04
2.657200000000000000e+04 2.871900000000000000e+04
2.659300000000000000e+04 2.871000000000000000e+04
2.654000000000000000e+04 2.876400000000000000e+04
2.657300000000000000e+04 2.871600000000000000e+04
2.655100000000000000e+04 2.873800000000000000e+04
2.662800000000000000e+04 2.867800000000000000e+04
2.665100000000000000e+04 2.866700000000000000e+04
2.667100000000000000e+04 2.865700000000000000e+04
2.668800000000000000e+04 2.863900000000000000e+04
2.671900000000000000e+04 2.862800000000000000e+04
2.669700000000000000e+04 2.863400000000000000e+04
2.672600000000000000e+04 2.861800000000000000e+04
2.674400000000000000e+04 2.860000000000000000e+04
2.673400000000000000e+04 2.860700000000000000e+04
2.674900000000000000e+04 2.858500000000000000e+04
2.678400000000000000e+04 2.857100000000000000e+04
2.675700000000000000e+04 2.857700000000000000e+04
2.676900000000000000e+04 2.857500000000000000e+04
2.677300000000000000e+04 2.857200000000000000e+04
2.674800000000000000e+04 2.859400000000000000e+04
2.679800000000000000e+04 2.856600000000000000e+04
2.680800000000000000e+04 2.852800000000000000e+04
2.685100000000000000e+04 2.852500000000000000e+04
2.692600000000000000e+04 2.850600000000000000e+04
2.690500000000000000e+04 2.852400000000000000e+04
2.692800000000000000e+04 2.850100000000000000e+04
2.695100000000000000e+04 2.849000000000000000e+04
2.697300000000000000e+04 2.844300000000000000e+04
2.696200000000000000e+04 2.846400000000000000e+04
2.696900000000000000e+04 2.845700000000000000e+04
2.696400000000000000e+04 2.845800000000000000e+04
2.705600000000000000e+04 2.840100000000000000e+04
2.703600000000000000e+04 2.844200000000000000e+04
2.704000000000000000e+04 2.841400000000000000e+04
2.708600000000000000e+04 2.837600000000000000e+04
2.709700000000000000e+04 2.836600000000000000e+04
2.707000000000000000e+04 2.838300000000000000e+04
2.714600000000000000e+04 2.835100000000000000e+04
2.716600000000000000e+04 2.833100000000000000e+04
2.712900000000000000e+04 2.836400000000000000e+04
2.718900000000000000e+04 2.831500000000000000e+04
2.719200000000000000e+04 2.831400000000000000e+04
2.720400000000000000e+04 2.829200000000000000e+04
2.717400000000000000e+04 2.831700000000000000e+04
2.725000000000000000e+04 2.828300000000000000e+04
2.727500000000000000e+04 2.826300000000000000e+04
2.729800000000000000e+04 2.824700000000000000e+04
2.730700000000000000e+04 2.823900000000000000e+04
2.735400000000000000e+04 2.817800000000000000e+04
2.733300000000000000e+04 2.820800000000000000e+04
2.731900000000000000e+04 2.821300000000000000e+04
2.733400000000000000e+04 2.819100000000000000e+04
2.739600000000000000e+04 2.815800000000000000e+04
2.740300000000000000e+04 2.812600000000000000e+04
2.742000000000000000e+04 2.812500000000000000e+04
2.743700000000000000e+04 2.810200000000000000e+04
2.742700000000000000e+04 2.811200000000000000e+04
2.744900000000000000e+04 2.809800000000000000e+04
2.742800000000000000e+04 2.810500000000000000e+04
2.746900000000000000e+04 2.807100000000000000e+04
2.742200000000000000e+04 2.811800000000000000e+04
2.745300000000000000e+04 2.808000000000000000e+04
2.751500000000000000e+04 2.801500000000000000e+04
2.749500000000000000e+04 2.805800000000000000e+04
2.746700000000000000e+04 2.807500000000000000e+04
2.748200000000000000e+04 2.806600000000000000e+04
2.751000000000000000e+04 2.802900000000000000e+04
2.754000000000000000e+04 2.799700000000000000e+04
2.763700000000000000e+04 2.791500000000000000e+04
2.756600000000000000e+04 2.798400000000000000e+04
2.758900000000000000e+04 2.794800000000000000e+04
2.767300000000000000e+04 2.786100000000000000e+04
2.760300000000000000e+04 2.791800000000000000e+04
2.764800000000000000e+04 2.788400000000000000e+04
2.766200000000000000e+04 2.787000000000000000e+04
2.773100000000000000e+04 2.779800000000000000e+04
2.771300000000000000e+04 2.783500000000000000e+04
2.771600000000000000e+04 2.780900000000000000e+04
2.775100000000000000e+04 2.778700000000000000e+04
2.769500000000000000e+04 2.785900000000000000e+04
2.776300000000000000e+04 2.778000000000000000e+04
2.776400000000000000e+04 2.776000000000000000e+04
2.776600000000000000e+04 2.774400000000000000e+04
2.785200000000000000e+04 2.766400000000000000e+04
2.776800000000000000e+04 2.773200000000000000e+04
2.780700000000000000e+04 2.769700000000000000e+04
2.785700000000000000e+04 2.766200000000000000e+04
2.780200000000000000e+04 2.773100000000000000e+04
2.782500000000000000e+04 2.769500000000000000e+04
2.782800000000000000e+04 2.766800000000000000e+04
2.786900000000000000e+04 2.765000000000000000e+04
2.794800000000000000e+04 2.757300000000000000e+04
2.787500000000000000e+04 2.763500000000000000e+04
2.789700000000000000e+04 2.763100000000000000e+04
2.792400000000000000e+04 2.757800000000000000e+04
2.791900000000000000e+04 2.762500000000000000e+04
2.801500000000000000e+04 2.753800000000000000e+04
2.803000000000000000e+04 2.749400000000000000e+04
2.806000000000000000e+04 2.745400000000000000e+04
2.804900000000000000e+04 2.748100000000000000e+04
2.806100000000000000e+04 2.742900000000000000e+04
2.808500000000000000e+04 2.741600000000000000e+04
2.809100000000000000e+04 2.738000000000000000e+04
2.811300000000000000e+04 2.735400000000000000e+04
2.812700000000000000e+04 2.734500000000000000e+04
2.811000000000000000e+04 2.736900000000000000e+04
2.810600000000000000e+04 2.737300000000000000e+04
2.815300000000000000e+04 2.730500000000000000e+04
2.813800000000000000e+04 2.731200000000000000e+04
2.813300000000000000e+04 2.732500000000000000e+04
2.814600000000000000e+04 2.731000000000000000e+04
2.816100000000000000e+04 2.728700000000000000e+04
2.822800000000000000e+04 2.728400000000000000e+04
2.824000000000000000e+04 2.725500000000000000e+04
2.825600000000000000e+04 2.720800000000000000e+04
2.824900000000000000e+04 2.723600000000000000e+04
2.825300000000000000e+04 2.720900000000000000e+04
2.828600000000000000e+04 2.719500000000000000e+04
2.826200000000000000e+04 2.719700000000000000e+04
2.830000000000000000e+04 2.717600000000000000e+04
2.830200000000000000e+04 2.714900000000000000e+04
2.829500000000000000e+04 2.719000000000000000e+04
2.831700000000000000e+04 2.711800000000000000e+04
2.831100000000000000e+04 2.714500000000000000e+04
2.832300000000000000e+04 2.710200000000000000e+04
2.832100000000000000e+04 2.710400000000000000e+04
2.834900000000000000e+04 2.709300000000000000e+04
2.833800000000000000e+04 2.709800000000000000e+04
2.567400000000000000e+04 2.905800000000000000e+04
2.571400000000000000e+04 2.904100000000000000e+04
2.570800000000000000e+04 2.905300000000000000e+04
2.586300000000000000e+04 2.903900000000000000e+04
2.600600000000000000e+04 2.902900000000000000e+04
2.609200000000000000e+04 2.899600000000000000e+04
2.610700000000000000e+04 2.898000000000000000e+04
2.613100000000000000e+04 2.897900000000000000e+04
2.615400000000000000e+04 2.896900000000000000e+04
2.617900000000000000e+04 2.896700000000000000e+04
2.631600000000000000e+04 2.891300000000000000e+04
2.626400000000000000e+04 2.894400000000000000e+04
2.624900000000000000e+04 2.895400000000000000e+04
2.626600000000000000e+04 2.893500000000000000e+04
2.633200000000000000e+04 2.888700000000000000e+04
2.631100000000000000e+04 2.891400000000000000e+04
2.626900000000000000e+04 2.893000000000000000e+04
2.636700000000000000e+04 2.886800000000000000e+04
2.634400000000000000e+04 2.888000000000000000e+04
2.635800000000000000e+04 2.887400000000000000e+04
2.634600000000000000e+04 2.887700000000000000e+04
2.633100000000000000e+04 2.890800000000000000e+04
2.638100000000000000e+04 2.885100000000000000e+04
2.641400000000000000e+04 2.884400000000000000e+04
2.645000000000000000e+04 2.880600000000000000e+04
2.645300000000000000e+04 2.880400000000000000e+04
2.643700000000000000e+04 2.881700000000000000e+04
2.642400000000000000e+04 2.881800000000000000e+04
2.640000000000000000e+04 2.884700000000000000e+04
2.643800000000000000e+04 2.881100000000000000e+04
2.647400000000000000e+04 2.878200000000000000e+04
2.650100000000000000e+04 2.876700000000000000e+04
2.646100000000000000e+04 2.880000000000000000e+04
2.655200000000000000e+04 2.872400000000000000e+04
2.657200000000000000e+04 2.871900000000000000e+04
2.659300000000000000e+04 2.871000000000000000e+04
2.654000000000000000e+04 2.876400000000000000e+04
2.657300000000000000e+04 2.871600000000000000e+04
2.655100000000000000e+04 2.873800000000000000e+04
2.662800000000000000e+04 2.867800000000000000e+04
2.665100000000000000e+04 2.866700000000000000e+04
2.667100000000000000e+04 2.865700000000000000e+04
2.668800000000000000e+04 2.863900000000000000e+04
2.671900000000000000e+04 2.862800000000000000e+04
2.669700000000000000e+04 2.863400000000000000e+04
2.672600000000000000e+04 2.861800000000000000e+04
2.674400000000000000e+04 2.860000000000000000e+04
2.673400000000000000e+04 2.860700000000000000e+04
2.674900000000000000e+04 2.858500000000000000e+04
2.678400000000000000e+04 2.857100000000000000e+04
2.675700000000000000e+04 2.857700000000000000e+04
2.676900000000000000e+04 2.857500000000000000e+04
2.677300000000000000e+04 2.857200000000000000e+04
2.674800000000000000e+04 2.859400000000000000e+04
2.679800000000000000e+04 2.856600000000000000e+04
2.680800000000000000e+04 2.852800000000000000e+04
2.685100000000000000e+04 2.852500000000000000e+04
2.692600000000000000e+04 2.850600000000000000e+04
2.690500000000000000e+04 2.852400000000000000e+04
2.692800000000000000e+04 2.850100000000000000e+04
2.695100000000000000e+04 2.849000000000000000e+04
2.697300000000000000e+04 2.844300000000000000e+04
2.696200000000000000e+04 2.846400000000000000e+04
2.696900000000000000e+04 2.845700000000000000e+04
2.696400000000000000e+04 2.845800000000000000e+04
2.705600000000000000e+04 2.840100000000000000e+04
2.703600000000000000e+04 2.844200000000000000e+04
2.704000000000000000e+04 2.841400000000000000e+04
2.708600000000000000e+04 2.837600000000000000e+04
2.709700000000000000e+04 2.836600000000000000e+04
2.707000000000000000e+04 2.838300000000000000e+04
2.714600000000000000e+04 2.835100000000000000e+04
2.716600000000000000e+04 2.833100000000000000e+04
2.712900000000000000e+04 2.836400000000000000e+04
2.718900000000000000e+04 2.831500000000000000e+04
2.719200000000000000e+04 2.831400000000000000e+04
2.720400000000000000e+04 2.829200000000000000e+04
2.717400000000000000e+04 2.831700000000000000e+04
2.725000000000000000e+04 2.828300000000000000e+04
2.727500000000000000e+04 2.826300000000000000e+04
2.729800000000000000e+04 2.824700000000000000e+04
2.730700000000000000e+04 2.823900000000000000e+04
2.735400000000000000e+04 2.817800000000000000e+04
2.733300000000000000e+04 2.820800000000000000e+04
2.731900000000000000e+04 2.821300000000000000e+04
2.733400000000000000e+04 2.819100000000000000e+04
2.739600000000000000e+04 2.815800000000000000e+04
2.740300000000000000e+04 2.812600000000000000e+04
2.742000000000000000e+04 2.812500000000000000e+04
2.743700000000000000e+04 2.810200000000000000e+04
2.742700000000000000e+04 2.811200000000000000e+04
2.744900000000000000e+04 2.809800000000000000e+04
2.742800000000000000e+04 2.810500000000000000e+04
2.746900000000000000e+04 2.807100000000000000e+04
2.742200000000000000e+04 2.811800000000000000e+04
2.745300000000000000e+04 2.808000000000000000e+04
2.751500000000000000e+04 2.801500000000000000e+04
2.749500000000000000e+04 2.805800000000000000e+04
2.746700000000000000e+04 2.807500000000000000e+04
2.748200000000000000e+04 2.806600000000000000e+04
2.751000000000000000e+04 2.802900000000000000e+04
2.754000000000000000e+04 2.799700000000000000e+04
2.763700000000000000e+04 2.791500000000000000e+04
2.756600000000000000e+04 2.798400000000000000e+04
2.758900000000000000e+04 2.794800000000000000e+04
2.767300000000000000e+04 2.786100000000000000e+04
2.760300000000000000e+04 2.791800000000000000e+04
2.764800000000000000e+04 2.788400000000000000e+04
2.766200000000000000e+04 2.787000000000000000e+04
2.773100000000000000e+04 2.779800000000000000e+04
2.771300000000000000e+04 2.783500000000000000e+04
2.771600000000000000e+04 2.780900000000000000e+04
2.775100000000000000e+04 2.778700000000000000e+04
2.769500000000000000e+04 2.785900000000000000e+04
2.776300000000000000e+04 2.778000000000000000e+04
2.776400000000000000e+04 2.776000000000000000e+04
2.776600000000000000e+04 2.774400000000000000e+04
2.785200000000000000e+04 2.766400000000000000e+04
2.776800000000000000e+04 2.773200000000000000e+04
2.780700000000000000e+04 2.769700000000000000e+04
2.785700000000000000e+04 2.766200000000000000e+04
2.780200000000000000e+04 2.773100000000000000e+04
2.782500000000000000e+04 2.769500000000000000e+04
2.782800000000000000e+04 2.766800000000000000e+04
2.786900000000000000e+04 2.765000000000000000e+04
2.794800000000000000e+04 2.757300000000000000e+04
2.787500000000000000e+04 2.763500000000000000e+04
2.789700000000000000e+04 2.763100000000000000e+04
2.792400000000000000e+04 2.757800000000000000e+04
2.791900000000000000e+04 2.762500000000000000e+04
2.801500000000000000e+04 2.753800000000000000e+04
2.803000000000000000e+04 2.749400000000000000e+04
2.806000000000000000e+04 2.745400000000000000e+04
2.804900000000000000e+04 2.748100000000000000e+04
2.806100000000000000e+04 2.742900000000000000e+04
2.808500000000000000e+04 2.741600000000000000e+04
2.809100000000000000e+04 2.738000000000000000e+04
2.811300000000000000e+04 2.735400000000000000e+04
2.812700000000000000e+04 2.734500000000000000e+04
2.811000000000000000e+04 2.736900000000000000e+04
2.810600000000000000e+04 2.737300000000000000e+04
2.815300000000000000e+04 2.730500000000000000e+04
2.813800000000000000e+04 2.731200000000000000e+04
2.813300000000000000e+04 2.732500000000000000e+04
2.814600000000000000e+04 2.731000000000000000e+04
2.816100000000000000e+04 2.728700000000000000e+04
2.822800000000000000e+04 2.728400000000000000e+04
2.824000000000000000e+04 2.725500000000000000e+04
2.825600000000000000e+04 2.720800000000000000e+04
2.824900000000000000e+04 2.723600000000000000e+04
2.825300000000000000e+04 2.720900000000000000e+04
2.828600000000000000e+04 2.719500000000000000e+04
2.826200000000000000e+04 2.719700000000000000e+04
2.830000000000000000e+04 2.717600000000000000e+04
2.830200000000000000e+04 2.714900000000000000e+04
2.829500000000000000e+04 2.719000000000000000e+04
2.831700000000000000e+04 2.711800000000000000e+04
2.831100000000000000e+04 2.714500000000000000e+04
2.832300000000000000e+04 2.710200000000000000e+04
2.832100000000000000e+04 2.710400000000000000e+04
2.834900000000000000e+04 2.709300000000000000e+04
2.833800000000000000e+04 2.709800000000000000e+04
2.836200000000000000e+04 2.702000000000000000e+04
2.838300000000000000e+04 2.700000000000000000e+04
2.838100000000000000e+04 2.700100000000000000e+04
2.837500000000000000e+04 2.701100000000000000e+04
2.840800000000000000e+04 2.697600000000000000e+04
2.844500000000000000e+04 2.693800000000000000e+04
2.842000000000000000e+04 2.694300000000000000e+04
2.845000000000000000e+04 2.691700000000000000e+04
2.841700000000000000e+04 2.697200000000000000e+04
2.848400000000000000e+04 2.683900000000000000e+04
2.846100000000000000e+04 2.690400000000000000e+04
2.847100000000000000e+04 2.690100000000000000e+04
2.850800000000000000e+04 2.682500000000000000e+04
2.303900000000000000e+04 2.575500000000000000e+04
2.318300000000000000e+04 2.566900000000000000e+04
2.311100000000000000e+04 2.573000000000000000e+04
2.318200000000000000e+04 2.570200000000000000e+04
2.306800000000000000e+04 2.573200000000000000e+04
2.417100000000000000e+04 2.728000000000000000e+04
2.409000000000000000e+04 2.728500000000000000e+04
2.404800000000000000e+04 2.731500000000000000e+04
2.430000000000000000e+04 2.820700000000000000e+04
2.413300000000000000e+04 2.822300000000000000e+04
2.441500000000000000e+04 2.816600000000000000e+04
2.438700000000000000e+04 2.818100000000000000e+04
2.424800000000000000e+04 2.821400000000000000e+04
2.428200000000000000e+04 2.821000000000000000e+04
2.469100000000000000e+04 2.857200000000000000e+04
2.465300000000000000e+04 2.857300000000000000e+04
2.473300000000000000e+04 2.857100000000000000e+04
2.479600000000000000e+04 2.854700000000000000e+04
2.514300000000000000e+04 2.862900000000000000e+04
2.508200000000000000e+04 2.870000000000000000e+04
2.513300000000000000e+04 2.865600000000000000e+04
2.511900000000000000e+04 2.865800000000000000e+04
2.520000000000000000e+04 2.886300000000000000e+04
2.528600000000000000e+04 2.884100000000000000e+04
2.519100000000000000e+04 2.886800000000000000e+04
2.528800000000000000e+04 2.882300000000000000e+04
2.531900000000000000e+04 2.881900000000000000e+04
2.526700000000000000e+04 2.885800000000000000e+04
2.536500000000000000e+04 2.892100000000000000e+04
2.540500000000000000e+04 2.891400000000000000e+04
2.533700000000000000e+04 2.894100000000000000e+04
2.541200000000000000e+04 2.891200000000000000e+04
2.542400000000000000e+04 2.890400000000000000e+04
2.531700000000000000e+04 2.894500000000000000e+04
2.535100000000000000e+04 2.892700000000000000e+04
2.554900000000000000e+04 2.894900000000000000e+04
2.547600000000000000e+04 2.899200000000000000e+04
2.546700000000000000e+04 2.900200000000000000e+04
2.549400000000000000e+04 2.895900000000000000e+04
2.558000000000000000e+04 2.893900000000000000e+04
2.551800000000000000e+04 2.895500000000000000e+04
2.548500000000000000e+04 2.896800000000000000e+04
2.553600000000000000e+04 2.895100000000000000e+04
2.562700000000000000e+04 2.903800000000000000e+04
2.557100000000000000e+04 2.904200000000000000e+04
2.556400000000000000e+04 2.904700000000000000e+04
2.585200000000000000e+04 2.898400000000000000e+04
2.579100000000000000e+04 2.900100000000000000e+04
2.574500000000000000e+04 2.902700000000000000e+04
2.582500000000000000e+04 2.899600000000000000e+04
2.583000000000000000e+04 2.899200000000000000e+04
2.578700000000000000e+04 2.902200000000000000e+04
2.557100000000000000e+04 2.904200000000000000e+04
2.556400000000000000e+04 2.904700000000000000e+04
2.579800000000000000e+04 2.904000000000000000e+04
2.581600000000000000e+04 2.902700000000000000e+04
2.581100000000000000e+04 2.902800000000000000e+04
2.587000000000000000e+04 2.901800000000000000e+04
2.588200000000000000e+04 2.901200000000000000e+04
2.593000000000000000e+04 2.900400000000000000e+04
2.598400000000000000e+04 2.896600000000000000e+04
2.597200000000000000e+04 2.898300000000000000e+04
2.590200000000000000e+04 2.900800000000000000e+04
2.594400000000000000e+04 2.899800000000000000e+04
2.557100000000000000e+04 2.904200000000000000e+04
2.556400000000000000e+04 2.904700000000000000e+04
2.579800000000000000e+04 2.904000000000000000e+04
2.581600000000000000e+04 2.902700000000000000e+04
2.581100000000000000e+04 2.902800000000000000e+04
2.587000000000000000e+04 2.901800000000000000e+04
2.588200000000000000e+04 2.901200000000000000e+04
2.593000000000000000e+04 2.900400000000000000e+04
2.590200000000000000e+04 2.900800000000000000e+04
2.601000000000000000e+04 2.899000000000000000e+04
2.598100000000000000e+04 2.900100000000000000e+04
2.613000000000000000e+04 2.896600000000000000e+04
2.614600000000000000e+04 2.896300000000000000e+04
2.611300000000000000e+04 2.898300000000000000e+04
2.617600000000000000e+04 2.893500000000000000e+04
2.616000000000000000e+04 2.894900000000000000e+04
2.557100000000000000e+04 2.904200000000000000e+04
2.556400000000000000e+04 2.904700000000000000e+04
2.579800000000000000e+04 2.904000000000000000e+04
2.581600000000000000e+04 2.902700000000000000e+04
2.581100000000000000e+04 2.902800000000000000e+04
2.587000000000000000e+04 2.901800000000000000e+04
2.588200000000000000e+04 2.901200000000000000e+04
2.593000000000000000e+04 2.900400000000000000e+04
2.590200000000000000e+04 2.900800000000000000e+04
2.601000000000000000e+04 2.899000000000000000e+04
2.598100000000000000e+04 2.900100000000000000e+04
2.611300000000000000e+04 2.898300000000000000e+04
2.611500000000000000e+04 2.897900000000000000e+04
2.611900000000000000e+04 2.897000000000000000e+04
2.623500000000000000e+04 2.894000000000000000e+04
2.620100000000000000e+04 2.894100000000000000e+04
2.623900000000000000e+04 2.893800000000000000e+04
2.619800000000000000e+04 2.896600000000000000e+04
2.625100000000000000e+04 2.891500000000000000e+04
2.624600000000000000e+04 2.891800000000000000e+04
2.620000000000000000e+04 2.894600000000000000e+04
2.557100000000000000e+04 2.904200000000000000e+04
2.556400000000000000e+04 2.904700000000000000e+04
2.579800000000000000e+04 2.904000000000000000e+04
2.581600000000000000e+04 2.902700000000000000e+04
2.581100000000000000e+04 2.902800000000000000e+04
2.587000000000000000e+04 2.901800000000000000e+04
2.588200000000000000e+04 2.901200000000000000e+04
2.593000000000000000e+04 2.900400000000000000e+04
2.590200000000000000e+04 2.900800000000000000e+04
2.601000000000000000e+04 2.899000000000000000e+04
2.598100000000000000e+04 2.900100000000000000e+04
2.611300000000000000e+04 2.898300000000000000e+04
2.611500000000000000e+04 2.897900000000000000e+04
2.611900000000000000e+04 2.897000000000000000e+04
2.621500000000000000e+04 2.896600000000000000e+04
2.626500000000000000e+04 2.895800000000000000e+04
2.622400000000000000e+04 2.896400000000000000e+04
2.627300000000000000e+04 2.893700000000000000e+04
2.622100000000000000e+04 2.896500000000000000e+04
2.629900000000000000e+04 2.892900000000000000e+04
2.557100000000000000e+04 2.904200000000000000e+04
2.556400000000000000e+04 2.904700000000000000e+04
2.579800000000000000e+04 2.904000000000000000e+04
2.581600000000000000e+04 2.902700000000000000e+04
2.581100000000000000e+04 2.902800000000000000e+04
2.587000000000000000e+04 2.901800000000000000e+04
2.588200000000000000e+04 2.901200000000000000e+04
2.593000000000000000e+04 2.900400000000000000e+04
2.590200000000000000e+04 2.900800000000000000e+04
2.601000000000000000e+04 2.899000000000000000e+04
2.598100000000000000e+04 2.900100000000000000e+04
2.611300000000000000e+04 2.898300000000000000e+04
2.611500000000000000e+04 2.897900000000000000e+04
2.611900000000000000e+04 2.897000000000000000e+04
2.621500000000000000e+04 2.896600000000000000e+04
2.626500000000000000e+04 2.895800000000000000e+04
2.622400000000000000e+04 2.896400000000000000e+04
2.622100000000000000e+04 2.896500000000000000e+04
2.630200000000000000e+04 2.894900000000000000e+04
2.632900000000000000e+04 2.892400000000000000e+04
2.631300000000000000e+04 2.892800000000000000e+04
2.636900000000000000e+04 2.891400000000000000e+04
2.633800000000000000e+04 2.891900000000000000e+04
2.641500000000000000e+04 2.887600000000000000e+04
2.640200000000000000e+04 2.889900000000000000e+04
2.557100000000000000e+04 2.904200000000000000e+04
2.556400000000000000e+04 2.904700000000000000e+04
2.579800000000000000e+04 2.904000000000000000e+04
2.581600000000000000e+04 2.902700000000000000e+04
2.581100000000000000e+04 2.902800000000000000e+04
2.587000000000000000e+04 2.901800000000000000e+04
2.588200000000000000e+04 2.901200000000000000e+04
2.593000000000000000e+04 2.900400000000000000e+04
2.590200000000000000e+04 2.900800000000000000e+04
2.601000000000000000e+04 2.899000000000000000e+04
2.598100000000000000e+04 2.900100000000000000e+04
2.611300000000000000e+04 2.898300000000000000e+04
2.611500000000000000e+04 2.897900000000000000e+04
2.611900000000000000e+04 2.897000000000000000e+04
2.621500000000000000e+04 2.896600000000000000e+04
2.626500000000000000e+04 2.895800000000000000e+04
2.622400000000000000e+04 2.896400000000000000e+04
2.622100000000000000e+04 2.896500000000000000e+04
2.630200000000000000e+04 2.894900000000000000e+04
2.632900000000000000e+04 2.892400000000000000e+04
2.631300000000000000e+04 2.892800000000000000e+04
2.636900000000000000e+04 2.891400000000000000e+04
2.633800000000000000e+04 2.891900000000000000e+04
2.640200000000000000e+04 2.889900000000000000e+04
2.641100000000000000e+04 2.888400000000000000e+04
2.646300000000000000e+04 2.886500000000000000e+04
2.643900000000000000e+04 2.887600000000000000e+04
2.650700000000000000e+04 2.882900000000000000e+04
2.652200000000000000e+04 2.881600000000000000e+04
2.654700000000000000e+04 2.880700000000000000e+04
2.651000000000000000e+04 2.882800000000000000e+04
2.651300000000000000e+04 2.882000000000000000e+04
2.648700000000000000e+04 2.886400000000000000e+04
2.652600000000000000e+04 2.881300000000000000e+04
2.649100000000000000e+04 2.884200000000000000e+04
2.655400000000000000e+04 2.880200000000000000e+04
2.656100000000000000e+04 2.879900000000000000e+04
2.652400000000000000e+04 2.881400000000000000e+04
2.650100000000000000e+04 2.883500000000000000e+04
2.652900000000000000e+04 2.881200000000000000e+04
2.651200000000000000e+04 2.882200000000000000e+04
2.557100000000000000e+04 2.904200000000000000e+04
2.556400000000000000e+04 2.904700000000000000e+04
2.579800000000000000e+04 2.904000000000000000e+04
2.581600000000000000e+04 2.902700000000000000e+04
2.581100000000000000e+04 2.902800000000000000e+04
2.587000000000000000e+04 2.901800000000000000e+04
2.588200000000000000e+04 2.901200000000000000e+04
2.593000000000000000e+04 2.900400000000000000e+04
2.590200000000000000e+04 2.900800000000000000e+04
2.601000000000000000e+04 2.899000000000000000e+04
2.598100000000000000e+04 2.900100000000000000e+04
2.611300000000000000e+04 2.898300000000000000e+04
2.611500000000000000e+04 2.897900000000000000e+04
2.611900000000000000e+04 2.897000000000000000e+04
2.621500000000000000e+04 2.896600000000000000e+04
2.626500000000000000e+04 2.895800000000000000e+04
2.622400000000000000e+04 2.896400000000000000e+04
2.622100000000000000e+04 2.896500000000000000e+04
2.630200000000000000e+04 2.894900000000000000e+04
2.632900000000000000e+04 2.892400000000000000e+04
2.631300000000000000e+04 2.892800000000000000e+04
2.636900000000000000e+04 2.891400000000000000e+04
2.633800000000000000e+04 2.891900000000000000e+04
2.640200000000000000e+04 2.889900000000000000e+04
2.641100000000000000e+04 2.888400000000000000e+04
2.646300000000000000e+04 2.886500000000000000e+04
2.643900000000000000e+04 2.887600000000000000e+04
2.648700000000000000e+04 2.886400000000000000e+04
2.658000000000000000e+04 2.881500000000000000e+04
2.652400000000000000e+04 2.882500000000000000e+04
2.651000000000000000e+04 2.885500000000000000e+04
2.652600000000000000e+04 2.881600000000000000e+04
2.661600000000000000e+04 2.877200000000000000e+04
2.659100000000000000e+04 2.878200000000000000e+04
2.658600000000000000e+04 2.878600000000000000e+04
2.661200000000000000e+04 2.877800000000000000e+04
2.661500000000000000e+04 2.877700000000000000e+04
2.665900000000000000e+04 2.875900000000000000e+04
2.664200000000000000e+04 2.876700000000000000e+04
2.557100000000000000e+04 2.904200000000000000e+04
2.556400000000000000e+04 2.904700000000000000e+04
2.579800000000000000e+04 2.904000000000000000e+04
2.581600000000000000e+04 2.902700000000000000e+04
2.581100000000000000e+04 2.902800000000000000e+04
2.587000000000000000e+04 2.901800000000000000e+04
2.588200000000000000e+04 2.901200000000000000e+04
2.593000000000000000e+04 2.900400000000000000e+04
2.590200000000000000e+04 2.900800000000000000e+04
2.601000000000000000e+04 2.899000000000000000e+04
2.598100000000000000e+04 2.900100000000000000e+04
2.611300000000000000e+04 2.898300000000000000e+04
2.611500000000000000e+04 2.897900000000000000e+04
2.611900000000000000e+04 2.897000000000000000e+04
2.621500000000000000e+04 2.896600000000000000e+04
2.626500000000000000e+04 2.895800000000000000e+04
2.622400000000000000e+04 2.896400000000000000e+04
2.622100000000000000e+04 2.896500000000000000e+04
2.630200000000000000e+04 2.894900000000000000e+04
2.632900000000000000e+04 2.892400000000000000e+04
2.631300000000000000e+04 2.892800000000000000e+04
2.636900000000000000e+04 2.891400000000000000e+04
2.633800000000000000e+04 2.891900000000000000e+04
2.640200000000000000e+04 2.889900000000000000e+04
2.641100000000000000e+04 2.888400000000000000e+04
2.646300000000000000e+04 2.886500000000000000e+04
2.643900000000000000e+04 2.887600000000000000e+04
2.648700000000000000e+04 2.886400000000000000e+04
2.658000000000000000e+04 2.881500000000000000e+04
2.652400000000000000e+04 2.882500000000000000e+04
2.651000000000000000e+04 2.885500000000000000e+04
2.652600000000000000e+04 2.881600000000000000e+04
2.658600000000000000e+04 2.878600000000000000e+04
2.665900000000000000e+04 2.875900000000000000e+04
2.664200000000000000e+04 2.876700000000000000e+04
2.661900000000000000e+04 2.878200000000000000e+04
2.673400000000000000e+04 2.871100000000000000e+04
2.667500000000000000e+04 2.874600000000000000e+04
2.672500000000000000e+04 2.872100000000000000e+04
2.676600000000000000e+04 2.868200000000000000e+04
2.674600000000000000e+04 2.868600000000000000e+04
2.671500000000000000e+04 2.874300000000000000e+04
2.557100000000000000e+04 2.904200000000000000e+04
2.556400000000000000e+04 2.904700000000000000e+04
2.579800000000000000e+04 2.904000000000000000e+04
2.581600000000000000e+04 2.902700000000000000e+04
2.581100000000000000e+04 2.902800000000000000e+04
2.587000000000000000e+04 2.901800000000000000e+04
2.588200000000000000e+04 2.901200000000000000e+04
2.593000000000000000e+04 2.900400000000000000e+04
2.590200000000000000e+04 2.900800000000000000e+04
2.601000000000000000e+04 2.899000000000000000e+04
2.598100000000000000e+04 2.900100000000000000e+04
2.611300000000000000e+04 2.898300000000000000e+04
2.611500000000000000e+04 2.897900000000000000e+04
2.611900000000000000e+04 2.897000000000000000e+04
2.621500000000000000e+04 2.896600000000000000e+04
2.626500000000000000e+04 2.895800000000000000e+04
2.622400000000000000e+04 2.896400000000000000e+04
2.622100000000000000e+04 2.896500000000000000e+04
2.630200000000000000e+04 2.894900000000000000e+04
2.632900000000000000e+04 2.892400000000000000e+04
2.631300000000000000e+04 2.892800000000000000e+04
2.636900000000000000e+04 2.891400000000000000e+04
2.633800000000000000e+04 2.891900000000000000e+04
2.640200000000000000e+04 2.889900000000000000e+04
2.641100000000000000e+04 2.888400000000000000e+04
2.646300000000000000e+04 2.886500000000000000e+04
2.643900000000000000e+04 2.887600000000000000e+04
2.648700000000000000e+04 2.886400000000000000e+04
2.658000000000000000e+04 2.881500000000000000e+04
2.652400000000000000e+04 2.882500000000000000e+04
2.651000000000000000e+04 2.885500000000000000e+04
2.652600000000000000e+04 2.881600000000000000e+04
2.658600000000000000e+04 2.878600000000000000e+04
2.665900000000000000e+04 2.875900000000000000e+04
2.664200000000000000e+04 2.876700000000000000e+04
2.661900000000000000e+04 2.878200000000000000e+04
2.673400000000000000e+04 2.871100000000000000e+04
2.667500000000000000e+04 2.874600000000000000e+04
2.672500000000000000e+04 2.872100000000000000e+04
2.671500000000000000e+04 2.874300000000000000e+04
2.677300000000000000e+04 2.868600000000000000e+04
2.676200000000000000e+04 2.869800000000000000e+04
2.678400000000000000e+04 2.868500000000000000e+04
2.672000000000000000e+04 2.873900000000000000e+04
2.674400000000000000e+04 2.869900000000000000e+04
2.676700000000000000e+04 2.868900000000000000e+04
2.685400000000000000e+04 2.865100000000000000e+04
2.683000000000000000e+04 2.867200000000000000e+04
2.689000000000000000e+04 2.860600000000000000e+04
2.688500000000000000e+04 2.861700000000000000e+04
2.693300000000000000e+04 2.857200000000000000e+04
2.687000000000000000e+04 2.862100000000000000e+04
2.692800000000000000e+04 2.858800000000000000e+04
2.692100000000000000e+04 2.859400000000000000e+04
2.686600000000000000e+04 2.864700000000000000e+04
2.557100000000000000e+04 2.904200000000000000e+04
2.556400000000000000e+04 2.904700000000000000e+04
2.579800000000000000e+04 2.904000000000000000e+04
2.581600000000000000e+04 2.902700000000000000e+04
2.581100000000000000e+04 2.902800000000000000e+04
2.587000000000000000e+04 2.901800000000000000e+04
2.588200000000000000e+04 2.901200000000000000e+04
2.593000000000000000e+04 2.900400000000000000e+04
2.590200000000000000e+04 2.900800000000000000e+04
2.601000000000000000e+04 2.899000000000000000e+04
2.598100000000000000e+04 2.900100000000000000e+04
2.611300000000000000e+04 2.898300000000000000e+04
2.611500000000000000e+04 2.897900000000000000e+04
2.611900000000000000e+04 2.897000000000000000e+04
2.621500000000000000e+04 2.896600000000000000e+04
2.626500000000000000e+04 2.895800000000000000e+04
2.622400000000000000e+04 2.896400000000000000e+04
2.622100000000000000e+04 2.896500000000000000e+04
2.630200000000000000e+04 2.894900000000000000e+04
2.632900000000000000e+04 2.892400000000000000e+04
2.631300000000000000e+04 2.892800000000000000e+04
2.636900000000000000e+04 2.891400000000000000e+04
2.633800000000000000e+04 2.891900000000000000e+04
2.640200000000000000e+04 2.889900000000000000e+04
2.641100000000000000e+04 2.888400000000000000e+04
2.646300000000000000e+04 2.886500000000000000e+04
2.643900000000000000e+04 2.887600000000000000e+04
2.648700000000000000e+04 2.886400000000000000e+04
2.658000000000000000e+04 2.881500000000000000e+04
2.652400000000000000e+04 2.882500000000000000e+04
2.651000000000000000e+04 2.885500000000000000e+04
2.652600000000000000e+04 2.881600000000000000e+04
2.658600000000000000e+04 2.878600000000000000e+04
2.665900000000000000e+04 2.875900000000000000e+04
2.664200000000000000e+04 2.876700000000000000e+04
2.661900000000000000e+04 2.878200000000000000e+04
2.673400000000000000e+04 2.871100000000000000e+04
2.667500000000000000e+04 2.874600000000000000e+04
2.672500000000000000e+04 2.872100000000000000e+04
2.671500000000000000e+04 2.874300000000000000e+04
2.677300000000000000e+04 2.868600000000000000e+04
2.676200000000000000e+04 2.869800000000000000e+04
2.678400000000000000e+04 2.868500000000000000e+04
2.672000000000000000e+04 2.873900000000000000e+04
2.674400000000000000e+04 2.869900000000000000e+04
2.676700000000000000e+04 2.868900000000000000e+04
2.685400000000000000e+04 2.865100000000000000e+04
2.683000000000000000e+04 2.867200000000000000e+04
2.688500000000000000e+04 2.861700000000000000e+04
2.687000000000000000e+04 2.862100000000000000e+04
2.686600000000000000e+04 2.864700000000000000e+04
2.696500000000000000e+04 2.860600000000000000e+04
2.705500000000000000e+04 2.852200000000000000e+04
2.700800000000000000e+04 2.858500000000000000e+04
2.701100000000000000e+04 2.855600000000000000e+04
2.703600000000000000e+04 2.853900000000000000e+04
2.702700000000000000e+04 2.855000000000000000e+04
2.707700000000000000e+04 2.848700000000000000e+04
2.706600000000000000e+04 2.850600000000000000e+04
2.707200000000000000e+04 2.849800000000000000e+04
2.704000000000000000e+04 2.852900000000000000e+04
2.557100000000000000e+04 2.904200000000000000e+04
2.556400000000000000e+04 2.904700000000000000e+04
2.579800000000000000e+04 2.904000000000000000e+04
2.581600000000000000e+04 2.902700000000000000e+04
2.581100000000000000e+04 2.902800000000000000e+04
2.587000000000000000e+04 2.901800000000000000e+04
2.588200000000000000e+04 2.901200000000000000e+04
2.593000000000000000e+04 2.900400000000000000e+04
2.590200000000000000e+04 2.900800000000000000e+04
2.601000000000000000e+04 2.899000000000000000e+04
2.598100000000000000e+04 2.900100000000000000e+04
2.611300000000000000e+04 2.898300000000000000e+04
2.611500000000000000e+04 2.897900000000000000e+04
2.611900000000000000e+04 2.897000000000000000e+04
2.621500000000000000e+04 2.896600000000000000e+04
2.626500000000000000e+04 2.895800000000000000e+04
2.622400000000000000e+04 2.896400000000000000e+04
2.622100000000000000e+04 2.896500000000000000e+04
2.630200000000000000e+04 2.894900000000000000e+04
2.632900000000000000e+04 2.892400000000000000e+04
2.631300000000000000e+04 2.892800000000000000e+04
2.636900000000000000e+04 2.891400000000000000e+04
2.633800000000000000e+04 2.891900000000000000e+04
2.640200000000000000e+04 2.889900000000000000e+04
2.641100000000000000e+04 2.888400000000000000e+04
2.646300000000000000e+04 2.886500000000000000e+04
2.643900000000000000e+04 2.887600000000000000e+04
2.648700000000000000e+04 2.886400000000000000e+04
2.658000000000000000e+04 2.881500000000000000e+04
2.652400000000000000e+04 2.882500000000000000e+04
2.651000000000000000e+04 2.885500000000000000e+04
2.652600000000000000e+04 2.881600000000000000e+04
2.658600000000000000e+04 2.878600000000000000e+04
2.665900000000000000e+04 2.875900000000000000e+04
2.664200000000000000e+04 2.876700000000000000e+04
2.661900000000000000e+04 2.878200000000000000e+04
2.673400000000000000e+04 2.871100000000000000e+04
2.667500000000000000e+04 2.874600000000000000e+04
2.672500000000000000e+04 2.872100000000000000e+04
2.671500000000000000e+04 2.874300000000000000e+04
2.677300000000000000e+04 2.868600000000000000e+04
2.676200000000000000e+04 2.869800000000000000e+04
2.678400000000000000e+04 2.868500000000000000e+04
2.672000000000000000e+04 2.873900000000000000e+04
2.674400000000000000e+04 2.869900000000000000e+04
2.676700000000000000e+04 2.868900000000000000e+04
2.685400000000000000e+04 2.865100000000000000e+04
2.683000000000000000e+04 2.867200000000000000e+04
2.688500000000000000e+04 2.861700000000000000e+04
2.687000000000000000e+04 2.862100000000000000e+04
2.686600000000000000e+04 2.864700000000000000e+04
2.696500000000000000e+04 2.860600000000000000e+04
2.705500000000000000e+04 2.852200000000000000e+04
2.700800000000000000e+04 2.858500000000000000e+04
2.701100000000000000e+04 2.855600000000000000e+04
2.703600000000000000e+04 2.853900000000000000e+04
2.702700000000000000e+04 2.855000000000000000e+04
2.704000000000000000e+04 2.852900000000000000e+04
2.713300000000000000e+04 2.847400000000000000e+04
2.709600000000000000e+04 2.851100000000000000e+04
2.716600000000000000e+04 2.845300000000000000e+04
2.712800000000000000e+04 2.848000000000000000e+04
2.717500000000000000e+04 2.842400000000000000e+04
2.718100000000000000e+04 2.840500000000000000e+04
2.720300000000000000e+04 2.839600000000000000e+04
2.557100000000000000e+04 2.904200000000000000e+04
2.556400000000000000e+04 2.904700000000000000e+04
2.579800000000000000e+04 2.904000000000000000e+04
2.581600000000000000e+04 2.902700000000000000e+04
2.581100000000000000e+04 2.902800000000000000e+04
2.587000000000000000e+04 2.901800000000000000e+04
2.588200000000000000e+04 2.901200000000000000e+04
2.593000000000000000e+04 2.900400000000000000e+04
2.590200000000000000e+04 2.900800000000000000e+04
2.601000000000000000e+04 2.899000000000000000e+04
2.598100000000000000e+04 2.900100000000000000e+04
2.611300000000000000e+04 2.898300000000000000e+04
2.611500000000000000e+04 2.897900000000000000e+04
2.611900000000000000e+04 2.897000000000000000e+04
2.621500000000000000e+04 2.896600000000000000e+04
2.626500000000000000e+04 2.895800000000000000e+04
2.622400000000000000e+04 2.896400000000000000e+04
2.622100000000000000e+04 2.896500000000000000e+04
2.630200000000000000e+04 2.894900000000000000e+04
2.632900000000000000e+04 2.892400000000000000e+04
2.631300000000000000e+04 2.892800000000000000e+04
2.636900000000000000e+04 2.891400000000000000e+04
2.633800000000000000e+04 2.891900000000000000e+04
2.640200000000000000e+04 2.889900000000000000e+04
2.641100000000000000e+04 2.888400000000000000e+04
2.646300000000000000e+04 2.886500000000000000e+04
2.643900000000000000e+04 2.887600000000000000e+04
2.648700000000000000e+04 2.886400000000000000e+04
2.658000000000000000e+04 2.881500000000000000e+04
2.652400000000000000e+04 2.882500000000000000e+04
2.651000000000000000e+04 2.885500000000000000e+04
2.652600000000000000e+04 2.881600000000000000e+04
2.658600000000000000e+04 2.878600000000000000e+04
2.665900000000000000e+04 2.875900000000000000e+04
2.664200000000000000e+04 2.876700000000000000e+04
2.661900000000000000e+04 2.878200000000000000e+04
2.673400000000000000e+04 2.871100000000000000e+04
2.667500000000000000e+04 2.874600000000000000e+04
2.672500000000000000e+04 2.872100000000000000e+04
2.671500000000000000e+04 2.874300000000000000e+04
2.677300000000000000e+04 2.868600000000000000e+04
2.676200000000000000e+04 2.869800000000000000e+04
2.678400000000000000e+04 2.868500000000000000e+04
2.672000000000000000e+04 2.873900000000000000e+04
2.674400000000000000e+04 2.869900000000000000e+04
2.676700000000000000e+04 2.868900000000000000e+04
2.685400000000000000e+04 2.865100000000000000e+04
2.683000000000000000e+04 2.867200000000000000e+04
2.688500000000000000e+04 2.861700000000000000e+04
2.687000000000000000e+04 2.862100000000000000e+04
2.686600000000000000e+04 2.864700000000000000e+04
2.696500000000000000e+04 2.860600000000000000e+04
2.705500000000000000e+04 2.852200000000000000e+04
2.700800000000000000e+04 2.858500000000000000e+04
2.701100000000000000e+04 2.855600000000000000e+04
2.703600000000000000e+04 2.853900000000000000e+04
2.702700000000000000e+04 2.855000000000000000e+04
2.704000000000000000e+04 2.852900000000000000e+04
2.713300000000000000e+04 2.847400000000000000e+04
2.709600000000000000e+04 2.851100000000000000e+04
2.716600000000000000e+04 2.845300000000000000e+04
2.712800000000000000e+04 2.848000000000000000e+04
2.717500000000000000e+04 2.842400000000000000e+04
2.718100000000000000e+04 2.840500000000000000e+04
2.720300000000000000e+04 2.839600000000000000e+04
2.710100000000000000e+04 2.848200000000000000e+04
2.557100000000000000e+04 2.904200000000000000e+04
2.556400000000000000e+04 2.904700000000000000e+04
2.579800000000000000e+04 2.904000000000000000e+04
2.581600000000000000e+04 2.902700000000000000e+04
2.581100000000000000e+04 2.902800000000000000e+04
2.587000000000000000e+04 2.901800000000000000e+04
2.588200000000000000e+04 2.901200000000000000e+04
2.593000000000000000e+04 2.900400000000000000e+04
2.590200000000000000e+04 2.900800000000000000e+04
2.601000000000000000e+04 2.899000000000000000e+04
2.598100000000000000e+04 2.900100000000000000e+04
2.611300000000000000e+04 2.898300000000000000e+04
2.611500000000000000e+04 2.897900000000000000e+04
2.611900000000000000e+04 2.897000000000000000e+04
2.621500000000000000e+04 2.896600000000000000e+04
2.626500000000000000e+04 2.895800000000000000e+04
2.622400000000000000e+04 2.896400000000000000e+04
2.622100000000000000e+04 2.896500000000000000e+04
2.630200000000000000e+04 2.894900000000000000e+04
2.632900000000000000e+04 2.892400000000000000e+04
2.631300000000000000e+04 2.892800000000000000e+04
2.636900000000000000e+04 2.891400000000000000e+04
2.633800000000000000e+04 2.891900000000000000e+04
2.640200000000000000e+04 2.889900000000000000e+04
2.641100000000000000e+04 2.888400000000000000e+04
2.646300000000000000e+04 2.886500000000000000e+04
2.643900000000000000e+04 2.887600000000000000e+04
2.648700000000000000e+04 2.886400000000000000e+04
2.658000000000000000e+04 2.881500000000000000e+04
2.652400000000000000e+04 2.882500000000000000e+04
2.651000000000000000e+04 2.885500000000000000e+04
2.652600000000000000e+04 2.881600000000000000e+04
2.658600000000000000e+04 2.878600000000000000e+04
2.665900000000000000e+04 2.875900000000000000e+04
2.664200000000000000e+04 2.876700000000000000e+04
2.661900000000000000e+04 2.878200000000000000e+04
2.673400000000000000e+04 2.871100000000000000e+04
2.667500000000000000e+04 2.874600000000000000e+04
2.672500000000000000e+04 2.872100000000000000e+04
2.671500000000000000e+04 2.874300000000000000e+04
2.677300000000000000e+04 2.868600000000000000e+04
2.676200000000000000e+04 2.869800000000000000e+04
2.678400000000000000e+04 2.868500000000000000e+04
2.672000000000000000e+04 2.873900000000000000e+04
2.674400000000000000e+04 2.869900000000000000e+04
2.676700000000000000e+04 2.868900000000000000e+04
2.685400000000000000e+04 2.865100000000000000e+04
2.683000000000000000e+04 2.867200000000000000e+04
2.688500000000000000e+04 2.861700000000000000e+04
2.687000000000000000e+04 2.862100000000000000e+04
2.686600000000000000e+04 2.864700000000000000e+04
2.696500000000000000e+04 2.860600000000000000e+04
2.705500000000000000e+04 2.852200000000000000e+04
2.700800000000000000e+04 2.858500000000000000e+04
2.701100000000000000e+04 2.855600000000000000e+04
2.703600000000000000e+04 2.853900000000000000e+04
2.702700000000000000e+04 2.855000000000000000e+04
2.704000000000000000e+04 2.852900000000000000e+04
2.713300000000000000e+04 2.847400000000000000e+04
2.709600000000000000e+04 2.851100000000000000e+04
2.716600000000000000e+04 2.845300000000000000e+04
2.712800000000000000e+04 2.848000000000000000e+04
2.710100000000000000e+04 2.848200000000000000e+04
2.723800000000000000e+04 2.838900000000000000e+04
2.719100000000000000e+04 2.844300000000000000e+04
2.725600000000000000e+04 2.836200000000000000e+04
2.725400000000000000e+04 2.837700000000000000e+04
2.727000000000000000e+04 2.835200000000000000e+04
2.722900000000000000e+04 2.840600000000000000e+04
2.724000000000000000e+04 2.838000000000000000e+04
2.731200000000000000e+04 2.833400000000000000e+04
2.729700000000000000e+04 2.834300000000000000e+04
2.727200000000000000e+04 2.834800000000000000e+04
2.734800000000000000e+04 2.832900000000000000e+04
2.735400000000000000e+04 2.831600000000000000e+04
2.737100000000000000e+04 2.829800000000000000e+04
2.742600000000000000e+04 2.823100000000000000e+04
2.740300000000000000e+04 2.826500000000000000e+04
2.736300000000000000e+04 2.829900000000000000e+04
2.743200000000000000e+04 2.821800000000000000e+04
2.739400000000000000e+04 2.827300000000000000e+04
2.741700000000000000e+04 2.824800000000000000e+04
2.743900000000000000e+04 2.820200000000000000e+04
2.557100000000000000e+04 2.904200000000000000e+04
2.556400000000000000e+04 2.904700000000000000e+04
2.579800000000000000e+04 2.904000000000000000e+04
2.581600000000000000e+04 2.902700000000000000e+04
2.581100000000000000e+04 2.902800000000000000e+04
2.587000000000000000e+04 2.901800000000000000e+04
2.588200000000000000e+04 2.901200000000000000e+04
2.593000000000000000e+04 2.900400000000000000e+04
2.590200000000000000e+04 2.900800000000000000e+04
2.601000000000000000e+04 2.899000000000000000e+04
2.598100000000000000e+04 2.900100000000000000e+04
2.611300000000000000e+04 2.898300000000000000e+04
2.611500000000000000e+04 2.897900000000000000e+04
2.611900000000000000e+04 2.897000000000000000e+04
2.621500000000000000e+04 2.896600000000000000e+04
2.626500000000000000e+04 2.895800000000000000e+04
2.622400000000000000e+04 2.896400000000000000e+04
2.622100000000000000e+04 2.896500000000000000e+04
2.630200000000000000e+04 2.894900000000000000e+04
2.632900000000000000e+04 2.892400000000000000e+04
2.631300000000000000e+04 2.892800000000000000e+04
2.636900000000000000e+04 2.891400000000000000e+04
2.633800000000000000e+04 2.891900000000000000e+04
2.640200000000000000e+04 2.889900000000000000e+04
2.641100000000000000e+04 2.888400000000000000e+04
2.646300000000000000e+04 2.886500000000000000e+04
2.643900000000000000e+04 2.887600000000000000e+04
2.648700000000000000e+04 2.886400000000000000e+04
2.658000000000000000e+04 2.881500000000000000e+04
2.652400000000000000e+04 2.882500000000000000e+04
2.651000000000000000e+04 2.885500000000000000e+04
2.652600000000000000e+04 2.881600000000000000e+04
2.658600000000000000e+04 2.878600000000000000e+04
2.665900000000000000e+04 2.875900000000000000e+04
2.664200000000000000e+04 2.876700000000000000e+04
2.661900000000000000e+04 2.878200000000000000e+04
2.673400000000000000e+04 2.871100000000000000e+04
2.667500000000000000e+04 2.874600000000000000e+04
2.672500000000000000e+04 2.872100000000000000e+04
2.671500000000000000e+04 2.874300000000000000e+04
2.677300000000000000e+04 2.868600000000000000e+04
2.676200000000000000e+04 2.869800000000000000e+04
2.678400000000000000e+04 2.868500000000000000e+04
2.672000000000000000e+04 2.873900000000000000e+04
2.674400000000000000e+04 2.869900000000000000e+04
2.676700000000000000e+04 2.868900000000000000e+04
2.685400000000000000e+04 2.865100000000000000e+04
2.683000000000000000e+04 2.867200000000000000e+04
2.688500000000000000e+04 2.861700000000000000e+04
2.687000000000000000e+04 2.862100000000000000e+04
2.686600000000000000e+04 2.864700000000000000e+04
2.696500000000000000e+04 2.860600000000000000e+04
2.705500000000000000e+04 2.852200000000000000e+04
2.700800000000000000e+04 2.858500000000000000e+04
2.701100000000000000e+04 2.855600000000000000e+04
2.703600000000000000e+04 2.853900000000000000e+04
2.702700000000000000e+04 2.855000000000000000e+04
2.704000000000000000e+04 2.852900000000000000e+04
2.713300000000000000e+04 2.847400000000000000e+04
2.709600000000000000e+04 2.851100000000000000e+04
2.716600000000000000e+04 2.845300000000000000e+04
2.712800000000000000e+04 2.848000000000000000e+04
2.710100000000000000e+04 2.848200000000000000e+04
2.723800000000000000e+04 2.838900000000000000e+04
2.719100000000000000e+04 2.844300000000000000e+04
2.725600000000000000e+04 2.836200000000000000e+04
2.725400000000000000e+04 2.837700000000000000e+04
2.727000000000000000e+04 2.835200000000000000e+04
2.722900000000000000e+04 2.840600000000000000e+04
2.724000000000000000e+04 2.838000000000000000e+04
2.731200000000000000e+04 2.833400000000000000e+04
2.729700000000000000e+04 2.834300000000000000e+04
2.727200000000000000e+04 2.834800000000000000e+04
2.734800000000000000e+04 2.832900000000000000e+04
2.735400000000000000e+04 2.831600000000000000e+04
2.737100000000000000e+04 2.829800000000000000e+04
2.742600000000000000e+04 2.823100000000000000e+04
2.740300000000000000e+04 2.826500000000000000e+04
2.736300000000000000e+04 2.829900000000000000e+04
2.739400000000000000e+04 2.827300000000000000e+04
2.741700000000000000e+04 2.824800000000000000e+04
2.750300000000000000e+04 2.817000000000000000e+04
2.743800000000000000e+04 2.822000000000000000e+04
2.746400000000000000e+04 2.818900000000000000e+04
2.748100000000000000e+04 2.818700000000000000e+04
2.743100000000000000e+04 2.822800000000000000e+04
2.744300000000000000e+04 2.820300000000000000e+04
2.754200000000000000e+04 2.813800000000000000e+04
2.750200000000000000e+04 2.818100000000000000e+04
2.753400000000000000e+04 2.814200000000000000e+04
2.758900000000000000e+04 2.807100000000000000e+04
2.756300000000000000e+04 2.810500000000000000e+04
2.756500000000000000e+04 2.809900000000000000e+04
2.761400000000000000e+04 2.806800000000000000e+04
2.761800000000000000e+04 2.801000000000000000e+04
2.758100000000000000e+04 2.807900000000000000e+04
2.557100000000000000e+04 2.904200000000000000e+04
2.556400000000000000e+04 2.904700000000000000e+04
2.579800000000000000e+04 2.904000000000000000e+04
2.581600000000000000e+04 2.902700000000000000e+04
2.581100000000000000e+04 2.902800000000000000e+04
2.587000000000000000e+04 2.901800000000000000e+04
2.588200000000000000e+04 2.901200000000000000e+04
2.593000000000000000e+04 2.900400000000000000e+04
2.590200000000000000e+04 2.900800000000000000e+04
2.601000000000000000e+04 2.899000000000000000e+04
2.598100000000000000e+04 2.900100000000000000e+04
2.611300000000000000e+04 2.898300000000000000e+04
2.611500000000000000e+04 2.897900000000000000e+04
2.611900000000000000e+04 2.897000000000000000e+04
2.621500000000000000e+04 2.896600000000000000e+04
2.626500000000000000e+04 2.895800000000000000e+04
2.622400000000000000e+04 2.896400000000000000e+04
2.622100000000000000e+04 2.896500000000000000e+04
2.630200000000000000e+04 2.894900000000000000e+04
2.632900000000000000e+04 2.892400000000000000e+04
2.631300000000000000e+04 2.892800000000000000e+04
2.636900000000000000e+04 2.891400000000000000e+04
2.633800000000000000e+04 2.891900000000000000e+04
2.640200000000000000e+04 2.889900000000000000e+04
2.641100000000000000e+04 2.888400000000000000e+04
2.646300000000000000e+04 2.886500000000000000e+04
2.643900000000000000e+04 2.887600000000000000e+04
2.648700000000000000e+04 2.886400000000000000e+04
2.658000000000000000e+04 2.881500000000000000e+04
2.652400000000000000e+04 2.882500000000000000e+04
2.651000000000000000e+04 2.885500000000000000e+04
2.652600000000000000e+04 2.881600000000000000e+04
2.658600000000000000e+04 2.878600000000000000e+04
2.665900000000000000e+04 2.875900000000000000e+04
2.664200000000000000e+04 2.876700000000000000e+04
2.661900000000000000e+04 2.878200000000000000e+04
2.673400000000000000e+04 2.871100000000000000e+04
2.667500000000000000e+04 2.874600000000000000e+04
2.672500000000000000e+04 2.872100000000000000e+04
2.671500000000000000e+04 2.874300000000000000e+04
2.677300000000000000e+04 2.868600000000000000e+04
2.676200000000000000e+04 2.869800000000000000e+04
2.678400000000000000e+04 2.868500000000000000e+04
2.672000000000000000e+04 2.873900000000000000e+04
2.674400000000000000e+04 2.869900000000000000e+04
2.676700000000000000e+04 2.868900000000000000e+04
2.685400000000000000e+04 2.865100000000000000e+04
2.683000000000000000e+04 2.867200000000000000e+04
2.688500000000000000e+04 2.861700000000000000e+04
2.687000000000000000e+04 2.862100000000000000e+04
2.686600000000000000e+04 2.864700000000000000e+04
2.696500000000000000e+04 2.860600000000000000e+04
2.705500000000000000e+04 2.852200000000000000e+04
2.700800000000000000e+04 2.858500000000000000e+04
2.701100000000000000e+04 2.855600000000000000e+04
2.703600000000000000e+04 2.853900000000000000e+04
2.702700000000000000e+04 2.855000000000000000e+04
2.704000000000000000e+04 2.852900000000000000e+04
2.713300000000000000e+04 2.847400000000000000e+04
2.709600000000000000e+04 2.851100000000000000e+04
2.716600000000000000e+04 2.845300000000000000e+04
2.712800000000000000e+04 2.848000000000000000e+04
2.710100000000000000e+04 2.848200000000000000e+04
2.723800000000000000e+04 2.838900000000000000e+04
2.719100000000000000e+04 2.844300000000000000e+04
2.725600000000000000e+04 2.836200000000000000e+04
2.725400000000000000e+04 2.837700000000000000e+04
2.727000000000000000e+04 2.835200000000000000e+04
2.722900000000000000e+04 2.840600000000000000e+04
2.724000000000000000e+04 2.838000000000000000e+04
2.731200000000000000e+04 2.833400000000000000e+04
2.729700000000000000e+04 2.834300000000000000e+04
2.727200000000000000e+04 2.834800000000000000e+04
2.734800000000000000e+04 2.832900000000000000e+04
2.735400000000000000e+04 2.831600000000000000e+04
2.737100000000000000e+04 2.829800000000000000e+04
2.742600000000000000e+04 2.823100000000000000e+04
2.740300000000000000e+04 2.826500000000000000e+04
2.736300000000000000e+04 2.829900000000000000e+04
2.739400000000000000e+04 2.827300000000000000e+04
2.741700000000000000e+04 2.824800000000000000e+04
2.743800000000000000e+04 2.822000000000000000e+04
2.746400000000000000e+04 2.818900000000000000e+04
2.748100000000000000e+04 2.818700000000000000e+04
2.743100000000000000e+04 2.822800000000000000e+04
2.744300000000000000e+04 2.820300000000000000e+04
2.754200000000000000e+04 2.813800000000000000e+04
2.750200000000000000e+04 2.818100000000000000e+04
2.758900000000000000e+04 2.807100000000000000e+04
2.756300000000000000e+04 2.810500000000000000e+04
2.756500000000000000e+04 2.809900000000000000e+04
2.761400000000000000e+04 2.806800000000000000e+04
2.758100000000000000e+04 2.807900000000000000e+04
2.757500000000000000e+04 2.809200000000000000e+04
2.753900000000000000e+04 2.817400000000000000e+04
2.761900000000000000e+04 2.803200000000000000e+04
2.763300000000000000e+04 2.802200000000000000e+04
2.766200000000000000e+04 2.799000000000000000e+04
2.764900000000000000e+04 2.799400000000000000e+04
2.763800000000000000e+04 2.802000000000000000e+04
2.767800000000000000e+04 2.793300000000000000e+04
2.767500000000000000e+04 2.798100000000000000e+04
2.771200000000000000e+04 2.793000000000000000e+04
2.764100000000000000e+04 2.799600000000000000e+04
2.557100000000000000e+04 2.904200000000000000e+04
2.556400000000000000e+04 2.904700000000000000e+04
2.579800000000000000e+04 2.904000000000000000e+04
2.581600000000000000e+04 2.902700000000000000e+04
2.581100000000000000e+04 2.902800000000000000e+04
2.587000000000000000e+04 2.901800000000000000e+04
2.588200000000000000e+04 2.901200000000000000e+04
2.593000000000000000e+04 2.900400000000000000e+04
2.590200000000000000e+04 2.900800000000000000e+04
2.601000000000000000e+04 2.899000000000000000e+04
2.598100000000000000e+04 2.900100000000000000e+04
2.611300000000000000e+04 2.898300000000000000e+04
2.611500000000000000e+04 2.897900000000000000e+04
2.611900000000000000e+04 2.897000000000000000e+04
2.621500000000000000e+04 2.896600000000000000e+04
2.626500000000000000e+04 2.895800000000000000e+04
2.622400000000000000e+04 2.896400000000000000e+04
2.622100000000000000e+04 2.896500000000000000e+04
2.630200000000000000e+04 2.894900000000000000e+04
2.632900000000000000e+04 2.892400000000000000e+04
2.631300000000000000e+04 2.892800000000000000e+04
2.636900000000000000e+04 2.891400000000000000e+04
2.633800000000000000e+04 2.891900000000000000e+04
2.640200000000000000e+04 2.889900000000000000e+04
2.641100000000000000e+04 2.888400000000000000e+04
2.646300000000000000e+04 2.886500000000000000e+04
2.643900000000000000e+04 2.887600000000000000e+04
2.648700000000000000e+04 2.886400000000000000e+04
2.658000000000000000e+04 2.881500000000000000e+04
2.652400000000000000e+04 2.882500000000000000e+04
2.651000000000000000e+04 2.885500000000000000e+04
2.652600000000000000e+04 2.881600000000000000e+04
2.658600000000000000e+04 2.878600000000000000e+04
2.665900000000000000e+04 2.875900000000000000e+04
2.664200000000000000e+04 2.876700000000000000e+04
2.661900000000000000e+04 2.878200000000000000e+04
2.673400000000000000e+04 2.871100000000000000e+04
2.667500000000000000e+04 2.874600000000000000e+04
2.672500000000000000e+04 2.872100000000000000e+04
2.671500000000000000e+04 2.874300000000000000e+04
2.677300000000000000e+04 2.868600000000000000e+04
2.676200000000000000e+04 2.869800000000000000e+04
2.678400000000000000e+04 2.868500000000000000e+04
2.672000000000000000e+04 2.873900000000000000e+04
2.674400000000000000e+04 2.869900000000000000e+04
2.676700000000000000e+04 2.868900000000000000e+04
2.685400000000000000e+04 2.865100000000000000e+04
2.683000000000000000e+04 2.867200000000000000e+04
2.688500000000000000e+04 2.861700000000000000e+04
2.687000000000000000e+04 2.862100000000000000e+04
2.686600000000000000e+04 2.864700000000000000e+04
2.696500000000000000e+04 2.860600000000000000e+04
2.705500000000000000e+04 2.852200000000000000e+04
2.700800000000000000e+04 2.858500000000000000e+04
2.701100000000000000e+04 2.855600000000000000e+04
2.703600000000000000e+04 2.853900000000000000e+04
2.702700000000000000e+04 2.855000000000000000e+04
2.704000000000000000e+04 2.852900000000000000e+04
2.713300000000000000e+04 2.847400000000000000e+04
2.709600000000000000e+04 2.851100000000000000e+04
2.716600000000000000e+04 2.845300000000000000e+04
2.712800000000000000e+04 2.848000000000000000e+04
2.710100000000000000e+04 2.848200000000000000e+04
2.723800000000000000e+04 2.838900000000000000e+04
2.719100000000000000e+04 2.844300000000000000e+04
2.725600000000000000e+04 2.836200000000000000e+04
2.725400000000000000e+04 2.837700000000000000e+04
2.727000000000000000e+04 2.835200000000000000e+04
2.722900000000000000e+04 2.840600000000000000e+04
2.724000000000000000e+04 2.838000000000000000e+04
2.731200000000000000e+04 2.833400000000000000e+04
2.729700000000000000e+04 2.834300000000000000e+04
2.727200000000000000e+04 2.834800000000000000e+04
2.734800000000000000e+04 2.832900000000000000e+04
2.735400000000000000e+04 2.831600000000000000e+04
2.737100000000000000e+04 2.829800000000000000e+04
2.742600000000000000e+04 2.823100000000000000e+04
2.740300000000000000e+04 2.826500000000000000e+04
2.736300000000000000e+04 2.829900000000000000e+04
2.739400000000000000e+04 2.827300000000000000e+04
2.741700000000000000e+04 2.824800000000000000e+04
2.743800000000000000e+04 2.822000000000000000e+04
2.746400000000000000e+04 2.818900000000000000e+04
2.748100000000000000e+04 2.818700000000000000e+04
2.743100000000000000e+04 2.822800000000000000e+04
2.744300000000000000e+04 2.820300000000000000e+04
2.754200000000000000e+04 2.813800000000000000e+04
2.750200000000000000e+04 2.818100000000000000e+04
2.758900000000000000e+04 2.807100000000000000e+04
2.756300000000000000e+04 2.810500000000000000e+04
2.756500000000000000e+04 2.809900000000000000e+04
2.761400000000000000e+04 2.806800000000000000e+04
2.758100000000000000e+04 2.807900000000000000e+04
2.757500000000000000e+04 2.809200000000000000e+04
2.753900000000000000e+04 2.817400000000000000e+04
2.761900000000000000e+04 2.803200000000000000e+04
2.763300000000000000e+04 2.802200000000000000e+04
2.766200000000000000e+04 2.799000000000000000e+04
2.764900000000000000e+04 2.799400000000000000e+04
2.763800000000000000e+04 2.802000000000000000e+04
2.767500000000000000e+04 2.798100000000000000e+04
2.771200000000000000e+04 2.793000000000000000e+04
2.764100000000000000e+04 2.799600000000000000e+04
2.768000000000000000e+04 2.795300000000000000e+04
2.775400000000000000e+04 2.786800000000000000e+04
2.772600000000000000e+04 2.791500000000000000e+04
2.775800000000000000e+04 2.785200000000000000e+04
2.775900000000000000e+04 2.785000000000000000e+04
2.783700000000000000e+04 2.777300000000000000e+04
2.782200000000000000e+04 2.778100000000000000e+04
2.779200000000000000e+04 2.781900000000000000e+04
2.775000000000000000e+04 2.788700000000000000e+04
2.779000000000000000e+04 2.784300000000000000e+04
2.777200000000000000e+04 2.784800000000000000e+04
2.780600000000000000e+04 2.781000000000000000e+04
2.780300000000000000e+04 2.781100000000000000e+04
2.785100000000000000e+04 2.775100000000000000e+04
2.782100000000000000e+04 2.779100000000000000e+04
2.783800000000000000e+04 2.775800000000000000e+04
2.557100000000000000e+04 2.904200000000000000e+04
2.556400000000000000e+04 2.904700000000000000e+04
2.579800000000000000e+04 2.904000000000000000e+04
2.581600000000000000e+04 2.902700000000000000e+04
2.581100000000000000e+04 2.902800000000000000e+04
2.587000000000000000e+04 2.901800000000000000e+04
2.588200000000000000e+04 2.901200000000000000e+04
2.593000000000000000e+04 2.900400000000000000e+04
2.590200000000000000e+04 2.900800000000000000e+04
2.601000000000000000e+04 2.899000000000000000e+04
2.598100000000000000e+04 2.900100000000000000e+04
2.611300000000000000e+04 2.898300000000000000e+04
2.611500000000000000e+04 2.897900000000000000e+04
2.611900000000000000e+04 2.897000000000000000e+04
2.621500000000000000e+04 2.896600000000000000e+04
2.626500000000000000e+04 2.895800000000000000e+04
2.622400000000000000e+04 2.896400000000000000e+04
2.622100000000000000e+04 2.896500000000000000e+04
2.630200000000000000e+04 2.894900000000000000e+04
2.632900000000000000e+04 2.892400000000000000e+04
2.631300000000000000e+04 2.892800000000000000e+04
2.636900000000000000e+04 2.891400000000000000e+04
2.633800000000000000e+04 2.891900000000000000e+04
2.640200000000000000e+04 2.889900000000000000e+04
2.641100000000000000e+04 2.888400000000000000e+04
2.646300000000000000e+04 2.886500000000000000e+04
2.643900000000000000e+04 2.887600000000000000e+04
2.648700000000000000e+04 2.886400000000000000e+04
2.658000000000000000e+04 2.881500000000000000e+04
2.652400000000000000e+04 2.882500000000000000e+04
2.651000000000000000e+04 2.885500000000000000e+04
2.652600000000000000e+04 2.881600000000000000e+04
2.658600000000000000e+04 2.878600000000000000e+04
2.665900000000000000e+04 2.875900000000000000e+04
2.664200000000000000e+04 2.876700000000000000e+04
2.661900000000000000e+04 2.878200000000000000e+04
2.673400000000000000e+04 2.871100000000000000e+04
2.667500000000000000e+04 2.874600000000000000e+04
2.672500000000000000e+04 2.872100000000000000e+04
2.671500000000000000e+04 2.874300000000000000e+04
2.677300000000000000e+04 2.868600000000000000e+04
2.676200000000000000e+04 2.869800000000000000e+04
2.678400000000000000e+04 2.868500000000000000e+04
2.672000000000000000e+04 2.873900000000000000e+04
2.674400000000000000e+04 2.869900000000000000e+04
2.676700000000000000e+04 2.868900000000000000e+04
2.685400000000000000e+04 2.865100000000000000e+04
2.683000000000000000e+04 2.867200000000000000e+04
2.688500000000000000e+04 2.861700000000000000e+04
2.687000000000000000e+04 2.862100000000000000e+04
2.686600000000000000e+04 2.864700000000000000e+04
2.696500000000000000e+04 2.860600000000000000e+04
2.705500000000000000e+04 2.852200000000000000e+04
2.700800000000000000e+04 2.858500000000000000e+04
2.701100000000000000e+04 2.855600000000000000e+04
2.703600000000000000e+04 2.853900000000000000e+04
2.702700000000000000e+04 2.855000000000000000e+04
2.704000000000000000e+04 2.852900000000000000e+04
2.713300000000000000e+04 2.847400000000000000e+04
2.709600000000000000e+04 2.851100000000000000e+04
2.716600000000000000e+04 2.845300000000000000e+04
2.712800000000000000e+04 2.848000000000000000e+04
2.710100000000000000e+04 2.848200000000000000e+04
2.723800000000000000e+04 2.838900000000000000e+04
2.719100000000000000e+04 2.844300000000000000e+04
2.725600000000000000e+04 2.836200000000000000e+04
2.725400000000000000e+04 2.837700000000000000e+04
2.727000000000000000e+04 2.835200000000000000e+04
2.722900000000000000e+04 2.840600000000000000e+04
2.724000000000000000e+04 2.838000000000000000e+04
2.731200000000000000e+04 2.833400000000000000e+04
2.729700000000000000e+04 2.834300000000000000e+04
2.727200000000000000e+04 2.834800000000000000e+04
2.734800000000000000e+04 2.832900000000000000e+04
2.735400000000000000e+04 2.831600000000000000e+04
2.737100000000000000e+04 2.829800000000000000e+04
2.742600000000000000e+04 2.823100000000000000e+04
2.740300000000000000e+04 2.826500000000000000e+04
2.736300000000000000e+04 2.829900000000000000e+04
2.739400000000000000e+04 2.827300000000000000e+04
2.741700000000000000e+04 2.824800000000000000e+04
2.743800000000000000e+04 2.822000000000000000e+04
2.746400000000000000e+04 2.818900000000000000e+04
2.748100000000000000e+04 2.818700000000000000e+04
2.743100000000000000e+04 2.822800000000000000e+04
2.744300000000000000e+04 2.820300000000000000e+04
2.754200000000000000e+04 2.813800000000000000e+04
2.750200000000000000e+04 2.818100000000000000e+04
2.758900000000000000e+04 2.807100000000000000e+04
2.756300000000000000e+04 2.810500000000000000e+04
2.756500000000000000e+04 2.809900000000000000e+04
2.761400000000000000e+04 2.806800000000000000e+04
2.758100000000000000e+04 2.807900000000000000e+04
2.757500000000000000e+04 2.809200000000000000e+04
2.753900000000000000e+04 2.817400000000000000e+04
2.761900000000000000e+04 2.803200000000000000e+04
2.763300000000000000e+04 2.802200000000000000e+04
2.766200000000000000e+04 2.799000000000000000e+04
2.764900000000000000e+04 2.799400000000000000e+04
2.763800000000000000e+04 2.802000000000000000e+04
2.767500000000000000e+04 2.798100000000000000e+04
2.771200000000000000e+04 2.793000000000000000e+04
2.764100000000000000e+04 2.799600000000000000e+04
2.768000000000000000e+04 2.795300000000000000e+04
2.775400000000000000e+04 2.786800000000000000e+04
2.772600000000000000e+04 2.791500000000000000e+04
2.775800000000000000e+04 2.785200000000000000e+04
2.775900000000000000e+04 2.785000000000000000e+04
2.783700000000000000e+04 2.777300000000000000e+04
2.782200000000000000e+04 2.778100000000000000e+04
2.779200000000000000e+04 2.781900000000000000e+04
2.775000000000000000e+04 2.788700000000000000e+04
2.779000000000000000e+04 2.784300000000000000e+04
2.777200000000000000e+04 2.784800000000000000e+04
2.780600000000000000e+04 2.781000000000000000e+04
2.780300000000000000e+04 2.781100000000000000e+04
2.785100000000000000e+04 2.775100000000000000e+04
2.782100000000000000e+04 2.779100000000000000e+04
2.783800000000000000e+04 2.775800000000000000e+04
2.790700000000000000e+04 2.766700000000000000e+04
2.787500000000000000e+04 2.772900000000000000e+04
2.789300000000000000e+04 2.770000000000000000e+04
2.786100000000000000e+04 2.773200000000000000e+04
2.795300000000000000e+04 2.763000000000000000e+04
2.791000000000000000e+04 2.765600000000000000e+04
2.790300000000000000e+04 2.769600000000000000e+04
2.793500000000000000e+04 2.763900000000000000e+04
2.790400000000000000e+04 2.766900000000000000e+04
2.793000000000000000e+04 2.764600000000000000e+04
2.796100000000000000e+04 2.760900000000000000e+04
2.799100000000000000e+04 2.759500000000000000e+04
2.800400000000000000e+04 2.754700000000000000e+04
2.795900000000000000e+04 2.761300000000000000e+04
2.800000000000000000e+04 2.756700000000000000e+04
2.800700000000000000e+04 2.754500000000000000e+04
2.802600000000000000e+04 2.753900000000000000e+04
2.799700000000000000e+04 2.758800000000000000e+04
2.557100000000000000e+04 2.904200000000000000e+04
2.556400000000000000e+04 2.904700000000000000e+04
2.579800000000000000e+04 2.904000000000000000e+04
2.581600000000000000e+04 2.902700000000000000e+04
2.581100000000000000e+04 2.902800000000000000e+04
2.587000000000000000e+04 2.901800000000000000e+04
2.588200000000000000e+04 2.901200000000000000e+04
2.593000000000000000e+04 2.900400000000000000e+04
2.590200000000000000e+04 2.900800000000000000e+04
2.601000000000000000e+04 2.899000000000000000e+04
2.598100000000000000e+04 2.900100000000000000e+04
2.611300000000000000e+04 2.898300000000000000e+04
2.611500000000000000e+04 2.897900000000000000e+04
2.611900000000000000e+04 2.897000000000000000e+04
2.621500000000000000e+04 2.896600000000000000e+04
2.626500000000000000e+04 2.895800000000000000e+04
2.622400000000000000e+04 2.896400000000000000e+04
2.622100000000000000e+04 2.896500000000000000e+04
2.630200000000000000e+04 2.894900000000000000e+04
2.632900000000000000e+04 2.892400000000000000e+04
2.631300000000000000e+04 2.892800000000000000e+04
2.636900000000000000e+04 2.891400000000000000e+04
2.633800000000000000e+04 2.891900000000000000e+04
2.640200000000000000e+04 2.889900000000000000e+04
2.641100000000000000e+04 2.888400000000000000e+04
2.646300000000000000e+04 2.886500000000000000e+04
2.643900000000000000e+04 2.887600000000000000e+04
2.648700000000000000e+04 2.886400000000000000e+04
2.658000000000000000e+04 2.881500000000000000e+04
2.652400000000000000e+04 2.882500000000000000e+04
2.651000000000000000e+04 2.885500000000000000e+04
2.652600000000000000e+04 2.881600000000000000e+04
2.658600000000000000e+04 2.878600000000000000e+04
2.665900000000000000e+04 2.875900000000000000e+04
2.664200000000000000e+04 2.876700000000000000e+04
2.661900000000000000e+04 2.878200000000000000e+04
2.673400000000000000e+04 2.871100000000000000e+04
2.667500000000000000e+04 2.874600000000000000e+04
2.672500000000000000e+04 2.872100000000000000e+04
2.671500000000000000e+04 2.874300000000000000e+04
2.677300000000000000e+04 2.868600000000000000e+04
2.676200000000000000e+04 2.869800000000000000e+04
2.678400000000000000e+04 2.868500000000000000e+04
2.672000000000000000e+04 2.873900000000000000e+04
2.674400000000000000e+04 2.869900000000000000e+04
2.676700000000000000e+04 2.868900000000000000e+04
2.685400000000000000e+04 2.865100000000000000e+04
2.683000000000000000e+04 2.867200000000000000e+04
2.688500000000000000e+04 2.861700000000000000e+04
2.687000000000000000e+04 2.862100000000000000e+04
2.686600000000000000e+04 2.864700000000000000e+04
2.696500000000000000e+04 2.860600000000000000e+04
2.705500000000000000e+04 2.852200000000000000e+04
2.700800000000000000e+04 2.858500000000000000e+04
2.701100000000000000e+04 2.855600000000000000e+04
2.703600000000000000e+04 2.853900000000000000e+04
2.702700000000000000e+04 2.855000000000000000e+04
2.704000000000000000e+04 2.852900000000000000e+04
2.713300000000000000e+04 2.847400000000000000e+04
2.709600000000000000e+04 2.851100000000000000e+04
2.716600000000000000e+04 2.845300000000000000e+04
2.712800000000000000e+04 2.848000000000000000e+04
2.710100000000000000e+04 2.848200000000000000e+04
2.723800000000000000e+04 2.838900000000000000e+04
2.719100000000000000e+04 2.844300000000000000e+04
2.725600000000000000e+04 2.836200000000000000e+04
2.725400000000000000e+04 2.837700000000000000e+04
2.727000000000000000e+04 2.835200000000000000e+04
2.722900000000000000e+04 2.840600000000000000e+04
2.724000000000000000e+04 2.838000000000000000e+04
2.731200000000000000e+04 2.833400000000000000e+04
2.729700000000000000e+04 2.834300000000000000e+04
2.727200000000000000e+04 2.834800000000000000e+04
2.734800000000000000e+04 2.832900000000000000e+04
2.735400000000000000e+04 2.831600000000000000e+04
2.737100000000000000e+04 2.829800000000000000e+04
2.742600000000000000e+04 2.823100000000000000e+04
2.740300000000000000e+04 2.826500000000000000e+04
2.736300000000000000e+04 2.829900000000000000e+04
2.739400000000000000e+04 2.827300000000000000e+04
2.741700000000000000e+04 2.824800000000000000e+04
2.743800000000000000e+04 2.822000000000000000e+04
2.746400000000000000e+04 2.818900000000000000e+04
2.748100000000000000e+04 2.818700000000000000e+04
2.743100000000000000e+04 2.822800000000000000e+04
2.744300000000000000e+04 2.820300000000000000e+04
2.754200000000000000e+04 2.813800000000000000e+04
2.750200000000000000e+04 2.818100000000000000e+04
2.758900000000000000e+04 2.807100000000000000e+04
2.756300000000000000e+04 2.810500000000000000e+04
2.756500000000000000e+04 2.809900000000000000e+04
2.761400000000000000e+04 2.806800000000000000e+04
2.758100000000000000e+04 2.807900000000000000e+04
2.757500000000000000e+04 2.809200000000000000e+04
2.753900000000000000e+04 2.817400000000000000e+04
2.761900000000000000e+04 2.803200000000000000e+04
2.763300000000000000e+04 2.802200000000000000e+04
2.766200000000000000e+04 2.799000000000000000e+04
2.764900000000000000e+04 2.799400000000000000e+04
2.763800000000000000e+04 2.802000000000000000e+04
2.767500000000000000e+04 2.798100000000000000e+04
2.771200000000000000e+04 2.793000000000000000e+04
2.764100000000000000e+04 2.799600000000000000e+04
2.768000000000000000e+04 2.795300000000000000e+04
2.775400000000000000e+04 2.786800000000000000e+04
2.772600000000000000e+04 2.791500000000000000e+04
2.775800000000000000e+04 2.785200000000000000e+04
2.775900000000000000e+04 2.785000000000000000e+04
2.783700000000000000e+04 2.777300000000000000e+04
2.782200000000000000e+04 2.778100000000000000e+04
2.779200000000000000e+04 2.781900000000000000e+04
2.775000000000000000e+04 2.788700000000000000e+04
2.779000000000000000e+04 2.784300000000000000e+04
2.777200000000000000e+04 2.784800000000000000e+04
2.780600000000000000e+04 2.781000000000000000e+04
2.780300000000000000e+04 2.781100000000000000e+04
2.785100000000000000e+04 2.775100000000000000e+04
2.782100000000000000e+04 2.779100000000000000e+04
2.783800000000000000e+04 2.775800000000000000e+04
2.790700000000000000e+04 2.766700000000000000e+04
2.787500000000000000e+04 2.772900000000000000e+04
2.789300000000000000e+04 2.770000000000000000e+04
2.786100000000000000e+04 2.773200000000000000e+04
2.795300000000000000e+04 2.763000000000000000e+04
2.791000000000000000e+04 2.765600000000000000e+04
2.790300000000000000e+04 2.769600000000000000e+04
2.793500000000000000e+04 2.763900000000000000e+04
2.790400000000000000e+04 2.766900000000000000e+04
2.793000000000000000e+04 2.764600000000000000e+04
2.796100000000000000e+04 2.760900000000000000e+04
2.799100000000000000e+04 2.759500000000000000e+04
2.800400000000000000e+04 2.754700000000000000e+04
2.795900000000000000e+04 2.761300000000000000e+04
2.800000000000000000e+04 2.756700000000000000e+04
2.800700000000000000e+04 2.754500000000000000e+04
2.802600000000000000e+04 2.753900000000000000e+04
2.799700000000000000e+04 2.758800000000000000e+04
2.803300000000000000e+04 2.753000000000000000e+04
2.804200000000000000e+04 2.751600000000000000e+04
2.804700000000000000e+04 2.750300000000000000e+04
2.809200000000000000e+04 2.749300000000000000e+04
2.811600000000000000e+04 2.741300000000000000e+04
2.811500000000000000e+04 2.745000000000000000e+04
2.809400000000000000e+04 2.747000000000000000e+04
2.557100000000000000e+04 2.904200000000000000e+04
2.556400000000000000e+04 2.904700000000000000e+04
2.579800000000000000e+04 2.904000000000000000e+04
2.581600000000000000e+04 2.902700000000000000e+04
2.581100000000000000e+04 2.902800000000000000e+04
2.587000000000000000e+04 2.901800000000000000e+04
2.588200000000000000e+04 2.901200000000000000e+04
2.593000000000000000e+04 2.900400000000000000e+04
2.590200000000000000e+04 2.900800000000000000e+04
2.601000000000000000e+04 2.899000000000000000e+04
2.598100000000000000e+04 2.900100000000000000e+04
2.611300000000000000e+04 2.898300000000000000e+04
2.611500000000000000e+04 2.897900000000000000e+04
2.611900000000000000e+04 2.897000000000000000e+04
2.621500000000000000e+04 2.896600000000000000e+04
2.626500000000000000e+04 2.895800000000000000e+04
2.622400000000000000e+04 2.896400000000000000e+04
2.622100000000000000e+04 2.896500000000000000e+04
2.630200000000000000e+04 2.894900000000000000e+04
2.632900000000000000e+04 2.892400000000000000e+04
2.631300000000000000e+04 2.892800000000000000e+04
2.636900000000000000e+04 2.891400000000000000e+04
2.633800000000000000e+04 2.891900000000000000e+04
2.640200000000000000e+04 2.889900000000000000e+04
2.641100000000000000e+04 2.888400000000000000e+04
2.646300000000000000e+04 2.886500000000000000e+04
2.643900000000000000e+04 2.887600000000000000e+04
2.648700000000000000e+04 2.886400000000000000e+04
2.658000000000000000e+04 2.881500000000000000e+04
2.652400000000000000e+04 2.882500000000000000e+04
2.651000000000000000e+04 2.885500000000000000e+04
2.652600000000000000e+04 2.881600000000000000e+04
2.658600000000000000e+04 2.878600000000000000e+04
2.665900000000000000e+04 2.875900000000000000e+04
2.664200000000000000e+04 2.876700000000000000e+04
2.661900000000000000e+04 2.878200000000000000e+04
2.673400000000000000e+04 2.871100000000000000e+04
2.667500000000000000e+04 2.874600000000000000e+04
2.672500000000000000e+04 2.872100000000000000e+04
2.671500000000000000e+04 2.874300000000000000e+04
2.677300000000000000e+04 2.868600000000000000e+04
2.676200000000000000e+04 2.869800000000000000e+04
2.678400000000000000e+04 2.868500000000000000e+04
2.672000000000000000e+04 2.873900000000000000e+04
2.674400000000000000e+04 2.869900000000000000e+04
2.676700000000000000e+04 2.868900000000000000e+04
2.685400000000000000e+04 2.865100000000000000e+04
2.683000000000000000e+04 2.867200000000000000e+04
2.688500000000000000e+04 2.861700000000000000e+04
2.687000000000000000e+04 2.862100000000000000e+04
2.686600000000000000e+04 2.864700000000000000e+04
2.696500000000000000e+04 2.860600000000000000e+04
2.705500000000000000e+04 2.852200000000000000e+04
2.700800000000000000e+04 2.858500000000000000e+04
2.701100000000000000e+04 2.855600000000000000e+04
2.703600000000000000e+04 2.853900000000000000e+04
2.702700000000000000e+04 2.855000000000000000e+04
2.704000000000000000e+04 2.852900000000000000e+04
2.713300000000000000e+04 2.847400000000000000e+04
2.709600000000000000e+04 2.851100000000000000e+04
2.716600000000000000e+04 2.845300000000000000e+04
2.712800000000000000e+04 2.848000000000000000e+04
2.710100000000000000e+04 2.848200000000000000e+04
2.723800000000000000e+04 2.838900000000000000e+04
2.719100000000000000e+04 2.844300000000000000e+04
2.725600000000000000e+04 2.836200000000000000e+04
2.725400000000000000e+04 2.837700000000000000e+04
2.727000000000000000e+04 2.835200000000000000e+04
2.722900000000000000e+04 2.840600000000000000e+04
2.724000000000000000e+04 2.838000000000000000e+04
2.731200000000000000e+04 2.833400000000000000e+04
2.729700000000000000e+04 2.834300000000000000e+04
2.727200000000000000e+04 2.834800000000000000e+04
2.734800000000000000e+04 2.832900000000000000e+04
2.735400000000000000e+04 2.831600000000000000e+04
2.737100000000000000e+04 2.829800000000000000e+04
2.742600000000000000e+04 2.823100000000000000e+04
2.740300000000000000e+04 2.826500000000000000e+04
2.736300000000000000e+04 2.829900000000000000e+04
2.739400000000000000e+04 2.827300000000000000e+04
2.741700000000000000e+04 2.824800000000000000e+04
2.743800000000000000e+04 2.822000000000000000e+04
2.746400000000000000e+04 2.818900000000000000e+04
2.748100000000000000e+04 2.818700000000000000e+04
2.743100000000000000e+04 2.822800000000000000e+04
2.744300000000000000e+04 2.820300000000000000e+04
2.754200000000000000e+04 2.813800000000000000e+04
2.750200000000000000e+04 2.818100000000000000e+04
2.758900000000000000e+04 2.807100000000000000e+04
2.756300000000000000e+04 2.810500000000000000e+04
2.756500000000000000e+04 2.809900000000000000e+04
2.761400000000000000e+04 2.806800000000000000e+04
2.758100000000000000e+04 2.807900000000000000e+04
2.757500000000000000e+04 2.809200000000000000e+04
2.753900000000000000e+04 2.817400000000000000e+04
2.761900000000000000e+04 2.803200000000000000e+04
2.763300000000000000e+04 2.802200000000000000e+04
2.766200000000000000e+04 2.799000000000000000e+04
2.764900000000000000e+04 2.799400000000000000e+04
2.763800000000000000e+04 2.802000000000000000e+04
2.767500000000000000e+04 2.798100000000000000e+04
2.771200000000000000e+04 2.793000000000000000e+04
2.764100000000000000e+04 2.799600000000000000e+04
2.768000000000000000e+04 2.795300000000000000e+04
2.775400000000000000e+04 2.786800000000000000e+04
2.772600000000000000e+04 2.791500000000000000e+04
2.775800000000000000e+04 2.785200000000000000e+04
2.775900000000000000e+04 2.785000000000000000e+04
2.783700000000000000e+04 2.777300000000000000e+04
2.782200000000000000e+04 2.778100000000000000e+04
2.779200000000000000e+04 2.781900000000000000e+04
2.775000000000000000e+04 2.788700000000000000e+04
2.779000000000000000e+04 2.784300000000000000e+04
2.777200000000000000e+04 2.784800000000000000e+04
2.780600000000000000e+04 2.781000000000000000e+04
2.780300000000000000e+04 2.781100000000000000e+04
2.785100000000000000e+04 2.775100000000000000e+04
2.782100000000000000e+04 2.779100000000000000e+04
2.783800000000000000e+04 2.775800000000000000e+04
2.790700000000000000e+04 2.766700000000000000e+04
2.787500000000000000e+04 2.772900000000000000e+04
2.789300000000000000e+04 2.770000000000000000e+04
2.786100000000000000e+04 2.773200000000000000e+04
2.795300000000000000e+04 2.763000000000000000e+04
2.791000000000000000e+04 2.765600000000000000e+04
2.790300000000000000e+04 2.769600000000000000e+04
2.793500000000000000e+04 2.763900000000000000e+04
2.790400000000000000e+04 2.766900000000000000e+04
2.793000000000000000e+04 2.764600000000000000e+04
2.796100000000000000e+04 2.760900000000000000e+04
2.799100000000000000e+04 2.759500000000000000e+04
2.800400000000000000e+04 2.754700000000000000e+04
2.795900000000000000e+04 2.761300000000000000e+04
2.800000000000000000e+04 2.756700000000000000e+04
2.800700000000000000e+04 2.754500000000000000e+04
2.802600000000000000e+04 2.753900000000000000e+04
2.799700000000000000e+04 2.758800000000000000e+04
2.803300000000000000e+04 2.753000000000000000e+04
2.804200000000000000e+04 2.751600000000000000e+04
2.804700000000000000e+04 2.750300000000000000e+04
2.809200000000000000e+04 2.749300000000000000e+04
2.811600000000000000e+04 2.741300000000000000e+04
2.811500000000000000e+04 2.745000000000000000e+04
2.809400000000000000e+04 2.747000000000000000e+04
2.812100000000000000e+04 2.738700000000000000e+04
2.815600000000000000e+04 2.735900000000000000e+04
2.813700000000000000e+04 2.737700000000000000e+04
2.817000000000000000e+04 2.733100000000000000e+04
2.817200000000000000e+04 2.732300000000000000e+04
2.821500000000000000e+04 2.723100000000000000e+04
2.819200000000000000e+04 2.730300000000000000e+04
2.820400000000000000e+04 2.728100000000000000e+04
2.824400000000000000e+04 2.722600000000000000e+04
2.826400000000000000e+04 2.721100000000000000e+04
2.821200000000000000e+04 2.727800000000000000e+04
2.829800000000000000e+04 2.717600000000000000e+04
2.827100000000000000e+04 2.719900000000000000e+04
2.832700000000000000e+04 2.710100000000000000e+04
2.830300000000000000e+04 2.714000000000000000e+04
2.827400000000000000e+04 2.718300000000000000e+04
2.557100000000000000e+04 2.904200000000000000e+04
2.556400000000000000e+04 2.904700000000000000e+04
2.579800000000000000e+04 2.904000000000000000e+04
2.581600000000000000e+04 2.902700000000000000e+04
2.581100000000000000e+04 2.902800000000000000e+04
2.587000000000000000e+04 2.901800000000000000e+04
2.588200000000000000e+04 2.901200000000000000e+04
2.593000000000000000e+04 2.900400000000000000e+04
2.590200000000000000e+04 2.900800000000000000e+04
2.601000000000000000e+04 2.899000000000000000e+04
2.598100000000000000e+04 2.900100000000000000e+04
2.611300000000000000e+04 2.898300000000000000e+04
2.611500000000000000e+04 2.897900000000000000e+04
2.611900000000000000e+04 2.897000000000000000e+04
2.621500000000000000e+04 2.896600000000000000e+04
2.626500000000000000e+04 2.895800000000000000e+04
2.622400000000000000e+04 2.896400000000000000e+04
2.622100000000000000e+04 2.896500000000000000e+04
2.630200000000000000e+04 2.894900000000000000e+04
2.632900000000000000e+04 2.892400000000000000e+04
2.631300000000000000e+04 2.892800000000000000e+04
2.636900000000000000e+04 2.891400000000000000e+04
2.633800000000000000e+04 2.891900000000000000e+04
2.640200000000000000e+04 2.889900000000000000e+04
2.641100000000000000e+04 2.888400000000000000e+04
2.646300000000000000e+04 2.886500000000000000e+04
2.643900000000000000e+04 2.887600000000000000e+04
2.648700000000000000e+04 2.886400000000000000e+04
2.658000000000000000e+04 2.881500000000000000e+04
2.652400000000000000e+04 2.882500000000000000e+04
2.651000000000000000e+04 2.885500000000000000e+04
2.652600000000000000e+04 2.881600000000000000e+04
2.658600000000000000e+04 2.878600000000000000e+04
2.665900000000000000e+04 2.875900000000000000e+04
2.664200000000000000e+04 2.876700000000000000e+04
2.661900000000000000e+04 2.878200000000000000e+04
2.673400000000000000e+04 2.871100000000000000e+04
2.667500000000000000e+04 2.874600000000000000e+04
2.672500000000000000e+04 2.872100000000000000e+04
2.671500000000000000e+04 2.874300000000000000e+04
2.677300000000000000e+04 2.868600000000000000e+04
2.676200000000000000e+04 2.869800000000000000e+04
2.678400000000000000e+04 2.868500000000000000e+04
2.672000000000000000e+04 2.873900000000000000e+04
2.674400000000000000e+04 2.869900000000000000e+04
2.676700000000000000e+04 2.868900000000000000e+04
2.685400000000000000e+04 2.865100000000000000e+04
2.683000000000000000e+04 2.867200000000000000e+04
2.688500000000000000e+04 2.861700000000000000e+04
2.687000000000000000e+04 2.862100000000000000e+04
2.686600000000000000e+04 2.864700000000000000e+04
2.696500000000000000e+04 2.860600000000000000e+04
2.705500000000000000e+04 2.852200000000000000e+04
2.700800000000000000e+04 2.858500000000000000e+04
2.701100000000000000e+04 2.855600000000000000e+04
2.703600000000000000e+04 2.853900000000000000e+04
2.702700000000000000e+04 2.855000000000000000e+04
2.704000000000000000e+04 2.852900000000000000e+04
2.713300000000000000e+04 2.847400000000000000e+04
2.709600000000000000e+04 2.851100000000000000e+04
2.716600000000000000e+04 2.845300000000000000e+04
2.712800000000000000e+04 2.848000000000000000e+04
2.710100000000000000e+04 2.848200000000000000e+04
2.723800000000000000e+04 2.838900000000000000e+04
2.719100000000000000e+04 2.844300000000000000e+04
2.725600000000000000e+04 2.836200000000000000e+04
2.725400000000000000e+04 2.837700000000000000e+04
2.727000000000000000e+04 2.835200000000000000e+04
2.722900000000000000e+04 2.840600000000000000e+04
2.724000000000000000e+04 2.838000000000000000e+04
2.731200000000000000e+04 2.833400000000000000e+04
2.729700000000000000e+04 2.834300000000000000e+04
2.727200000000000000e+04 2.834800000000000000e+04
2.734800000000000000e+04 2.832900000000000000e+04
2.735400000000000000e+04 2.831600000000000000e+04
2.737100000000000000e+04 2.829800000000000000e+04
2.742600000000000000e+04 2.823100000000000000e+04
2.740300000000000000e+04 2.826500000000000000e+04
2.736300000000000000e+04 2.829900000000000000e+04
2.739400000000000000e+04 2.827300000000000000e+04
2.741700000000000000e+04 2.824800000000000000e+04
2.743800000000000000e+04 2.822000000000000000e+04
2.746400000000000000e+04 2.818900000000000000e+04
2.748100000000000000e+04 2.818700000000000000e+04
2.743100000000000000e+04 2.822800000000000000e+04
2.744300000000000000e+04 2.820300000000000000e+04
2.754200000000000000e+04 2.813800000000000000e+04
2.750200000000000000e+04 2.818100000000000000e+04
2.758900000000000000e+04 2.807100000000000000e+04
2.756300000000000000e+04 2.810500000000000000e+04
2.756500000000000000e+04 2.809900000000000000e+04
2.761400000000000000e+04 2.806800000000000000e+04
2.758100000000000000e+04 2.807900000000000000e+04
2.757500000000000000e+04 2.809200000000000000e+04
2.753900000000000000e+04 2.817400000000000000e+04
2.761900000000000000e+04 2.803200000000000000e+04
2.763300000000000000e+04 2.802200000000000000e+04
2.766200000000000000e+04 2.799000000000000000e+04
2.764900000000000000e+04 2.799400000000000000e+04
2.763800000000000000e+04 2.802000000000000000e+04
2.767500000000000000e+04 2.798100000000000000e+04
2.771200000000000000e+04 2.793000000000000000e+04
2.764100000000000000e+04 2.799600000000000000e+04
2.768000000000000000e+04 2.795300000000000000e+04
2.775400000000000000e+04 2.786800000000000000e+04
2.772600000000000000e+04 2.791500000000000000e+04
2.775800000000000000e+04 2.785200000000000000e+04
2.775900000000000000e+04 2.785000000000000000e+04
2.783700000000000000e+04 2.777300000000000000e+04
2.782200000000000000e+04 2.778100000000000000e+04
2.779200000000000000e+04 2.781900000000000000e+04
2.775000000000000000e+04 2.788700000000000000e+04
2.779000000000000000e+04 2.784300000000000000e+04
2.777200000000000000e+04 2.784800000000000000e+04
2.780600000000000000e+04 2.781000000000000000e+04
2.780300000000000000e+04 2.781100000000000000e+04
2.785100000000000000e+04 2.775100000000000000e+04
2.782100000000000000e+04 2.779100000000000000e+04
2.783800000000000000e+04 2.775800000000000000e+04
2.790700000000000000e+04 2.766700000000000000e+04
2.787500000000000000e+04 2.772900000000000000e+04
2.789300000000000000e+04 2.770000000000000000e+04
2.786100000000000000e+04 2.773200000000000000e+04
2.795300000000000000e+04 2.763000000000000000e+04
2.791000000000000000e+04 2.765600000000000000e+04
2.790300000000000000e+04 2.769600000000000000e+04
2.793500000000000000e+04 2.763900000000000000e+04
2.790400000000000000e+04 2.766900000000000000e+04
2.793000000000000000e+04 2.764600000000000000e+04
2.796100000000000000e+04 2.760900000000000000e+04
2.799100000000000000e+04 2.759500000000000000e+04
2.800400000000000000e+04 2.754700000000000000e+04
2.795900000000000000e+04 2.761300000000000000e+04
2.800000000000000000e+04 2.756700000000000000e+04
2.800700000000000000e+04 2.754500000000000000e+04
2.802600000000000000e+04 2.753900000000000000e+04
2.799700000000000000e+04 2.758800000000000000e+04
2.803300000000000000e+04 2.753000000000000000e+04
2.804200000000000000e+04 2.751600000000000000e+04
2.804700000000000000e+04 2.750300000000000000e+04
2.809200000000000000e+04 2.749300000000000000e+04
2.811600000000000000e+04 2.741300000000000000e+04
2.811500000000000000e+04 2.745000000000000000e+04
2.809400000000000000e+04 2.747000000000000000e+04
2.812100000000000000e+04 2.738700000000000000e+04
2.815600000000000000e+04 2.735900000000000000e+04
2.813700000000000000e+04 2.737700000000000000e+04
2.817000000000000000e+04 2.733100000000000000e+04
2.817200000000000000e+04 2.732300000000000000e+04
2.821500000000000000e+04 2.723100000000000000e+04
2.819200000000000000e+04 2.730300000000000000e+04
2.820400000000000000e+04 2.728100000000000000e+04
2.824400000000000000e+04 2.722600000000000000e+04
2.826400000000000000e+04 2.721100000000000000e+04
2.821200000000000000e+04 2.727800000000000000e+04
2.829800000000000000e+04 2.717600000000000000e+04
2.827100000000000000e+04 2.719900000000000000e+04
2.830300000000000000e+04 2.714000000000000000e+04
2.827400000000000000e+04 2.718300000000000000e+04
2.832200000000000000e+04 2.713900000000000000e+04
2.833500000000000000e+04 2.712000000000000000e+04
2.837300000000000000e+04 2.707100000000000000e+04
2.837000000000000000e+04 2.708300000000000000e+04
2.833700000000000000e+04 2.710900000000000000e+04
2.835300000000000000e+04 2.709900000000000000e+04
2.838800000000000000e+04 2.703400000000000000e+04
2.839400000000000000e+04 2.701700000000000000e+04
2.836700000000000000e+04 2.708700000000000000e+04
2.841200000000000000e+04 2.699200000000000000e+04
2.839900000000000000e+04 2.701300000000000000e+04
2.840000000000000000e+04 2.701200000000000000e+04
2.840100000000000000e+04 2.700700000000000000e+04
2.836800000000000000e+04 2.708600000000000000e+04
2.838600000000000000e+04 2.704500000000000000e+04
2.840200000000000000e+04 2.700200000000000000e+04
2.557100000000000000e+04 2.904200000000000000e+04
2.556400000000000000e+04 2.904700000000000000e+04
2.579800000000000000e+04 2.904000000000000000e+04
2.581600000000000000e+04 2.902700000000000000e+04
2.581100000000000000e+04 2.902800000000000000e+04
2.587000000000000000e+04 2.901800000000000000e+04
2.588200000000000000e+04 2.901200000000000000e+04
2.593000000000000000e+04 2.900400000000000000e+04
2.590200000000000000e+04 2.900800000000000000e+04
2.601000000000000000e+04 2.899000000000000000e+04
2.598100000000000000e+04 2.900100000000000000e+04
2.611300000000000000e+04 2.898300000000000000e+04
2.611500000000000000e+04 2.897900000000000000e+04
2.611900000000000000e+04 2.897000000000000000e+04
2.621500000000000000e+04 2.896600000000000000e+04
2.626500000000000000e+04 2.895800000000000000e+04
2.622400000000000000e+04 2.896400000000000000e+04
2.622100000000000000e+04 2.896500000000000000e+04
2.630200000000000000e+04 2.894900000000000000e+04
2.632900000000000000e+04 2.892400000000000000e+04
2.631300000000000000e+04 2.892800000000000000e+04
2.636900000000000000e+04 2.891400000000000000e+04
2.633800000000000000e+04 2.891900000000000000e+04
2.640200000000000000e+04 2.889900000000000000e+04
2.641100000000000000e+04 2.888400000000000000e+04
2.646300000000000000e+04 2.886500000000000000e+04
2.643900000000000000e+04 2.887600000000000000e+04
2.648700000000000000e+04 2.886400000000000000e+04
2.658000000000000000e+04 2.881500000000000000e+04
2.652400000000000000e+04 2.882500000000000000e+04
2.651000000000000000e+04 2.885500000000000000e+04
2.652600000000000000e+04 2.881600000000000000e+04
2.658600000000000000e+04 2.878600000000000000e+04
2.665900000000000000e+04 2.875900000000000000e+04
2.664200000000000000e+04 2.876700000000000000e+04
2.661900000000000000e+04 2.878200000000000000e+04
2.673400000000000000e+04 2.871100000000000000e+04
2.667500000000000000e+04 2.874600000000000000e+04
2.672500000000000000e+04 2.872100000000000000e+04
2.671500000000000000e+04 2.874300000000000000e+04
2.677300000000000000e+04 2.868600000000000000e+04
2.676200000000000000e+04 2.869800000000000000e+04
2.678400000000000000e+04 2.868500000000000000e+04
2.672000000000000000e+04 2.873900000000000000e+04
2.674400000000000000e+04 2.869900000000000000e+04
2.676700000000000000e+04 2.868900000000000000e+04
2.685400000000000000e+04 2.865100000000000000e+04
2.683000000000000000e+04 2.867200000000000000e+04
2.688500000000000000e+04 2.861700000000000000e+04
2.687000000000000000e+04 2.862100000000000000e+04
2.686600000000000000e+04 2.864700000000000000e+04
2.696500000000000000e+04 2.860600000000000000e+04
2.705500000000000000e+04 2.852200000000000000e+04
2.700800000000000000e+04 2.858500000000000000e+04
2.701100000000000000e+04 2.855600000000000000e+04
2.703600000000000000e+04 2.853900000000000000e+04
2.702700000000000000e+04 2.855000000000000000e+04
2.704000000000000000e+04 2.852900000000000000e+04
2.713300000000000000e+04 2.847400000000000000e+04
2.709600000000000000e+04 2.851100000000000000e+04
2.716600000000000000e+04 2.845300000000000000e+04
2.712800000000000000e+04 2.848000000000000000e+04
2.710100000000000000e+04 2.848200000000000000e+04
2.723800000000000000e+04 2.838900000000000000e+04
2.719100000000000000e+04 2.844300000000000000e+04
2.725600000000000000e+04 2.836200000000000000e+04
2.725400000000000000e+04 2.837700000000000000e+04
2.727000000000000000e+04 2.835200000000000000e+04
2.722900000000000000e+04 2.840600000000000000e+04
2.724000000000000000e+04 2.838000000000000000e+04
2.731200000000000000e+04 2.833400000000000000e+04
2.729700000000000000e+04 2.834300000000000000e+04
2.727200000000000000e+04 2.834800000000000000e+04
2.734800000000000000e+04 2.832900000000000000e+04
2.735400000000000000e+04 2.831600000000000000e+04
2.737100000000000000e+04 2.829800000000000000e+04
2.742600000000000000e+04 2.823100000000000000e+04
2.740300000000000000e+04 2.826500000000000000e+04
2.736300000000000000e+04 2.829900000000000000e+04
2.739400000000000000e+04 2.827300000000000000e+04
2.741700000000000000e+04 2.824800000000000000e+04
2.743800000000000000e+04 2.822000000000000000e+04
2.746400000000000000e+04 2.818900000000000000e+04
2.748100000000000000e+04 2.818700000000000000e+04
2.743100000000000000e+04 2.822800000000000000e+04
2.744300000000000000e+04 2.820300000000000000e+04
2.754200000000000000e+04 2.813800000000000000e+04
2.750200000000000000e+04 2.818100000000000000e+04
2.758900000000000000e+04 2.807100000000000000e+04
2.756300000000000000e+04 2.810500000000000000e+04
2.756500000000000000e+04 2.809900000000000000e+04
2.761400000000000000e+04 2.806800000000000000e+04
2.758100000000000000e+04 2.807900000000000000e+04
2.757500000000000000e+04 2.809200000000000000e+04
2.753900000000000000e+04 2.817400000000000000e+04
2.761900000000000000e+04 2.803200000000000000e+04
2.763300000000000000e+04 2.802200000000000000e+04
2.766200000000000000e+04 2.799000000000000000e+04
2.764900000000000000e+04 2.799400000000000000e+04
2.763800000000000000e+04 2.802000000000000000e+04
2.767500000000000000e+04 2.798100000000000000e+04
2.771200000000000000e+04 2.793000000000000000e+04
2.764100000000000000e+04 2.799600000000000000e+04
2.768000000000000000e+04 2.795300000000000000e+04
2.775400000000000000e+04 2.786800000000000000e+04
2.772600000000000000e+04 2.791500000000000000e+04
2.775800000000000000e+04 2.785200000000000000e+04
2.775900000000000000e+04 2.785000000000000000e+04
2.783700000000000000e+04 2.777300000000000000e+04
2.782200000000000000e+04 2.778100000000000000e+04
2.779200000000000000e+04 2.781900000000000000e+04
2.775000000000000000e+04 2.788700000000000000e+04
2.779000000000000000e+04 2.784300000000000000e+04
2.777200000000000000e+04 2.784800000000000000e+04
2.780600000000000000e+04 2.781000000000000000e+04
2.780300000000000000e+04 2.781100000000000000e+04
2.785100000000000000e+04 2.775100000000000000e+04
2.782100000000000000e+04 2.779100000000000000e+04
2.783800000000000000e+04 2.775800000000000000e+04
2.790700000000000000e+04 2.766700000000000000e+04
2.787500000000000000e+04 2.772900000000000000e+04
2.789300000000000000e+04 2.770000000000000000e+04
2.786100000000000000e+04 2.773200000000000000e+04
2.795300000000000000e+04 2.763000000000000000e+04
2.791000000000000000e+04 2.765600000000000000e+04
2.790300000000000000e+04 2.769600000000000000e+04
2.793500000000000000e+04 2.763900000000000000e+04
2.790400000000000000e+04 2.766900000000000000e+04
2.793000000000000000e+04 2.764600000000000000e+04
2.796100000000000000e+04 2.760900000000000000e+04
2.799100000000000000e+04 2.759500000000000000e+04
2.800400000000000000e+04 2.754700000000000000e+04
2.795900000000000000e+04 2.761300000000000000e+04
2.800000000000000000e+04 2.756700000000000000e+04
2.800700000000000000e+04 2.754500000000000000e+04
2.802600000000000000e+04 2.753900000000000000e+04
2.799700000000000000e+04 2.758800000000000000e+04
2.803300000000000000e+04 2.753000000000000000e+04
2.804200000000000000e+04 2.751600000000000000e+04
2.804700000000000000e+04 2.750300000000000000e+04
2.809200000000000000e+04 2.749300000000000000e+04
2.811600000000000000e+04 2.741300000000000000e+04
2.811500000000000000e+04 2.745000000000000000e+04
2.809400000000000000e+04 2.747000000000000000e+04
2.812100000000000000e+04 2.738700000000000000e+04
2.815600000000000000e+04 2.735900000000000000e+04
2.813700000000000000e+04 2.737700000000000000e+04
2.817000000000000000e+04 2.733100000000000000e+04
2.817200000000000000e+04 2.732300000000000000e+04
2.821500000000000000e+04 2.723100000000000000e+04
2.819200000000000000e+04 2.730300000000000000e+04
2.820400000000000000e+04 2.728100000000000000e+04
2.824400000000000000e+04 2.722600000000000000e+04
2.826400000000000000e+04 2.721100000000000000e+04
2.821200000000000000e+04 2.727800000000000000e+04
2.829800000000000000e+04 2.717600000000000000e+04
2.827100000000000000e+04 2.719900000000000000e+04
2.830300000000000000e+04 2.714000000000000000e+04
2.827400000000000000e+04 2.718300000000000000e+04
2.832200000000000000e+04 2.713900000000000000e+04
2.833500000000000000e+04 2.712000000000000000e+04
2.837300000000000000e+04 2.707100000000000000e+04
2.837000000000000000e+04 2.708300000000000000e+04
2.833700000000000000e+04 2.710900000000000000e+04
2.835300000000000000e+04 2.709900000000000000e+04
2.838800000000000000e+04 2.703400000000000000e+04
2.839400000000000000e+04 2.701700000000000000e+04
2.836700000000000000e+04 2.708700000000000000e+04
2.841200000000000000e+04 2.699200000000000000e+04
2.836800000000000000e+04 2.708600000000000000e+04
2.838600000000000000e+04 2.704500000000000000e+04
2.841000000000000000e+04 2.701600000000000000e+04
2.844100000000000000e+04 2.698000000000000000e+04
2.846900000000000000e+04 2.697700000000000000e+04
2.848600000000000000e+04 2.692900000000000000e+04
2.849800000000000000e+04 2.688700000000000000e+04
2.847100000000000000e+04 2.694800000000000000e+04
