8.094000000000000000e+03 9.365000000000000000e+03
7.994000000000000000e+03 9.404000000000000000e+03
7.964000000000000000e+03 9.406000000000000000e+03
8.023000000000000000e+03 9.397000000000000000e+03
8.133000000000000000e+03 9.522000000000000000e+03
8.052000000000000000e+03 9.534000000000000000e+03
8.058000000000000000e+03 9.524000000000000000e+03
8.049000000000000000e+03 9.615000000000000000e+03
7.961000000000000000e+03 9.720000000000000000e+03
7.981000000000000000e+03 9.702000000000000000e+03
7.982000000000000000e+03 9.698000000000000000e+03
8.004000000000000000e+03 9.682000000000000000e+03
7.900000000000000000e+03 9.756000000000000000e+03
7.943000000000000000e+03 9.750000000000000000e+03
7.892000000000000000e+03 9.762000000000000000e+03
7.763000000000000000e+03 9.811000000000000000e+03
7.884000000000000000e+03 9.801000000000000000e+03
7.831000000000000000e+03 9.802000000000000000e+03
8.133000000000000000e+03 9.522000000000000000e+03
8.093000000000000000e+03 9.876000000000000000e+03
7.978000000000000000e+03 9.897000000000000000e+03
8.040000000000000000e+03 9.878000000000000000e+03
8.013000000000000000e+03 9.882000000000000000e+03
8.004000000000000000e+03 9.893000000000000000e+03
7.950000000000000000e+03 9.900000000000000000e+03
8.133000000000000000e+03 9.522000000000000000e+03
7.987000000000000000e+03 9.958000000000000000e+03
8.069000000000000000e+03 9.943000000000000000e+03
8.126000000000000000e+03 9.920000000000000000e+03
7.987000000000000000e+03 9.958000000000000000e+03
8.069000000000000000e+03 9.943000000000000000e+03
8.128000000000000000e+03 9.924000000000000000e+03
8.103000000000000000e+03 9.935000000000000000e+03
8.152000000000000000e+03 9.921000000000000000e+03
8.112000000000000000e+03 9.933000000000000000e+03
8.204000000000000000e+03 9.920000000000000000e+03
7.987000000000000000e+03 9.958000000000000000e+03
8.069000000000000000e+03 9.943000000000000000e+03
8.128000000000000000e+03 9.924000000000000000e+03
8.103000000000000000e+03 9.935000000000000000e+03
8.152000000000000000e+03 9.921000000000000000e+03
8.112000000000000000e+03 9.933000000000000000e+03
8.204000000000000000e+03 9.920000000000000000e+03
8.252000000000000000e+03 9.891000000000000000e+03
8.225000000000000000e+03 9.908000000000000000e+03
8.206000000000000000e+03 9.912000000000000000e+03
8.242000000000000000e+03 9.898000000000000000e+03
7.987000000000000000e+03 9.958000000000000000e+03
8.069000000000000000e+03 9.943000000000000000e+03
8.128000000000000000e+03 9.924000000000000000e+03
8.103000000000000000e+03 9.935000000000000000e+03
8.152000000000000000e+03 9.921000000000000000e+03
8.112000000000000000e+03 9.933000000000000000e+03
8.204000000000000000e+03 9.920000000000000000e+03
8.225000000000000000e+03 9.908000000000000000e+03
8.206000000000000000e+03 9.912000000000000000e+03
8.242000000000000000e+03 9.898000000000000000e+03
8.236000000000000000e+03 9.904000000000000000e+03
8.271000000000000000e+03 9.896000000000000000e+03
8.285000000000000000e+03 9.892000000000000000e+03
7.987000000000000000e+03 9.958000000000000000e+03
8.069000000000000000e+03 9.943000000000000000e+03
8.128000000000000000e+03 9.924000000000000000e+03
8.103000000000000000e+03 9.935000000000000000e+03
8.152000000000000000e+03 9.921000000000000000e+03
8.112000000000000000e+03 9.933000000000000000e+03
8.204000000000000000e+03 9.920000000000000000e+03
8.271000000000000000e+03 9.896000000000000000e+03
8.285000000000000000e+03 9.892000000000000000e+03
8.237000000000000000e+03 9.913000000000000000e+03
8.279000000000000000e+03 9.895000000000000000e+03
8.266000000000000000e+03 9.904000000000000000e+03
8.296000000000000000e+03 9.888000000000000000e+03
8.314000000000000000e+03 9.881000000000000000e+03
7.987000000000000000e+03 9.958000000000000000e+03
8.069000000000000000e+03 9.943000000000000000e+03
8.128000000000000000e+03 9.924000000000000000e+03
8.103000000000000000e+03 9.935000000000000000e+03
8.152000000000000000e+03 9.921000000000000000e+03
8.112000000000000000e+03 9.933000000000000000e+03
8.204000000000000000e+03 9.920000000000000000e+03
8.271000000000000000e+03 9.896000000000000000e+03
8.237000000000000000e+03 9.913000000000000000e+03
8.279000000000000000e+03 9.895000000000000000e+03
8.266000000000000000e+03 9.904000000000000000e+03
8.322000000000000000e+03 9.873000000000000000e+03
8.384000000000000000e+03 9.861000000000000000e+03
8.346000000000000000e+03 9.868000000000000000e+03
8.321000000000000000e+03 9.892000000000000000e+03
7.987000000000000000e+03 9.958000000000000000e+03
8.069000000000000000e+03 9.943000000000000000e+03
8.128000000000000000e+03 9.924000000000000000e+03
8.103000000000000000e+03 9.935000000000000000e+03
8.152000000000000000e+03 9.921000000000000000e+03
8.112000000000000000e+03 9.933000000000000000e+03
8.204000000000000000e+03 9.920000000000000000e+03
8.271000000000000000e+03 9.896000000000000000e+03
8.237000000000000000e+03 9.913000000000000000e+03
8.279000000000000000e+03 9.895000000000000000e+03
8.266000000000000000e+03 9.904000000000000000e+03
8.384000000000000000e+03 9.861000000000000000e+03
8.321000000000000000e+03 9.892000000000000000e+03
8.371000000000000000e+03 9.872000000000000000e+03
8.401000000000000000e+03 9.847000000000000000e+03
8.414000000000000000e+03 9.846000000000000000e+03
8.338000000000000000e+03 9.874000000000000000e+03
8.420000000000000000e+03 9.836000000000000000e+03
7.987000000000000000e+03 9.958000000000000000e+03
8.069000000000000000e+03 9.943000000000000000e+03
8.128000000000000000e+03 9.924000000000000000e+03
8.103000000000000000e+03 9.935000000000000000e+03
8.152000000000000000e+03 9.921000000000000000e+03
8.112000000000000000e+03 9.933000000000000000e+03
8.204000000000000000e+03 9.920000000000000000e+03
8.271000000000000000e+03 9.896000000000000000e+03
8.237000000000000000e+03 9.913000000000000000e+03
8.279000000000000000e+03 9.895000000000000000e+03
8.266000000000000000e+03 9.904000000000000000e+03
8.384000000000000000e+03 9.861000000000000000e+03
8.321000000000000000e+03 9.892000000000000000e+03
8.371000000000000000e+03 9.872000000000000000e+03
8.338000000000000000e+03 9.874000000000000000e+03
8.426000000000000000e+03 9.848000000000000000e+03
8.430000000000000000e+03 9.824000000000000000e+03
8.459000000000000000e+03 9.808000000000000000e+03
8.401000000000000000e+03 9.858000000000000000e+03
7.987000000000000000e+03 9.958000000000000000e+03
8.069000000000000000e+03 9.943000000000000000e+03
8.128000000000000000e+03 9.924000000000000000e+03
8.103000000000000000e+03 9.935000000000000000e+03
8.152000000000000000e+03 9.921000000000000000e+03
8.112000000000000000e+03 9.933000000000000000e+03
8.204000000000000000e+03 9.920000000000000000e+03
8.271000000000000000e+03 9.896000000000000000e+03
8.237000000000000000e+03 9.913000000000000000e+03
8.279000000000000000e+03 9.895000000000000000e+03
8.266000000000000000e+03 9.904000000000000000e+03
8.384000000000000000e+03 9.861000000000000000e+03
8.321000000000000000e+03 9.892000000000000000e+03
8.371000000000000000e+03 9.872000000000000000e+03
8.338000000000000000e+03 9.874000000000000000e+03
8.426000000000000000e+03 9.848000000000000000e+03
8.401000000000000000e+03 9.858000000000000000e+03
8.466000000000000000e+03 9.826000000000000000e+03
8.467000000000000000e+03 9.813000000000000000e+03
8.448000000000000000e+03 9.845000000000000000e+03
8.496000000000000000e+03 9.811000000000000000e+03
7.987000000000000000e+03 9.958000000000000000e+03
8.069000000000000000e+03 9.943000000000000000e+03
8.128000000000000000e+03 9.924000000000000000e+03
8.103000000000000000e+03 9.935000000000000000e+03
8.152000000000000000e+03 9.921000000000000000e+03
8.112000000000000000e+03 9.933000000000000000e+03
8.204000000000000000e+03 9.920000000000000000e+03
8.271000000000000000e+03 9.896000000000000000e+03
8.237000000000000000e+03 9.913000000000000000e+03
8.279000000000000000e+03 9.895000000000000000e+03
8.266000000000000000e+03 9.904000000000000000e+03
8.384000000000000000e+03 9.861000000000000000e+03
8.321000000000000000e+03 9.892000000000000000e+03
8.371000000000000000e+03 9.872000000000000000e+03
8.338000000000000000e+03 9.874000000000000000e+03
8.426000000000000000e+03 9.848000000000000000e+03
8.401000000000000000e+03 9.858000000000000000e+03
8.466000000000000000e+03 9.826000000000000000e+03
8.448000000000000000e+03 9.845000000000000000e+03
8.496000000000000000e+03 9.811000000000000000e+03
8.484000000000000000e+03 9.813000000000000000e+03
8.529000000000000000e+03 9.803000000000000000e+03
8.554000000000000000e+03 9.774000000000000000e+03
8.553000000000000000e+03 9.795000000000000000e+03
8.600000000000000000e+03 9.772000000000000000e+03
8.514000000000000000e+03 9.807000000000000000e+03
8.640000000000000000e+03 9.754000000000000000e+03
8.618000000000000000e+03 9.757000000000000000e+03
7.987000000000000000e+03 9.958000000000000000e+03
8.069000000000000000e+03 9.943000000000000000e+03
8.128000000000000000e+03 9.924000000000000000e+03
8.103000000000000000e+03 9.935000000000000000e+03
8.152000000000000000e+03 9.921000000000000000e+03
8.112000000000000000e+03 9.933000000000000000e+03
8.204000000000000000e+03 9.920000000000000000e+03
8.271000000000000000e+03 9.896000000000000000e+03
8.237000000000000000e+03 9.913000000000000000e+03
8.279000000000000000e+03 9.895000000000000000e+03
8.266000000000000000e+03 9.904000000000000000e+03
8.384000000000000000e+03 9.861000000000000000e+03
8.321000000000000000e+03 9.892000000000000000e+03
8.371000000000000000e+03 9.872000000000000000e+03
8.338000000000000000e+03 9.874000000000000000e+03
8.426000000000000000e+03 9.848000000000000000e+03
8.401000000000000000e+03 9.858000000000000000e+03
8.466000000000000000e+03 9.826000000000000000e+03
8.448000000000000000e+03 9.845000000000000000e+03
8.496000000000000000e+03 9.811000000000000000e+03
8.484000000000000000e+03 9.813000000000000000e+03
8.529000000000000000e+03 9.803000000000000000e+03
8.554000000000000000e+03 9.774000000000000000e+03
8.553000000000000000e+03 9.795000000000000000e+03
8.600000000000000000e+03 9.772000000000000000e+03
8.514000000000000000e+03 9.807000000000000000e+03
8.640000000000000000e+03 9.754000000000000000e+03
8.618000000000000000e+03 9.757000000000000000e+03
8.604000000000000000e+03 9.765000000000000000e+03
8.613000000000000000e+03 9.760000000000000000e+03
8.662000000000000000e+03 9.714000000000000000e+03
8.676000000000000000e+03 9.703000000000000000e+03
7.987000000000000000e+03 9.958000000000000000e+03
8.069000000000000000e+03 9.943000000000000000e+03
8.128000000000000000e+03 9.924000000000000000e+03
8.103000000000000000e+03 9.935000000000000000e+03
8.152000000000000000e+03 9.921000000000000000e+03
8.112000000000000000e+03 9.933000000000000000e+03
8.204000000000000000e+03 9.920000000000000000e+03
8.271000000000000000e+03 9.896000000000000000e+03
8.237000000000000000e+03 9.913000000000000000e+03
8.279000000000000000e+03 9.895000000000000000e+03
8.266000000000000000e+03 9.904000000000000000e+03
8.384000000000000000e+03 9.861000000000000000e+03
8.321000000000000000e+03 9.892000000000000000e+03
8.371000000000000000e+03 9.872000000000000000e+03
8.338000000000000000e+03 9.874000000000000000e+03
8.426000000000000000e+03 9.848000000000000000e+03
8.401000000000000000e+03 9.858000000000000000e+03
8.466000000000000000e+03 9.826000000000000000e+03
8.448000000000000000e+03 9.845000000000000000e+03
8.496000000000000000e+03 9.811000000000000000e+03
8.484000000000000000e+03 9.813000000000000000e+03
8.529000000000000000e+03 9.803000000000000000e+03
8.554000000000000000e+03 9.774000000000000000e+03
8.553000000000000000e+03 9.795000000000000000e+03
8.600000000000000000e+03 9.772000000000000000e+03
8.514000000000000000e+03 9.807000000000000000e+03
8.640000000000000000e+03 9.754000000000000000e+03
8.618000000000000000e+03 9.757000000000000000e+03
8.604000000000000000e+03 9.765000000000000000e+03
8.613000000000000000e+03 9.760000000000000000e+03
8.658000000000000000e+03 9.725000000000000000e+03
8.686000000000000000e+03 9.714000000000000000e+03
8.763000000000000000e+03 9.688000000000000000e+03
8.754000000000000000e+03 9.694000000000000000e+03
8.721000000000000000e+03 9.701000000000000000e+03
8.730000000000000000e+03 9.696000000000000000e+03
8.794000000000000000e+03 9.671000000000000000e+03
8.812000000000000000e+03 9.667000000000000000e+03
7.987000000000000000e+03 9.958000000000000000e+03
8.069000000000000000e+03 9.943000000000000000e+03
8.128000000000000000e+03 9.924000000000000000e+03
8.103000000000000000e+03 9.935000000000000000e+03
8.152000000000000000e+03 9.921000000000000000e+03
8.112000000000000000e+03 9.933000000000000000e+03
8.204000000000000000e+03 9.920000000000000000e+03
8.271000000000000000e+03 9.896000000000000000e+03
8.237000000000000000e+03 9.913000000000000000e+03
8.279000000000000000e+03 9.895000000000000000e+03
8.266000000000000000e+03 9.904000000000000000e+03
8.384000000000000000e+03 9.861000000000000000e+03
8.321000000000000000e+03 9.892000000000000000e+03
8.371000000000000000e+03 9.872000000000000000e+03
8.338000000000000000e+03 9.874000000000000000e+03
8.426000000000000000e+03 9.848000000000000000e+03
8.401000000000000000e+03 9.858000000000000000e+03
8.466000000000000000e+03 9.826000000000000000e+03
8.448000000000000000e+03 9.845000000000000000e+03
8.496000000000000000e+03 9.811000000000000000e+03
8.484000000000000000e+03 9.813000000000000000e+03
8.529000000000000000e+03 9.803000000000000000e+03
8.554000000000000000e+03 9.774000000000000000e+03
8.553000000000000000e+03 9.795000000000000000e+03
8.600000000000000000e+03 9.772000000000000000e+03
8.514000000000000000e+03 9.807000000000000000e+03
8.640000000000000000e+03 9.754000000000000000e+03
8.618000000000000000e+03 9.757000000000000000e+03
8.604000000000000000e+03 9.765000000000000000e+03
8.613000000000000000e+03 9.760000000000000000e+03
8.658000000000000000e+03 9.725000000000000000e+03
8.686000000000000000e+03 9.714000000000000000e+03
8.763000000000000000e+03 9.688000000000000000e+03
8.721000000000000000e+03 9.701000000000000000e+03
8.730000000000000000e+03 9.696000000000000000e+03
8.758000000000000000e+03 9.695000000000000000e+03
8.803000000000000000e+03 9.671000000000000000e+03
8.841000000000000000e+03 9.656000000000000000e+03
8.801000000000000000e+03 9.678000000000000000e+03
8.844000000000000000e+03 9.641000000000000000e+03
8.824000000000000000e+03 9.669000000000000000e+03
7.987000000000000000e+03 9.958000000000000000e+03
8.069000000000000000e+03 9.943000000000000000e+03
8.128000000000000000e+03 9.924000000000000000e+03
8.103000000000000000e+03 9.935000000000000000e+03
8.152000000000000000e+03 9.921000000000000000e+03
8.112000000000000000e+03 9.933000000000000000e+03
8.204000000000000000e+03 9.920000000000000000e+03
8.271000000000000000e+03 9.896000000000000000e+03
8.237000000000000000e+03 9.913000000000000000e+03
8.279000000000000000e+03 9.895000000000000000e+03
8.266000000000000000e+03 9.904000000000000000e+03
8.384000000000000000e+03 9.861000000000000000e+03
8.321000000000000000e+03 9.892000000000000000e+03
8.371000000000000000e+03 9.872000000000000000e+03
8.338000000000000000e+03 9.874000000000000000e+03
8.426000000000000000e+03 9.848000000000000000e+03
8.401000000000000000e+03 9.858000000000000000e+03
8.466000000000000000e+03 9.826000000000000000e+03
8.448000000000000000e+03 9.845000000000000000e+03
8.496000000000000000e+03 9.811000000000000000e+03
8.484000000000000000e+03 9.813000000000000000e+03
8.529000000000000000e+03 9.803000000000000000e+03
8.554000000000000000e+03 9.774000000000000000e+03
8.553000000000000000e+03 9.795000000000000000e+03
8.600000000000000000e+03 9.772000000000000000e+03
8.514000000000000000e+03 9.807000000000000000e+03
8.640000000000000000e+03 9.754000000000000000e+03
8.618000000000000000e+03 9.757000000000000000e+03
8.604000000000000000e+03 9.765000000000000000e+03
8.613000000000000000e+03 9.760000000000000000e+03
8.658000000000000000e+03 9.725000000000000000e+03
8.686000000000000000e+03 9.714000000000000000e+03
8.763000000000000000e+03 9.688000000000000000e+03
8.721000000000000000e+03 9.701000000000000000e+03
8.730000000000000000e+03 9.696000000000000000e+03
8.758000000000000000e+03 9.695000000000000000e+03
8.803000000000000000e+03 9.671000000000000000e+03
8.841000000000000000e+03 9.656000000000000000e+03
8.801000000000000000e+03 9.678000000000000000e+03
8.844000000000000000e+03 9.641000000000000000e+03
8.824000000000000000e+03 9.669000000000000000e+03
8.838000000000000000e+03 9.657000000000000000e+03
8.911000000000000000e+03 9.597000000000000000e+03
8.882000000000000000e+03 9.620000000000000000e+03
8.855000000000000000e+03 9.636000000000000000e+03
8.935000000000000000e+03 9.568000000000000000e+03
8.907000000000000000e+03 9.600000000000000000e+03
8.936000000000000000e+03 9.560000000000000000e+03
8.925000000000000000e+03 9.581000000000000000e+03
7.987000000000000000e+03 9.958000000000000000e+03
8.069000000000000000e+03 9.943000000000000000e+03
8.128000000000000000e+03 9.924000000000000000e+03
8.103000000000000000e+03 9.935000000000000000e+03
8.152000000000000000e+03 9.921000000000000000e+03
8.112000000000000000e+03 9.933000000000000000e+03
8.204000000000000000e+03 9.920000000000000000e+03
8.271000000000000000e+03 9.896000000000000000e+03
8.237000000000000000e+03 9.913000000000000000e+03
8.279000000000000000e+03 9.895000000000000000e+03
8.266000000000000000e+03 9.904000000000000000e+03
8.384000000000000000e+03 9.861000000000000000e+03
8.321000000000000000e+03 9.892000000000000000e+03
8.371000000000000000e+03 9.872000000000000000e+03
8.338000000000000000e+03 9.874000000000000000e+03
8.426000000000000000e+03 9.848000000000000000e+03
8.401000000000000000e+03 9.858000000000000000e+03
8.466000000000000000e+03 9.826000000000000000e+03
8.448000000000000000e+03 9.845000000000000000e+03
8.496000000000000000e+03 9.811000000000000000e+03
8.484000000000000000e+03 9.813000000000000000e+03
8.529000000000000000e+03 9.803000000000000000e+03
8.554000000000000000e+03 9.774000000000000000e+03
8.553000000000000000e+03 9.795000000000000000e+03
8.600000000000000000e+03 9.772000000000000000e+03
8.514000000000000000e+03 9.807000000000000000e+03
8.640000000000000000e+03 9.754000000000000000e+03
8.618000000000000000e+03 9.757000000000000000e+03
8.604000000000000000e+03 9.765000000000000000e+03
8.613000000000000000e+03 9.760000000000000000e+03
8.658000000000000000e+03 9.725000000000000000e+03
8.686000000000000000e+03 9.714000000000000000e+03
8.763000000000000000e+03 9.688000000000000000e+03
8.721000000000000000e+03 9.701000000000000000e+03
8.730000000000000000e+03 9.696000000000000000e+03
8.758000000000000000e+03 9.695000000000000000e+03
8.803000000000000000e+03 9.671000000000000000e+03
8.841000000000000000e+03 9.656000000000000000e+03
8.801000000000000000e+03 9.678000000000000000e+03
8.844000000000000000e+03 9.641000000000000000e+03
8.824000000000000000e+03 9.669000000000000000e+03
8.838000000000000000e+03 9.657000000000000000e+03
8.911000000000000000e+03 9.597000000000000000e+03
8.882000000000000000e+03 9.620000000000000000e+03
8.855000000000000000e+03 9.636000000000000000e+03
8.935000000000000000e+03 9.568000000000000000e+03
8.907000000000000000e+03 9.600000000000000000e+03
8.936000000000000000e+03 9.560000000000000000e+03
8.925000000000000000e+03 9.581000000000000000e+03
7.987000000000000000e+03 9.958000000000000000e+03
8.069000000000000000e+03 9.943000000000000000e+03
8.128000000000000000e+03 9.924000000000000000e+03
8.103000000000000000e+03 9.935000000000000000e+03
8.152000000000000000e+03 9.921000000000000000e+03
8.112000000000000000e+03 9.933000000000000000e+03
8.204000000000000000e+03 9.920000000000000000e+03
8.271000000000000000e+03 9.896000000000000000e+03
8.237000000000000000e+03 9.913000000000000000e+03
8.279000000000000000e+03 9.895000000000000000e+03
8.266000000000000000e+03 9.904000000000000000e+03
8.384000000000000000e+03 9.861000000000000000e+03
8.321000000000000000e+03 9.892000000000000000e+03
8.371000000000000000e+03 9.872000000000000000e+03
8.338000000000000000e+03 9.874000000000000000e+03
8.426000000000000000e+03 9.848000000000000000e+03
8.401000000000000000e+03 9.858000000000000000e+03
8.466000000000000000e+03 9.826000000000000000e+03
8.448000000000000000e+03 9.845000000000000000e+03
8.496000000000000000e+03 9.811000000000000000e+03
8.484000000000000000e+03 9.813000000000000000e+03
8.529000000000000000e+03 9.803000000000000000e+03
8.554000000000000000e+03 9.774000000000000000e+03
8.553000000000000000e+03 9.795000000000000000e+03
8.600000000000000000e+03 9.772000000000000000e+03
8.514000000000000000e+03 9.807000000000000000e+03
8.640000000000000000e+03 9.754000000000000000e+03
8.618000000000000000e+03 9.757000000000000000e+03
8.604000000000000000e+03 9.765000000000000000e+03
8.613000000000000000e+03 9.760000000000000000e+03
8.658000000000000000e+03 9.725000000000000000e+03
8.686000000000000000e+03 9.714000000000000000e+03
8.763000000000000000e+03 9.688000000000000000e+03
8.721000000000000000e+03 9.701000000000000000e+03
8.730000000000000000e+03 9.696000000000000000e+03
8.758000000000000000e+03 9.695000000000000000e+03
8.803000000000000000e+03 9.671000000000000000e+03
8.841000000000000000e+03 9.656000000000000000e+03
8.801000000000000000e+03 9.678000000000000000e+03
8.844000000000000000e+03 9.641000000000000000e+03
8.824000000000000000e+03 9.669000000000000000e+03
8.838000000000000000e+03 9.657000000000000000e+03
8.911000000000000000e+03 9.597000000000000000e+03
8.882000000000000000e+03 9.620000000000000000e+03
8.855000000000000000e+03 9.636000000000000000e+03
8.935000000000000000e+03 9.568000000000000000e+03
8.907000000000000000e+03 9.600000000000000000e+03
8.925000000000000000e+03 9.581000000000000000e+03
8.961000000000000000e+03 9.557000000000000000e+03
8.943000000000000000e+03 9.563000000000000000e+03
8.962000000000000000e+03 9.529000000000000000e+03
8.981000000000000000e+03 9.518000000000000000e+03
8.983000000000000000e+03 9.510000000000000000e+03
8.990000000000000000e+03 9.506000000000000000e+03
8.974000000000000000e+03 9.528000000000000000e+03
8.980000000000000000e+03 9.519000000000000000e+03
7.987000000000000000e+03 9.958000000000000000e+03
8.069000000000000000e+03 9.943000000000000000e+03
8.128000000000000000e+03 9.924000000000000000e+03
8.103000000000000000e+03 9.935000000000000000e+03
8.152000000000000000e+03 9.921000000000000000e+03
8.112000000000000000e+03 9.933000000000000000e+03
8.204000000000000000e+03 9.920000000000000000e+03
8.271000000000000000e+03 9.896000000000000000e+03
8.237000000000000000e+03 9.913000000000000000e+03
8.279000000000000000e+03 9.895000000000000000e+03
8.266000000000000000e+03 9.904000000000000000e+03
8.384000000000000000e+03 9.861000000000000000e+03
8.321000000000000000e+03 9.892000000000000000e+03
8.371000000000000000e+03 9.872000000000000000e+03
8.338000000000000000e+03 9.874000000000000000e+03
8.426000000000000000e+03 9.848000000000000000e+03
8.401000000000000000e+03 9.858000000000000000e+03
8.466000000000000000e+03 9.826000000000000000e+03
8.448000000000000000e+03 9.845000000000000000e+03
8.496000000000000000e+03 9.811000000000000000e+03
8.484000000000000000e+03 9.813000000000000000e+03
8.529000000000000000e+03 9.803000000000000000e+03
8.554000000000000000e+03 9.774000000000000000e+03
8.553000000000000000e+03 9.795000000000000000e+03
8.600000000000000000e+03 9.772000000000000000e+03
8.514000000000000000e+03 9.807000000000000000e+03
8.640000000000000000e+03 9.754000000000000000e+03
8.618000000000000000e+03 9.757000000000000000e+03
8.604000000000000000e+03 9.765000000000000000e+03
8.613000000000000000e+03 9.760000000000000000e+03
8.658000000000000000e+03 9.725000000000000000e+03
8.686000000000000000e+03 9.714000000000000000e+03
8.763000000000000000e+03 9.688000000000000000e+03
8.721000000000000000e+03 9.701000000000000000e+03
8.730000000000000000e+03 9.696000000000000000e+03
8.758000000000000000e+03 9.695000000000000000e+03
8.803000000000000000e+03 9.671000000000000000e+03
8.841000000000000000e+03 9.656000000000000000e+03
8.801000000000000000e+03 9.678000000000000000e+03
8.844000000000000000e+03 9.641000000000000000e+03
8.824000000000000000e+03 9.669000000000000000e+03
8.838000000000000000e+03 9.657000000000000000e+03
8.911000000000000000e+03 9.597000000000000000e+03
8.882000000000000000e+03 9.620000000000000000e+03
8.855000000000000000e+03 9.636000000000000000e+03
8.935000000000000000e+03 9.568000000000000000e+03
8.907000000000000000e+03 9.600000000000000000e+03
8.925000000000000000e+03 9.581000000000000000e+03
8.961000000000000000e+03 9.557000000000000000e+03
8.943000000000000000e+03 9.563000000000000000e+03
8.962000000000000000e+03 9.529000000000000000e+03
8.981000000000000000e+03 9.518000000000000000e+03
8.983000000000000000e+03 9.510000000000000000e+03
8.990000000000000000e+03 9.506000000000000000e+03
8.974000000000000000e+03 9.528000000000000000e+03
8.980000000000000000e+03 9.519000000000000000e+03
7.987000000000000000e+03 9.958000000000000000e+03
8.069000000000000000e+03 9.943000000000000000e+03
8.128000000000000000e+03 9.924000000000000000e+03
8.103000000000000000e+03 9.935000000000000000e+03
8.152000000000000000e+03 9.921000000000000000e+03
8.112000000000000000e+03 9.933000000000000000e+03
8.204000000000000000e+03 9.920000000000000000e+03
8.271000000000000000e+03 9.896000000000000000e+03
8.237000000000000000e+03 9.913000000000000000e+03
8.279000000000000000e+03 9.895000000000000000e+03
8.266000000000000000e+03 9.904000000000000000e+03
8.384000000000000000e+03 9.861000000000000000e+03
8.321000000000000000e+03 9.892000000000000000e+03
8.371000000000000000e+03 9.872000000000000000e+03
8.338000000000000000e+03 9.874000000000000000e+03
8.426000000000000000e+03 9.848000000000000000e+03
8.401000000000000000e+03 9.858000000000000000e+03
8.466000000000000000e+03 9.826000000000000000e+03
8.448000000000000000e+03 9.845000000000000000e+03
8.496000000000000000e+03 9.811000000000000000e+03
8.484000000000000000e+03 9.813000000000000000e+03
8.529000000000000000e+03 9.803000000000000000e+03
8.554000000000000000e+03 9.774000000000000000e+03
8.553000000000000000e+03 9.795000000000000000e+03
8.600000000000000000e+03 9.772000000000000000e+03
8.514000000000000000e+03 9.807000000000000000e+03
8.640000000000000000e+03 9.754000000000000000e+03
8.618000000000000000e+03 9.757000000000000000e+03
8.604000000000000000e+03 9.765000000000000000e+03
8.613000000000000000e+03 9.760000000000000000e+03
8.658000000000000000e+03 9.725000000000000000e+03
8.686000000000000000e+03 9.714000000000000000e+03
8.763000000000000000e+03 9.688000000000000000e+03
8.721000000000000000e+03 9.701000000000000000e+03
8.730000000000000000e+03 9.696000000000000000e+03
8.758000000000000000e+03 9.695000000000000000e+03
8.803000000000000000e+03 9.671000000000000000e+03
8.841000000000000000e+03 9.656000000000000000e+03
8.801000000000000000e+03 9.678000000000000000e+03
8.844000000000000000e+03 9.641000000000000000e+03
8.824000000000000000e+03 9.669000000000000000e+03
8.838000000000000000e+03 9.657000000000000000e+03
8.911000000000000000e+03 9.597000000000000000e+03
8.882000000000000000e+03 9.620000000000000000e+03
8.855000000000000000e+03 9.636000000000000000e+03
8.907000000000000000e+03 9.600000000000000000e+03
8.925000000000000000e+03 9.581000000000000000e+03
8.961000000000000000e+03 9.557000000000000000e+03
8.974000000000000000e+03 9.528000000000000000e+03
9.001000000000000000e+03 9.501000000000000000e+03
8.951000000000000000e+03 9.570000000000000000e+03
8.984000000000000000e+03 9.522000000000000000e+03
8.964000000000000000e+03 9.532000000000000000e+03
9.011000000000000000e+03 9.478000000000000000e+03
8.996000000000000000e+03 9.510000000000000000e+03
8.986000000000000000e+03 9.516000000000000000e+03
9.025000000000000000e+03 9.466000000000000000e+03
9.010000000000000000e+03 9.489000000000000000e+03
7.987000000000000000e+03 9.958000000000000000e+03
8.069000000000000000e+03 9.943000000000000000e+03
8.128000000000000000e+03 9.924000000000000000e+03
8.103000000000000000e+03 9.935000000000000000e+03
8.152000000000000000e+03 9.921000000000000000e+03
8.112000000000000000e+03 9.933000000000000000e+03
8.204000000000000000e+03 9.920000000000000000e+03
8.271000000000000000e+03 9.896000000000000000e+03
8.237000000000000000e+03 9.913000000000000000e+03
8.279000000000000000e+03 9.895000000000000000e+03
8.266000000000000000e+03 9.904000000000000000e+03
8.384000000000000000e+03 9.861000000000000000e+03
8.321000000000000000e+03 9.892000000000000000e+03
8.371000000000000000e+03 9.872000000000000000e+03
8.338000000000000000e+03 9.874000000000000000e+03
8.426000000000000000e+03 9.848000000000000000e+03
8.401000000000000000e+03 9.858000000000000000e+03
8.466000000000000000e+03 9.826000000000000000e+03
8.448000000000000000e+03 9.845000000000000000e+03
8.496000000000000000e+03 9.811000000000000000e+03
8.484000000000000000e+03 9.813000000000000000e+03
8.529000000000000000e+03 9.803000000000000000e+03
8.554000000000000000e+03 9.774000000000000000e+03
8.553000000000000000e+03 9.795000000000000000e+03
8.600000000000000000e+03 9.772000000000000000e+03
8.514000000000000000e+03 9.807000000000000000e+03
8.640000000000000000e+03 9.754000000000000000e+03
8.618000000000000000e+03 9.757000000000000000e+03
8.604000000000000000e+03 9.765000000000000000e+03
8.613000000000000000e+03 9.760000000000000000e+03
8.658000000000000000e+03 9.725000000000000000e+03
8.686000000000000000e+03 9.714000000000000000e+03
8.763000000000000000e+03 9.688000000000000000e+03
8.721000000000000000e+03 9.701000000000000000e+03
8.730000000000000000e+03 9.696000000000000000e+03
8.758000000000000000e+03 9.695000000000000000e+03
8.803000000000000000e+03 9.671000000000000000e+03
8.841000000000000000e+03 9.656000000000000000e+03
8.801000000000000000e+03 9.678000000000000000e+03
8.844000000000000000e+03 9.641000000000000000e+03
8.824000000000000000e+03 9.669000000000000000e+03
8.838000000000000000e+03 9.657000000000000000e+03
8.911000000000000000e+03 9.597000000000000000e+03
8.882000000000000000e+03 9.620000000000000000e+03
8.855000000000000000e+03 9.636000000000000000e+03
8.907000000000000000e+03 9.600000000000000000e+03
8.925000000000000000e+03 9.581000000000000000e+03
8.961000000000000000e+03 9.557000000000000000e+03
8.974000000000000000e+03 9.528000000000000000e+03
9.001000000000000000e+03 9.501000000000000000e+03
8.951000000000000000e+03 9.570000000000000000e+03
8.964000000000000000e+03 9.532000000000000000e+03
8.996000000000000000e+03 9.510000000000000000e+03
9.010000000000000000e+03 9.489000000000000000e+03
9.012000000000000000e+03 9.479000000000000000e+03
9.048000000000000000e+03 9.463000000000000000e+03
8.988000000000000000e+03 9.525000000000000000e+03
9.053000000000000000e+03 9.436000000000000000e+03
9.065000000000000000e+03 9.433000000000000000e+03
9.089000000000000000e+03 9.386000000000000000e+03
9.045000000000000000e+03 9.475000000000000000e+03
9.082000000000000000e+03 9.423000000000000000e+03
7.987000000000000000e+03 9.958000000000000000e+03
8.069000000000000000e+03 9.943000000000000000e+03
8.128000000000000000e+03 9.924000000000000000e+03
8.103000000000000000e+03 9.935000000000000000e+03
8.152000000000000000e+03 9.921000000000000000e+03
8.112000000000000000e+03 9.933000000000000000e+03
8.204000000000000000e+03 9.920000000000000000e+03
8.271000000000000000e+03 9.896000000000000000e+03
8.237000000000000000e+03 9.913000000000000000e+03
8.279000000000000000e+03 9.895000000000000000e+03
8.266000000000000000e+03 9.904000000000000000e+03
8.384000000000000000e+03 9.861000000000000000e+03
8.321000000000000000e+03 9.892000000000000000e+03
8.371000000000000000e+03 9.872000000000000000e+03
8.338000000000000000e+03 9.874000000000000000e+03
8.426000000000000000e+03 9.848000000000000000e+03
8.401000000000000000e+03 9.858000000000000000e+03
8.466000000000000000e+03 9.826000000000000000e+03
8.448000000000000000e+03 9.845000000000000000e+03
8.496000000000000000e+03 9.811000000000000000e+03
8.484000000000000000e+03 9.813000000000000000e+03
8.529000000000000000e+03 9.803000000000000000e+03
8.554000000000000000e+03 9.774000000000000000e+03
8.553000000000000000e+03 9.795000000000000000e+03
8.600000000000000000e+03 9.772000000000000000e+03
8.514000000000000000e+03 9.807000000000000000e+03
8.640000000000000000e+03 9.754000000000000000e+03
8.618000000000000000e+03 9.757000000000000000e+03
8.604000000000000000e+03 9.765000000000000000e+03
8.613000000000000000e+03 9.760000000000000000e+03
8.658000000000000000e+03 9.725000000000000000e+03
8.686000000000000000e+03 9.714000000000000000e+03
8.763000000000000000e+03 9.688000000000000000e+03
8.721000000000000000e+03 9.701000000000000000e+03
8.730000000000000000e+03 9.696000000000000000e+03
8.758000000000000000e+03 9.695000000000000000e+03
8.803000000000000000e+03 9.671000000000000000e+03
8.841000000000000000e+03 9.656000000000000000e+03
8.801000000000000000e+03 9.678000000000000000e+03
8.844000000000000000e+03 9.641000000000000000e+03
8.824000000000000000e+03 9.669000000000000000e+03
8.838000000000000000e+03 9.657000000000000000e+03
8.911000000000000000e+03 9.597000000000000000e+03
8.882000000000000000e+03 9.620000000000000000e+03
8.855000000000000000e+03 9.636000000000000000e+03
8.907000000000000000e+03 9.600000000000000000e+03
8.925000000000000000e+03 9.581000000000000000e+03
8.961000000000000000e+03 9.557000000000000000e+03
8.974000000000000000e+03 9.528000000000000000e+03
9.001000000000000000e+03 9.501000000000000000e+03
8.951000000000000000e+03 9.570000000000000000e+03
8.964000000000000000e+03 9.532000000000000000e+03
8.996000000000000000e+03 9.510000000000000000e+03
9.010000000000000000e+03 9.489000000000000000e+03
9.012000000000000000e+03 9.479000000000000000e+03
9.048000000000000000e+03 9.463000000000000000e+03
8.988000000000000000e+03 9.525000000000000000e+03
9.053000000000000000e+03 9.436000000000000000e+03
9.065000000000000000e+03 9.433000000000000000e+03
9.089000000000000000e+03 9.386000000000000000e+03
9.045000000000000000e+03 9.475000000000000000e+03
9.082000000000000000e+03 9.423000000000000000e+03
9.085000000000000000e+03 9.387000000000000000e+03
9.198000000000000000e+03 9.298000000000000000e+03
9.160000000000000000e+03 9.363000000000000000e+03
9.151000000000000000e+03 9.371000000000000000e+03
9.182000000000000000e+03 9.307000000000000000e+03
9.170000000000000000e+03 9.327000000000000000e+03
9.224000000000000000e+03 9.266000000000000000e+03
9.175000000000000000e+03 9.316000000000000000e+03
9.187000000000000000e+03 9.306000000000000000e+03
7.987000000000000000e+03 9.958000000000000000e+03
8.069000000000000000e+03 9.943000000000000000e+03
8.128000000000000000e+03 9.924000000000000000e+03
8.103000000000000000e+03 9.935000000000000000e+03
8.152000000000000000e+03 9.921000000000000000e+03
8.112000000000000000e+03 9.933000000000000000e+03
8.204000000000000000e+03 9.920000000000000000e+03
8.271000000000000000e+03 9.896000000000000000e+03
8.237000000000000000e+03 9.913000000000000000e+03
8.279000000000000000e+03 9.895000000000000000e+03
8.266000000000000000e+03 9.904000000000000000e+03
8.384000000000000000e+03 9.861000000000000000e+03
8.321000000000000000e+03 9.892000000000000000e+03
8.371000000000000000e+03 9.872000000000000000e+03
8.338000000000000000e+03 9.874000000000000000e+03
8.426000000000000000e+03 9.848000000000000000e+03
8.401000000000000000e+03 9.858000000000000000e+03
8.466000000000000000e+03 9.826000000000000000e+03
8.448000000000000000e+03 9.845000000000000000e+03
8.496000000000000000e+03 9.811000000000000000e+03
8.484000000000000000e+03 9.813000000000000000e+03
8.529000000000000000e+03 9.803000000000000000e+03
8.554000000000000000e+03 9.774000000000000000e+03
8.553000000000000000e+03 9.795000000000000000e+03
8.600000000000000000e+03 9.772000000000000000e+03
8.514000000000000000e+03 9.807000000000000000e+03
8.640000000000000000e+03 9.754000000000000000e+03
8.618000000000000000e+03 9.757000000000000000e+03
8.604000000000000000e+03 9.765000000000000000e+03
8.613000000000000000e+03 9.760000000000000000e+03
8.658000000000000000e+03 9.725000000000000000e+03
8.686000000000000000e+03 9.714000000000000000e+03
8.763000000000000000e+03 9.688000000000000000e+03
8.721000000000000000e+03 9.701000000000000000e+03
8.730000000000000000e+03 9.696000000000000000e+03
8.758000000000000000e+03 9.695000000000000000e+03
8.803000000000000000e+03 9.671000000000000000e+03
8.841000000000000000e+03 9.656000000000000000e+03
8.801000000000000000e+03 9.678000000000000000e+03
8.844000000000000000e+03 9.641000000000000000e+03
8.824000000000000000e+03 9.669000000000000000e+03
8.838000000000000000e+03 9.657000000000000000e+03
8.911000000000000000e+03 9.597000000000000000e+03
8.882000000000000000e+03 9.620000000000000000e+03
8.855000000000000000e+03 9.636000000000000000e+03
8.907000000000000000e+03 9.600000000000000000e+03
8.925000000000000000e+03 9.581000000000000000e+03
8.961000000000000000e+03 9.557000000000000000e+03
8.974000000000000000e+03 9.528000000000000000e+03
9.001000000000000000e+03 9.501000000000000000e+03
8.951000000000000000e+03 9.570000000000000000e+03
8.964000000000000000e+03 9.532000000000000000e+03
8.996000000000000000e+03 9.510000000000000000e+03
9.010000000000000000e+03 9.489000000000000000e+03
9.012000000000000000e+03 9.479000000000000000e+03
9.048000000000000000e+03 9.463000000000000000e+03
8.988000000000000000e+03 9.525000000000000000e+03
9.053000000000000000e+03 9.436000000000000000e+03
9.065000000000000000e+03 9.433000000000000000e+03
9.089000000000000000e+03 9.386000000000000000e+03
9.045000000000000000e+03 9.475000000000000000e+03
9.082000000000000000e+03 9.423000000000000000e+03
9.085000000000000000e+03 9.387000000000000000e+03
9.198000000000000000e+03 9.298000000000000000e+03
9.160000000000000000e+03 9.363000000000000000e+03
9.151000000000000000e+03 9.371000000000000000e+03
9.182000000000000000e+03 9.307000000000000000e+03
9.170000000000000000e+03 9.327000000000000000e+03
9.224000000000000000e+03 9.266000000000000000e+03
9.175000000000000000e+03 9.316000000000000000e+03
9.187000000000000000e+03 9.306000000000000000e+03
9.258000000000000000e+03 9.222000000000000000e+03
9.229000000000000000e+03 9.248000000000000000e+03
9.248000000000000000e+03 9.244000000000000000e+03
9.262000000000000000e+03 9.198000000000000000e+03
9.235000000000000000e+03 9.245000000000000000e+03
9.280000000000000000e+03 9.191000000000000000e+03
9.255000000000000000e+03 9.240000000000000000e+03
9.256000000000000000e+03 9.223000000000000000e+03
7.987000000000000000e+03 9.958000000000000000e+03
8.069000000000000000e+03 9.943000000000000000e+03
8.128000000000000000e+03 9.924000000000000000e+03
8.103000000000000000e+03 9.935000000000000000e+03
8.152000000000000000e+03 9.921000000000000000e+03
8.112000000000000000e+03 9.933000000000000000e+03
8.204000000000000000e+03 9.920000000000000000e+03
8.271000000000000000e+03 9.896000000000000000e+03
8.237000000000000000e+03 9.913000000000000000e+03
8.279000000000000000e+03 9.895000000000000000e+03
8.266000000000000000e+03 9.904000000000000000e+03
8.384000000000000000e+03 9.861000000000000000e+03
8.321000000000000000e+03 9.892000000000000000e+03
8.371000000000000000e+03 9.872000000000000000e+03
8.338000000000000000e+03 9.874000000000000000e+03
8.426000000000000000e+03 9.848000000000000000e+03
8.401000000000000000e+03 9.858000000000000000e+03
8.466000000000000000e+03 9.826000000000000000e+03
8.448000000000000000e+03 9.845000000000000000e+03
8.496000000000000000e+03 9.811000000000000000e+03
8.484000000000000000e+03 9.813000000000000000e+03
8.529000000000000000e+03 9.803000000000000000e+03
8.554000000000000000e+03 9.774000000000000000e+03
8.553000000000000000e+03 9.795000000000000000e+03
8.600000000000000000e+03 9.772000000000000000e+03
8.514000000000000000e+03 9.807000000000000000e+03
8.640000000000000000e+03 9.754000000000000000e+03
8.618000000000000000e+03 9.757000000000000000e+03
8.604000000000000000e+03 9.765000000000000000e+03
8.613000000000000000e+03 9.760000000000000000e+03
8.658000000000000000e+03 9.725000000000000000e+03
8.686000000000000000e+03 9.714000000000000000e+03
8.763000000000000000e+03 9.688000000000000000e+03
8.721000000000000000e+03 9.701000000000000000e+03
8.730000000000000000e+03 9.696000000000000000e+03
8.758000000000000000e+03 9.695000000000000000e+03
8.803000000000000000e+03 9.671000000000000000e+03
8.841000000000000000e+03 9.656000000000000000e+03
8.801000000000000000e+03 9.678000000000000000e+03
8.844000000000000000e+03 9.641000000000000000e+03
8.824000000000000000e+03 9.669000000000000000e+03
8.838000000000000000e+03 9.657000000000000000e+03
8.911000000000000000e+03 9.597000000000000000e+03
8.882000000000000000e+03 9.620000000000000000e+03
8.855000000000000000e+03 9.636000000000000000e+03
8.907000000000000000e+03 9.600000000000000000e+03
8.925000000000000000e+03 9.581000000000000000e+03
8.961000000000000000e+03 9.557000000000000000e+03
8.974000000000000000e+03 9.528000000000000000e+03
9.001000000000000000e+03 9.501000000000000000e+03
8.951000000000000000e+03 9.570000000000000000e+03
8.964000000000000000e+03 9.532000000000000000e+03
8.996000000000000000e+03 9.510000000000000000e+03
9.010000000000000000e+03 9.489000000000000000e+03
9.012000000000000000e+03 9.479000000000000000e+03
9.048000000000000000e+03 9.463000000000000000e+03
8.988000000000000000e+03 9.525000000000000000e+03
9.053000000000000000e+03 9.436000000000000000e+03
9.065000000000000000e+03 9.433000000000000000e+03
9.089000000000000000e+03 9.386000000000000000e+03
9.045000000000000000e+03 9.475000000000000000e+03
9.082000000000000000e+03 9.423000000000000000e+03
9.085000000000000000e+03 9.387000000000000000e+03
9.198000000000000000e+03 9.298000000000000000e+03
9.160000000000000000e+03 9.363000000000000000e+03
9.151000000000000000e+03 9.371000000000000000e+03
9.182000000000000000e+03 9.307000000000000000e+03
9.170000000000000000e+03 9.327000000000000000e+03
9.224000000000000000e+03 9.266000000000000000e+03
9.175000000000000000e+03 9.316000000000000000e+03
9.187000000000000000e+03 9.306000000000000000e+03
9.258000000000000000e+03 9.222000000000000000e+03
9.229000000000000000e+03 9.248000000000000000e+03
9.248000000000000000e+03 9.244000000000000000e+03
9.235000000000000000e+03 9.245000000000000000e+03
9.255000000000000000e+03 9.240000000000000000e+03
9.256000000000000000e+03 9.223000000000000000e+03
9.277000000000000000e+03 9.216000000000000000e+03
9.282000000000000000e+03 9.210000000000000000e+03
9.278000000000000000e+03 9.215000000000000000e+03
9.281000000000000000e+03 9.212000000000000000e+03
9.291000000000000000e+03 9.207000000000000000e+03
9.327000000000000000e+03 9.164000000000000000e+03
9.368000000000000000e+03 9.136000000000000000e+03
9.303000000000000000e+03 9.206000000000000000e+03
9.320000000000000000e+03 9.193000000000000000e+03
9.337000000000000000e+03 9.151000000000000000e+03
7.987000000000000000e+03 9.958000000000000000e+03
8.069000000000000000e+03 9.943000000000000000e+03
8.128000000000000000e+03 9.924000000000000000e+03
8.103000000000000000e+03 9.935000000000000000e+03
8.152000000000000000e+03 9.921000000000000000e+03
8.112000000000000000e+03 9.933000000000000000e+03
8.204000000000000000e+03 9.920000000000000000e+03
8.271000000000000000e+03 9.896000000000000000e+03
8.237000000000000000e+03 9.913000000000000000e+03
8.279000000000000000e+03 9.895000000000000000e+03
8.266000000000000000e+03 9.904000000000000000e+03
8.384000000000000000e+03 9.861000000000000000e+03
8.321000000000000000e+03 9.892000000000000000e+03
8.371000000000000000e+03 9.872000000000000000e+03
8.338000000000000000e+03 9.874000000000000000e+03
8.426000000000000000e+03 9.848000000000000000e+03
8.401000000000000000e+03 9.858000000000000000e+03
8.466000000000000000e+03 9.826000000000000000e+03
8.448000000000000000e+03 9.845000000000000000e+03
8.496000000000000000e+03 9.811000000000000000e+03
8.484000000000000000e+03 9.813000000000000000e+03
8.529000000000000000e+03 9.803000000000000000e+03
8.554000000000000000e+03 9.774000000000000000e+03
8.553000000000000000e+03 9.795000000000000000e+03
8.600000000000000000e+03 9.772000000000000000e+03
8.514000000000000000e+03 9.807000000000000000e+03
8.640000000000000000e+03 9.754000000000000000e+03
8.618000000000000000e+03 9.757000000000000000e+03
8.604000000000000000e+03 9.765000000000000000e+03
8.613000000000000000e+03 9.760000000000000000e+03
8.658000000000000000e+03 9.725000000000000000e+03
8.686000000000000000e+03 9.714000000000000000e+03
8.763000000000000000e+03 9.688000000000000000e+03
8.721000000000000000e+03 9.701000000000000000e+03
8.730000000000000000e+03 9.696000000000000000e+03
8.758000000000000000e+03 9.695000000000000000e+03
8.803000000000000000e+03 9.671000000000000000e+03
8.841000000000000000e+03 9.656000000000000000e+03
8.801000000000000000e+03 9.678000000000000000e+03
8.844000000000000000e+03 9.641000000000000000e+03
8.824000000000000000e+03 9.669000000000000000e+03
8.838000000000000000e+03 9.657000000000000000e+03
8.911000000000000000e+03 9.597000000000000000e+03
8.882000000000000000e+03 9.620000000000000000e+03
8.855000000000000000e+03 9.636000000000000000e+03
8.907000000000000000e+03 9.600000000000000000e+03
8.925000000000000000e+03 9.581000000000000000e+03
8.961000000000000000e+03 9.557000000000000000e+03
8.974000000000000000e+03 9.528000000000000000e+03
9.001000000000000000e+03 9.501000000000000000e+03
8.951000000000000000e+03 9.570000000000000000e+03
8.964000000000000000e+03 9.532000000000000000e+03
8.996000000000000000e+03 9.510000000000000000e+03
9.010000000000000000e+03 9.489000000000000000e+03
9.012000000000000000e+03 9.479000000000000000e+03
9.048000000000000000e+03 9.463000000000000000e+03
8.988000000000000000e+03 9.525000000000000000e+03
9.053000000000000000e+03 9.436000000000000000e+03
9.065000000000000000e+03 9.433000000000000000e+03
9.089000000000000000e+03 9.386000000000000000e+03
9.045000000000000000e+03 9.475000000000000000e+03
9.082000000000000000e+03 9.423000000000000000e+03
9.085000000000000000e+03 9.387000000000000000e+03
9.198000000000000000e+03 9.298000000000000000e+03
9.160000000000000000e+03 9.363000000000000000e+03
9.151000000000000000e+03 9.371000000000000000e+03
9.182000000000000000e+03 9.307000000000000000e+03
9.170000000000000000e+03 9.327000000000000000e+03
9.224000000000000000e+03 9.266000000000000000e+03
9.175000000000000000e+03 9.316000000000000000e+03
9.187000000000000000e+03 9.306000000000000000e+03
9.258000000000000000e+03 9.222000000000000000e+03
9.229000000000000000e+03 9.248000000000000000e+03
9.248000000000000000e+03 9.244000000000000000e+03
9.235000000000000000e+03 9.245000000000000000e+03
9.255000000000000000e+03 9.240000000000000000e+03
9.256000000000000000e+03 9.223000000000000000e+03
9.277000000000000000e+03 9.216000000000000000e+03
9.282000000000000000e+03 9.210000000000000000e+03
9.278000000000000000e+03 9.215000000000000000e+03
9.281000000000000000e+03 9.212000000000000000e+03
9.291000000000000000e+03 9.207000000000000000e+03
9.327000000000000000e+03 9.164000000000000000e+03
9.303000000000000000e+03 9.206000000000000000e+03
9.320000000000000000e+03 9.193000000000000000e+03
9.337000000000000000e+03 9.151000000000000000e+03
9.383000000000000000e+03 9.090000000000000000e+03
9.368000000000000000e+03 9.137000000000000000e+03
9.395000000000000000e+03 9.056000000000000000e+03
9.385000000000000000e+03 9.086000000000000000e+03
9.400000000000000000e+03 9.049000000000000000e+03
7.987000000000000000e+03 9.958000000000000000e+03
8.069000000000000000e+03 9.943000000000000000e+03
8.128000000000000000e+03 9.924000000000000000e+03
8.103000000000000000e+03 9.935000000000000000e+03
8.152000000000000000e+03 9.921000000000000000e+03
8.112000000000000000e+03 9.933000000000000000e+03
8.204000000000000000e+03 9.920000000000000000e+03
8.271000000000000000e+03 9.896000000000000000e+03
8.237000000000000000e+03 9.913000000000000000e+03
8.279000000000000000e+03 9.895000000000000000e+03
8.266000000000000000e+03 9.904000000000000000e+03
8.384000000000000000e+03 9.861000000000000000e+03
8.321000000000000000e+03 9.892000000000000000e+03
8.371000000000000000e+03 9.872000000000000000e+03
8.338000000000000000e+03 9.874000000000000000e+03
8.426000000000000000e+03 9.848000000000000000e+03
8.401000000000000000e+03 9.858000000000000000e+03
8.466000000000000000e+03 9.826000000000000000e+03
8.448000000000000000e+03 9.845000000000000000e+03
8.496000000000000000e+03 9.811000000000000000e+03
8.484000000000000000e+03 9.813000000000000000e+03
8.529000000000000000e+03 9.803000000000000000e+03
8.554000000000000000e+03 9.774000000000000000e+03
8.553000000000000000e+03 9.795000000000000000e+03
8.600000000000000000e+03 9.772000000000000000e+03
8.514000000000000000e+03 9.807000000000000000e+03
8.640000000000000000e+03 9.754000000000000000e+03
8.618000000000000000e+03 9.757000000000000000e+03
8.604000000000000000e+03 9.765000000000000000e+03
8.613000000000000000e+03 9.760000000000000000e+03
8.658000000000000000e+03 9.725000000000000000e+03
8.686000000000000000e+03 9.714000000000000000e+03
8.763000000000000000e+03 9.688000000000000000e+03
8.721000000000000000e+03 9.701000000000000000e+03
8.730000000000000000e+03 9.696000000000000000e+03
8.758000000000000000e+03 9.695000000000000000e+03
8.803000000000000000e+03 9.671000000000000000e+03
8.841000000000000000e+03 9.656000000000000000e+03
8.801000000000000000e+03 9.678000000000000000e+03
8.844000000000000000e+03 9.641000000000000000e+03
8.824000000000000000e+03 9.669000000000000000e+03
8.838000000000000000e+03 9.657000000000000000e+03
8.911000000000000000e+03 9.597000000000000000e+03
8.882000000000000000e+03 9.620000000000000000e+03
8.855000000000000000e+03 9.636000000000000000e+03
8.907000000000000000e+03 9.600000000000000000e+03
8.925000000000000000e+03 9.581000000000000000e+03
8.961000000000000000e+03 9.557000000000000000e+03
8.974000000000000000e+03 9.528000000000000000e+03
9.001000000000000000e+03 9.501000000000000000e+03
8.951000000000000000e+03 9.570000000000000000e+03
8.964000000000000000e+03 9.532000000000000000e+03
8.996000000000000000e+03 9.510000000000000000e+03
9.010000000000000000e+03 9.489000000000000000e+03
9.012000000000000000e+03 9.479000000000000000e+03
9.048000000000000000e+03 9.463000000000000000e+03
8.988000000000000000e+03 9.525000000000000000e+03
9.053000000000000000e+03 9.436000000000000000e+03
9.065000000000000000e+03 9.433000000000000000e+03
9.089000000000000000e+03 9.386000000000000000e+03
9.045000000000000000e+03 9.475000000000000000e+03
9.082000000000000000e+03 9.423000000000000000e+03
9.085000000000000000e+03 9.387000000000000000e+03
9.198000000000000000e+03 9.298000000000000000e+03
9.160000000000000000e+03 9.363000000000000000e+03
9.151000000000000000e+03 9.371000000000000000e+03
9.182000000000000000e+03 9.307000000000000000e+03
9.170000000000000000e+03 9.327000000000000000e+03
9.224000000000000000e+03 9.266000000000000000e+03
9.175000000000000000e+03 9.316000000000000000e+03
9.187000000000000000e+03 9.306000000000000000e+03
9.258000000000000000e+03 9.222000000000000000e+03
9.229000000000000000e+03 9.248000000000000000e+03
9.248000000000000000e+03 9.244000000000000000e+03
9.235000000000000000e+03 9.245000000000000000e+03
9.255000000000000000e+03 9.240000000000000000e+03
9.256000000000000000e+03 9.223000000000000000e+03
9.277000000000000000e+03 9.216000000000000000e+03
9.282000000000000000e+03 9.210000000000000000e+03
9.278000000000000000e+03 9.215000000000000000e+03
9.281000000000000000e+03 9.212000000000000000e+03
9.291000000000000000e+03 9.207000000000000000e+03
9.327000000000000000e+03 9.164000000000000000e+03
9.303000000000000000e+03 9.206000000000000000e+03
9.320000000000000000e+03 9.193000000000000000e+03
9.337000000000000000e+03 9.151000000000000000e+03
9.368000000000000000e+03 9.137000000000000000e+03
9.380000000000000000e+03 9.108000000000000000e+03
9.388000000000000000e+03 9.077000000000000000e+03
9.379000000000000000e+03 9.115000000000000000e+03
9.387000000000000000e+03 9.094000000000000000e+03
9.383000000000000000e+03 9.096000000000000000e+03
9.381000000000000000e+03 9.097000000000000000e+03
9.436000000000000000e+03 9.012000000000000000e+03
9.427000000000000000e+03 9.039000000000000000e+03
9.398000000000000000e+03 9.066000000000000000e+03
9.415000000000000000e+03 9.052000000000000000e+03
9.431000000000000000e+03 9.017000000000000000e+03
9.430000000000000000e+03 9.030000000000000000e+03
9.463000000000000000e+03 8.983000000000000000e+03
9.443000000000000000e+03 8.991000000000000000e+03
9.424000000000000000e+03 9.040000000000000000e+03
7.987000000000000000e+03 9.958000000000000000e+03
8.069000000000000000e+03 9.943000000000000000e+03
8.128000000000000000e+03 9.924000000000000000e+03
8.103000000000000000e+03 9.935000000000000000e+03
8.152000000000000000e+03 9.921000000000000000e+03
8.112000000000000000e+03 9.933000000000000000e+03
8.204000000000000000e+03 9.920000000000000000e+03
8.271000000000000000e+03 9.896000000000000000e+03
8.237000000000000000e+03 9.913000000000000000e+03
8.279000000000000000e+03 9.895000000000000000e+03
8.266000000000000000e+03 9.904000000000000000e+03
8.384000000000000000e+03 9.861000000000000000e+03
8.321000000000000000e+03 9.892000000000000000e+03
8.371000000000000000e+03 9.872000000000000000e+03
8.338000000000000000e+03 9.874000000000000000e+03
8.426000000000000000e+03 9.848000000000000000e+03
8.401000000000000000e+03 9.858000000000000000e+03
8.466000000000000000e+03 9.826000000000000000e+03
8.448000000000000000e+03 9.845000000000000000e+03
8.496000000000000000e+03 9.811000000000000000e+03
8.484000000000000000e+03 9.813000000000000000e+03
8.529000000000000000e+03 9.803000000000000000e+03
8.554000000000000000e+03 9.774000000000000000e+03
8.553000000000000000e+03 9.795000000000000000e+03
8.600000000000000000e+03 9.772000000000000000e+03
8.514000000000000000e+03 9.807000000000000000e+03
8.640000000000000000e+03 9.754000000000000000e+03
8.618000000000000000e+03 9.757000000000000000e+03
8.604000000000000000e+03 9.765000000000000000e+03
8.613000000000000000e+03 9.760000000000000000e+03
8.658000000000000000e+03 9.725000000000000000e+03
8.686000000000000000e+03 9.714000000000000000e+03
8.763000000000000000e+03 9.688000000000000000e+03
8.721000000000000000e+03 9.701000000000000000e+03
8.730000000000000000e+03 9.696000000000000000e+03
8.758000000000000000e+03 9.695000000000000000e+03
8.803000000000000000e+03 9.671000000000000000e+03
8.841000000000000000e+03 9.656000000000000000e+03
8.801000000000000000e+03 9.678000000000000000e+03
8.844000000000000000e+03 9.641000000000000000e+03
8.824000000000000000e+03 9.669000000000000000e+03
8.838000000000000000e+03 9.657000000000000000e+03
8.911000000000000000e+03 9.597000000000000000e+03
8.882000000000000000e+03 9.620000000000000000e+03
8.855000000000000000e+03 9.636000000000000000e+03
8.907000000000000000e+03 9.600000000000000000e+03
8.925000000000000000e+03 9.581000000000000000e+03
8.961000000000000000e+03 9.557000000000000000e+03
8.974000000000000000e+03 9.528000000000000000e+03
9.001000000000000000e+03 9.501000000000000000e+03
8.951000000000000000e+03 9.570000000000000000e+03
8.964000000000000000e+03 9.532000000000000000e+03
8.996000000000000000e+03 9.510000000000000000e+03
9.010000000000000000e+03 9.489000000000000000e+03
9.012000000000000000e+03 9.479000000000000000e+03
9.048000000000000000e+03 9.463000000000000000e+03
8.988000000000000000e+03 9.525000000000000000e+03
9.053000000000000000e+03 9.436000000000000000e+03
9.065000000000000000e+03 9.433000000000000000e+03
9.089000000000000000e+03 9.386000000000000000e+03
9.045000000000000000e+03 9.475000000000000000e+03
9.082000000000000000e+03 9.423000000000000000e+03
9.085000000000000000e+03 9.387000000000000000e+03
9.198000000000000000e+03 9.298000000000000000e+03
9.160000000000000000e+03 9.363000000000000000e+03
9.151000000000000000e+03 9.371000000000000000e+03
9.182000000000000000e+03 9.307000000000000000e+03
9.170000000000000000e+03 9.327000000000000000e+03
9.224000000000000000e+03 9.266000000000000000e+03
9.175000000000000000e+03 9.316000000000000000e+03
9.187000000000000000e+03 9.306000000000000000e+03
9.258000000000000000e+03 9.222000000000000000e+03
9.229000000000000000e+03 9.248000000000000000e+03
9.248000000000000000e+03 9.244000000000000000e+03
9.235000000000000000e+03 9.245000000000000000e+03
9.255000000000000000e+03 9.240000000000000000e+03
9.256000000000000000e+03 9.223000000000000000e+03
9.277000000000000000e+03 9.216000000000000000e+03
9.282000000000000000e+03 9.210000000000000000e+03
9.278000000000000000e+03 9.215000000000000000e+03
9.281000000000000000e+03 9.212000000000000000e+03
9.291000000000000000e+03 9.207000000000000000e+03
9.327000000000000000e+03 9.164000000000000000e+03
9.303000000000000000e+03 9.206000000000000000e+03
9.320000000000000000e+03 9.193000000000000000e+03
9.337000000000000000e+03 9.151000000000000000e+03
9.368000000000000000e+03 9.137000000000000000e+03
9.380000000000000000e+03 9.108000000000000000e+03
9.388000000000000000e+03 9.077000000000000000e+03
9.379000000000000000e+03 9.115000000000000000e+03
9.387000000000000000e+03 9.094000000000000000e+03
9.383000000000000000e+03 9.096000000000000000e+03
9.381000000000000000e+03 9.097000000000000000e+03
9.427000000000000000e+03 9.039000000000000000e+03
9.398000000000000000e+03 9.066000000000000000e+03
9.415000000000000000e+03 9.052000000000000000e+03
9.430000000000000000e+03 9.030000000000000000e+03
9.424000000000000000e+03 9.040000000000000000e+03
9.445000000000000000e+03 8.999000000000000000e+03
9.420000000000000000e+03 9.043000000000000000e+03
9.437000000000000000e+03 9.027000000000000000e+03
9.468000000000000000e+03 8.998000000000000000e+03
7.987000000000000000e+03 9.958000000000000000e+03
8.069000000000000000e+03 9.943000000000000000e+03
8.128000000000000000e+03 9.924000000000000000e+03
8.103000000000000000e+03 9.935000000000000000e+03
8.152000000000000000e+03 9.921000000000000000e+03
8.112000000000000000e+03 9.933000000000000000e+03
8.204000000000000000e+03 9.920000000000000000e+03
8.271000000000000000e+03 9.896000000000000000e+03
8.237000000000000000e+03 9.913000000000000000e+03
8.279000000000000000e+03 9.895000000000000000e+03
8.266000000000000000e+03 9.904000000000000000e+03
8.384000000000000000e+03 9.861000000000000000e+03
8.321000000000000000e+03 9.892000000000000000e+03
8.371000000000000000e+03 9.872000000000000000e+03
8.338000000000000000e+03 9.874000000000000000e+03
8.426000000000000000e+03 9.848000000000000000e+03
8.401000000000000000e+03 9.858000000000000000e+03
8.466000000000000000e+03 9.826000000000000000e+03
8.448000000000000000e+03 9.845000000000000000e+03
8.496000000000000000e+03 9.811000000000000000e+03
8.484000000000000000e+03 9.813000000000000000e+03
8.529000000000000000e+03 9.803000000000000000e+03
8.554000000000000000e+03 9.774000000000000000e+03
8.553000000000000000e+03 9.795000000000000000e+03
8.600000000000000000e+03 9.772000000000000000e+03
8.514000000000000000e+03 9.807000000000000000e+03
8.640000000000000000e+03 9.754000000000000000e+03
8.618000000000000000e+03 9.757000000000000000e+03
8.604000000000000000e+03 9.765000000000000000e+03
8.613000000000000000e+03 9.760000000000000000e+03
8.658000000000000000e+03 9.725000000000000000e+03
8.686000000000000000e+03 9.714000000000000000e+03
8.763000000000000000e+03 9.688000000000000000e+03
8.721000000000000000e+03 9.701000000000000000e+03
8.730000000000000000e+03 9.696000000000000000e+03
8.758000000000000000e+03 9.695000000000000000e+03
8.803000000000000000e+03 9.671000000000000000e+03
8.841000000000000000e+03 9.656000000000000000e+03
8.801000000000000000e+03 9.678000000000000000e+03
8.844000000000000000e+03 9.641000000000000000e+03
8.824000000000000000e+03 9.669000000000000000e+03
8.838000000000000000e+03 9.657000000000000000e+03
8.911000000000000000e+03 9.597000000000000000e+03
8.882000000000000000e+03 9.620000000000000000e+03
8.855000000000000000e+03 9.636000000000000000e+03
8.907000000000000000e+03 9.600000000000000000e+03
8.925000000000000000e+03 9.581000000000000000e+03
8.961000000000000000e+03 9.557000000000000000e+03
8.974000000000000000e+03 9.528000000000000000e+03
9.001000000000000000e+03 9.501000000000000000e+03
8.951000000000000000e+03 9.570000000000000000e+03
8.964000000000000000e+03 9.532000000000000000e+03
8.996000000000000000e+03 9.510000000000000000e+03
9.010000000000000000e+03 9.489000000000000000e+03
9.012000000000000000e+03 9.479000000000000000e+03
9.048000000000000000e+03 9.463000000000000000e+03
8.988000000000000000e+03 9.525000000000000000e+03
9.053000000000000000e+03 9.436000000000000000e+03
9.065000000000000000e+03 9.433000000000000000e+03
9.089000000000000000e+03 9.386000000000000000e+03
9.045000000000000000e+03 9.475000000000000000e+03
9.082000000000000000e+03 9.423000000000000000e+03
9.085000000000000000e+03 9.387000000000000000e+03
9.198000000000000000e+03 9.298000000000000000e+03
9.160000000000000000e+03 9.363000000000000000e+03
9.151000000000000000e+03 9.371000000000000000e+03
9.182000000000000000e+03 9.307000000000000000e+03
9.170000000000000000e+03 9.327000000000000000e+03
9.224000000000000000e+03 9.266000000000000000e+03
9.175000000000000000e+03 9.316000000000000000e+03
9.187000000000000000e+03 9.306000000000000000e+03
9.258000000000000000e+03 9.222000000000000000e+03
9.229000000000000000e+03 9.248000000000000000e+03
9.248000000000000000e+03 9.244000000000000000e+03
9.235000000000000000e+03 9.245000000000000000e+03
9.255000000000000000e+03 9.240000000000000000e+03
9.256000000000000000e+03 9.223000000000000000e+03
9.277000000000000000e+03 9.216000000000000000e+03
9.282000000000000000e+03 9.210000000000000000e+03
9.278000000000000000e+03 9.215000000000000000e+03
9.281000000000000000e+03 9.212000000000000000e+03
9.291000000000000000e+03 9.207000000000000000e+03
9.327000000000000000e+03 9.164000000000000000e+03
9.303000000000000000e+03 9.206000000000000000e+03
9.320000000000000000e+03 9.193000000000000000e+03
9.337000000000000000e+03 9.151000000000000000e+03
9.368000000000000000e+03 9.137000000000000000e+03
9.380000000000000000e+03 9.108000000000000000e+03
9.388000000000000000e+03 9.077000000000000000e+03
9.379000000000000000e+03 9.115000000000000000e+03
9.387000000000000000e+03 9.094000000000000000e+03
9.383000000000000000e+03 9.096000000000000000e+03
9.381000000000000000e+03 9.097000000000000000e+03
9.427000000000000000e+03 9.039000000000000000e+03
9.398000000000000000e+03 9.066000000000000000e+03
9.415000000000000000e+03 9.052000000000000000e+03
9.430000000000000000e+03 9.030000000000000000e+03
9.468000000000000000e+03 8.998000000000000000e+03
9.429000000000000000e+03 9.031000000000000000e+03
9.469000000000000000e+03 8.981000000000000000e+03
9.425000000000000000e+03 9.043000000000000000e+03
9.453000000000000000e+03 9.005000000000000000e+03
9.442000000000000000e+03 9.027000000000000000e+03
9.452000000000000000e+03 9.015000000000000000e+03
9.475000000000000000e+03 8.962000000000000000e+03
9.495000000000000000e+03 8.944000000000000000e+03
7.987000000000000000e+03 9.958000000000000000e+03
8.069000000000000000e+03 9.943000000000000000e+03
8.128000000000000000e+03 9.924000000000000000e+03
8.103000000000000000e+03 9.935000000000000000e+03
8.152000000000000000e+03 9.921000000000000000e+03
8.112000000000000000e+03 9.933000000000000000e+03
8.204000000000000000e+03 9.920000000000000000e+03
8.271000000000000000e+03 9.896000000000000000e+03
8.237000000000000000e+03 9.913000000000000000e+03
8.279000000000000000e+03 9.895000000000000000e+03
8.266000000000000000e+03 9.904000000000000000e+03
8.384000000000000000e+03 9.861000000000000000e+03
8.321000000000000000e+03 9.892000000000000000e+03
8.371000000000000000e+03 9.872000000000000000e+03
8.338000000000000000e+03 9.874000000000000000e+03
8.426000000000000000e+03 9.848000000000000000e+03
8.401000000000000000e+03 9.858000000000000000e+03
8.466000000000000000e+03 9.826000000000000000e+03
8.448000000000000000e+03 9.845000000000000000e+03
8.496000000000000000e+03 9.811000000000000000e+03
8.484000000000000000e+03 9.813000000000000000e+03
8.529000000000000000e+03 9.803000000000000000e+03
8.554000000000000000e+03 9.774000000000000000e+03
8.553000000000000000e+03 9.795000000000000000e+03
8.600000000000000000e+03 9.772000000000000000e+03
8.514000000000000000e+03 9.807000000000000000e+03
8.640000000000000000e+03 9.754000000000000000e+03
8.618000000000000000e+03 9.757000000000000000e+03
8.604000000000000000e+03 9.765000000000000000e+03
8.613000000000000000e+03 9.760000000000000000e+03
8.658000000000000000e+03 9.725000000000000000e+03
8.686000000000000000e+03 9.714000000000000000e+03
8.763000000000000000e+03 9.688000000000000000e+03
8.721000000000000000e+03 9.701000000000000000e+03
8.730000000000000000e+03 9.696000000000000000e+03
8.758000000000000000e+03 9.695000000000000000e+03
8.803000000000000000e+03 9.671000000000000000e+03
8.841000000000000000e+03 9.656000000000000000e+03
8.801000000000000000e+03 9.678000000000000000e+03
8.844000000000000000e+03 9.641000000000000000e+03
8.824000000000000000e+03 9.669000000000000000e+03
8.838000000000000000e+03 9.657000000000000000e+03
8.911000000000000000e+03 9.597000000000000000e+03
8.882000000000000000e+03 9.620000000000000000e+03
8.855000000000000000e+03 9.636000000000000000e+03
8.907000000000000000e+03 9.600000000000000000e+03
8.925000000000000000e+03 9.581000000000000000e+03
8.961000000000000000e+03 9.557000000000000000e+03
8.974000000000000000e+03 9.528000000000000000e+03
9.001000000000000000e+03 9.501000000000000000e+03
8.951000000000000000e+03 9.570000000000000000e+03
8.964000000000000000e+03 9.532000000000000000e+03
8.996000000000000000e+03 9.510000000000000000e+03
9.010000000000000000e+03 9.489000000000000000e+03
9.012000000000000000e+03 9.479000000000000000e+03
9.048000000000000000e+03 9.463000000000000000e+03
8.988000000000000000e+03 9.525000000000000000e+03
9.053000000000000000e+03 9.436000000000000000e+03
9.065000000000000000e+03 9.433000000000000000e+03
9.089000000000000000e+03 9.386000000000000000e+03
9.045000000000000000e+03 9.475000000000000000e+03
9.082000000000000000e+03 9.423000000000000000e+03
9.085000000000000000e+03 9.387000000000000000e+03
9.198000000000000000e+03 9.298000000000000000e+03
9.160000000000000000e+03 9.363000000000000000e+03
9.151000000000000000e+03 9.371000000000000000e+03
9.182000000000000000e+03 9.307000000000000000e+03
9.170000000000000000e+03 9.327000000000000000e+03
9.224000000000000000e+03 9.266000000000000000e+03
9.175000000000000000e+03 9.316000000000000000e+03
9.187000000000000000e+03 9.306000000000000000e+03
9.258000000000000000e+03 9.222000000000000000e+03
9.229000000000000000e+03 9.248000000000000000e+03
9.248000000000000000e+03 9.244000000000000000e+03
9.235000000000000000e+03 9.245000000000000000e+03
9.255000000000000000e+03 9.240000000000000000e+03
9.256000000000000000e+03 9.223000000000000000e+03
9.277000000000000000e+03 9.216000000000000000e+03
9.282000000000000000e+03 9.210000000000000000e+03
9.278000000000000000e+03 9.215000000000000000e+03
9.281000000000000000e+03 9.212000000000000000e+03
9.291000000000000000e+03 9.207000000000000000e+03
9.327000000000000000e+03 9.164000000000000000e+03
9.303000000000000000e+03 9.206000000000000000e+03
9.320000000000000000e+03 9.193000000000000000e+03
9.337000000000000000e+03 9.151000000000000000e+03
9.368000000000000000e+03 9.137000000000000000e+03
9.380000000000000000e+03 9.108000000000000000e+03
9.388000000000000000e+03 9.077000000000000000e+03
9.379000000000000000e+03 9.115000000000000000e+03
9.387000000000000000e+03 9.094000000000000000e+03
9.383000000000000000e+03 9.096000000000000000e+03
9.381000000000000000e+03 9.097000000000000000e+03
9.427000000000000000e+03 9.039000000000000000e+03
9.398000000000000000e+03 9.066000000000000000e+03
9.415000000000000000e+03 9.052000000000000000e+03
9.430000000000000000e+03 9.030000000000000000e+03
9.468000000000000000e+03 8.998000000000000000e+03
9.429000000000000000e+03 9.031000000000000000e+03
9.469000000000000000e+03 8.981000000000000000e+03
9.425000000000000000e+03 9.043000000000000000e+03
9.453000000000000000e+03 9.005000000000000000e+03
9.442000000000000000e+03 9.027000000000000000e+03
9.452000000000000000e+03 9.015000000000000000e+03
9.475000000000000000e+03 8.962000000000000000e+03
9.495000000000000000e+03 8.944000000000000000e+03
7.829000000000000000e+03 9.502000000000000000e+03
7.870000000000000000e+03 9.468000000000000000e+03
8.030000000000000000e+03 9.466000000000000000e+03
7.910000000000000000e+03 9.524000000000000000e+03
8.054000000000000000e+03 9.513000000000000000e+03
7.906000000000000000e+03 9.527000000000000000e+03
7.926000000000000000e+03 9.516000000000000000e+03
7.901000000000000000e+03 9.725000000000000000e+03
7.703000000000000000e+03 9.782000000000000000e+03
7.775000000000000000e+03 9.774000000000000000e+03
7.894000000000000000e+03 9.771000000000000000e+03
7.895000000000000000e+03 9.755000000000000000e+03
7.752000000000000000e+03 9.776000000000000000e+03
8.054000000000000000e+03 9.513000000000000000e+03
7.987000000000000000e+03 9.767000000000000000e+03
7.981000000000000000e+03 9.798000000000000000e+03
7.976000000000000000e+03 9.818000000000000000e+03
7.966000000000000000e+03 9.856000000000000000e+03
8.054000000000000000e+03 9.513000000000000000e+03
7.966000000000000000e+03 9.856000000000000000e+03
7.842000000000000000e+03 9.879000000000000000e+03
7.921000000000000000e+03 9.861000000000000000e+03
8.034000000000000000e+03 9.852000000000000000e+03
7.956000000000000000e+03 9.860000000000000000e+03
8.090000000000000000e+03 9.877000000000000000e+03
8.086000000000000000e+03 9.882000000000000000e+03
8.142000000000000000e+03 9.869000000000000000e+03
8.109000000000000000e+03 9.874000000000000000e+03
8.142000000000000000e+03 9.869000000000000000e+03
8.064000000000000000e+03 9.897000000000000000e+03
8.133000000000000000e+03 9.889000000000000000e+03
8.187000000000000000e+03 9.865000000000000000e+03
8.139000000000000000e+03 9.894000000000000000e+03
8.211000000000000000e+03 9.869000000000000000e+03
8.161000000000000000e+03 9.884000000000000000e+03
8.106000000000000000e+03 9.899000000000000000e+03
8.213000000000000000e+03 9.866000000000000000e+03
8.128000000000000000e+03 9.896000000000000000e+03
8.154000000000000000e+03 9.889000000000000000e+03
8.186000000000000000e+03 9.881000000000000000e+03
8.139000000000000000e+03 9.894000000000000000e+03
8.211000000000000000e+03 9.869000000000000000e+03
8.161000000000000000e+03 9.884000000000000000e+03
8.106000000000000000e+03 9.899000000000000000e+03
8.213000000000000000e+03 9.866000000000000000e+03
8.128000000000000000e+03 9.896000000000000000e+03
8.154000000000000000e+03 9.889000000000000000e+03
8.186000000000000000e+03 9.881000000000000000e+03
8.139000000000000000e+03 9.894000000000000000e+03
8.161000000000000000e+03 9.884000000000000000e+03
8.106000000000000000e+03 9.899000000000000000e+03
8.128000000000000000e+03 9.896000000000000000e+03
8.154000000000000000e+03 9.889000000000000000e+03
8.230000000000000000e+03 9.882000000000000000e+03
8.261000000000000000e+03 9.874000000000000000e+03
8.292000000000000000e+03 9.862000000000000000e+03
8.351000000000000000e+03 9.850000000000000000e+03
8.358000000000000000e+03 9.831000000000000000e+03
8.364000000000000000e+03 9.827000000000000000e+03
8.139000000000000000e+03 9.894000000000000000e+03
8.161000000000000000e+03 9.884000000000000000e+03
8.106000000000000000e+03 9.899000000000000000e+03
8.128000000000000000e+03 9.896000000000000000e+03
8.154000000000000000e+03 9.889000000000000000e+03
8.230000000000000000e+03 9.882000000000000000e+03
8.261000000000000000e+03 9.874000000000000000e+03
8.351000000000000000e+03 9.850000000000000000e+03
8.294000000000000000e+03 9.858000000000000000e+03
8.292000000000000000e+03 9.865000000000000000e+03
8.355000000000000000e+03 9.845000000000000000e+03
8.417000000000000000e+03 9.816000000000000000e+03
8.358000000000000000e+03 9.843000000000000000e+03
8.345000000000000000e+03 9.853000000000000000e+03
8.403000000000000000e+03 9.818000000000000000e+03
8.398000000000000000e+03 9.821000000000000000e+03
8.371000000000000000e+03 9.838000000000000000e+03
8.139000000000000000e+03 9.894000000000000000e+03
8.161000000000000000e+03 9.884000000000000000e+03
8.106000000000000000e+03 9.899000000000000000e+03
8.128000000000000000e+03 9.896000000000000000e+03
8.154000000000000000e+03 9.889000000000000000e+03
8.230000000000000000e+03 9.882000000000000000e+03
8.261000000000000000e+03 9.874000000000000000e+03
8.351000000000000000e+03 9.850000000000000000e+03
8.294000000000000000e+03 9.858000000000000000e+03
8.292000000000000000e+03 9.865000000000000000e+03
8.355000000000000000e+03 9.845000000000000000e+03
8.358000000000000000e+03 9.843000000000000000e+03
8.345000000000000000e+03 9.853000000000000000e+03
8.371000000000000000e+03 9.838000000000000000e+03
8.452000000000000000e+03 9.798000000000000000e+03
8.429000000000000000e+03 9.834000000000000000e+03
8.470000000000000000e+03 9.795000000000000000e+03
8.388000000000000000e+03 9.836000000000000000e+03
8.139000000000000000e+03 9.894000000000000000e+03
8.161000000000000000e+03 9.884000000000000000e+03
8.106000000000000000e+03 9.899000000000000000e+03
8.128000000000000000e+03 9.896000000000000000e+03
8.154000000000000000e+03 9.889000000000000000e+03
8.230000000000000000e+03 9.882000000000000000e+03
8.261000000000000000e+03 9.874000000000000000e+03
8.351000000000000000e+03 9.850000000000000000e+03
8.294000000000000000e+03 9.858000000000000000e+03
8.292000000000000000e+03 9.865000000000000000e+03
8.355000000000000000e+03 9.845000000000000000e+03
8.358000000000000000e+03 9.843000000000000000e+03
8.345000000000000000e+03 9.853000000000000000e+03
8.371000000000000000e+03 9.838000000000000000e+03
8.452000000000000000e+03 9.798000000000000000e+03
8.429000000000000000e+03 9.834000000000000000e+03
8.470000000000000000e+03 9.795000000000000000e+03
8.388000000000000000e+03 9.836000000000000000e+03
8.530000000000000000e+03 9.780000000000000000e+03
8.487000000000000000e+03 9.788000000000000000e+03
8.537000000000000000e+03 9.773000000000000000e+03
8.614000000000000000e+03 9.740000000000000000e+03
8.544000000000000000e+03 9.768000000000000000e+03
8.562000000000000000e+03 9.767000000000000000e+03
8.139000000000000000e+03 9.894000000000000000e+03
8.161000000000000000e+03 9.884000000000000000e+03
8.106000000000000000e+03 9.899000000000000000e+03
8.128000000000000000e+03 9.896000000000000000e+03
8.154000000000000000e+03 9.889000000000000000e+03
8.230000000000000000e+03 9.882000000000000000e+03
8.261000000000000000e+03 9.874000000000000000e+03
8.351000000000000000e+03 9.850000000000000000e+03
8.294000000000000000e+03 9.858000000000000000e+03
8.292000000000000000e+03 9.865000000000000000e+03
8.355000000000000000e+03 9.845000000000000000e+03
8.358000000000000000e+03 9.843000000000000000e+03
8.345000000000000000e+03 9.853000000000000000e+03
8.371000000000000000e+03 9.838000000000000000e+03
8.429000000000000000e+03 9.834000000000000000e+03
8.388000000000000000e+03 9.836000000000000000e+03
8.530000000000000000e+03 9.780000000000000000e+03
8.537000000000000000e+03 9.773000000000000000e+03
8.544000000000000000e+03 9.768000000000000000e+03
8.562000000000000000e+03 9.767000000000000000e+03
8.631000000000000000e+03 9.727000000000000000e+03
8.515000000000000000e+03 9.800000000000000000e+03
8.692000000000000000e+03 9.705000000000000000e+03
8.622000000000000000e+03 9.741000000000000000e+03
8.594000000000000000e+03 9.743000000000000000e+03
8.654000000000000000e+03 9.714000000000000000e+03
8.637000000000000000e+03 9.725000000000000000e+03
8.697000000000000000e+03 9.703000000000000000e+03
8.139000000000000000e+03 9.894000000000000000e+03
8.161000000000000000e+03 9.884000000000000000e+03
8.106000000000000000e+03 9.899000000000000000e+03
8.128000000000000000e+03 9.896000000000000000e+03
8.154000000000000000e+03 9.889000000000000000e+03
8.230000000000000000e+03 9.882000000000000000e+03
8.261000000000000000e+03 9.874000000000000000e+03
8.351000000000000000e+03 9.850000000000000000e+03
8.294000000000000000e+03 9.858000000000000000e+03
8.292000000000000000e+03 9.865000000000000000e+03
8.355000000000000000e+03 9.845000000000000000e+03
8.358000000000000000e+03 9.843000000000000000e+03
8.345000000000000000e+03 9.853000000000000000e+03
8.371000000000000000e+03 9.838000000000000000e+03
8.429000000000000000e+03 9.834000000000000000e+03
8.388000000000000000e+03 9.836000000000000000e+03
8.530000000000000000e+03 9.780000000000000000e+03
8.537000000000000000e+03 9.773000000000000000e+03
8.544000000000000000e+03 9.768000000000000000e+03
8.562000000000000000e+03 9.767000000000000000e+03
8.631000000000000000e+03 9.727000000000000000e+03
8.515000000000000000e+03 9.800000000000000000e+03
8.692000000000000000e+03 9.705000000000000000e+03
8.622000000000000000e+03 9.741000000000000000e+03
8.594000000000000000e+03 9.743000000000000000e+03
8.654000000000000000e+03 9.714000000000000000e+03
8.637000000000000000e+03 9.725000000000000000e+03
8.697000000000000000e+03 9.703000000000000000e+03
8.743000000000000000e+03 9.696000000000000000e+03
8.783000000000000000e+03 9.662000000000000000e+03
8.769000000000000000e+03 9.685000000000000000e+03
8.728000000000000000e+03 9.701000000000000000e+03
8.139000000000000000e+03 9.894000000000000000e+03
8.161000000000000000e+03 9.884000000000000000e+03
8.106000000000000000e+03 9.899000000000000000e+03
8.128000000000000000e+03 9.896000000000000000e+03
8.154000000000000000e+03 9.889000000000000000e+03
8.230000000000000000e+03 9.882000000000000000e+03
8.261000000000000000e+03 9.874000000000000000e+03
8.351000000000000000e+03 9.850000000000000000e+03
8.294000000000000000e+03 9.858000000000000000e+03
8.292000000000000000e+03 9.865000000000000000e+03
8.355000000000000000e+03 9.845000000000000000e+03
8.358000000000000000e+03 9.843000000000000000e+03
8.345000000000000000e+03 9.853000000000000000e+03
8.371000000000000000e+03 9.838000000000000000e+03
8.429000000000000000e+03 9.834000000000000000e+03
8.388000000000000000e+03 9.836000000000000000e+03
8.530000000000000000e+03 9.780000000000000000e+03
8.537000000000000000e+03 9.773000000000000000e+03
8.544000000000000000e+03 9.768000000000000000e+03
8.562000000000000000e+03 9.767000000000000000e+03
8.631000000000000000e+03 9.727000000000000000e+03
8.515000000000000000e+03 9.800000000000000000e+03
8.692000000000000000e+03 9.705000000000000000e+03
8.622000000000000000e+03 9.741000000000000000e+03
8.594000000000000000e+03 9.743000000000000000e+03
8.654000000000000000e+03 9.714000000000000000e+03
8.637000000000000000e+03 9.725000000000000000e+03
8.697000000000000000e+03 9.703000000000000000e+03
8.743000000000000000e+03 9.696000000000000000e+03
8.783000000000000000e+03 9.662000000000000000e+03
8.769000000000000000e+03 9.685000000000000000e+03
8.728000000000000000e+03 9.701000000000000000e+03
8.139000000000000000e+03 9.894000000000000000e+03
8.161000000000000000e+03 9.884000000000000000e+03
8.106000000000000000e+03 9.899000000000000000e+03
8.128000000000000000e+03 9.896000000000000000e+03
8.154000000000000000e+03 9.889000000000000000e+03
8.230000000000000000e+03 9.882000000000000000e+03
8.261000000000000000e+03 9.874000000000000000e+03
8.351000000000000000e+03 9.850000000000000000e+03
8.294000000000000000e+03 9.858000000000000000e+03
8.292000000000000000e+03 9.865000000000000000e+03
8.355000000000000000e+03 9.845000000000000000e+03
8.358000000000000000e+03 9.843000000000000000e+03
8.345000000000000000e+03 9.853000000000000000e+03
8.371000000000000000e+03 9.838000000000000000e+03
8.429000000000000000e+03 9.834000000000000000e+03
8.388000000000000000e+03 9.836000000000000000e+03
8.530000000000000000e+03 9.780000000000000000e+03
8.537000000000000000e+03 9.773000000000000000e+03
8.544000000000000000e+03 9.768000000000000000e+03
8.562000000000000000e+03 9.767000000000000000e+03
8.631000000000000000e+03 9.727000000000000000e+03
8.515000000000000000e+03 9.800000000000000000e+03
8.692000000000000000e+03 9.705000000000000000e+03
8.622000000000000000e+03 9.741000000000000000e+03
8.594000000000000000e+03 9.743000000000000000e+03
8.654000000000000000e+03 9.714000000000000000e+03
8.637000000000000000e+03 9.725000000000000000e+03
8.697000000000000000e+03 9.703000000000000000e+03
8.743000000000000000e+03 9.696000000000000000e+03
8.783000000000000000e+03 9.662000000000000000e+03
8.769000000000000000e+03 9.685000000000000000e+03
8.728000000000000000e+03 9.701000000000000000e+03
8.139000000000000000e+03 9.894000000000000000e+03
8.161000000000000000e+03 9.884000000000000000e+03
8.106000000000000000e+03 9.899000000000000000e+03
8.128000000000000000e+03 9.896000000000000000e+03
8.154000000000000000e+03 9.889000000000000000e+03
8.230000000000000000e+03 9.882000000000000000e+03
8.261000000000000000e+03 9.874000000000000000e+03
8.351000000000000000e+03 9.850000000000000000e+03
8.294000000000000000e+03 9.858000000000000000e+03
8.292000000000000000e+03 9.865000000000000000e+03
8.355000000000000000e+03 9.845000000000000000e+03
8.358000000000000000e+03 9.843000000000000000e+03
8.345000000000000000e+03 9.853000000000000000e+03
8.371000000000000000e+03 9.838000000000000000e+03
8.429000000000000000e+03 9.834000000000000000e+03
8.388000000000000000e+03 9.836000000000000000e+03
8.530000000000000000e+03 9.780000000000000000e+03
8.537000000000000000e+03 9.773000000000000000e+03
8.544000000000000000e+03 9.768000000000000000e+03
8.562000000000000000e+03 9.767000000000000000e+03
8.631000000000000000e+03 9.727000000000000000e+03
8.515000000000000000e+03 9.800000000000000000e+03
8.692000000000000000e+03 9.705000000000000000e+03
8.622000000000000000e+03 9.741000000000000000e+03
8.594000000000000000e+03 9.743000000000000000e+03
8.654000000000000000e+03 9.714000000000000000e+03
8.637000000000000000e+03 9.725000000000000000e+03
8.769000000000000000e+03 9.685000000000000000e+03
8.757000000000000000e+03 9.704000000000000000e+03
8.823000000000000000e+03 9.647000000000000000e+03
8.792000000000000000e+03 9.673000000000000000e+03
8.139000000000000000e+03 9.894000000000000000e+03
8.161000000000000000e+03 9.884000000000000000e+03
8.106000000000000000e+03 9.899000000000000000e+03
8.128000000000000000e+03 9.896000000000000000e+03
8.154000000000000000e+03 9.889000000000000000e+03
8.230000000000000000e+03 9.882000000000000000e+03
8.261000000000000000e+03 9.874000000000000000e+03
8.351000000000000000e+03 9.850000000000000000e+03
8.294000000000000000e+03 9.858000000000000000e+03
8.292000000000000000e+03 9.865000000000000000e+03
8.355000000000000000e+03 9.845000000000000000e+03
8.358000000000000000e+03 9.843000000000000000e+03
8.345000000000000000e+03 9.853000000000000000e+03
8.371000000000000000e+03 9.838000000000000000e+03
8.429000000000000000e+03 9.834000000000000000e+03
8.388000000000000000e+03 9.836000000000000000e+03
8.530000000000000000e+03 9.780000000000000000e+03
8.537000000000000000e+03 9.773000000000000000e+03
8.544000000000000000e+03 9.768000000000000000e+03
8.562000000000000000e+03 9.767000000000000000e+03
8.631000000000000000e+03 9.727000000000000000e+03
8.515000000000000000e+03 9.800000000000000000e+03
8.692000000000000000e+03 9.705000000000000000e+03
8.622000000000000000e+03 9.741000000000000000e+03
8.594000000000000000e+03 9.743000000000000000e+03
8.654000000000000000e+03 9.714000000000000000e+03
8.637000000000000000e+03 9.725000000000000000e+03
8.769000000000000000e+03 9.685000000000000000e+03
8.757000000000000000e+03 9.704000000000000000e+03
8.823000000000000000e+03 9.647000000000000000e+03
8.792000000000000000e+03 9.673000000000000000e+03
8.830000000000000000e+03 9.640000000000000000e+03
8.862000000000000000e+03 9.621000000000000000e+03
8.870000000000000000e+03 9.587000000000000000e+03
8.836000000000000000e+03 9.622000000000000000e+03
8.889000000000000000e+03 9.570000000000000000e+03
8.139000000000000000e+03 9.894000000000000000e+03
8.161000000000000000e+03 9.884000000000000000e+03
8.106000000000000000e+03 9.899000000000000000e+03
8.128000000000000000e+03 9.896000000000000000e+03
8.154000000000000000e+03 9.889000000000000000e+03
8.230000000000000000e+03 9.882000000000000000e+03
8.261000000000000000e+03 9.874000000000000000e+03
8.351000000000000000e+03 9.850000000000000000e+03
8.294000000000000000e+03 9.858000000000000000e+03
8.292000000000000000e+03 9.865000000000000000e+03
8.355000000000000000e+03 9.845000000000000000e+03
8.358000000000000000e+03 9.843000000000000000e+03
8.345000000000000000e+03 9.853000000000000000e+03
8.371000000000000000e+03 9.838000000000000000e+03
8.429000000000000000e+03 9.834000000000000000e+03
8.388000000000000000e+03 9.836000000000000000e+03
8.530000000000000000e+03 9.780000000000000000e+03
8.537000000000000000e+03 9.773000000000000000e+03
8.544000000000000000e+03 9.768000000000000000e+03
8.562000000000000000e+03 9.767000000000000000e+03
8.631000000000000000e+03 9.727000000000000000e+03
8.515000000000000000e+03 9.800000000000000000e+03
8.692000000000000000e+03 9.705000000000000000e+03
8.622000000000000000e+03 9.741000000000000000e+03
8.594000000000000000e+03 9.743000000000000000e+03
8.654000000000000000e+03 9.714000000000000000e+03
8.637000000000000000e+03 9.725000000000000000e+03
8.769000000000000000e+03 9.685000000000000000e+03
8.757000000000000000e+03 9.704000000000000000e+03
8.823000000000000000e+03 9.647000000000000000e+03
8.792000000000000000e+03 9.673000000000000000e+03
8.830000000000000000e+03 9.640000000000000000e+03
8.862000000000000000e+03 9.621000000000000000e+03
8.836000000000000000e+03 9.622000000000000000e+03
8.822000000000000000e+03 9.649000000000000000e+03
8.884000000000000000e+03 9.585000000000000000e+03
8.834000000000000000e+03 9.628000000000000000e+03
8.916000000000000000e+03 9.549000000000000000e+03
8.951000000000000000e+03 9.535000000000000000e+03
8.880000000000000000e+03 9.589000000000000000e+03
8.867000000000000000e+03 9.610000000000000000e+03
8.904000000000000000e+03 9.579000000000000000e+03
8.934000000000000000e+03 9.539000000000000000e+03
8.908000000000000000e+03 9.577000000000000000e+03
8.927000000000000000e+03 9.548000000000000000e+03
8.914000000000000000e+03 9.556000000000000000e+03
8.931000000000000000e+03 9.541000000000000000e+03
8.964000000000000000e+03 9.533000000000000000e+03
8.139000000000000000e+03 9.894000000000000000e+03
8.161000000000000000e+03 9.884000000000000000e+03
8.106000000000000000e+03 9.899000000000000000e+03
8.128000000000000000e+03 9.896000000000000000e+03
8.154000000000000000e+03 9.889000000000000000e+03
8.230000000000000000e+03 9.882000000000000000e+03
8.261000000000000000e+03 9.874000000000000000e+03
8.351000000000000000e+03 9.850000000000000000e+03
8.294000000000000000e+03 9.858000000000000000e+03
8.292000000000000000e+03 9.865000000000000000e+03
8.355000000000000000e+03 9.845000000000000000e+03
8.358000000000000000e+03 9.843000000000000000e+03
8.345000000000000000e+03 9.853000000000000000e+03
8.371000000000000000e+03 9.838000000000000000e+03
8.429000000000000000e+03 9.834000000000000000e+03
8.388000000000000000e+03 9.836000000000000000e+03
8.530000000000000000e+03 9.780000000000000000e+03
8.537000000000000000e+03 9.773000000000000000e+03
8.544000000000000000e+03 9.768000000000000000e+03
8.562000000000000000e+03 9.767000000000000000e+03
8.631000000000000000e+03 9.727000000000000000e+03
8.515000000000000000e+03 9.800000000000000000e+03
8.692000000000000000e+03 9.705000000000000000e+03
8.622000000000000000e+03 9.741000000000000000e+03
8.594000000000000000e+03 9.743000000000000000e+03
8.654000000000000000e+03 9.714000000000000000e+03
8.637000000000000000e+03 9.725000000000000000e+03
8.769000000000000000e+03 9.685000000000000000e+03
8.757000000000000000e+03 9.704000000000000000e+03
8.823000000000000000e+03 9.647000000000000000e+03
8.792000000000000000e+03 9.673000000000000000e+03
8.830000000000000000e+03 9.640000000000000000e+03
8.862000000000000000e+03 9.621000000000000000e+03
8.836000000000000000e+03 9.622000000000000000e+03
8.822000000000000000e+03 9.649000000000000000e+03
8.884000000000000000e+03 9.585000000000000000e+03
8.834000000000000000e+03 9.628000000000000000e+03
8.951000000000000000e+03 9.535000000000000000e+03
8.880000000000000000e+03 9.589000000000000000e+03
8.867000000000000000e+03 9.610000000000000000e+03
8.904000000000000000e+03 9.579000000000000000e+03
8.934000000000000000e+03 9.539000000000000000e+03
8.908000000000000000e+03 9.577000000000000000e+03
8.914000000000000000e+03 9.556000000000000000e+03
8.931000000000000000e+03 9.541000000000000000e+03
8.964000000000000000e+03 9.533000000000000000e+03
8.927000000000000000e+03 9.551000000000000000e+03
8.992000000000000000e+03 9.520000000000000000e+03
9.057000000000000000e+03 9.447000000000000000e+03
9.026000000000000000e+03 9.504000000000000000e+03
9.034000000000000000e+03 9.459000000000000000e+03
9.059000000000000000e+03 9.425000000000000000e+03
8.139000000000000000e+03 9.894000000000000000e+03
8.161000000000000000e+03 9.884000000000000000e+03
8.106000000000000000e+03 9.899000000000000000e+03
8.128000000000000000e+03 9.896000000000000000e+03
8.154000000000000000e+03 9.889000000000000000e+03
8.230000000000000000e+03 9.882000000000000000e+03
8.261000000000000000e+03 9.874000000000000000e+03
8.351000000000000000e+03 9.850000000000000000e+03
8.294000000000000000e+03 9.858000000000000000e+03
8.292000000000000000e+03 9.865000000000000000e+03
8.355000000000000000e+03 9.845000000000000000e+03
8.358000000000000000e+03 9.843000000000000000e+03
8.345000000000000000e+03 9.853000000000000000e+03
8.371000000000000000e+03 9.838000000000000000e+03
8.429000000000000000e+03 9.834000000000000000e+03
8.388000000000000000e+03 9.836000000000000000e+03
8.530000000000000000e+03 9.780000000000000000e+03
8.537000000000000000e+03 9.773000000000000000e+03
8.544000000000000000e+03 9.768000000000000000e+03
8.562000000000000000e+03 9.767000000000000000e+03
8.631000000000000000e+03 9.727000000000000000e+03
8.515000000000000000e+03 9.800000000000000000e+03
8.692000000000000000e+03 9.705000000000000000e+03
8.622000000000000000e+03 9.741000000000000000e+03
8.594000000000000000e+03 9.743000000000000000e+03
8.654000000000000000e+03 9.714000000000000000e+03
8.637000000000000000e+03 9.725000000000000000e+03
8.769000000000000000e+03 9.685000000000000000e+03
8.757000000000000000e+03 9.704000000000000000e+03
8.823000000000000000e+03 9.647000000000000000e+03
8.792000000000000000e+03 9.673000000000000000e+03
8.830000000000000000e+03 9.640000000000000000e+03
8.862000000000000000e+03 9.621000000000000000e+03
8.836000000000000000e+03 9.622000000000000000e+03
8.822000000000000000e+03 9.649000000000000000e+03
8.884000000000000000e+03 9.585000000000000000e+03
8.834000000000000000e+03 9.628000000000000000e+03
8.951000000000000000e+03 9.535000000000000000e+03
8.880000000000000000e+03 9.589000000000000000e+03
8.867000000000000000e+03 9.610000000000000000e+03
8.904000000000000000e+03 9.579000000000000000e+03
8.934000000000000000e+03 9.539000000000000000e+03
8.908000000000000000e+03 9.577000000000000000e+03
8.914000000000000000e+03 9.556000000000000000e+03
8.931000000000000000e+03 9.541000000000000000e+03
8.964000000000000000e+03 9.533000000000000000e+03
8.927000000000000000e+03 9.551000000000000000e+03
8.992000000000000000e+03 9.520000000000000000e+03
9.057000000000000000e+03 9.447000000000000000e+03
9.026000000000000000e+03 9.504000000000000000e+03
9.034000000000000000e+03 9.459000000000000000e+03
9.082000000000000000e+03 9.426000000000000000e+03
9.104000000000000000e+03 9.409000000000000000e+03
9.146000000000000000e+03 9.372000000000000000e+03
9.128000000000000000e+03 9.405000000000000000e+03
8.139000000000000000e+03 9.894000000000000000e+03
8.161000000000000000e+03 9.884000000000000000e+03
8.106000000000000000e+03 9.899000000000000000e+03
8.128000000000000000e+03 9.896000000000000000e+03
8.154000000000000000e+03 9.889000000000000000e+03
8.230000000000000000e+03 9.882000000000000000e+03
8.261000000000000000e+03 9.874000000000000000e+03
8.351000000000000000e+03 9.850000000000000000e+03
8.294000000000000000e+03 9.858000000000000000e+03
8.292000000000000000e+03 9.865000000000000000e+03
8.355000000000000000e+03 9.845000000000000000e+03
8.358000000000000000e+03 9.843000000000000000e+03
8.345000000000000000e+03 9.853000000000000000e+03
8.371000000000000000e+03 9.838000000000000000e+03
8.429000000000000000e+03 9.834000000000000000e+03
8.388000000000000000e+03 9.836000000000000000e+03
8.530000000000000000e+03 9.780000000000000000e+03
8.537000000000000000e+03 9.773000000000000000e+03
8.544000000000000000e+03 9.768000000000000000e+03
8.562000000000000000e+03 9.767000000000000000e+03
8.631000000000000000e+03 9.727000000000000000e+03
8.515000000000000000e+03 9.800000000000000000e+03
8.692000000000000000e+03 9.705000000000000000e+03
8.622000000000000000e+03 9.741000000000000000e+03
8.594000000000000000e+03 9.743000000000000000e+03
8.654000000000000000e+03 9.714000000000000000e+03
8.637000000000000000e+03 9.725000000000000000e+03
8.769000000000000000e+03 9.685000000000000000e+03
8.757000000000000000e+03 9.704000000000000000e+03
8.823000000000000000e+03 9.647000000000000000e+03
8.792000000000000000e+03 9.673000000000000000e+03
8.830000000000000000e+03 9.640000000000000000e+03
8.862000000000000000e+03 9.621000000000000000e+03
8.836000000000000000e+03 9.622000000000000000e+03
8.822000000000000000e+03 9.649000000000000000e+03
8.884000000000000000e+03 9.585000000000000000e+03
8.834000000000000000e+03 9.628000000000000000e+03
8.951000000000000000e+03 9.535000000000000000e+03
8.880000000000000000e+03 9.589000000000000000e+03
8.867000000000000000e+03 9.610000000000000000e+03
8.904000000000000000e+03 9.579000000000000000e+03
8.934000000000000000e+03 9.539000000000000000e+03
8.908000000000000000e+03 9.577000000000000000e+03
8.914000000000000000e+03 9.556000000000000000e+03
8.931000000000000000e+03 9.541000000000000000e+03
8.964000000000000000e+03 9.533000000000000000e+03
8.927000000000000000e+03 9.551000000000000000e+03
8.992000000000000000e+03 9.520000000000000000e+03
9.026000000000000000e+03 9.504000000000000000e+03
9.104000000000000000e+03 9.409000000000000000e+03
9.146000000000000000e+03 9.372000000000000000e+03
9.128000000000000000e+03 9.405000000000000000e+03
9.074000000000000000e+03 9.446000000000000000e+03
9.089000000000000000e+03 9.439000000000000000e+03
9.048000000000000000e+03 9.488000000000000000e+03
9.062000000000000000e+03 9.447000000000000000e+03
9.058000000000000000e+03 9.465000000000000000e+03
9.091000000000000000e+03 9.420000000000000000e+03
9.106000000000000000e+03 9.408000000000000000e+03
8.139000000000000000e+03 9.894000000000000000e+03
8.161000000000000000e+03 9.884000000000000000e+03
8.106000000000000000e+03 9.899000000000000000e+03
8.128000000000000000e+03 9.896000000000000000e+03
8.154000000000000000e+03 9.889000000000000000e+03
8.230000000000000000e+03 9.882000000000000000e+03
8.261000000000000000e+03 9.874000000000000000e+03
8.351000000000000000e+03 9.850000000000000000e+03
8.294000000000000000e+03 9.858000000000000000e+03
8.292000000000000000e+03 9.865000000000000000e+03
8.355000000000000000e+03 9.845000000000000000e+03
8.358000000000000000e+03 9.843000000000000000e+03
8.345000000000000000e+03 9.853000000000000000e+03
8.371000000000000000e+03 9.838000000000000000e+03
8.429000000000000000e+03 9.834000000000000000e+03
8.388000000000000000e+03 9.836000000000000000e+03
8.530000000000000000e+03 9.780000000000000000e+03
8.537000000000000000e+03 9.773000000000000000e+03
8.544000000000000000e+03 9.768000000000000000e+03
8.562000000000000000e+03 9.767000000000000000e+03
8.631000000000000000e+03 9.727000000000000000e+03
8.515000000000000000e+03 9.800000000000000000e+03
8.692000000000000000e+03 9.705000000000000000e+03
8.622000000000000000e+03 9.741000000000000000e+03
8.594000000000000000e+03 9.743000000000000000e+03
8.654000000000000000e+03 9.714000000000000000e+03
8.637000000000000000e+03 9.725000000000000000e+03
8.769000000000000000e+03 9.685000000000000000e+03
8.757000000000000000e+03 9.704000000000000000e+03
8.823000000000000000e+03 9.647000000000000000e+03
8.792000000000000000e+03 9.673000000000000000e+03
8.830000000000000000e+03 9.640000000000000000e+03
8.862000000000000000e+03 9.621000000000000000e+03
8.836000000000000000e+03 9.622000000000000000e+03
8.822000000000000000e+03 9.649000000000000000e+03
8.884000000000000000e+03 9.585000000000000000e+03
8.834000000000000000e+03 9.628000000000000000e+03
8.951000000000000000e+03 9.535000000000000000e+03
8.880000000000000000e+03 9.589000000000000000e+03
8.867000000000000000e+03 9.610000000000000000e+03
8.904000000000000000e+03 9.579000000000000000e+03
8.934000000000000000e+03 9.539000000000000000e+03
8.908000000000000000e+03 9.577000000000000000e+03
8.914000000000000000e+03 9.556000000000000000e+03
8.931000000000000000e+03 9.541000000000000000e+03
8.964000000000000000e+03 9.533000000000000000e+03
8.927000000000000000e+03 9.551000000000000000e+03
8.992000000000000000e+03 9.520000000000000000e+03
9.026000000000000000e+03 9.504000000000000000e+03
9.104000000000000000e+03 9.409000000000000000e+03
9.146000000000000000e+03 9.372000000000000000e+03
9.128000000000000000e+03 9.405000000000000000e+03
9.074000000000000000e+03 9.446000000000000000e+03
9.089000000000000000e+03 9.439000000000000000e+03
9.048000000000000000e+03 9.488000000000000000e+03
9.062000000000000000e+03 9.447000000000000000e+03
9.058000000000000000e+03 9.465000000000000000e+03
9.091000000000000000e+03 9.420000000000000000e+03
9.106000000000000000e+03 9.408000000000000000e+03
9.176000000000000000e+03 9.339000000000000000e+03
9.136000000000000000e+03 9.373000000000000000e+03
9.153000000000000000e+03 9.356000000000000000e+03
9.180000000000000000e+03 9.301000000000000000e+03
9.214000000000000000e+03 9.290000000000000000e+03
9.179000000000000000e+03 9.302000000000000000e+03
9.204000000000000000e+03 9.295000000000000000e+03
8.139000000000000000e+03 9.894000000000000000e+03
8.161000000000000000e+03 9.884000000000000000e+03
8.106000000000000000e+03 9.899000000000000000e+03
8.128000000000000000e+03 9.896000000000000000e+03
8.154000000000000000e+03 9.889000000000000000e+03
8.230000000000000000e+03 9.882000000000000000e+03
8.261000000000000000e+03 9.874000000000000000e+03
8.351000000000000000e+03 9.850000000000000000e+03
8.294000000000000000e+03 9.858000000000000000e+03
8.292000000000000000e+03 9.865000000000000000e+03
8.355000000000000000e+03 9.845000000000000000e+03
8.358000000000000000e+03 9.843000000000000000e+03
8.345000000000000000e+03 9.853000000000000000e+03
8.371000000000000000e+03 9.838000000000000000e+03
8.429000000000000000e+03 9.834000000000000000e+03
8.388000000000000000e+03 9.836000000000000000e+03
8.530000000000000000e+03 9.780000000000000000e+03
8.537000000000000000e+03 9.773000000000000000e+03
8.544000000000000000e+03 9.768000000000000000e+03
8.562000000000000000e+03 9.767000000000000000e+03
8.631000000000000000e+03 9.727000000000000000e+03
8.515000000000000000e+03 9.800000000000000000e+03
8.692000000000000000e+03 9.705000000000000000e+03
8.622000000000000000e+03 9.741000000000000000e+03
8.594000000000000000e+03 9.743000000000000000e+03
8.654000000000000000e+03 9.714000000000000000e+03
8.637000000000000000e+03 9.725000000000000000e+03
8.769000000000000000e+03 9.685000000000000000e+03
8.757000000000000000e+03 9.704000000000000000e+03
8.823000000000000000e+03 9.647000000000000000e+03
8.792000000000000000e+03 9.673000000000000000e+03
8.830000000000000000e+03 9.640000000000000000e+03
8.862000000000000000e+03 9.621000000000000000e+03
8.836000000000000000e+03 9.622000000000000000e+03
8.822000000000000000e+03 9.649000000000000000e+03
8.884000000000000000e+03 9.585000000000000000e+03
8.834000000000000000e+03 9.628000000000000000e+03
8.951000000000000000e+03 9.535000000000000000e+03
8.880000000000000000e+03 9.589000000000000000e+03
8.867000000000000000e+03 9.610000000000000000e+03
8.904000000000000000e+03 9.579000000000000000e+03
8.934000000000000000e+03 9.539000000000000000e+03
8.908000000000000000e+03 9.577000000000000000e+03
8.914000000000000000e+03 9.556000000000000000e+03
8.931000000000000000e+03 9.541000000000000000e+03
8.964000000000000000e+03 9.533000000000000000e+03
8.927000000000000000e+03 9.551000000000000000e+03
8.992000000000000000e+03 9.520000000000000000e+03
9.026000000000000000e+03 9.504000000000000000e+03
9.104000000000000000e+03 9.409000000000000000e+03
9.146000000000000000e+03 9.372000000000000000e+03
9.128000000000000000e+03 9.405000000000000000e+03
9.074000000000000000e+03 9.446000000000000000e+03
9.089000000000000000e+03 9.439000000000000000e+03
9.048000000000000000e+03 9.488000000000000000e+03
9.062000000000000000e+03 9.447000000000000000e+03
9.058000000000000000e+03 9.465000000000000000e+03
9.091000000000000000e+03 9.420000000000000000e+03
9.106000000000000000e+03 9.408000000000000000e+03
9.176000000000000000e+03 9.339000000000000000e+03
9.136000000000000000e+03 9.373000000000000000e+03
9.153000000000000000e+03 9.356000000000000000e+03
9.214000000000000000e+03 9.290000000000000000e+03
9.209000000000000000e+03 9.312000000000000000e+03
9.226000000000000000e+03 9.257000000000000000e+03
9.178000000000000000e+03 9.327000000000000000e+03
9.243000000000000000e+03 9.256000000000000000e+03
9.254000000000000000e+03 9.254000000000000000e+03
9.222000000000000000e+03 9.272000000000000000e+03
9.277000000000000000e+03 9.219000000000000000e+03
9.296000000000000000e+03 9.199000000000000000e+03
9.260000000000000000e+03 9.229000000000000000e+03
8.139000000000000000e+03 9.894000000000000000e+03
8.161000000000000000e+03 9.884000000000000000e+03
8.106000000000000000e+03 9.899000000000000000e+03
8.128000000000000000e+03 9.896000000000000000e+03
8.154000000000000000e+03 9.889000000000000000e+03
8.230000000000000000e+03 9.882000000000000000e+03
8.261000000000000000e+03 9.874000000000000000e+03
8.351000000000000000e+03 9.850000000000000000e+03
8.294000000000000000e+03 9.858000000000000000e+03
8.292000000000000000e+03 9.865000000000000000e+03
8.355000000000000000e+03 9.845000000000000000e+03
8.358000000000000000e+03 9.843000000000000000e+03
8.345000000000000000e+03 9.853000000000000000e+03
8.371000000000000000e+03 9.838000000000000000e+03
8.429000000000000000e+03 9.834000000000000000e+03
8.388000000000000000e+03 9.836000000000000000e+03
8.530000000000000000e+03 9.780000000000000000e+03
8.537000000000000000e+03 9.773000000000000000e+03
8.544000000000000000e+03 9.768000000000000000e+03
8.562000000000000000e+03 9.767000000000000000e+03
8.631000000000000000e+03 9.727000000000000000e+03
8.515000000000000000e+03 9.800000000000000000e+03
8.692000000000000000e+03 9.705000000000000000e+03
8.622000000000000000e+03 9.741000000000000000e+03
8.594000000000000000e+03 9.743000000000000000e+03
8.654000000000000000e+03 9.714000000000000000e+03
8.637000000000000000e+03 9.725000000000000000e+03
8.769000000000000000e+03 9.685000000000000000e+03
8.757000000000000000e+03 9.704000000000000000e+03
8.823000000000000000e+03 9.647000000000000000e+03
8.792000000000000000e+03 9.673000000000000000e+03
8.830000000000000000e+03 9.640000000000000000e+03
8.862000000000000000e+03 9.621000000000000000e+03
8.836000000000000000e+03 9.622000000000000000e+03
8.822000000000000000e+03 9.649000000000000000e+03
8.884000000000000000e+03 9.585000000000000000e+03
8.834000000000000000e+03 9.628000000000000000e+03
8.951000000000000000e+03 9.535000000000000000e+03
8.880000000000000000e+03 9.589000000000000000e+03
8.867000000000000000e+03 9.610000000000000000e+03
8.904000000000000000e+03 9.579000000000000000e+03
8.934000000000000000e+03 9.539000000000000000e+03
8.908000000000000000e+03 9.577000000000000000e+03
8.914000000000000000e+03 9.556000000000000000e+03
8.931000000000000000e+03 9.541000000000000000e+03
8.964000000000000000e+03 9.533000000000000000e+03
8.927000000000000000e+03 9.551000000000000000e+03
8.992000000000000000e+03 9.520000000000000000e+03
9.026000000000000000e+03 9.504000000000000000e+03
9.104000000000000000e+03 9.409000000000000000e+03
9.146000000000000000e+03 9.372000000000000000e+03
9.128000000000000000e+03 9.405000000000000000e+03
9.074000000000000000e+03 9.446000000000000000e+03
9.089000000000000000e+03 9.439000000000000000e+03
9.048000000000000000e+03 9.488000000000000000e+03
9.062000000000000000e+03 9.447000000000000000e+03
9.058000000000000000e+03 9.465000000000000000e+03
9.091000000000000000e+03 9.420000000000000000e+03
9.106000000000000000e+03 9.408000000000000000e+03
9.176000000000000000e+03 9.339000000000000000e+03
9.136000000000000000e+03 9.373000000000000000e+03
9.153000000000000000e+03 9.356000000000000000e+03
9.214000000000000000e+03 9.290000000000000000e+03
9.209000000000000000e+03 9.312000000000000000e+03
9.226000000000000000e+03 9.257000000000000000e+03
9.178000000000000000e+03 9.327000000000000000e+03
9.243000000000000000e+03 9.256000000000000000e+03
9.254000000000000000e+03 9.254000000000000000e+03
9.222000000000000000e+03 9.272000000000000000e+03
9.296000000000000000e+03 9.199000000000000000e+03
9.273000000000000000e+03 9.234000000000000000e+03
9.324000000000000000e+03 9.164000000000000000e+03
9.298000000000000000e+03 9.190000000000000000e+03
9.291000000000000000e+03 9.221000000000000000e+03
9.272000000000000000e+03 9.235000000000000000e+03
8.139000000000000000e+03 9.894000000000000000e+03
8.161000000000000000e+03 9.884000000000000000e+03
8.106000000000000000e+03 9.899000000000000000e+03
8.128000000000000000e+03 9.896000000000000000e+03
8.154000000000000000e+03 9.889000000000000000e+03
8.230000000000000000e+03 9.882000000000000000e+03
8.261000000000000000e+03 9.874000000000000000e+03
8.351000000000000000e+03 9.850000000000000000e+03
8.294000000000000000e+03 9.858000000000000000e+03
8.292000000000000000e+03 9.865000000000000000e+03
8.355000000000000000e+03 9.845000000000000000e+03
8.358000000000000000e+03 9.843000000000000000e+03
8.345000000000000000e+03 9.853000000000000000e+03
8.371000000000000000e+03 9.838000000000000000e+03
8.429000000000000000e+03 9.834000000000000000e+03
8.388000000000000000e+03 9.836000000000000000e+03
8.530000000000000000e+03 9.780000000000000000e+03
8.537000000000000000e+03 9.773000000000000000e+03
8.544000000000000000e+03 9.768000000000000000e+03
8.562000000000000000e+03 9.767000000000000000e+03
8.631000000000000000e+03 9.727000000000000000e+03
8.515000000000000000e+03 9.800000000000000000e+03
8.692000000000000000e+03 9.705000000000000000e+03
8.622000000000000000e+03 9.741000000000000000e+03
8.594000000000000000e+03 9.743000000000000000e+03
8.654000000000000000e+03 9.714000000000000000e+03
8.637000000000000000e+03 9.725000000000000000e+03
8.769000000000000000e+03 9.685000000000000000e+03
8.757000000000000000e+03 9.704000000000000000e+03
8.823000000000000000e+03 9.647000000000000000e+03
8.792000000000000000e+03 9.673000000000000000e+03
8.830000000000000000e+03 9.640000000000000000e+03
8.862000000000000000e+03 9.621000000000000000e+03
8.836000000000000000e+03 9.622000000000000000e+03
8.822000000000000000e+03 9.649000000000000000e+03
8.884000000000000000e+03 9.585000000000000000e+03
8.834000000000000000e+03 9.628000000000000000e+03
8.951000000000000000e+03 9.535000000000000000e+03
8.880000000000000000e+03 9.589000000000000000e+03
8.867000000000000000e+03 9.610000000000000000e+03
8.904000000000000000e+03 9.579000000000000000e+03
8.934000000000000000e+03 9.539000000000000000e+03
8.908000000000000000e+03 9.577000000000000000e+03
8.914000000000000000e+03 9.556000000000000000e+03
8.931000000000000000e+03 9.541000000000000000e+03
8.964000000000000000e+03 9.533000000000000000e+03
8.927000000000000000e+03 9.551000000000000000e+03
8.992000000000000000e+03 9.520000000000000000e+03
9.026000000000000000e+03 9.504000000000000000e+03
9.104000000000000000e+03 9.409000000000000000e+03
9.146000000000000000e+03 9.372000000000000000e+03
9.128000000000000000e+03 9.405000000000000000e+03
9.074000000000000000e+03 9.446000000000000000e+03
9.089000000000000000e+03 9.439000000000000000e+03
9.048000000000000000e+03 9.488000000000000000e+03
9.062000000000000000e+03 9.447000000000000000e+03
9.058000000000000000e+03 9.465000000000000000e+03
9.091000000000000000e+03 9.420000000000000000e+03
9.106000000000000000e+03 9.408000000000000000e+03
9.176000000000000000e+03 9.339000000000000000e+03
9.136000000000000000e+03 9.373000000000000000e+03
9.153000000000000000e+03 9.356000000000000000e+03
9.214000000000000000e+03 9.290000000000000000e+03
9.209000000000000000e+03 9.312000000000000000e+03
9.226000000000000000e+03 9.257000000000000000e+03
9.178000000000000000e+03 9.327000000000000000e+03
9.243000000000000000e+03 9.256000000000000000e+03
9.254000000000000000e+03 9.254000000000000000e+03
9.222000000000000000e+03 9.272000000000000000e+03
9.296000000000000000e+03 9.199000000000000000e+03
9.273000000000000000e+03 9.234000000000000000e+03
9.324000000000000000e+03 9.164000000000000000e+03
9.298000000000000000e+03 9.190000000000000000e+03
9.291000000000000000e+03 9.221000000000000000e+03
9.272000000000000000e+03 9.235000000000000000e+03
9.281000000000000000e+03 9.228000000000000000e+03
9.282000000000000000e+03 9.227000000000000000e+03
9.327000000000000000e+03 9.129000000000000000e+03
9.314000000000000000e+03 9.189000000000000000e+03
8.139000000000000000e+03 9.894000000000000000e+03
8.161000000000000000e+03 9.884000000000000000e+03
8.106000000000000000e+03 9.899000000000000000e+03
8.128000000000000000e+03 9.896000000000000000e+03
8.154000000000000000e+03 9.889000000000000000e+03
8.230000000000000000e+03 9.882000000000000000e+03
8.261000000000000000e+03 9.874000000000000000e+03
8.351000000000000000e+03 9.850000000000000000e+03
8.294000000000000000e+03 9.858000000000000000e+03
8.292000000000000000e+03 9.865000000000000000e+03
8.355000000000000000e+03 9.845000000000000000e+03
8.358000000000000000e+03 9.843000000000000000e+03
8.345000000000000000e+03 9.853000000000000000e+03
8.371000000000000000e+03 9.838000000000000000e+03
8.429000000000000000e+03 9.834000000000000000e+03
8.388000000000000000e+03 9.836000000000000000e+03
8.530000000000000000e+03 9.780000000000000000e+03
8.537000000000000000e+03 9.773000000000000000e+03
8.544000000000000000e+03 9.768000000000000000e+03
8.562000000000000000e+03 9.767000000000000000e+03
8.631000000000000000e+03 9.727000000000000000e+03
8.515000000000000000e+03 9.800000000000000000e+03
8.692000000000000000e+03 9.705000000000000000e+03
8.622000000000000000e+03 9.741000000000000000e+03
8.594000000000000000e+03 9.743000000000000000e+03
8.654000000000000000e+03 9.714000000000000000e+03
8.637000000000000000e+03 9.725000000000000000e+03
8.769000000000000000e+03 9.685000000000000000e+03
8.757000000000000000e+03 9.704000000000000000e+03
8.823000000000000000e+03 9.647000000000000000e+03
8.792000000000000000e+03 9.673000000000000000e+03
8.830000000000000000e+03 9.640000000000000000e+03
8.862000000000000000e+03 9.621000000000000000e+03
8.836000000000000000e+03 9.622000000000000000e+03
8.822000000000000000e+03 9.649000000000000000e+03
8.884000000000000000e+03 9.585000000000000000e+03
8.834000000000000000e+03 9.628000000000000000e+03
8.951000000000000000e+03 9.535000000000000000e+03
8.880000000000000000e+03 9.589000000000000000e+03
8.867000000000000000e+03 9.610000000000000000e+03
8.904000000000000000e+03 9.579000000000000000e+03
8.934000000000000000e+03 9.539000000000000000e+03
8.908000000000000000e+03 9.577000000000000000e+03
8.914000000000000000e+03 9.556000000000000000e+03
8.931000000000000000e+03 9.541000000000000000e+03
8.964000000000000000e+03 9.533000000000000000e+03
8.927000000000000000e+03 9.551000000000000000e+03
8.992000000000000000e+03 9.520000000000000000e+03
9.026000000000000000e+03 9.504000000000000000e+03
9.104000000000000000e+03 9.409000000000000000e+03
9.146000000000000000e+03 9.372000000000000000e+03
9.128000000000000000e+03 9.405000000000000000e+03
9.074000000000000000e+03 9.446000000000000000e+03
9.089000000000000000e+03 9.439000000000000000e+03
9.048000000000000000e+03 9.488000000000000000e+03
9.062000000000000000e+03 9.447000000000000000e+03
9.058000000000000000e+03 9.465000000000000000e+03
9.091000000000000000e+03 9.420000000000000000e+03
9.106000000000000000e+03 9.408000000000000000e+03
9.176000000000000000e+03 9.339000000000000000e+03
9.136000000000000000e+03 9.373000000000000000e+03
9.153000000000000000e+03 9.356000000000000000e+03
9.214000000000000000e+03 9.290000000000000000e+03
9.209000000000000000e+03 9.312000000000000000e+03
9.226000000000000000e+03 9.257000000000000000e+03
9.178000000000000000e+03 9.327000000000000000e+03
9.243000000000000000e+03 9.256000000000000000e+03
9.254000000000000000e+03 9.254000000000000000e+03
9.222000000000000000e+03 9.272000000000000000e+03
9.273000000000000000e+03 9.234000000000000000e+03
9.324000000000000000e+03 9.164000000000000000e+03
9.272000000000000000e+03 9.235000000000000000e+03
9.281000000000000000e+03 9.228000000000000000e+03
9.282000000000000000e+03 9.227000000000000000e+03
9.314000000000000000e+03 9.189000000000000000e+03
9.266000000000000000e+03 9.236000000000000000e+03
9.338000000000000000e+03 9.115000000000000000e+03
9.301000000000000000e+03 9.221000000000000000e+03
9.333000000000000000e+03 9.140000000000000000e+03
9.312000000000000000e+03 9.207000000000000000e+03
8.139000000000000000e+03 9.894000000000000000e+03
8.161000000000000000e+03 9.884000000000000000e+03
8.106000000000000000e+03 9.899000000000000000e+03
8.128000000000000000e+03 9.896000000000000000e+03
8.154000000000000000e+03 9.889000000000000000e+03
8.230000000000000000e+03 9.882000000000000000e+03
8.261000000000000000e+03 9.874000000000000000e+03
8.351000000000000000e+03 9.850000000000000000e+03
8.294000000000000000e+03 9.858000000000000000e+03
8.292000000000000000e+03 9.865000000000000000e+03
8.355000000000000000e+03 9.845000000000000000e+03
8.358000000000000000e+03 9.843000000000000000e+03
8.345000000000000000e+03 9.853000000000000000e+03
8.371000000000000000e+03 9.838000000000000000e+03
8.429000000000000000e+03 9.834000000000000000e+03
8.388000000000000000e+03 9.836000000000000000e+03
8.530000000000000000e+03 9.780000000000000000e+03
8.537000000000000000e+03 9.773000000000000000e+03
8.544000000000000000e+03 9.768000000000000000e+03
8.562000000000000000e+03 9.767000000000000000e+03
8.631000000000000000e+03 9.727000000000000000e+03
8.515000000000000000e+03 9.800000000000000000e+03
8.692000000000000000e+03 9.705000000000000000e+03
8.622000000000000000e+03 9.741000000000000000e+03
8.594000000000000000e+03 9.743000000000000000e+03
8.654000000000000000e+03 9.714000000000000000e+03
8.637000000000000000e+03 9.725000000000000000e+03
8.769000000000000000e+03 9.685000000000000000e+03
8.757000000000000000e+03 9.704000000000000000e+03
8.823000000000000000e+03 9.647000000000000000e+03
8.792000000000000000e+03 9.673000000000000000e+03
8.830000000000000000e+03 9.640000000000000000e+03
8.862000000000000000e+03 9.621000000000000000e+03
8.836000000000000000e+03 9.622000000000000000e+03
8.822000000000000000e+03 9.649000000000000000e+03
8.884000000000000000e+03 9.585000000000000000e+03
8.834000000000000000e+03 9.628000000000000000e+03
8.951000000000000000e+03 9.535000000000000000e+03
8.880000000000000000e+03 9.589000000000000000e+03
8.867000000000000000e+03 9.610000000000000000e+03
8.904000000000000000e+03 9.579000000000000000e+03
8.934000000000000000e+03 9.539000000000000000e+03
8.908000000000000000e+03 9.577000000000000000e+03
8.914000000000000000e+03 9.556000000000000000e+03
8.931000000000000000e+03 9.541000000000000000e+03
8.964000000000000000e+03 9.533000000000000000e+03
8.927000000000000000e+03 9.551000000000000000e+03
8.992000000000000000e+03 9.520000000000000000e+03
9.026000000000000000e+03 9.504000000000000000e+03
9.104000000000000000e+03 9.409000000000000000e+03
9.146000000000000000e+03 9.372000000000000000e+03
9.128000000000000000e+03 9.405000000000000000e+03
9.074000000000000000e+03 9.446000000000000000e+03
9.089000000000000000e+03 9.439000000000000000e+03
9.048000000000000000e+03 9.488000000000000000e+03
9.062000000000000000e+03 9.447000000000000000e+03
9.058000000000000000e+03 9.465000000000000000e+03
9.091000000000000000e+03 9.420000000000000000e+03
9.106000000000000000e+03 9.408000000000000000e+03
9.176000000000000000e+03 9.339000000000000000e+03
9.136000000000000000e+03 9.373000000000000000e+03
9.153000000000000000e+03 9.356000000000000000e+03
9.214000000000000000e+03 9.290000000000000000e+03
9.209000000000000000e+03 9.312000000000000000e+03
9.226000000000000000e+03 9.257000000000000000e+03
9.178000000000000000e+03 9.327000000000000000e+03
9.243000000000000000e+03 9.256000000000000000e+03
9.254000000000000000e+03 9.254000000000000000e+03
9.222000000000000000e+03 9.272000000000000000e+03
9.273000000000000000e+03 9.234000000000000000e+03
9.324000000000000000e+03 9.164000000000000000e+03
9.272000000000000000e+03 9.235000000000000000e+03
9.281000000000000000e+03 9.228000000000000000e+03
9.282000000000000000e+03 9.227000000000000000e+03
9.314000000000000000e+03 9.189000000000000000e+03
9.266000000000000000e+03 9.236000000000000000e+03
9.301000000000000000e+03 9.221000000000000000e+03
9.312000000000000000e+03 9.207000000000000000e+03
9.340000000000000000e+03 9.155000000000000000e+03
9.323000000000000000e+03 9.168000000000000000e+03
9.331000000000000000e+03 9.158000000000000000e+03
9.345000000000000000e+03 9.144000000000000000e+03
9.353000000000000000e+03 9.131000000000000000e+03
9.389000000000000000e+03 9.105000000000000000e+03
9.400000000000000000e+03 9.062000000000000000e+03
9.409000000000000000e+03 9.058000000000000000e+03
8.139000000000000000e+03 9.894000000000000000e+03
8.161000000000000000e+03 9.884000000000000000e+03
8.106000000000000000e+03 9.899000000000000000e+03
8.128000000000000000e+03 9.896000000000000000e+03
8.154000000000000000e+03 9.889000000000000000e+03
8.230000000000000000e+03 9.882000000000000000e+03
8.261000000000000000e+03 9.874000000000000000e+03
8.351000000000000000e+03 9.850000000000000000e+03
8.294000000000000000e+03 9.858000000000000000e+03
8.292000000000000000e+03 9.865000000000000000e+03
8.355000000000000000e+03 9.845000000000000000e+03
8.358000000000000000e+03 9.843000000000000000e+03
8.345000000000000000e+03 9.853000000000000000e+03
8.371000000000000000e+03 9.838000000000000000e+03
8.429000000000000000e+03 9.834000000000000000e+03
8.388000000000000000e+03 9.836000000000000000e+03
8.530000000000000000e+03 9.780000000000000000e+03
8.537000000000000000e+03 9.773000000000000000e+03
8.544000000000000000e+03 9.768000000000000000e+03
8.562000000000000000e+03 9.767000000000000000e+03
8.631000000000000000e+03 9.727000000000000000e+03
8.515000000000000000e+03 9.800000000000000000e+03
8.692000000000000000e+03 9.705000000000000000e+03
8.622000000000000000e+03 9.741000000000000000e+03
8.594000000000000000e+03 9.743000000000000000e+03
8.654000000000000000e+03 9.714000000000000000e+03
8.637000000000000000e+03 9.725000000000000000e+03
8.769000000000000000e+03 9.685000000000000000e+03
8.757000000000000000e+03 9.704000000000000000e+03
8.823000000000000000e+03 9.647000000000000000e+03
8.792000000000000000e+03 9.673000000000000000e+03
8.830000000000000000e+03 9.640000000000000000e+03
8.862000000000000000e+03 9.621000000000000000e+03
8.836000000000000000e+03 9.622000000000000000e+03
8.822000000000000000e+03 9.649000000000000000e+03
8.884000000000000000e+03 9.585000000000000000e+03
8.834000000000000000e+03 9.628000000000000000e+03
8.951000000000000000e+03 9.535000000000000000e+03
8.880000000000000000e+03 9.589000000000000000e+03
8.867000000000000000e+03 9.610000000000000000e+03
8.904000000000000000e+03 9.579000000000000000e+03
8.934000000000000000e+03 9.539000000000000000e+03
8.908000000000000000e+03 9.577000000000000000e+03
8.914000000000000000e+03 9.556000000000000000e+03
8.931000000000000000e+03 9.541000000000000000e+03
8.964000000000000000e+03 9.533000000000000000e+03
8.927000000000000000e+03 9.551000000000000000e+03
8.992000000000000000e+03 9.520000000000000000e+03
9.026000000000000000e+03 9.504000000000000000e+03
9.104000000000000000e+03 9.409000000000000000e+03
9.146000000000000000e+03 9.372000000000000000e+03
9.128000000000000000e+03 9.405000000000000000e+03
9.074000000000000000e+03 9.446000000000000000e+03
9.089000000000000000e+03 9.439000000000000000e+03
9.048000000000000000e+03 9.488000000000000000e+03
9.062000000000000000e+03 9.447000000000000000e+03
9.058000000000000000e+03 9.465000000000000000e+03
9.091000000000000000e+03 9.420000000000000000e+03
9.106000000000000000e+03 9.408000000000000000e+03
9.176000000000000000e+03 9.339000000000000000e+03
9.136000000000000000e+03 9.373000000000000000e+03
9.153000000000000000e+03 9.356000000000000000e+03
9.214000000000000000e+03 9.290000000000000000e+03
9.209000000000000000e+03 9.312000000000000000e+03
9.226000000000000000e+03 9.257000000000000000e+03
9.178000000000000000e+03 9.327000000000000000e+03
9.243000000000000000e+03 9.256000000000000000e+03
9.254000000000000000e+03 9.254000000000000000e+03
9.222000000000000000e+03 9.272000000000000000e+03
9.273000000000000000e+03 9.234000000000000000e+03
9.324000000000000000e+03 9.164000000000000000e+03
9.272000000000000000e+03 9.235000000000000000e+03
9.281000000000000000e+03 9.228000000000000000e+03
9.282000000000000000e+03 9.227000000000000000e+03
9.314000000000000000e+03 9.189000000000000000e+03
9.266000000000000000e+03 9.236000000000000000e+03
9.301000000000000000e+03 9.221000000000000000e+03
9.312000000000000000e+03 9.207000000000000000e+03
9.340000000000000000e+03 9.155000000000000000e+03
9.323000000000000000e+03 9.168000000000000000e+03
9.331000000000000000e+03 9.158000000000000000e+03
9.345000000000000000e+03 9.144000000000000000e+03
9.389000000000000000e+03 9.105000000000000000e+03
9.400000000000000000e+03 9.062000000000000000e+03
9.409000000000000000e+03 9.058000000000000000e+03
9.361000000000000000e+03 9.131000000000000000e+03
9.450000000000000000e+03 8.983000000000000000e+03
9.388000000000000000e+03 9.129000000000000000e+03
8.139000000000000000e+03 9.894000000000000000e+03
8.161000000000000000e+03 9.884000000000000000e+03
8.106000000000000000e+03 9.899000000000000000e+03
8.128000000000000000e+03 9.896000000000000000e+03
8.154000000000000000e+03 9.889000000000000000e+03
8.230000000000000000e+03 9.882000000000000000e+03
8.261000000000000000e+03 9.874000000000000000e+03
8.351000000000000000e+03 9.850000000000000000e+03
8.294000000000000000e+03 9.858000000000000000e+03
8.292000000000000000e+03 9.865000000000000000e+03
8.355000000000000000e+03 9.845000000000000000e+03
8.358000000000000000e+03 9.843000000000000000e+03
8.345000000000000000e+03 9.853000000000000000e+03
8.371000000000000000e+03 9.838000000000000000e+03
8.429000000000000000e+03 9.834000000000000000e+03
8.388000000000000000e+03 9.836000000000000000e+03
8.530000000000000000e+03 9.780000000000000000e+03
8.537000000000000000e+03 9.773000000000000000e+03
8.544000000000000000e+03 9.768000000000000000e+03
8.562000000000000000e+03 9.767000000000000000e+03
8.631000000000000000e+03 9.727000000000000000e+03
8.515000000000000000e+03 9.800000000000000000e+03
8.692000000000000000e+03 9.705000000000000000e+03
8.622000000000000000e+03 9.741000000000000000e+03
8.594000000000000000e+03 9.743000000000000000e+03
8.654000000000000000e+03 9.714000000000000000e+03
8.637000000000000000e+03 9.725000000000000000e+03
8.769000000000000000e+03 9.685000000000000000e+03
8.757000000000000000e+03 9.704000000000000000e+03
8.823000000000000000e+03 9.647000000000000000e+03
8.792000000000000000e+03 9.673000000000000000e+03
8.830000000000000000e+03 9.640000000000000000e+03
8.862000000000000000e+03 9.621000000000000000e+03
8.836000000000000000e+03 9.622000000000000000e+03
8.822000000000000000e+03 9.649000000000000000e+03
8.884000000000000000e+03 9.585000000000000000e+03
8.834000000000000000e+03 9.628000000000000000e+03
8.951000000000000000e+03 9.535000000000000000e+03
8.880000000000000000e+03 9.589000000000000000e+03
8.867000000000000000e+03 9.610000000000000000e+03
8.904000000000000000e+03 9.579000000000000000e+03
8.934000000000000000e+03 9.539000000000000000e+03
8.908000000000000000e+03 9.577000000000000000e+03
8.914000000000000000e+03 9.556000000000000000e+03
8.931000000000000000e+03 9.541000000000000000e+03
8.964000000000000000e+03 9.533000000000000000e+03
8.927000000000000000e+03 9.551000000000000000e+03
8.992000000000000000e+03 9.520000000000000000e+03
9.026000000000000000e+03 9.504000000000000000e+03
9.104000000000000000e+03 9.409000000000000000e+03
9.146000000000000000e+03 9.372000000000000000e+03
9.128000000000000000e+03 9.405000000000000000e+03
9.074000000000000000e+03 9.446000000000000000e+03
9.089000000000000000e+03 9.439000000000000000e+03
9.048000000000000000e+03 9.488000000000000000e+03
9.062000000000000000e+03 9.447000000000000000e+03
9.058000000000000000e+03 9.465000000000000000e+03
9.091000000000000000e+03 9.420000000000000000e+03
9.106000000000000000e+03 9.408000000000000000e+03
9.176000000000000000e+03 9.339000000000000000e+03
9.136000000000000000e+03 9.373000000000000000e+03
9.153000000000000000e+03 9.356000000000000000e+03
9.214000000000000000e+03 9.290000000000000000e+03
9.209000000000000000e+03 9.312000000000000000e+03
9.226000000000000000e+03 9.257000000000000000e+03
9.178000000000000000e+03 9.327000000000000000e+03
9.243000000000000000e+03 9.256000000000000000e+03
9.254000000000000000e+03 9.254000000000000000e+03
9.222000000000000000e+03 9.272000000000000000e+03
9.273000000000000000e+03 9.234000000000000000e+03
9.324000000000000000e+03 9.164000000000000000e+03
9.272000000000000000e+03 9.235000000000000000e+03
9.281000000000000000e+03 9.228000000000000000e+03
9.282000000000000000e+03 9.227000000000000000e+03
9.314000000000000000e+03 9.189000000000000000e+03
9.266000000000000000e+03 9.236000000000000000e+03
9.301000000000000000e+03 9.221000000000000000e+03
9.312000000000000000e+03 9.207000000000000000e+03
9.340000000000000000e+03 9.155000000000000000e+03
9.323000000000000000e+03 9.168000000000000000e+03
9.331000000000000000e+03 9.158000000000000000e+03
9.345000000000000000e+03 9.144000000000000000e+03
9.389000000000000000e+03 9.105000000000000000e+03
9.400000000000000000e+03 9.062000000000000000e+03
9.409000000000000000e+03 9.058000000000000000e+03
9.361000000000000000e+03 9.131000000000000000e+03
9.450000000000000000e+03 8.983000000000000000e+03
9.388000000000000000e+03 9.129000000000000000e+03
9.455000000000000000e+03 8.948000000000000000e+03
9.419000000000000000e+03 9.013000000000000000e+03
9.459000000000000000e+03 8.935000000000000000e+03
8.208000000000000000e+03 8.867000000000000000e+03
8.212000000000000000e+03 8.865000000000000000e+03
8.280000000000000000e+03 8.852000000000000000e+03
8.051000000000000000e+03 9.153000000000000000e+03
8.044000000000000000e+03 9.230000000000000000e+03
7.893000000000000000e+03 9.389000000000000000e+03
7.894000000000000000e+03 9.381000000000000000e+03
8.034000000000000000e+03 9.346000000000000000e+03
7.975000000000000000e+03 9.371000000000000000e+03
7.947000000000000000e+03 9.372000000000000000e+03
8.208000000000000000e+03 8.867000000000000000e+03
8.212000000000000000e+03 8.865000000000000000e+03
8.280000000000000000e+03 8.852000000000000000e+03
8.061000000000000000e+03 9.590000000000000000e+03
8.048000000000000000e+03 9.689000000000000000e+03
8.055000000000000000e+03 9.664000000000000000e+03
7.790000000000000000e+03 9.702000000000000000e+03
8.208000000000000000e+03 8.867000000000000000e+03
8.212000000000000000e+03 8.865000000000000000e+03
8.280000000000000000e+03 8.852000000000000000e+03
8.061000000000000000e+03 9.590000000000000000e+03
8.048000000000000000e+03 9.689000000000000000e+03
8.055000000000000000e+03 9.664000000000000000e+03
7.966000000000000000e+03 9.795000000000000000e+03
7.971000000000000000e+03 9.789000000000000000e+03
7.967000000000000000e+03 9.794000000000000000e+03
7.983000000000000000e+03 9.787000000000000000e+03
7.948000000000000000e+03 9.816000000000000000e+03
7.960000000000000000e+03 9.813000000000000000e+03
8.280000000000000000e+03 8.852000000000000000e+03
8.182000000000000000e+03 9.831000000000000000e+03
8.104000000000000000e+03 9.836000000000000000e+03
8.077000000000000000e+03 9.863000000000000000e+03
8.214000000000000000e+03 9.820000000000000000e+03
8.280000000000000000e+03 8.852000000000000000e+03
8.080000000000000000e+03 9.873000000000000000e+03
8.216000000000000000e+03 9.832000000000000000e+03
8.060000000000000000e+03 9.874000000000000000e+03
8.086000000000000000e+03 9.853000000000000000e+03
8.189000000000000000e+03 9.838000000000000000e+03
8.136000000000000000e+03 9.852000000000000000e+03
8.184000000000000000e+03 9.843000000000000000e+03
8.192000000000000000e+03 9.837000000000000000e+03
8.280000000000000000e+03 8.852000000000000000e+03
8.080000000000000000e+03 9.873000000000000000e+03
8.064000000000000000e+03 9.874000000000000000e+03
8.258000000000000000e+03 9.821000000000000000e+03
8.253000000000000000e+03 9.823000000000000000e+03
8.199000000000000000e+03 9.869000000000000000e+03
8.232000000000000000e+03 9.845000000000000000e+03
8.243000000000000000e+03 9.837000000000000000e+03
8.231000000000000000e+03 9.848000000000000000e+03
8.235000000000000000e+03 9.839000000000000000e+03
8.202000000000000000e+03 9.855000000000000000e+03
8.214000000000000000e+03 9.849000000000000000e+03
8.080000000000000000e+03 9.873000000000000000e+03
8.064000000000000000e+03 9.874000000000000000e+03
8.199000000000000000e+03 9.869000000000000000e+03
8.238000000000000000e+03 9.855000000000000000e+03
8.373000000000000000e+03 9.844000000000000000e+03
8.080000000000000000e+03 9.873000000000000000e+03
8.064000000000000000e+03 9.874000000000000000e+03
8.199000000000000000e+03 9.869000000000000000e+03
8.238000000000000000e+03 9.855000000000000000e+03
8.373000000000000000e+03 9.844000000000000000e+03
8.432000000000000000e+03 9.827000000000000000e+03
8.424000000000000000e+03 9.830000000000000000e+03
8.450000000000000000e+03 9.824000000000000000e+03
8.387000000000000000e+03 9.840000000000000000e+03
8.405000000000000000e+03 9.832000000000000000e+03
8.080000000000000000e+03 9.873000000000000000e+03
8.064000000000000000e+03 9.874000000000000000e+03
8.199000000000000000e+03 9.869000000000000000e+03
8.238000000000000000e+03 9.855000000000000000e+03
8.373000000000000000e+03 9.844000000000000000e+03
8.432000000000000000e+03 9.827000000000000000e+03
8.424000000000000000e+03 9.830000000000000000e+03
8.450000000000000000e+03 9.824000000000000000e+03
8.387000000000000000e+03 9.840000000000000000e+03
8.405000000000000000e+03 9.832000000000000000e+03
8.469000000000000000e+03 9.803000000000000000e+03
8.080000000000000000e+03 9.873000000000000000e+03
8.064000000000000000e+03 9.874000000000000000e+03
8.199000000000000000e+03 9.869000000000000000e+03
8.238000000000000000e+03 9.855000000000000000e+03
8.432000000000000000e+03 9.827000000000000000e+03
8.424000000000000000e+03 9.830000000000000000e+03
8.450000000000000000e+03 9.824000000000000000e+03
8.387000000000000000e+03 9.840000000000000000e+03
8.405000000000000000e+03 9.832000000000000000e+03
8.469000000000000000e+03 9.803000000000000000e+03
8.379000000000000000e+03 9.848000000000000000e+03
8.080000000000000000e+03 9.873000000000000000e+03
8.064000000000000000e+03 9.874000000000000000e+03
8.199000000000000000e+03 9.869000000000000000e+03
8.238000000000000000e+03 9.855000000000000000e+03
8.432000000000000000e+03 9.827000000000000000e+03
8.424000000000000000e+03 9.830000000000000000e+03
8.450000000000000000e+03 9.824000000000000000e+03
8.387000000000000000e+03 9.840000000000000000e+03
8.405000000000000000e+03 9.832000000000000000e+03
8.379000000000000000e+03 9.848000000000000000e+03
8.456000000000000000e+03 9.818000000000000000e+03
8.487000000000000000e+03 9.812000000000000000e+03
8.488000000000000000e+03 9.801000000000000000e+03
8.080000000000000000e+03 9.873000000000000000e+03
8.064000000000000000e+03 9.874000000000000000e+03
8.199000000000000000e+03 9.869000000000000000e+03
8.238000000000000000e+03 9.855000000000000000e+03
8.432000000000000000e+03 9.827000000000000000e+03
8.424000000000000000e+03 9.830000000000000000e+03
8.450000000000000000e+03 9.824000000000000000e+03
8.387000000000000000e+03 9.840000000000000000e+03
8.405000000000000000e+03 9.832000000000000000e+03
8.379000000000000000e+03 9.848000000000000000e+03
8.456000000000000000e+03 9.818000000000000000e+03
8.487000000000000000e+03 9.812000000000000000e+03
8.504000000000000000e+03 9.805000000000000000e+03
8.574000000000000000e+03 9.768000000000000000e+03
8.549000000000000000e+03 9.781000000000000000e+03
8.546000000000000000e+03 9.802000000000000000e+03
8.563000000000000000e+03 9.772000000000000000e+03
8.080000000000000000e+03 9.873000000000000000e+03
8.064000000000000000e+03 9.874000000000000000e+03
8.199000000000000000e+03 9.869000000000000000e+03
8.238000000000000000e+03 9.855000000000000000e+03
8.432000000000000000e+03 9.827000000000000000e+03
8.424000000000000000e+03 9.830000000000000000e+03
8.450000000000000000e+03 9.824000000000000000e+03
8.387000000000000000e+03 9.840000000000000000e+03
8.405000000000000000e+03 9.832000000000000000e+03
8.379000000000000000e+03 9.848000000000000000e+03
8.456000000000000000e+03 9.818000000000000000e+03
8.487000000000000000e+03 9.812000000000000000e+03
8.504000000000000000e+03 9.805000000000000000e+03
8.549000000000000000e+03 9.781000000000000000e+03
8.546000000000000000e+03 9.802000000000000000e+03
8.563000000000000000e+03 9.772000000000000000e+03
8.595000000000000000e+03 9.756000000000000000e+03
8.585000000000000000e+03 9.765000000000000000e+03
8.582000000000000000e+03 9.769000000000000000e+03
8.642000000000000000e+03 9.746000000000000000e+03
8.648000000000000000e+03 9.743000000000000000e+03
8.680000000000000000e+03 9.720000000000000000e+03
8.661000000000000000e+03 9.740000000000000000e+03
8.628000000000000000e+03 9.748000000000000000e+03
8.671000000000000000e+03 9.727000000000000000e+03
8.681000000000000000e+03 9.714000000000000000e+03
8.702000000000000000e+03 9.712000000000000000e+03
8.080000000000000000e+03 9.873000000000000000e+03
8.064000000000000000e+03 9.874000000000000000e+03
8.199000000000000000e+03 9.869000000000000000e+03
8.238000000000000000e+03 9.855000000000000000e+03
8.432000000000000000e+03 9.827000000000000000e+03
8.424000000000000000e+03 9.830000000000000000e+03
8.450000000000000000e+03 9.824000000000000000e+03
8.387000000000000000e+03 9.840000000000000000e+03
8.405000000000000000e+03 9.832000000000000000e+03
8.379000000000000000e+03 9.848000000000000000e+03
8.456000000000000000e+03 9.818000000000000000e+03
8.487000000000000000e+03 9.812000000000000000e+03
8.504000000000000000e+03 9.805000000000000000e+03
8.549000000000000000e+03 9.781000000000000000e+03
8.546000000000000000e+03 9.802000000000000000e+03
8.642000000000000000e+03 9.746000000000000000e+03
8.648000000000000000e+03 9.743000000000000000e+03
8.661000000000000000e+03 9.740000000000000000e+03
8.671000000000000000e+03 9.727000000000000000e+03
8.702000000000000000e+03 9.712000000000000000e+03
8.634000000000000000e+03 9.772000000000000000e+03
8.691000000000000000e+03 9.724000000000000000e+03
8.666000000000000000e+03 9.730000000000000000e+03
8.080000000000000000e+03 9.873000000000000000e+03
8.064000000000000000e+03 9.874000000000000000e+03
8.199000000000000000e+03 9.869000000000000000e+03
8.238000000000000000e+03 9.855000000000000000e+03
8.432000000000000000e+03 9.827000000000000000e+03
8.424000000000000000e+03 9.830000000000000000e+03
8.450000000000000000e+03 9.824000000000000000e+03
8.387000000000000000e+03 9.840000000000000000e+03
8.405000000000000000e+03 9.832000000000000000e+03
8.379000000000000000e+03 9.848000000000000000e+03
8.456000000000000000e+03 9.818000000000000000e+03
8.487000000000000000e+03 9.812000000000000000e+03
8.504000000000000000e+03 9.805000000000000000e+03
8.549000000000000000e+03 9.781000000000000000e+03
8.546000000000000000e+03 9.802000000000000000e+03
8.642000000000000000e+03 9.746000000000000000e+03
8.661000000000000000e+03 9.740000000000000000e+03
8.671000000000000000e+03 9.727000000000000000e+03
8.702000000000000000e+03 9.712000000000000000e+03
8.634000000000000000e+03 9.772000000000000000e+03
8.691000000000000000e+03 9.724000000000000000e+03
8.666000000000000000e+03 9.730000000000000000e+03
8.650000000000000000e+03 9.745000000000000000e+03
8.692000000000000000e+03 9.718000000000000000e+03
8.664000000000000000e+03 9.735000000000000000e+03
8.743000000000000000e+03 9.695000000000000000e+03
8.768000000000000000e+03 9.675000000000000000e+03
8.712000000000000000e+03 9.699000000000000000e+03
8.790000000000000000e+03 9.671000000000000000e+03
8.753000000000000000e+03 9.688000000000000000e+03
8.080000000000000000e+03 9.873000000000000000e+03
8.064000000000000000e+03 9.874000000000000000e+03
8.199000000000000000e+03 9.869000000000000000e+03
8.238000000000000000e+03 9.855000000000000000e+03
8.432000000000000000e+03 9.827000000000000000e+03
8.424000000000000000e+03 9.830000000000000000e+03
8.450000000000000000e+03 9.824000000000000000e+03
8.387000000000000000e+03 9.840000000000000000e+03
8.405000000000000000e+03 9.832000000000000000e+03
8.379000000000000000e+03 9.848000000000000000e+03
8.456000000000000000e+03 9.818000000000000000e+03
8.487000000000000000e+03 9.812000000000000000e+03
8.504000000000000000e+03 9.805000000000000000e+03
8.549000000000000000e+03 9.781000000000000000e+03
8.546000000000000000e+03 9.802000000000000000e+03
8.642000000000000000e+03 9.746000000000000000e+03
8.661000000000000000e+03 9.740000000000000000e+03
8.671000000000000000e+03 9.727000000000000000e+03
8.702000000000000000e+03 9.712000000000000000e+03
8.634000000000000000e+03 9.772000000000000000e+03
8.691000000000000000e+03 9.724000000000000000e+03
8.666000000000000000e+03 9.730000000000000000e+03
8.650000000000000000e+03 9.745000000000000000e+03
8.692000000000000000e+03 9.718000000000000000e+03
8.664000000000000000e+03 9.735000000000000000e+03
8.743000000000000000e+03 9.695000000000000000e+03
8.768000000000000000e+03 9.675000000000000000e+03
8.712000000000000000e+03 9.699000000000000000e+03
8.790000000000000000e+03 9.671000000000000000e+03
8.753000000000000000e+03 9.688000000000000000e+03
8.820000000000000000e+03 9.620000000000000000e+03
8.770000000000000000e+03 9.673000000000000000e+03
8.800000000000000000e+03 9.636000000000000000e+03
8.080000000000000000e+03 9.873000000000000000e+03
8.064000000000000000e+03 9.874000000000000000e+03
8.199000000000000000e+03 9.869000000000000000e+03
8.238000000000000000e+03 9.855000000000000000e+03
8.432000000000000000e+03 9.827000000000000000e+03
8.424000000000000000e+03 9.830000000000000000e+03
8.450000000000000000e+03 9.824000000000000000e+03
8.387000000000000000e+03 9.840000000000000000e+03
8.405000000000000000e+03 9.832000000000000000e+03
8.379000000000000000e+03 9.848000000000000000e+03
8.456000000000000000e+03 9.818000000000000000e+03
8.487000000000000000e+03 9.812000000000000000e+03
8.504000000000000000e+03 9.805000000000000000e+03
8.549000000000000000e+03 9.781000000000000000e+03
8.546000000000000000e+03 9.802000000000000000e+03
8.642000000000000000e+03 9.746000000000000000e+03
8.661000000000000000e+03 9.740000000000000000e+03
8.671000000000000000e+03 9.727000000000000000e+03
8.702000000000000000e+03 9.712000000000000000e+03
8.634000000000000000e+03 9.772000000000000000e+03
8.691000000000000000e+03 9.724000000000000000e+03
8.666000000000000000e+03 9.730000000000000000e+03
8.650000000000000000e+03 9.745000000000000000e+03
8.692000000000000000e+03 9.718000000000000000e+03
8.664000000000000000e+03 9.735000000000000000e+03
8.743000000000000000e+03 9.695000000000000000e+03
8.768000000000000000e+03 9.675000000000000000e+03
8.712000000000000000e+03 9.699000000000000000e+03
8.753000000000000000e+03 9.688000000000000000e+03
8.770000000000000000e+03 9.673000000000000000e+03
8.849000000000000000e+03 9.607000000000000000e+03
8.807000000000000000e+03 9.639000000000000000e+03
8.800000000000000000e+03 9.671000000000000000e+03
8.863000000000000000e+03 9.592000000000000000e+03
8.860000000000000000e+03 9.604000000000000000e+03
8.827000000000000000e+03 9.627000000000000000e+03
8.834000000000000000e+03 9.612000000000000000e+03
8.837000000000000000e+03 9.608000000000000000e+03
8.829000000000000000e+03 9.621000000000000000e+03
8.878000000000000000e+03 9.585000000000000000e+03
8.825000000000000000e+03 9.632000000000000000e+03
8.905000000000000000e+03 9.582000000000000000e+03
8.080000000000000000e+03 9.873000000000000000e+03
8.064000000000000000e+03 9.874000000000000000e+03
8.199000000000000000e+03 9.869000000000000000e+03
8.238000000000000000e+03 9.855000000000000000e+03
8.432000000000000000e+03 9.827000000000000000e+03
8.424000000000000000e+03 9.830000000000000000e+03
8.450000000000000000e+03 9.824000000000000000e+03
8.387000000000000000e+03 9.840000000000000000e+03
8.405000000000000000e+03 9.832000000000000000e+03
8.379000000000000000e+03 9.848000000000000000e+03
8.456000000000000000e+03 9.818000000000000000e+03
8.487000000000000000e+03 9.812000000000000000e+03
8.504000000000000000e+03 9.805000000000000000e+03
8.549000000000000000e+03 9.781000000000000000e+03
8.546000000000000000e+03 9.802000000000000000e+03
8.642000000000000000e+03 9.746000000000000000e+03
8.661000000000000000e+03 9.740000000000000000e+03
8.671000000000000000e+03 9.727000000000000000e+03
8.702000000000000000e+03 9.712000000000000000e+03
8.634000000000000000e+03 9.772000000000000000e+03
8.691000000000000000e+03 9.724000000000000000e+03
8.666000000000000000e+03 9.730000000000000000e+03
8.650000000000000000e+03 9.745000000000000000e+03
8.692000000000000000e+03 9.718000000000000000e+03
8.664000000000000000e+03 9.735000000000000000e+03
8.743000000000000000e+03 9.695000000000000000e+03
8.768000000000000000e+03 9.675000000000000000e+03
8.712000000000000000e+03 9.699000000000000000e+03
8.753000000000000000e+03 9.688000000000000000e+03
8.770000000000000000e+03 9.673000000000000000e+03
8.849000000000000000e+03 9.607000000000000000e+03
8.807000000000000000e+03 9.639000000000000000e+03
8.800000000000000000e+03 9.671000000000000000e+03
8.863000000000000000e+03 9.592000000000000000e+03
8.860000000000000000e+03 9.604000000000000000e+03
8.827000000000000000e+03 9.627000000000000000e+03
8.834000000000000000e+03 9.612000000000000000e+03
8.837000000000000000e+03 9.608000000000000000e+03
8.829000000000000000e+03 9.621000000000000000e+03
8.878000000000000000e+03 9.585000000000000000e+03
8.825000000000000000e+03 9.632000000000000000e+03
8.905000000000000000e+03 9.582000000000000000e+03
8.910000000000000000e+03 9.560000000000000000e+03
8.906000000000000000e+03 9.564000000000000000e+03
8.941000000000000000e+03 9.540000000000000000e+03
8.080000000000000000e+03 9.873000000000000000e+03
8.064000000000000000e+03 9.874000000000000000e+03
8.199000000000000000e+03 9.869000000000000000e+03
8.238000000000000000e+03 9.855000000000000000e+03
8.432000000000000000e+03 9.827000000000000000e+03
8.424000000000000000e+03 9.830000000000000000e+03
8.450000000000000000e+03 9.824000000000000000e+03
8.387000000000000000e+03 9.840000000000000000e+03
8.405000000000000000e+03 9.832000000000000000e+03
8.379000000000000000e+03 9.848000000000000000e+03
8.456000000000000000e+03 9.818000000000000000e+03
8.487000000000000000e+03 9.812000000000000000e+03
8.504000000000000000e+03 9.805000000000000000e+03
8.549000000000000000e+03 9.781000000000000000e+03
8.546000000000000000e+03 9.802000000000000000e+03
8.642000000000000000e+03 9.746000000000000000e+03
8.661000000000000000e+03 9.740000000000000000e+03
8.671000000000000000e+03 9.727000000000000000e+03
8.702000000000000000e+03 9.712000000000000000e+03
8.634000000000000000e+03 9.772000000000000000e+03
8.691000000000000000e+03 9.724000000000000000e+03
8.666000000000000000e+03 9.730000000000000000e+03
8.650000000000000000e+03 9.745000000000000000e+03
8.692000000000000000e+03 9.718000000000000000e+03
8.664000000000000000e+03 9.735000000000000000e+03
8.743000000000000000e+03 9.695000000000000000e+03
8.768000000000000000e+03 9.675000000000000000e+03
8.712000000000000000e+03 9.699000000000000000e+03
8.753000000000000000e+03 9.688000000000000000e+03
8.770000000000000000e+03 9.673000000000000000e+03
8.849000000000000000e+03 9.607000000000000000e+03
8.807000000000000000e+03 9.639000000000000000e+03
8.800000000000000000e+03 9.671000000000000000e+03
8.863000000000000000e+03 9.592000000000000000e+03
8.860000000000000000e+03 9.604000000000000000e+03
8.827000000000000000e+03 9.627000000000000000e+03
8.834000000000000000e+03 9.612000000000000000e+03
8.837000000000000000e+03 9.608000000000000000e+03
8.829000000000000000e+03 9.621000000000000000e+03
8.878000000000000000e+03 9.585000000000000000e+03
8.825000000000000000e+03 9.632000000000000000e+03
8.905000000000000000e+03 9.582000000000000000e+03
8.910000000000000000e+03 9.560000000000000000e+03
8.906000000000000000e+03 9.564000000000000000e+03
8.941000000000000000e+03 9.540000000000000000e+03
8.080000000000000000e+03 9.873000000000000000e+03
8.064000000000000000e+03 9.874000000000000000e+03
8.199000000000000000e+03 9.869000000000000000e+03
8.238000000000000000e+03 9.855000000000000000e+03
8.432000000000000000e+03 9.827000000000000000e+03
8.424000000000000000e+03 9.830000000000000000e+03
8.450000000000000000e+03 9.824000000000000000e+03
8.387000000000000000e+03 9.840000000000000000e+03
8.405000000000000000e+03 9.832000000000000000e+03
8.379000000000000000e+03 9.848000000000000000e+03
8.456000000000000000e+03 9.818000000000000000e+03
8.487000000000000000e+03 9.812000000000000000e+03
8.504000000000000000e+03 9.805000000000000000e+03
8.549000000000000000e+03 9.781000000000000000e+03
8.546000000000000000e+03 9.802000000000000000e+03
8.642000000000000000e+03 9.746000000000000000e+03
8.661000000000000000e+03 9.740000000000000000e+03
8.671000000000000000e+03 9.727000000000000000e+03
8.702000000000000000e+03 9.712000000000000000e+03
8.634000000000000000e+03 9.772000000000000000e+03
8.691000000000000000e+03 9.724000000000000000e+03
8.666000000000000000e+03 9.730000000000000000e+03
8.650000000000000000e+03 9.745000000000000000e+03
8.692000000000000000e+03 9.718000000000000000e+03
8.664000000000000000e+03 9.735000000000000000e+03
8.743000000000000000e+03 9.695000000000000000e+03
8.768000000000000000e+03 9.675000000000000000e+03
8.712000000000000000e+03 9.699000000000000000e+03
8.753000000000000000e+03 9.688000000000000000e+03
8.770000000000000000e+03 9.673000000000000000e+03
8.849000000000000000e+03 9.607000000000000000e+03
8.807000000000000000e+03 9.639000000000000000e+03
8.800000000000000000e+03 9.671000000000000000e+03
8.863000000000000000e+03 9.592000000000000000e+03
8.860000000000000000e+03 9.604000000000000000e+03
8.827000000000000000e+03 9.627000000000000000e+03
8.834000000000000000e+03 9.612000000000000000e+03
8.837000000000000000e+03 9.608000000000000000e+03
8.829000000000000000e+03 9.621000000000000000e+03
8.878000000000000000e+03 9.585000000000000000e+03
8.825000000000000000e+03 9.632000000000000000e+03
8.905000000000000000e+03 9.582000000000000000e+03
8.910000000000000000e+03 9.560000000000000000e+03
8.906000000000000000e+03 9.564000000000000000e+03
8.941000000000000000e+03 9.540000000000000000e+03
8.928000000000000000e+03 9.558000000000000000e+03
8.954000000000000000e+03 9.500000000000000000e+03
8.956000000000000000e+03 9.497000000000000000e+03
8.951000000000000000e+03 9.516000000000000000e+03
8.968000000000000000e+03 9.496000000000000000e+03
9.024000000000000000e+03 9.493000000000000000e+03
9.051000000000000000e+03 9.459000000000000000e+03
8.080000000000000000e+03 9.873000000000000000e+03
8.064000000000000000e+03 9.874000000000000000e+03
8.199000000000000000e+03 9.869000000000000000e+03
8.238000000000000000e+03 9.855000000000000000e+03
8.432000000000000000e+03 9.827000000000000000e+03
8.424000000000000000e+03 9.830000000000000000e+03
8.450000000000000000e+03 9.824000000000000000e+03
8.387000000000000000e+03 9.840000000000000000e+03
8.405000000000000000e+03 9.832000000000000000e+03
8.379000000000000000e+03 9.848000000000000000e+03
8.456000000000000000e+03 9.818000000000000000e+03
8.487000000000000000e+03 9.812000000000000000e+03
8.504000000000000000e+03 9.805000000000000000e+03
8.549000000000000000e+03 9.781000000000000000e+03
8.546000000000000000e+03 9.802000000000000000e+03
8.642000000000000000e+03 9.746000000000000000e+03
8.661000000000000000e+03 9.740000000000000000e+03
8.671000000000000000e+03 9.727000000000000000e+03
8.702000000000000000e+03 9.712000000000000000e+03
8.634000000000000000e+03 9.772000000000000000e+03
8.691000000000000000e+03 9.724000000000000000e+03
8.666000000000000000e+03 9.730000000000000000e+03
8.650000000000000000e+03 9.745000000000000000e+03
8.692000000000000000e+03 9.718000000000000000e+03
8.664000000000000000e+03 9.735000000000000000e+03
8.743000000000000000e+03 9.695000000000000000e+03
8.768000000000000000e+03 9.675000000000000000e+03
8.712000000000000000e+03 9.699000000000000000e+03
8.753000000000000000e+03 9.688000000000000000e+03
8.770000000000000000e+03 9.673000000000000000e+03
8.849000000000000000e+03 9.607000000000000000e+03
8.807000000000000000e+03 9.639000000000000000e+03
8.800000000000000000e+03 9.671000000000000000e+03
8.863000000000000000e+03 9.592000000000000000e+03
8.860000000000000000e+03 9.604000000000000000e+03
8.827000000000000000e+03 9.627000000000000000e+03
8.834000000000000000e+03 9.612000000000000000e+03
8.837000000000000000e+03 9.608000000000000000e+03
8.829000000000000000e+03 9.621000000000000000e+03
8.878000000000000000e+03 9.585000000000000000e+03
8.825000000000000000e+03 9.632000000000000000e+03
8.905000000000000000e+03 9.582000000000000000e+03
8.910000000000000000e+03 9.560000000000000000e+03
8.906000000000000000e+03 9.564000000000000000e+03
8.941000000000000000e+03 9.540000000000000000e+03
8.928000000000000000e+03 9.558000000000000000e+03
8.954000000000000000e+03 9.500000000000000000e+03
8.956000000000000000e+03 9.497000000000000000e+03
8.951000000000000000e+03 9.516000000000000000e+03
8.968000000000000000e+03 9.496000000000000000e+03
9.024000000000000000e+03 9.493000000000000000e+03
9.051000000000000000e+03 9.459000000000000000e+03
9.064000000000000000e+03 9.418000000000000000e+03
9.061000000000000000e+03 9.443000000000000000e+03
9.115000000000000000e+03 9.377000000000000000e+03
9.093000000000000000e+03 9.398000000000000000e+03
9.107000000000000000e+03 9.397000000000000000e+03
9.076000000000000000e+03 9.414000000000000000e+03
9.086000000000000000e+03 9.408000000000000000e+03
9.128000000000000000e+03 9.372000000000000000e+03
8.080000000000000000e+03 9.873000000000000000e+03
8.064000000000000000e+03 9.874000000000000000e+03
8.199000000000000000e+03 9.869000000000000000e+03
8.238000000000000000e+03 9.855000000000000000e+03
8.432000000000000000e+03 9.827000000000000000e+03
8.424000000000000000e+03 9.830000000000000000e+03
8.450000000000000000e+03 9.824000000000000000e+03
8.387000000000000000e+03 9.840000000000000000e+03
8.405000000000000000e+03 9.832000000000000000e+03
8.379000000000000000e+03 9.848000000000000000e+03
8.456000000000000000e+03 9.818000000000000000e+03
8.487000000000000000e+03 9.812000000000000000e+03
8.504000000000000000e+03 9.805000000000000000e+03
8.549000000000000000e+03 9.781000000000000000e+03
8.546000000000000000e+03 9.802000000000000000e+03
8.642000000000000000e+03 9.746000000000000000e+03
8.661000000000000000e+03 9.740000000000000000e+03
8.671000000000000000e+03 9.727000000000000000e+03
8.702000000000000000e+03 9.712000000000000000e+03
8.634000000000000000e+03 9.772000000000000000e+03
8.691000000000000000e+03 9.724000000000000000e+03
8.666000000000000000e+03 9.730000000000000000e+03
8.650000000000000000e+03 9.745000000000000000e+03
8.692000000000000000e+03 9.718000000000000000e+03
8.664000000000000000e+03 9.735000000000000000e+03
8.743000000000000000e+03 9.695000000000000000e+03
8.768000000000000000e+03 9.675000000000000000e+03
8.712000000000000000e+03 9.699000000000000000e+03
8.753000000000000000e+03 9.688000000000000000e+03
8.770000000000000000e+03 9.673000000000000000e+03
8.849000000000000000e+03 9.607000000000000000e+03
8.807000000000000000e+03 9.639000000000000000e+03
8.800000000000000000e+03 9.671000000000000000e+03
8.863000000000000000e+03 9.592000000000000000e+03
8.860000000000000000e+03 9.604000000000000000e+03
8.827000000000000000e+03 9.627000000000000000e+03
8.834000000000000000e+03 9.612000000000000000e+03
8.837000000000000000e+03 9.608000000000000000e+03
8.829000000000000000e+03 9.621000000000000000e+03
8.878000000000000000e+03 9.585000000000000000e+03
8.825000000000000000e+03 9.632000000000000000e+03
8.905000000000000000e+03 9.582000000000000000e+03
8.910000000000000000e+03 9.560000000000000000e+03
8.906000000000000000e+03 9.564000000000000000e+03
8.941000000000000000e+03 9.540000000000000000e+03
8.928000000000000000e+03 9.558000000000000000e+03
8.954000000000000000e+03 9.500000000000000000e+03
8.956000000000000000e+03 9.497000000000000000e+03
8.951000000000000000e+03 9.516000000000000000e+03
8.968000000000000000e+03 9.496000000000000000e+03
9.024000000000000000e+03 9.493000000000000000e+03
9.051000000000000000e+03 9.459000000000000000e+03
9.064000000000000000e+03 9.418000000000000000e+03
9.061000000000000000e+03 9.443000000000000000e+03
9.115000000000000000e+03 9.377000000000000000e+03
9.107000000000000000e+03 9.397000000000000000e+03
9.076000000000000000e+03 9.414000000000000000e+03
9.086000000000000000e+03 9.408000000000000000e+03
9.128000000000000000e+03 9.372000000000000000e+03
9.145000000000000000e+03 9.355000000000000000e+03
9.093000000000000000e+03 9.399000000000000000e+03
9.147000000000000000e+03 9.346000000000000000e+03
9.109000000000000000e+03 9.378000000000000000e+03
9.153000000000000000e+03 9.326000000000000000e+03
9.163000000000000000e+03 9.323000000000000000e+03
9.179000000000000000e+03 9.314000000000000000e+03
9.151000000000000000e+03 9.344000000000000000e+03
9.121000000000000000e+03 9.375000000000000000e+03
9.154000000000000000e+03 9.325000000000000000e+03
9.169000000000000000e+03 9.318000000000000000e+03
9.189000000000000000e+03 9.291000000000000000e+03
9.185000000000000000e+03 9.296000000000000000e+03
8.080000000000000000e+03 9.873000000000000000e+03
8.064000000000000000e+03 9.874000000000000000e+03
8.199000000000000000e+03 9.869000000000000000e+03
8.238000000000000000e+03 9.855000000000000000e+03
8.432000000000000000e+03 9.827000000000000000e+03
8.424000000000000000e+03 9.830000000000000000e+03
8.450000000000000000e+03 9.824000000000000000e+03
8.387000000000000000e+03 9.840000000000000000e+03
8.405000000000000000e+03 9.832000000000000000e+03
8.379000000000000000e+03 9.848000000000000000e+03
8.456000000000000000e+03 9.818000000000000000e+03
8.487000000000000000e+03 9.812000000000000000e+03
8.504000000000000000e+03 9.805000000000000000e+03
8.549000000000000000e+03 9.781000000000000000e+03
8.546000000000000000e+03 9.802000000000000000e+03
8.642000000000000000e+03 9.746000000000000000e+03
8.661000000000000000e+03 9.740000000000000000e+03
8.671000000000000000e+03 9.727000000000000000e+03
8.702000000000000000e+03 9.712000000000000000e+03
8.634000000000000000e+03 9.772000000000000000e+03
8.691000000000000000e+03 9.724000000000000000e+03
8.666000000000000000e+03 9.730000000000000000e+03
8.650000000000000000e+03 9.745000000000000000e+03
8.692000000000000000e+03 9.718000000000000000e+03
8.664000000000000000e+03 9.735000000000000000e+03
8.743000000000000000e+03 9.695000000000000000e+03
8.768000000000000000e+03 9.675000000000000000e+03
8.712000000000000000e+03 9.699000000000000000e+03
8.753000000000000000e+03 9.688000000000000000e+03
8.770000000000000000e+03 9.673000000000000000e+03
8.849000000000000000e+03 9.607000000000000000e+03
8.807000000000000000e+03 9.639000000000000000e+03
8.800000000000000000e+03 9.671000000000000000e+03
8.863000000000000000e+03 9.592000000000000000e+03
8.860000000000000000e+03 9.604000000000000000e+03
8.827000000000000000e+03 9.627000000000000000e+03
8.834000000000000000e+03 9.612000000000000000e+03
8.837000000000000000e+03 9.608000000000000000e+03
8.829000000000000000e+03 9.621000000000000000e+03
8.878000000000000000e+03 9.585000000000000000e+03
8.825000000000000000e+03 9.632000000000000000e+03
8.905000000000000000e+03 9.582000000000000000e+03
8.910000000000000000e+03 9.560000000000000000e+03
8.906000000000000000e+03 9.564000000000000000e+03
8.941000000000000000e+03 9.540000000000000000e+03
8.928000000000000000e+03 9.558000000000000000e+03
8.954000000000000000e+03 9.500000000000000000e+03
8.956000000000000000e+03 9.497000000000000000e+03
8.951000000000000000e+03 9.516000000000000000e+03
8.968000000000000000e+03 9.496000000000000000e+03
9.024000000000000000e+03 9.493000000000000000e+03
9.051000000000000000e+03 9.459000000000000000e+03
9.064000000000000000e+03 9.418000000000000000e+03
9.061000000000000000e+03 9.443000000000000000e+03
9.115000000000000000e+03 9.377000000000000000e+03
9.107000000000000000e+03 9.397000000000000000e+03
9.076000000000000000e+03 9.414000000000000000e+03
9.086000000000000000e+03 9.408000000000000000e+03
9.128000000000000000e+03 9.372000000000000000e+03
9.145000000000000000e+03 9.355000000000000000e+03
9.093000000000000000e+03 9.399000000000000000e+03
9.147000000000000000e+03 9.346000000000000000e+03
9.109000000000000000e+03 9.378000000000000000e+03
9.153000000000000000e+03 9.326000000000000000e+03
9.163000000000000000e+03 9.323000000000000000e+03
9.179000000000000000e+03 9.314000000000000000e+03
9.151000000000000000e+03 9.344000000000000000e+03
9.121000000000000000e+03 9.375000000000000000e+03
9.154000000000000000e+03 9.325000000000000000e+03
9.169000000000000000e+03 9.318000000000000000e+03
9.189000000000000000e+03 9.291000000000000000e+03
9.185000000000000000e+03 9.296000000000000000e+03
8.080000000000000000e+03 9.873000000000000000e+03
8.064000000000000000e+03 9.874000000000000000e+03
8.199000000000000000e+03 9.869000000000000000e+03
8.238000000000000000e+03 9.855000000000000000e+03
8.432000000000000000e+03 9.827000000000000000e+03
8.424000000000000000e+03 9.830000000000000000e+03
8.450000000000000000e+03 9.824000000000000000e+03
8.387000000000000000e+03 9.840000000000000000e+03
8.405000000000000000e+03 9.832000000000000000e+03
8.379000000000000000e+03 9.848000000000000000e+03
8.456000000000000000e+03 9.818000000000000000e+03
8.487000000000000000e+03 9.812000000000000000e+03
8.504000000000000000e+03 9.805000000000000000e+03
8.549000000000000000e+03 9.781000000000000000e+03
8.546000000000000000e+03 9.802000000000000000e+03
8.642000000000000000e+03 9.746000000000000000e+03
8.661000000000000000e+03 9.740000000000000000e+03
8.671000000000000000e+03 9.727000000000000000e+03
8.702000000000000000e+03 9.712000000000000000e+03
8.634000000000000000e+03 9.772000000000000000e+03
8.691000000000000000e+03 9.724000000000000000e+03
8.666000000000000000e+03 9.730000000000000000e+03
8.650000000000000000e+03 9.745000000000000000e+03
8.692000000000000000e+03 9.718000000000000000e+03
8.664000000000000000e+03 9.735000000000000000e+03
8.743000000000000000e+03 9.695000000000000000e+03
8.768000000000000000e+03 9.675000000000000000e+03
8.712000000000000000e+03 9.699000000000000000e+03
8.753000000000000000e+03 9.688000000000000000e+03
8.770000000000000000e+03 9.673000000000000000e+03
8.849000000000000000e+03 9.607000000000000000e+03
8.807000000000000000e+03 9.639000000000000000e+03
8.800000000000000000e+03 9.671000000000000000e+03
8.863000000000000000e+03 9.592000000000000000e+03
8.860000000000000000e+03 9.604000000000000000e+03
8.827000000000000000e+03 9.627000000000000000e+03
8.834000000000000000e+03 9.612000000000000000e+03
8.837000000000000000e+03 9.608000000000000000e+03
8.829000000000000000e+03 9.621000000000000000e+03
8.878000000000000000e+03 9.585000000000000000e+03
8.825000000000000000e+03 9.632000000000000000e+03
8.905000000000000000e+03 9.582000000000000000e+03
8.910000000000000000e+03 9.560000000000000000e+03
8.906000000000000000e+03 9.564000000000000000e+03
8.941000000000000000e+03 9.540000000000000000e+03
8.928000000000000000e+03 9.558000000000000000e+03
8.954000000000000000e+03 9.500000000000000000e+03
8.956000000000000000e+03 9.497000000000000000e+03
8.951000000000000000e+03 9.516000000000000000e+03
8.968000000000000000e+03 9.496000000000000000e+03
9.024000000000000000e+03 9.493000000000000000e+03
9.051000000000000000e+03 9.459000000000000000e+03
9.064000000000000000e+03 9.418000000000000000e+03
9.061000000000000000e+03 9.443000000000000000e+03
9.115000000000000000e+03 9.377000000000000000e+03
9.107000000000000000e+03 9.397000000000000000e+03
9.076000000000000000e+03 9.414000000000000000e+03
9.086000000000000000e+03 9.408000000000000000e+03
9.128000000000000000e+03 9.372000000000000000e+03
9.145000000000000000e+03 9.355000000000000000e+03
9.093000000000000000e+03 9.399000000000000000e+03
9.147000000000000000e+03 9.346000000000000000e+03
9.109000000000000000e+03 9.378000000000000000e+03
9.153000000000000000e+03 9.326000000000000000e+03
9.163000000000000000e+03 9.323000000000000000e+03
9.179000000000000000e+03 9.314000000000000000e+03
9.151000000000000000e+03 9.344000000000000000e+03
9.121000000000000000e+03 9.375000000000000000e+03
9.154000000000000000e+03 9.325000000000000000e+03
9.169000000000000000e+03 9.318000000000000000e+03
9.189000000000000000e+03 9.291000000000000000e+03
9.185000000000000000e+03 9.296000000000000000e+03
9.203000000000000000e+03 9.285000000000000000e+03
9.206000000000000000e+03 9.260000000000000000e+03
9.243000000000000000e+03 9.258000000000000000e+03
9.205000000000000000e+03 9.262000000000000000e+03
9.279000000000000000e+03 9.218000000000000000e+03
9.310000000000000000e+03 9.171000000000000000e+03
9.296000000000000000e+03 9.201000000000000000e+03
9.257000000000000000e+03 9.245000000000000000e+03
8.080000000000000000e+03 9.873000000000000000e+03
8.064000000000000000e+03 9.874000000000000000e+03
8.199000000000000000e+03 9.869000000000000000e+03
8.238000000000000000e+03 9.855000000000000000e+03
8.432000000000000000e+03 9.827000000000000000e+03
8.424000000000000000e+03 9.830000000000000000e+03
8.450000000000000000e+03 9.824000000000000000e+03
8.387000000000000000e+03 9.840000000000000000e+03
8.405000000000000000e+03 9.832000000000000000e+03
8.379000000000000000e+03 9.848000000000000000e+03
8.456000000000000000e+03 9.818000000000000000e+03
8.487000000000000000e+03 9.812000000000000000e+03
8.504000000000000000e+03 9.805000000000000000e+03
8.549000000000000000e+03 9.781000000000000000e+03
8.546000000000000000e+03 9.802000000000000000e+03
8.642000000000000000e+03 9.746000000000000000e+03
8.661000000000000000e+03 9.740000000000000000e+03
8.671000000000000000e+03 9.727000000000000000e+03
8.702000000000000000e+03 9.712000000000000000e+03
8.634000000000000000e+03 9.772000000000000000e+03
8.691000000000000000e+03 9.724000000000000000e+03
8.666000000000000000e+03 9.730000000000000000e+03
8.650000000000000000e+03 9.745000000000000000e+03
8.692000000000000000e+03 9.718000000000000000e+03
8.664000000000000000e+03 9.735000000000000000e+03
8.743000000000000000e+03 9.695000000000000000e+03
8.768000000000000000e+03 9.675000000000000000e+03
8.712000000000000000e+03 9.699000000000000000e+03
8.753000000000000000e+03 9.688000000000000000e+03
8.770000000000000000e+03 9.673000000000000000e+03
8.849000000000000000e+03 9.607000000000000000e+03
8.807000000000000000e+03 9.639000000000000000e+03
8.800000000000000000e+03 9.671000000000000000e+03
8.863000000000000000e+03 9.592000000000000000e+03
8.860000000000000000e+03 9.604000000000000000e+03
8.827000000000000000e+03 9.627000000000000000e+03
8.834000000000000000e+03 9.612000000000000000e+03
8.837000000000000000e+03 9.608000000000000000e+03
8.829000000000000000e+03 9.621000000000000000e+03
8.878000000000000000e+03 9.585000000000000000e+03
8.825000000000000000e+03 9.632000000000000000e+03
8.905000000000000000e+03 9.582000000000000000e+03
8.910000000000000000e+03 9.560000000000000000e+03
8.906000000000000000e+03 9.564000000000000000e+03
8.941000000000000000e+03 9.540000000000000000e+03
8.928000000000000000e+03 9.558000000000000000e+03
8.954000000000000000e+03 9.500000000000000000e+03
8.956000000000000000e+03 9.497000000000000000e+03
8.951000000000000000e+03 9.516000000000000000e+03
8.968000000000000000e+03 9.496000000000000000e+03
9.024000000000000000e+03 9.493000000000000000e+03
9.051000000000000000e+03 9.459000000000000000e+03
9.064000000000000000e+03 9.418000000000000000e+03
9.061000000000000000e+03 9.443000000000000000e+03
9.115000000000000000e+03 9.377000000000000000e+03
9.107000000000000000e+03 9.397000000000000000e+03
9.076000000000000000e+03 9.414000000000000000e+03
9.086000000000000000e+03 9.408000000000000000e+03
9.128000000000000000e+03 9.372000000000000000e+03
9.145000000000000000e+03 9.355000000000000000e+03
9.093000000000000000e+03 9.399000000000000000e+03
9.147000000000000000e+03 9.346000000000000000e+03
9.109000000000000000e+03 9.378000000000000000e+03
9.153000000000000000e+03 9.326000000000000000e+03
9.163000000000000000e+03 9.323000000000000000e+03
9.179000000000000000e+03 9.314000000000000000e+03
9.151000000000000000e+03 9.344000000000000000e+03
9.121000000000000000e+03 9.375000000000000000e+03
9.154000000000000000e+03 9.325000000000000000e+03
9.169000000000000000e+03 9.318000000000000000e+03
9.189000000000000000e+03 9.291000000000000000e+03
9.185000000000000000e+03 9.296000000000000000e+03
9.203000000000000000e+03 9.285000000000000000e+03
9.206000000000000000e+03 9.260000000000000000e+03
9.243000000000000000e+03 9.258000000000000000e+03
9.205000000000000000e+03 9.262000000000000000e+03
9.310000000000000000e+03 9.171000000000000000e+03
9.296000000000000000e+03 9.201000000000000000e+03
9.257000000000000000e+03 9.245000000000000000e+03
9.277000000000000000e+03 9.232000000000000000e+03
9.297000000000000000e+03 9.196000000000000000e+03
9.304000000000000000e+03 9.184000000000000000e+03
9.284000000000000000e+03 9.225000000000000000e+03
9.322000000000000000e+03 9.146000000000000000e+03
8.080000000000000000e+03 9.873000000000000000e+03
8.064000000000000000e+03 9.874000000000000000e+03
8.199000000000000000e+03 9.869000000000000000e+03
8.238000000000000000e+03 9.855000000000000000e+03
8.432000000000000000e+03 9.827000000000000000e+03
8.424000000000000000e+03 9.830000000000000000e+03
8.450000000000000000e+03 9.824000000000000000e+03
8.387000000000000000e+03 9.840000000000000000e+03
8.405000000000000000e+03 9.832000000000000000e+03
8.379000000000000000e+03 9.848000000000000000e+03
8.456000000000000000e+03 9.818000000000000000e+03
8.487000000000000000e+03 9.812000000000000000e+03
8.504000000000000000e+03 9.805000000000000000e+03
8.549000000000000000e+03 9.781000000000000000e+03
8.546000000000000000e+03 9.802000000000000000e+03
8.642000000000000000e+03 9.746000000000000000e+03
8.661000000000000000e+03 9.740000000000000000e+03
8.671000000000000000e+03 9.727000000000000000e+03
8.702000000000000000e+03 9.712000000000000000e+03
8.634000000000000000e+03 9.772000000000000000e+03
8.691000000000000000e+03 9.724000000000000000e+03
8.666000000000000000e+03 9.730000000000000000e+03
8.650000000000000000e+03 9.745000000000000000e+03
8.692000000000000000e+03 9.718000000000000000e+03
8.664000000000000000e+03 9.735000000000000000e+03
8.743000000000000000e+03 9.695000000000000000e+03
8.768000000000000000e+03 9.675000000000000000e+03
8.712000000000000000e+03 9.699000000000000000e+03
8.753000000000000000e+03 9.688000000000000000e+03
8.770000000000000000e+03 9.673000000000000000e+03
8.849000000000000000e+03 9.607000000000000000e+03
8.807000000000000000e+03 9.639000000000000000e+03
8.800000000000000000e+03 9.671000000000000000e+03
8.863000000000000000e+03 9.592000000000000000e+03
8.860000000000000000e+03 9.604000000000000000e+03
8.827000000000000000e+03 9.627000000000000000e+03
8.834000000000000000e+03 9.612000000000000000e+03
8.837000000000000000e+03 9.608000000000000000e+03
8.829000000000000000e+03 9.621000000000000000e+03
8.878000000000000000e+03 9.585000000000000000e+03
8.825000000000000000e+03 9.632000000000000000e+03
8.905000000000000000e+03 9.582000000000000000e+03
8.910000000000000000e+03 9.560000000000000000e+03
8.906000000000000000e+03 9.564000000000000000e+03
8.941000000000000000e+03 9.540000000000000000e+03
8.928000000000000000e+03 9.558000000000000000e+03
8.954000000000000000e+03 9.500000000000000000e+03
8.956000000000000000e+03 9.497000000000000000e+03
8.951000000000000000e+03 9.516000000000000000e+03
8.968000000000000000e+03 9.496000000000000000e+03
9.024000000000000000e+03 9.493000000000000000e+03
9.051000000000000000e+03 9.459000000000000000e+03
9.064000000000000000e+03 9.418000000000000000e+03
9.061000000000000000e+03 9.443000000000000000e+03
9.115000000000000000e+03 9.377000000000000000e+03
9.107000000000000000e+03 9.397000000000000000e+03
9.076000000000000000e+03 9.414000000000000000e+03
9.086000000000000000e+03 9.408000000000000000e+03
9.128000000000000000e+03 9.372000000000000000e+03
9.145000000000000000e+03 9.355000000000000000e+03
9.093000000000000000e+03 9.399000000000000000e+03
9.147000000000000000e+03 9.346000000000000000e+03
9.109000000000000000e+03 9.378000000000000000e+03
9.153000000000000000e+03 9.326000000000000000e+03
9.163000000000000000e+03 9.323000000000000000e+03
9.179000000000000000e+03 9.314000000000000000e+03
9.151000000000000000e+03 9.344000000000000000e+03
9.121000000000000000e+03 9.375000000000000000e+03
9.154000000000000000e+03 9.325000000000000000e+03
9.169000000000000000e+03 9.318000000000000000e+03
9.189000000000000000e+03 9.291000000000000000e+03
9.185000000000000000e+03 9.296000000000000000e+03
9.203000000000000000e+03 9.285000000000000000e+03
9.206000000000000000e+03 9.260000000000000000e+03
9.243000000000000000e+03 9.258000000000000000e+03
9.205000000000000000e+03 9.262000000000000000e+03
9.310000000000000000e+03 9.171000000000000000e+03
9.296000000000000000e+03 9.201000000000000000e+03
9.257000000000000000e+03 9.245000000000000000e+03
9.277000000000000000e+03 9.232000000000000000e+03
9.297000000000000000e+03 9.196000000000000000e+03
9.304000000000000000e+03 9.184000000000000000e+03
9.284000000000000000e+03 9.225000000000000000e+03
9.321000000000000000e+03 9.157000000000000000e+03
9.353000000000000000e+03 9.135000000000000000e+03
9.343000000000000000e+03 9.147000000000000000e+03
9.363000000000000000e+03 9.112000000000000000e+03
9.318000000000000000e+03 9.158000000000000000e+03
9.365000000000000000e+03 9.102000000000000000e+03
9.374000000000000000e+03 9.067000000000000000e+03
9.371000000000000000e+03 9.070000000000000000e+03
8.080000000000000000e+03 9.873000000000000000e+03
8.064000000000000000e+03 9.874000000000000000e+03
8.199000000000000000e+03 9.869000000000000000e+03
8.238000000000000000e+03 9.855000000000000000e+03
8.432000000000000000e+03 9.827000000000000000e+03
8.424000000000000000e+03 9.830000000000000000e+03
8.450000000000000000e+03 9.824000000000000000e+03
8.387000000000000000e+03 9.840000000000000000e+03
8.405000000000000000e+03 9.832000000000000000e+03
8.379000000000000000e+03 9.848000000000000000e+03
8.456000000000000000e+03 9.818000000000000000e+03
8.487000000000000000e+03 9.812000000000000000e+03
8.504000000000000000e+03 9.805000000000000000e+03
8.549000000000000000e+03 9.781000000000000000e+03
8.546000000000000000e+03 9.802000000000000000e+03
8.642000000000000000e+03 9.746000000000000000e+03
8.661000000000000000e+03 9.740000000000000000e+03
8.671000000000000000e+03 9.727000000000000000e+03
8.702000000000000000e+03 9.712000000000000000e+03
8.634000000000000000e+03 9.772000000000000000e+03
8.691000000000000000e+03 9.724000000000000000e+03
8.666000000000000000e+03 9.730000000000000000e+03
8.650000000000000000e+03 9.745000000000000000e+03
8.692000000000000000e+03 9.718000000000000000e+03
8.664000000000000000e+03 9.735000000000000000e+03
8.743000000000000000e+03 9.695000000000000000e+03
8.768000000000000000e+03 9.675000000000000000e+03
8.712000000000000000e+03 9.699000000000000000e+03
8.753000000000000000e+03 9.688000000000000000e+03
8.770000000000000000e+03 9.673000000000000000e+03
8.849000000000000000e+03 9.607000000000000000e+03
8.807000000000000000e+03 9.639000000000000000e+03
8.800000000000000000e+03 9.671000000000000000e+03
8.863000000000000000e+03 9.592000000000000000e+03
8.860000000000000000e+03 9.604000000000000000e+03
8.827000000000000000e+03 9.627000000000000000e+03
8.834000000000000000e+03 9.612000000000000000e+03
8.837000000000000000e+03 9.608000000000000000e+03
8.829000000000000000e+03 9.621000000000000000e+03
8.878000000000000000e+03 9.585000000000000000e+03
8.825000000000000000e+03 9.632000000000000000e+03
8.905000000000000000e+03 9.582000000000000000e+03
8.910000000000000000e+03 9.560000000000000000e+03
8.906000000000000000e+03 9.564000000000000000e+03
8.941000000000000000e+03 9.540000000000000000e+03
8.928000000000000000e+03 9.558000000000000000e+03
8.954000000000000000e+03 9.500000000000000000e+03
8.956000000000000000e+03 9.497000000000000000e+03
8.951000000000000000e+03 9.516000000000000000e+03
8.968000000000000000e+03 9.496000000000000000e+03
9.024000000000000000e+03 9.493000000000000000e+03
9.051000000000000000e+03 9.459000000000000000e+03
9.064000000000000000e+03 9.418000000000000000e+03
9.061000000000000000e+03 9.443000000000000000e+03
9.115000000000000000e+03 9.377000000000000000e+03
9.107000000000000000e+03 9.397000000000000000e+03
9.076000000000000000e+03 9.414000000000000000e+03
9.086000000000000000e+03 9.408000000000000000e+03
9.128000000000000000e+03 9.372000000000000000e+03
9.145000000000000000e+03 9.355000000000000000e+03
9.093000000000000000e+03 9.399000000000000000e+03
9.147000000000000000e+03 9.346000000000000000e+03
9.109000000000000000e+03 9.378000000000000000e+03
9.153000000000000000e+03 9.326000000000000000e+03
9.163000000000000000e+03 9.323000000000000000e+03
9.179000000000000000e+03 9.314000000000000000e+03
9.151000000000000000e+03 9.344000000000000000e+03
9.121000000000000000e+03 9.375000000000000000e+03
9.154000000000000000e+03 9.325000000000000000e+03
9.169000000000000000e+03 9.318000000000000000e+03
9.189000000000000000e+03 9.291000000000000000e+03
9.185000000000000000e+03 9.296000000000000000e+03
9.203000000000000000e+03 9.285000000000000000e+03
9.206000000000000000e+03 9.260000000000000000e+03
9.243000000000000000e+03 9.258000000000000000e+03
9.205000000000000000e+03 9.262000000000000000e+03
9.310000000000000000e+03 9.171000000000000000e+03
9.296000000000000000e+03 9.201000000000000000e+03
9.257000000000000000e+03 9.245000000000000000e+03
9.277000000000000000e+03 9.232000000000000000e+03
9.297000000000000000e+03 9.196000000000000000e+03
9.304000000000000000e+03 9.184000000000000000e+03
9.284000000000000000e+03 9.225000000000000000e+03
9.321000000000000000e+03 9.157000000000000000e+03
9.353000000000000000e+03 9.135000000000000000e+03
9.343000000000000000e+03 9.147000000000000000e+03
9.363000000000000000e+03 9.112000000000000000e+03
9.318000000000000000e+03 9.158000000000000000e+03
9.365000000000000000e+03 9.102000000000000000e+03
9.388000000000000000e+03 9.080000000000000000e+03
9.393000000000000000e+03 9.054000000000000000e+03
9.395000000000000000e+03 9.051000000000000000e+03
9.373000000000000000e+03 9.092000000000000000e+03
8.080000000000000000e+03 9.873000000000000000e+03
8.064000000000000000e+03 9.874000000000000000e+03
8.199000000000000000e+03 9.869000000000000000e+03
8.238000000000000000e+03 9.855000000000000000e+03
8.432000000000000000e+03 9.827000000000000000e+03
8.424000000000000000e+03 9.830000000000000000e+03
8.450000000000000000e+03 9.824000000000000000e+03
8.387000000000000000e+03 9.840000000000000000e+03
8.405000000000000000e+03 9.832000000000000000e+03
8.379000000000000000e+03 9.848000000000000000e+03
8.456000000000000000e+03 9.818000000000000000e+03
8.487000000000000000e+03 9.812000000000000000e+03
8.504000000000000000e+03 9.805000000000000000e+03
8.549000000000000000e+03 9.781000000000000000e+03
8.546000000000000000e+03 9.802000000000000000e+03
8.642000000000000000e+03 9.746000000000000000e+03
8.661000000000000000e+03 9.740000000000000000e+03
8.671000000000000000e+03 9.727000000000000000e+03
8.702000000000000000e+03 9.712000000000000000e+03
8.634000000000000000e+03 9.772000000000000000e+03
8.691000000000000000e+03 9.724000000000000000e+03
8.666000000000000000e+03 9.730000000000000000e+03
8.650000000000000000e+03 9.745000000000000000e+03
8.692000000000000000e+03 9.718000000000000000e+03
8.664000000000000000e+03 9.735000000000000000e+03
8.743000000000000000e+03 9.695000000000000000e+03
8.768000000000000000e+03 9.675000000000000000e+03
8.712000000000000000e+03 9.699000000000000000e+03
8.753000000000000000e+03 9.688000000000000000e+03
8.770000000000000000e+03 9.673000000000000000e+03
8.849000000000000000e+03 9.607000000000000000e+03
8.807000000000000000e+03 9.639000000000000000e+03
8.800000000000000000e+03 9.671000000000000000e+03
8.863000000000000000e+03 9.592000000000000000e+03
8.860000000000000000e+03 9.604000000000000000e+03
8.827000000000000000e+03 9.627000000000000000e+03
8.834000000000000000e+03 9.612000000000000000e+03
8.837000000000000000e+03 9.608000000000000000e+03
8.829000000000000000e+03 9.621000000000000000e+03
8.878000000000000000e+03 9.585000000000000000e+03
8.825000000000000000e+03 9.632000000000000000e+03
8.905000000000000000e+03 9.582000000000000000e+03
8.910000000000000000e+03 9.560000000000000000e+03
8.906000000000000000e+03 9.564000000000000000e+03
8.941000000000000000e+03 9.540000000000000000e+03
8.928000000000000000e+03 9.558000000000000000e+03
8.954000000000000000e+03 9.500000000000000000e+03
8.956000000000000000e+03 9.497000000000000000e+03
8.951000000000000000e+03 9.516000000000000000e+03
8.968000000000000000e+03 9.496000000000000000e+03
9.024000000000000000e+03 9.493000000000000000e+03
9.051000000000000000e+03 9.459000000000000000e+03
9.064000000000000000e+03 9.418000000000000000e+03
9.061000000000000000e+03 9.443000000000000000e+03
9.115000000000000000e+03 9.377000000000000000e+03
9.107000000000000000e+03 9.397000000000000000e+03
9.076000000000000000e+03 9.414000000000000000e+03
9.086000000000000000e+03 9.408000000000000000e+03
9.128000000000000000e+03 9.372000000000000000e+03
9.145000000000000000e+03 9.355000000000000000e+03
9.093000000000000000e+03 9.399000000000000000e+03
9.147000000000000000e+03 9.346000000000000000e+03
9.109000000000000000e+03 9.378000000000000000e+03
9.153000000000000000e+03 9.326000000000000000e+03
9.163000000000000000e+03 9.323000000000000000e+03
9.179000000000000000e+03 9.314000000000000000e+03
9.151000000000000000e+03 9.344000000000000000e+03
9.121000000000000000e+03 9.375000000000000000e+03
9.154000000000000000e+03 9.325000000000000000e+03
9.169000000000000000e+03 9.318000000000000000e+03
9.189000000000000000e+03 9.291000000000000000e+03
9.185000000000000000e+03 9.296000000000000000e+03
9.203000000000000000e+03 9.285000000000000000e+03
9.206000000000000000e+03 9.260000000000000000e+03
9.243000000000000000e+03 9.258000000000000000e+03
9.205000000000000000e+03 9.262000000000000000e+03
9.310000000000000000e+03 9.171000000000000000e+03
9.296000000000000000e+03 9.201000000000000000e+03
9.257000000000000000e+03 9.245000000000000000e+03
9.277000000000000000e+03 9.232000000000000000e+03
9.297000000000000000e+03 9.196000000000000000e+03
9.304000000000000000e+03 9.184000000000000000e+03
9.284000000000000000e+03 9.225000000000000000e+03
9.321000000000000000e+03 9.157000000000000000e+03
9.353000000000000000e+03 9.135000000000000000e+03
9.343000000000000000e+03 9.147000000000000000e+03
9.318000000000000000e+03 9.158000000000000000e+03
9.388000000000000000e+03 9.080000000000000000e+03
9.381000000000000000e+03 9.125000000000000000e+03
9.399000000000000000e+03 9.046000000000000000e+03
9.398000000000000000e+03 9.054000000000000000e+03
9.427000000000000000e+03 9.027000000000000000e+03
9.419000000000000000e+03 9.035000000000000000e+03
9.412000000000000000e+03 9.045000000000000000e+03
9.431000000000000000e+03 9.022000000000000000e+03
9.422000000000000000e+03 9.029000000000000000e+03
9.394000000000000000e+03 9.067000000000000000e+03
9.445000000000000000e+03 8.994000000000000000e+03
8.080000000000000000e+03 9.873000000000000000e+03
8.064000000000000000e+03 9.874000000000000000e+03
8.199000000000000000e+03 9.869000000000000000e+03
8.238000000000000000e+03 9.855000000000000000e+03
8.432000000000000000e+03 9.827000000000000000e+03
8.424000000000000000e+03 9.830000000000000000e+03
8.450000000000000000e+03 9.824000000000000000e+03
8.387000000000000000e+03 9.840000000000000000e+03
8.405000000000000000e+03 9.832000000000000000e+03
8.379000000000000000e+03 9.848000000000000000e+03
8.456000000000000000e+03 9.818000000000000000e+03
8.487000000000000000e+03 9.812000000000000000e+03
8.504000000000000000e+03 9.805000000000000000e+03
8.549000000000000000e+03 9.781000000000000000e+03
8.546000000000000000e+03 9.802000000000000000e+03
8.642000000000000000e+03 9.746000000000000000e+03
8.661000000000000000e+03 9.740000000000000000e+03
8.671000000000000000e+03 9.727000000000000000e+03
8.702000000000000000e+03 9.712000000000000000e+03
8.634000000000000000e+03 9.772000000000000000e+03
8.691000000000000000e+03 9.724000000000000000e+03
8.666000000000000000e+03 9.730000000000000000e+03
8.650000000000000000e+03 9.745000000000000000e+03
8.692000000000000000e+03 9.718000000000000000e+03
8.664000000000000000e+03 9.735000000000000000e+03
8.743000000000000000e+03 9.695000000000000000e+03
8.768000000000000000e+03 9.675000000000000000e+03
8.712000000000000000e+03 9.699000000000000000e+03
8.753000000000000000e+03 9.688000000000000000e+03
8.770000000000000000e+03 9.673000000000000000e+03
8.849000000000000000e+03 9.607000000000000000e+03
8.807000000000000000e+03 9.639000000000000000e+03
8.800000000000000000e+03 9.671000000000000000e+03
8.863000000000000000e+03 9.592000000000000000e+03
8.860000000000000000e+03 9.604000000000000000e+03
8.827000000000000000e+03 9.627000000000000000e+03
8.834000000000000000e+03 9.612000000000000000e+03
8.837000000000000000e+03 9.608000000000000000e+03
8.829000000000000000e+03 9.621000000000000000e+03
8.878000000000000000e+03 9.585000000000000000e+03
8.825000000000000000e+03 9.632000000000000000e+03
8.905000000000000000e+03 9.582000000000000000e+03
8.910000000000000000e+03 9.560000000000000000e+03
8.906000000000000000e+03 9.564000000000000000e+03
8.941000000000000000e+03 9.540000000000000000e+03
8.928000000000000000e+03 9.558000000000000000e+03
8.954000000000000000e+03 9.500000000000000000e+03
8.956000000000000000e+03 9.497000000000000000e+03
8.951000000000000000e+03 9.516000000000000000e+03
8.968000000000000000e+03 9.496000000000000000e+03
9.024000000000000000e+03 9.493000000000000000e+03
9.051000000000000000e+03 9.459000000000000000e+03
9.064000000000000000e+03 9.418000000000000000e+03
9.061000000000000000e+03 9.443000000000000000e+03
9.115000000000000000e+03 9.377000000000000000e+03
9.107000000000000000e+03 9.397000000000000000e+03
9.076000000000000000e+03 9.414000000000000000e+03
9.086000000000000000e+03 9.408000000000000000e+03
9.128000000000000000e+03 9.372000000000000000e+03
9.145000000000000000e+03 9.355000000000000000e+03
9.093000000000000000e+03 9.399000000000000000e+03
9.147000000000000000e+03 9.346000000000000000e+03
9.109000000000000000e+03 9.378000000000000000e+03
9.153000000000000000e+03 9.326000000000000000e+03
9.163000000000000000e+03 9.323000000000000000e+03
9.179000000000000000e+03 9.314000000000000000e+03
9.151000000000000000e+03 9.344000000000000000e+03
9.121000000000000000e+03 9.375000000000000000e+03
9.154000000000000000e+03 9.325000000000000000e+03
9.169000000000000000e+03 9.318000000000000000e+03
9.189000000000000000e+03 9.291000000000000000e+03
9.185000000000000000e+03 9.296000000000000000e+03
9.203000000000000000e+03 9.285000000000000000e+03
9.206000000000000000e+03 9.260000000000000000e+03
9.243000000000000000e+03 9.258000000000000000e+03
9.205000000000000000e+03 9.262000000000000000e+03
9.310000000000000000e+03 9.171000000000000000e+03
9.296000000000000000e+03 9.201000000000000000e+03
9.257000000000000000e+03 9.245000000000000000e+03
9.277000000000000000e+03 9.232000000000000000e+03
9.297000000000000000e+03 9.196000000000000000e+03
9.304000000000000000e+03 9.184000000000000000e+03
9.284000000000000000e+03 9.225000000000000000e+03
9.321000000000000000e+03 9.157000000000000000e+03
9.353000000000000000e+03 9.135000000000000000e+03
9.343000000000000000e+03 9.147000000000000000e+03
9.318000000000000000e+03 9.158000000000000000e+03
9.388000000000000000e+03 9.080000000000000000e+03
9.381000000000000000e+03 9.125000000000000000e+03
9.399000000000000000e+03 9.046000000000000000e+03
9.398000000000000000e+03 9.054000000000000000e+03
9.427000000000000000e+03 9.027000000000000000e+03
9.419000000000000000e+03 9.035000000000000000e+03
9.412000000000000000e+03 9.045000000000000000e+03
9.431000000000000000e+03 9.022000000000000000e+03
9.422000000000000000e+03 9.029000000000000000e+03
9.394000000000000000e+03 9.067000000000000000e+03
9.445000000000000000e+03 8.994000000000000000e+03
8.080000000000000000e+03 9.873000000000000000e+03
8.064000000000000000e+03 9.874000000000000000e+03
8.199000000000000000e+03 9.869000000000000000e+03
8.238000000000000000e+03 9.855000000000000000e+03
8.432000000000000000e+03 9.827000000000000000e+03
8.424000000000000000e+03 9.830000000000000000e+03
8.450000000000000000e+03 9.824000000000000000e+03
8.387000000000000000e+03 9.840000000000000000e+03
8.405000000000000000e+03 9.832000000000000000e+03
8.379000000000000000e+03 9.848000000000000000e+03
8.456000000000000000e+03 9.818000000000000000e+03
8.487000000000000000e+03 9.812000000000000000e+03
8.504000000000000000e+03 9.805000000000000000e+03
8.549000000000000000e+03 9.781000000000000000e+03
8.546000000000000000e+03 9.802000000000000000e+03
8.642000000000000000e+03 9.746000000000000000e+03
8.661000000000000000e+03 9.740000000000000000e+03
8.671000000000000000e+03 9.727000000000000000e+03
8.702000000000000000e+03 9.712000000000000000e+03
8.634000000000000000e+03 9.772000000000000000e+03
8.691000000000000000e+03 9.724000000000000000e+03
8.666000000000000000e+03 9.730000000000000000e+03
8.650000000000000000e+03 9.745000000000000000e+03
8.692000000000000000e+03 9.718000000000000000e+03
8.664000000000000000e+03 9.735000000000000000e+03
8.743000000000000000e+03 9.695000000000000000e+03
8.768000000000000000e+03 9.675000000000000000e+03
8.712000000000000000e+03 9.699000000000000000e+03
8.753000000000000000e+03 9.688000000000000000e+03
8.770000000000000000e+03 9.673000000000000000e+03
8.849000000000000000e+03 9.607000000000000000e+03
8.807000000000000000e+03 9.639000000000000000e+03
8.800000000000000000e+03 9.671000000000000000e+03
8.863000000000000000e+03 9.592000000000000000e+03
8.860000000000000000e+03 9.604000000000000000e+03
8.827000000000000000e+03 9.627000000000000000e+03
8.834000000000000000e+03 9.612000000000000000e+03
8.837000000000000000e+03 9.608000000000000000e+03
8.829000000000000000e+03 9.621000000000000000e+03
8.878000000000000000e+03 9.585000000000000000e+03
8.825000000000000000e+03 9.632000000000000000e+03
8.905000000000000000e+03 9.582000000000000000e+03
8.910000000000000000e+03 9.560000000000000000e+03
8.906000000000000000e+03 9.564000000000000000e+03
8.941000000000000000e+03 9.540000000000000000e+03
8.928000000000000000e+03 9.558000000000000000e+03
8.954000000000000000e+03 9.500000000000000000e+03
8.956000000000000000e+03 9.497000000000000000e+03
8.951000000000000000e+03 9.516000000000000000e+03
8.968000000000000000e+03 9.496000000000000000e+03
9.024000000000000000e+03 9.493000000000000000e+03
9.051000000000000000e+03 9.459000000000000000e+03
9.064000000000000000e+03 9.418000000000000000e+03
9.061000000000000000e+03 9.443000000000000000e+03
9.115000000000000000e+03 9.377000000000000000e+03
9.107000000000000000e+03 9.397000000000000000e+03
9.076000000000000000e+03 9.414000000000000000e+03
9.086000000000000000e+03 9.408000000000000000e+03
9.128000000000000000e+03 9.372000000000000000e+03
9.145000000000000000e+03 9.355000000000000000e+03
9.093000000000000000e+03 9.399000000000000000e+03
9.147000000000000000e+03 9.346000000000000000e+03
9.109000000000000000e+03 9.378000000000000000e+03
9.153000000000000000e+03 9.326000000000000000e+03
9.163000000000000000e+03 9.323000000000000000e+03
9.179000000000000000e+03 9.314000000000000000e+03
9.151000000000000000e+03 9.344000000000000000e+03
9.121000000000000000e+03 9.375000000000000000e+03
9.154000000000000000e+03 9.325000000000000000e+03
9.169000000000000000e+03 9.318000000000000000e+03
9.189000000000000000e+03 9.291000000000000000e+03
9.185000000000000000e+03 9.296000000000000000e+03
9.203000000000000000e+03 9.285000000000000000e+03
9.206000000000000000e+03 9.260000000000000000e+03
9.243000000000000000e+03 9.258000000000000000e+03
9.205000000000000000e+03 9.262000000000000000e+03
9.310000000000000000e+03 9.171000000000000000e+03
9.296000000000000000e+03 9.201000000000000000e+03
9.257000000000000000e+03 9.245000000000000000e+03
9.277000000000000000e+03 9.232000000000000000e+03
9.297000000000000000e+03 9.196000000000000000e+03
9.304000000000000000e+03 9.184000000000000000e+03
9.284000000000000000e+03 9.225000000000000000e+03
9.321000000000000000e+03 9.157000000000000000e+03
9.353000000000000000e+03 9.135000000000000000e+03
9.343000000000000000e+03 9.147000000000000000e+03
9.318000000000000000e+03 9.158000000000000000e+03
9.388000000000000000e+03 9.080000000000000000e+03
9.381000000000000000e+03 9.125000000000000000e+03
9.427000000000000000e+03 9.027000000000000000e+03
9.419000000000000000e+03 9.035000000000000000e+03
9.412000000000000000e+03 9.045000000000000000e+03
9.431000000000000000e+03 9.022000000000000000e+03
9.422000000000000000e+03 9.029000000000000000e+03
9.394000000000000000e+03 9.067000000000000000e+03
9.445000000000000000e+03 8.994000000000000000e+03
9.399000000000000000e+03 9.057000000000000000e+03
9.436000000000000000e+03 9.001000000000000000e+03
9.476000000000000000e+03 8.938000000000000000e+03
9.448000000000000000e+03 8.973000000000000000e+03
9.451000000000000000e+03 8.972000000000000000e+03
9.458000000000000000e+03 8.960000000000000000e+03
7.994000000000000000e+03 9.461000000000000000e+03
7.902000000000000000e+03 9.495000000000000000e+03
7.928000000000000000e+03 9.490000000000000000e+03
7.942000000000000000e+03 9.471000000000000000e+03
7.954000000000000000e+03 9.467000000000000000e+03
7.994000000000000000e+03 9.461000000000000000e+03
7.989000000000000000e+03 9.533000000000000000e+03
7.948000000000000000e+03 9.561000000000000000e+03
7.921000000000000000e+03 9.694000000000000000e+03
7.837000000000000000e+03 9.775000000000000000e+03
7.886000000000000000e+03 9.759000000000000000e+03
7.796000000000000000e+03 9.784000000000000000e+03
7.804000000000000000e+03 9.783000000000000000e+03
7.994000000000000000e+03 9.461000000000000000e+03
7.989000000000000000e+03 9.533000000000000000e+03
7.948000000000000000e+03 9.561000000000000000e+03
7.944000000000000000e+03 9.874000000000000000e+03
7.755000000000000000e+03 9.904000000000000000e+03
7.897000000000000000e+03 9.879000000000000000e+03
7.825000000000000000e+03 9.900000000000000000e+03
7.755000000000000000e+03 9.904000000000000000e+03
7.825000000000000000e+03 9.900000000000000000e+03
8.027000000000000000e+03 9.853000000000000000e+03
8.024000000000000000e+03 9.873000000000000000e+03
7.948000000000000000e+03 9.891000000000000000e+03
8.012000000000000000e+03 9.890000000000000000e+03
8.136000000000000000e+03 9.856000000000000000e+03
8.071000000000000000e+03 9.885000000000000000e+03
7.997000000000000000e+03 9.904000000000000000e+03
8.035000000000000000e+03 9.901000000000000000e+03
8.112000000000000000e+03 9.879000000000000000e+03
8.066000000000000000e+03 9.897000000000000000e+03
8.071000000000000000e+03 9.885000000000000000e+03
7.997000000000000000e+03 9.904000000000000000e+03
8.035000000000000000e+03 9.901000000000000000e+03
8.112000000000000000e+03 9.879000000000000000e+03
8.066000000000000000e+03 9.897000000000000000e+03
8.223000000000000000e+03 9.841000000000000000e+03
8.148000000000000000e+03 9.869000000000000000e+03
8.215000000000000000e+03 9.865000000000000000e+03
8.228000000000000000e+03 9.837000000000000000e+03
8.071000000000000000e+03 9.885000000000000000e+03
7.997000000000000000e+03 9.904000000000000000e+03
8.035000000000000000e+03 9.901000000000000000e+03
8.112000000000000000e+03 9.879000000000000000e+03
8.066000000000000000e+03 9.897000000000000000e+03
8.148000000000000000e+03 9.869000000000000000e+03
8.215000000000000000e+03 9.865000000000000000e+03
8.125000000000000000e+03 9.874000000000000000e+03
8.289000000000000000e+03 9.816000000000000000e+03
8.234000000000000000e+03 9.857000000000000000e+03
8.284000000000000000e+03 9.844000000000000000e+03
8.071000000000000000e+03 9.885000000000000000e+03
7.997000000000000000e+03 9.904000000000000000e+03
8.035000000000000000e+03 9.901000000000000000e+03
8.112000000000000000e+03 9.879000000000000000e+03
8.066000000000000000e+03 9.897000000000000000e+03
8.125000000000000000e+03 9.874000000000000000e+03
8.242000000000000000e+03 9.869000000000000000e+03
8.271000000000000000e+03 9.855000000000000000e+03
8.303000000000000000e+03 9.851000000000000000e+03
8.338000000000000000e+03 9.831000000000000000e+03
8.306000000000000000e+03 9.833000000000000000e+03
8.261000000000000000e+03 9.861000000000000000e+03
8.071000000000000000e+03 9.885000000000000000e+03
7.997000000000000000e+03 9.904000000000000000e+03
8.035000000000000000e+03 9.901000000000000000e+03
8.112000000000000000e+03 9.879000000000000000e+03
8.066000000000000000e+03 9.897000000000000000e+03
8.125000000000000000e+03 9.874000000000000000e+03
8.242000000000000000e+03 9.869000000000000000e+03
8.356000000000000000e+03 9.832000000000000000e+03
8.357000000000000000e+03 9.824000000000000000e+03
8.335000000000000000e+03 9.855000000000000000e+03
8.327000000000000000e+03 9.861000000000000000e+03
8.341000000000000000e+03 9.840000000000000000e+03
8.403000000000000000e+03 9.823000000000000000e+03
8.349000000000000000e+03 9.835000000000000000e+03
8.338000000000000000e+03 9.845000000000000000e+03
8.071000000000000000e+03 9.885000000000000000e+03
7.997000000000000000e+03 9.904000000000000000e+03
8.035000000000000000e+03 9.901000000000000000e+03
8.112000000000000000e+03 9.879000000000000000e+03
8.066000000000000000e+03 9.897000000000000000e+03
8.125000000000000000e+03 9.874000000000000000e+03
8.242000000000000000e+03 9.869000000000000000e+03
8.335000000000000000e+03 9.855000000000000000e+03
8.327000000000000000e+03 9.861000000000000000e+03
8.403000000000000000e+03 9.823000000000000000e+03
8.338000000000000000e+03 9.845000000000000000e+03
8.341000000000000000e+03 9.842000000000000000e+03
8.392000000000000000e+03 9.828000000000000000e+03
8.394000000000000000e+03 9.826000000000000000e+03
8.365000000000000000e+03 9.840000000000000000e+03
8.404000000000000000e+03 9.819000000000000000e+03
8.071000000000000000e+03 9.885000000000000000e+03
7.997000000000000000e+03 9.904000000000000000e+03
8.035000000000000000e+03 9.901000000000000000e+03
8.112000000000000000e+03 9.879000000000000000e+03
8.066000000000000000e+03 9.897000000000000000e+03
8.125000000000000000e+03 9.874000000000000000e+03
8.242000000000000000e+03 9.869000000000000000e+03
8.335000000000000000e+03 9.855000000000000000e+03
8.327000000000000000e+03 9.861000000000000000e+03
8.403000000000000000e+03 9.823000000000000000e+03
8.338000000000000000e+03 9.845000000000000000e+03
8.341000000000000000e+03 9.842000000000000000e+03
8.392000000000000000e+03 9.828000000000000000e+03
8.394000000000000000e+03 9.826000000000000000e+03
8.365000000000000000e+03 9.840000000000000000e+03
8.404000000000000000e+03 9.819000000000000000e+03
8.387000000000000000e+03 9.832000000000000000e+03
8.369000000000000000e+03 9.833000000000000000e+03
8.421000000000000000e+03 9.806000000000000000e+03
8.071000000000000000e+03 9.885000000000000000e+03
7.997000000000000000e+03 9.904000000000000000e+03
8.035000000000000000e+03 9.901000000000000000e+03
8.112000000000000000e+03 9.879000000000000000e+03
8.066000000000000000e+03 9.897000000000000000e+03
8.125000000000000000e+03 9.874000000000000000e+03
8.242000000000000000e+03 9.869000000000000000e+03
8.335000000000000000e+03 9.855000000000000000e+03
8.327000000000000000e+03 9.861000000000000000e+03
8.338000000000000000e+03 9.845000000000000000e+03
8.421000000000000000e+03 9.806000000000000000e+03
8.446000000000000000e+03 9.794000000000000000e+03
8.411000000000000000e+03 9.813000000000000000e+03
8.407000000000000000e+03 9.842000000000000000e+03
8.071000000000000000e+03 9.885000000000000000e+03
7.997000000000000000e+03 9.904000000000000000e+03
8.035000000000000000e+03 9.901000000000000000e+03
8.112000000000000000e+03 9.879000000000000000e+03
8.066000000000000000e+03 9.897000000000000000e+03
8.125000000000000000e+03 9.874000000000000000e+03
8.242000000000000000e+03 9.869000000000000000e+03
8.335000000000000000e+03 9.855000000000000000e+03
8.327000000000000000e+03 9.861000000000000000e+03
8.338000000000000000e+03 9.845000000000000000e+03
8.407000000000000000e+03 9.842000000000000000e+03
8.455000000000000000e+03 9.801000000000000000e+03
8.462000000000000000e+03 9.800000000000000000e+03
8.494000000000000000e+03 9.794000000000000000e+03
8.447000000000000000e+03 9.819000000000000000e+03
8.071000000000000000e+03 9.885000000000000000e+03
7.997000000000000000e+03 9.904000000000000000e+03
8.035000000000000000e+03 9.901000000000000000e+03
8.112000000000000000e+03 9.879000000000000000e+03
8.066000000000000000e+03 9.897000000000000000e+03
8.125000000000000000e+03 9.874000000000000000e+03
8.242000000000000000e+03 9.869000000000000000e+03
8.335000000000000000e+03 9.855000000000000000e+03
8.327000000000000000e+03 9.861000000000000000e+03
8.338000000000000000e+03 9.845000000000000000e+03
8.407000000000000000e+03 9.842000000000000000e+03
8.455000000000000000e+03 9.801000000000000000e+03
8.462000000000000000e+03 9.800000000000000000e+03
8.494000000000000000e+03 9.794000000000000000e+03
8.447000000000000000e+03 9.819000000000000000e+03
8.555000000000000000e+03 9.751000000000000000e+03
8.510000000000000000e+03 9.776000000000000000e+03
8.549000000000000000e+03 9.757000000000000000e+03
8.617000000000000000e+03 9.738000000000000000e+03
8.618000000000000000e+03 9.724000000000000000e+03
8.626000000000000000e+03 9.723000000000000000e+03
8.580000000000000000e+03 9.744000000000000000e+03
8.071000000000000000e+03 9.885000000000000000e+03
7.997000000000000000e+03 9.904000000000000000e+03
8.035000000000000000e+03 9.901000000000000000e+03
8.112000000000000000e+03 9.879000000000000000e+03
8.066000000000000000e+03 9.897000000000000000e+03
8.125000000000000000e+03 9.874000000000000000e+03
8.242000000000000000e+03 9.869000000000000000e+03
8.335000000000000000e+03 9.855000000000000000e+03
8.327000000000000000e+03 9.861000000000000000e+03
8.338000000000000000e+03 9.845000000000000000e+03
8.407000000000000000e+03 9.842000000000000000e+03
8.455000000000000000e+03 9.801000000000000000e+03
8.462000000000000000e+03 9.800000000000000000e+03
8.494000000000000000e+03 9.794000000000000000e+03
8.447000000000000000e+03 9.819000000000000000e+03
8.555000000000000000e+03 9.751000000000000000e+03
8.510000000000000000e+03 9.776000000000000000e+03
8.549000000000000000e+03 9.757000000000000000e+03
8.617000000000000000e+03 9.738000000000000000e+03
8.618000000000000000e+03 9.724000000000000000e+03
8.626000000000000000e+03 9.723000000000000000e+03
8.580000000000000000e+03 9.744000000000000000e+03
8.711000000000000000e+03 9.650000000000000000e+03
8.776000000000000000e+03 9.635000000000000000e+03
8.739000000000000000e+03 9.646000000000000000e+03
8.709000000000000000e+03 9.659000000000000000e+03
8.704000000000000000e+03 9.669000000000000000e+03
8.699000000000000000e+03 9.671000000000000000e+03
8.777000000000000000e+03 9.626000000000000000e+03
8.805000000000000000e+03 9.612000000000000000e+03
8.823000000000000000e+03 9.598000000000000000e+03
8.786000000000000000e+03 9.619000000000000000e+03
8.773000000000000000e+03 9.641000000000000000e+03
8.071000000000000000e+03 9.885000000000000000e+03
7.997000000000000000e+03 9.904000000000000000e+03
8.035000000000000000e+03 9.901000000000000000e+03
8.112000000000000000e+03 9.879000000000000000e+03
8.066000000000000000e+03 9.897000000000000000e+03
8.125000000000000000e+03 9.874000000000000000e+03
8.242000000000000000e+03 9.869000000000000000e+03
8.335000000000000000e+03 9.855000000000000000e+03
8.327000000000000000e+03 9.861000000000000000e+03
8.338000000000000000e+03 9.845000000000000000e+03
8.407000000000000000e+03 9.842000000000000000e+03
8.455000000000000000e+03 9.801000000000000000e+03
8.462000000000000000e+03 9.800000000000000000e+03
8.494000000000000000e+03 9.794000000000000000e+03
8.447000000000000000e+03 9.819000000000000000e+03
8.555000000000000000e+03 9.751000000000000000e+03
8.510000000000000000e+03 9.776000000000000000e+03
8.549000000000000000e+03 9.757000000000000000e+03
8.617000000000000000e+03 9.738000000000000000e+03
8.618000000000000000e+03 9.724000000000000000e+03
8.626000000000000000e+03 9.723000000000000000e+03
8.580000000000000000e+03 9.744000000000000000e+03
8.711000000000000000e+03 9.650000000000000000e+03
8.776000000000000000e+03 9.635000000000000000e+03
8.739000000000000000e+03 9.646000000000000000e+03
8.709000000000000000e+03 9.659000000000000000e+03
8.704000000000000000e+03 9.669000000000000000e+03
8.699000000000000000e+03 9.671000000000000000e+03
8.777000000000000000e+03 9.626000000000000000e+03
8.805000000000000000e+03 9.612000000000000000e+03
8.823000000000000000e+03 9.598000000000000000e+03
8.773000000000000000e+03 9.641000000000000000e+03
8.825000000000000000e+03 9.593000000000000000e+03
8.846000000000000000e+03 9.582000000000000000e+03
8.804000000000000000e+03 9.623000000000000000e+03
8.849000000000000000e+03 9.575000000000000000e+03
8.832000000000000000e+03 9.591000000000000000e+03
8.815000000000000000e+03 9.606000000000000000e+03
8.837000000000000000e+03 9.586000000000000000e+03
8.071000000000000000e+03 9.885000000000000000e+03
7.997000000000000000e+03 9.904000000000000000e+03
8.035000000000000000e+03 9.901000000000000000e+03
8.112000000000000000e+03 9.879000000000000000e+03
8.066000000000000000e+03 9.897000000000000000e+03
8.125000000000000000e+03 9.874000000000000000e+03
8.242000000000000000e+03 9.869000000000000000e+03
8.335000000000000000e+03 9.855000000000000000e+03
8.327000000000000000e+03 9.861000000000000000e+03
8.338000000000000000e+03 9.845000000000000000e+03
8.407000000000000000e+03 9.842000000000000000e+03
8.455000000000000000e+03 9.801000000000000000e+03
8.462000000000000000e+03 9.800000000000000000e+03
8.494000000000000000e+03 9.794000000000000000e+03
8.447000000000000000e+03 9.819000000000000000e+03
8.555000000000000000e+03 9.751000000000000000e+03
8.510000000000000000e+03 9.776000000000000000e+03
8.549000000000000000e+03 9.757000000000000000e+03
8.617000000000000000e+03 9.738000000000000000e+03
8.618000000000000000e+03 9.724000000000000000e+03
8.626000000000000000e+03 9.723000000000000000e+03
8.580000000000000000e+03 9.744000000000000000e+03
8.711000000000000000e+03 9.650000000000000000e+03
8.776000000000000000e+03 9.635000000000000000e+03
8.739000000000000000e+03 9.646000000000000000e+03
8.709000000000000000e+03 9.659000000000000000e+03
8.704000000000000000e+03 9.669000000000000000e+03
8.699000000000000000e+03 9.671000000000000000e+03
8.777000000000000000e+03 9.626000000000000000e+03
8.805000000000000000e+03 9.612000000000000000e+03
8.823000000000000000e+03 9.598000000000000000e+03
8.773000000000000000e+03 9.641000000000000000e+03
8.825000000000000000e+03 9.593000000000000000e+03
8.846000000000000000e+03 9.582000000000000000e+03
8.804000000000000000e+03 9.623000000000000000e+03
8.849000000000000000e+03 9.575000000000000000e+03
8.832000000000000000e+03 9.591000000000000000e+03
8.815000000000000000e+03 9.606000000000000000e+03
8.837000000000000000e+03 9.586000000000000000e+03
8.824000000000000000e+03 9.597000000000000000e+03
8.853000000000000000e+03 9.571000000000000000e+03
8.866000000000000000e+03 9.563000000000000000e+03
8.870000000000000000e+03 9.561000000000000000e+03
8.924000000000000000e+03 9.527000000000000000e+03
8.918000000000000000e+03 9.543000000000000000e+03
8.953000000000000000e+03 9.516000000000000000e+03
8.911000000000000000e+03 9.559000000000000000e+03
8.071000000000000000e+03 9.885000000000000000e+03
7.997000000000000000e+03 9.904000000000000000e+03
8.035000000000000000e+03 9.901000000000000000e+03
8.112000000000000000e+03 9.879000000000000000e+03
8.066000000000000000e+03 9.897000000000000000e+03
8.125000000000000000e+03 9.874000000000000000e+03
8.242000000000000000e+03 9.869000000000000000e+03
8.335000000000000000e+03 9.855000000000000000e+03
8.327000000000000000e+03 9.861000000000000000e+03
8.338000000000000000e+03 9.845000000000000000e+03
8.407000000000000000e+03 9.842000000000000000e+03
8.455000000000000000e+03 9.801000000000000000e+03
8.462000000000000000e+03 9.800000000000000000e+03
8.494000000000000000e+03 9.794000000000000000e+03
8.447000000000000000e+03 9.819000000000000000e+03
8.555000000000000000e+03 9.751000000000000000e+03
8.510000000000000000e+03 9.776000000000000000e+03
8.549000000000000000e+03 9.757000000000000000e+03
8.617000000000000000e+03 9.738000000000000000e+03
8.618000000000000000e+03 9.724000000000000000e+03
8.626000000000000000e+03 9.723000000000000000e+03
8.580000000000000000e+03 9.744000000000000000e+03
8.711000000000000000e+03 9.650000000000000000e+03
8.776000000000000000e+03 9.635000000000000000e+03
8.739000000000000000e+03 9.646000000000000000e+03
8.709000000000000000e+03 9.659000000000000000e+03
8.704000000000000000e+03 9.669000000000000000e+03
8.699000000000000000e+03 9.671000000000000000e+03
8.777000000000000000e+03 9.626000000000000000e+03
8.805000000000000000e+03 9.612000000000000000e+03
8.823000000000000000e+03 9.598000000000000000e+03
8.773000000000000000e+03 9.641000000000000000e+03
8.825000000000000000e+03 9.593000000000000000e+03
8.804000000000000000e+03 9.623000000000000000e+03
8.832000000000000000e+03 9.591000000000000000e+03
8.815000000000000000e+03 9.606000000000000000e+03
8.824000000000000000e+03 9.597000000000000000e+03
8.918000000000000000e+03 9.543000000000000000e+03
8.953000000000000000e+03 9.516000000000000000e+03
8.911000000000000000e+03 9.559000000000000000e+03
8.849000000000000000e+03 9.590000000000000000e+03
8.870000000000000000e+03 9.577000000000000000e+03
8.938000000000000000e+03 9.542000000000000000e+03
8.995000000000000000e+03 9.507000000000000000e+03
8.960000000000000000e+03 9.514000000000000000e+03
9.011000000000000000e+03 9.478000000000000000e+03
8.071000000000000000e+03 9.885000000000000000e+03
7.997000000000000000e+03 9.904000000000000000e+03
8.035000000000000000e+03 9.901000000000000000e+03
8.112000000000000000e+03 9.879000000000000000e+03
8.066000000000000000e+03 9.897000000000000000e+03
8.125000000000000000e+03 9.874000000000000000e+03
8.242000000000000000e+03 9.869000000000000000e+03
8.335000000000000000e+03 9.855000000000000000e+03
8.327000000000000000e+03 9.861000000000000000e+03
8.338000000000000000e+03 9.845000000000000000e+03
8.407000000000000000e+03 9.842000000000000000e+03
8.455000000000000000e+03 9.801000000000000000e+03
8.462000000000000000e+03 9.800000000000000000e+03
8.494000000000000000e+03 9.794000000000000000e+03
8.447000000000000000e+03 9.819000000000000000e+03
8.555000000000000000e+03 9.751000000000000000e+03
8.510000000000000000e+03 9.776000000000000000e+03
8.549000000000000000e+03 9.757000000000000000e+03
8.617000000000000000e+03 9.738000000000000000e+03
8.618000000000000000e+03 9.724000000000000000e+03
8.626000000000000000e+03 9.723000000000000000e+03
8.580000000000000000e+03 9.744000000000000000e+03
8.711000000000000000e+03 9.650000000000000000e+03
8.776000000000000000e+03 9.635000000000000000e+03
8.739000000000000000e+03 9.646000000000000000e+03
8.709000000000000000e+03 9.659000000000000000e+03
8.704000000000000000e+03 9.669000000000000000e+03
8.699000000000000000e+03 9.671000000000000000e+03
8.777000000000000000e+03 9.626000000000000000e+03
8.805000000000000000e+03 9.612000000000000000e+03
8.823000000000000000e+03 9.598000000000000000e+03
8.773000000000000000e+03 9.641000000000000000e+03
8.825000000000000000e+03 9.593000000000000000e+03
8.804000000000000000e+03 9.623000000000000000e+03
8.832000000000000000e+03 9.591000000000000000e+03
8.815000000000000000e+03 9.606000000000000000e+03
8.824000000000000000e+03 9.597000000000000000e+03
8.918000000000000000e+03 9.543000000000000000e+03
8.953000000000000000e+03 9.516000000000000000e+03
8.911000000000000000e+03 9.559000000000000000e+03
8.849000000000000000e+03 9.590000000000000000e+03
8.870000000000000000e+03 9.577000000000000000e+03
8.938000000000000000e+03 9.542000000000000000e+03
8.995000000000000000e+03 9.507000000000000000e+03
8.960000000000000000e+03 9.514000000000000000e+03
8.949000000000000000e+03 9.517000000000000000e+03
8.944000000000000000e+03 9.518000000000000000e+03
9.014000000000000000e+03 9.501000000000000000e+03
9.051000000000000000e+03 9.463000000000000000e+03
9.026000000000000000e+03 9.476000000000000000e+03
9.003000000000000000e+03 9.505000000000000000e+03
9.044000000000000000e+03 9.470000000000000000e+03
9.021000000000000000e+03 9.483000000000000000e+03
9.062000000000000000e+03 9.441000000000000000e+03
8.071000000000000000e+03 9.885000000000000000e+03
7.997000000000000000e+03 9.904000000000000000e+03
8.035000000000000000e+03 9.901000000000000000e+03
8.112000000000000000e+03 9.879000000000000000e+03
8.066000000000000000e+03 9.897000000000000000e+03
8.125000000000000000e+03 9.874000000000000000e+03
8.242000000000000000e+03 9.869000000000000000e+03
8.335000000000000000e+03 9.855000000000000000e+03
8.327000000000000000e+03 9.861000000000000000e+03
8.338000000000000000e+03 9.845000000000000000e+03
8.407000000000000000e+03 9.842000000000000000e+03
8.455000000000000000e+03 9.801000000000000000e+03
8.462000000000000000e+03 9.800000000000000000e+03
8.494000000000000000e+03 9.794000000000000000e+03
8.447000000000000000e+03 9.819000000000000000e+03
8.555000000000000000e+03 9.751000000000000000e+03
8.510000000000000000e+03 9.776000000000000000e+03
8.549000000000000000e+03 9.757000000000000000e+03
8.617000000000000000e+03 9.738000000000000000e+03
8.618000000000000000e+03 9.724000000000000000e+03
8.626000000000000000e+03 9.723000000000000000e+03
8.580000000000000000e+03 9.744000000000000000e+03
8.711000000000000000e+03 9.650000000000000000e+03
8.776000000000000000e+03 9.635000000000000000e+03
8.739000000000000000e+03 9.646000000000000000e+03
8.709000000000000000e+03 9.659000000000000000e+03
8.704000000000000000e+03 9.669000000000000000e+03
8.699000000000000000e+03 9.671000000000000000e+03
8.777000000000000000e+03 9.626000000000000000e+03
8.805000000000000000e+03 9.612000000000000000e+03
8.823000000000000000e+03 9.598000000000000000e+03
8.773000000000000000e+03 9.641000000000000000e+03
8.825000000000000000e+03 9.593000000000000000e+03
8.804000000000000000e+03 9.623000000000000000e+03
8.832000000000000000e+03 9.591000000000000000e+03
8.815000000000000000e+03 9.606000000000000000e+03
8.824000000000000000e+03 9.597000000000000000e+03
8.918000000000000000e+03 9.543000000000000000e+03
8.911000000000000000e+03 9.559000000000000000e+03
8.849000000000000000e+03 9.590000000000000000e+03
8.870000000000000000e+03 9.577000000000000000e+03
8.938000000000000000e+03 9.542000000000000000e+03
8.949000000000000000e+03 9.517000000000000000e+03
8.944000000000000000e+03 9.518000000000000000e+03
9.014000000000000000e+03 9.501000000000000000e+03
9.051000000000000000e+03 9.463000000000000000e+03
9.026000000000000000e+03 9.476000000000000000e+03
9.044000000000000000e+03 9.470000000000000000e+03
9.021000000000000000e+03 9.483000000000000000e+03
9.003000000000000000e+03 9.516000000000000000e+03
9.074000000000000000e+03 9.437000000000000000e+03
9.062000000000000000e+03 9.451000000000000000e+03
9.109000000000000000e+03 9.422000000000000000e+03
8.071000000000000000e+03 9.885000000000000000e+03
7.997000000000000000e+03 9.904000000000000000e+03
8.035000000000000000e+03 9.901000000000000000e+03
8.112000000000000000e+03 9.879000000000000000e+03
8.066000000000000000e+03 9.897000000000000000e+03
8.125000000000000000e+03 9.874000000000000000e+03
8.242000000000000000e+03 9.869000000000000000e+03
8.335000000000000000e+03 9.855000000000000000e+03
8.327000000000000000e+03 9.861000000000000000e+03
8.338000000000000000e+03 9.845000000000000000e+03
8.407000000000000000e+03 9.842000000000000000e+03
8.455000000000000000e+03 9.801000000000000000e+03
8.462000000000000000e+03 9.800000000000000000e+03
8.494000000000000000e+03 9.794000000000000000e+03
8.447000000000000000e+03 9.819000000000000000e+03
8.555000000000000000e+03 9.751000000000000000e+03
8.510000000000000000e+03 9.776000000000000000e+03
8.549000000000000000e+03 9.757000000000000000e+03
8.617000000000000000e+03 9.738000000000000000e+03
8.618000000000000000e+03 9.724000000000000000e+03
8.626000000000000000e+03 9.723000000000000000e+03
8.580000000000000000e+03 9.744000000000000000e+03
8.711000000000000000e+03 9.650000000000000000e+03
8.776000000000000000e+03 9.635000000000000000e+03
8.739000000000000000e+03 9.646000000000000000e+03
8.709000000000000000e+03 9.659000000000000000e+03
8.704000000000000000e+03 9.669000000000000000e+03
8.699000000000000000e+03 9.671000000000000000e+03
8.777000000000000000e+03 9.626000000000000000e+03
8.805000000000000000e+03 9.612000000000000000e+03
8.823000000000000000e+03 9.598000000000000000e+03
8.773000000000000000e+03 9.641000000000000000e+03
8.825000000000000000e+03 9.593000000000000000e+03
8.804000000000000000e+03 9.623000000000000000e+03
8.832000000000000000e+03 9.591000000000000000e+03
8.815000000000000000e+03 9.606000000000000000e+03
8.824000000000000000e+03 9.597000000000000000e+03
8.918000000000000000e+03 9.543000000000000000e+03
8.911000000000000000e+03 9.559000000000000000e+03
8.849000000000000000e+03 9.590000000000000000e+03
8.870000000000000000e+03 9.577000000000000000e+03
8.938000000000000000e+03 9.542000000000000000e+03
8.949000000000000000e+03 9.517000000000000000e+03
8.944000000000000000e+03 9.518000000000000000e+03
9.014000000000000000e+03 9.501000000000000000e+03
9.051000000000000000e+03 9.463000000000000000e+03
9.026000000000000000e+03 9.476000000000000000e+03
9.044000000000000000e+03 9.470000000000000000e+03
9.021000000000000000e+03 9.483000000000000000e+03
9.003000000000000000e+03 9.516000000000000000e+03
9.074000000000000000e+03 9.437000000000000000e+03
9.062000000000000000e+03 9.451000000000000000e+03
9.109000000000000000e+03 9.422000000000000000e+03
9.155000000000000000e+03 9.365000000000000000e+03
9.136000000000000000e+03 9.371000000000000000e+03
9.159000000000000000e+03 9.353000000000000000e+03
9.165000000000000000e+03 9.348000000000000000e+03
9.166000000000000000e+03 9.336000000000000000e+03
9.200000000000000000e+03 9.318000000000000000e+03
9.199000000000000000e+03 9.329000000000000000e+03
9.212000000000000000e+03 9.305000000000000000e+03
9.176000000000000000e+03 9.331000000000000000e+03
9.230000000000000000e+03 9.294000000000000000e+03
9.204000000000000000e+03 9.308000000000000000e+03
8.071000000000000000e+03 9.885000000000000000e+03
7.997000000000000000e+03 9.904000000000000000e+03
8.035000000000000000e+03 9.901000000000000000e+03
8.112000000000000000e+03 9.879000000000000000e+03
8.066000000000000000e+03 9.897000000000000000e+03
8.125000000000000000e+03 9.874000000000000000e+03
8.242000000000000000e+03 9.869000000000000000e+03
8.335000000000000000e+03 9.855000000000000000e+03
8.327000000000000000e+03 9.861000000000000000e+03
8.338000000000000000e+03 9.845000000000000000e+03
8.407000000000000000e+03 9.842000000000000000e+03
8.455000000000000000e+03 9.801000000000000000e+03
8.462000000000000000e+03 9.800000000000000000e+03
8.494000000000000000e+03 9.794000000000000000e+03
8.447000000000000000e+03 9.819000000000000000e+03
8.555000000000000000e+03 9.751000000000000000e+03
8.510000000000000000e+03 9.776000000000000000e+03
8.549000000000000000e+03 9.757000000000000000e+03
8.617000000000000000e+03 9.738000000000000000e+03
8.618000000000000000e+03 9.724000000000000000e+03
8.626000000000000000e+03 9.723000000000000000e+03
8.580000000000000000e+03 9.744000000000000000e+03
8.711000000000000000e+03 9.650000000000000000e+03
8.776000000000000000e+03 9.635000000000000000e+03
8.739000000000000000e+03 9.646000000000000000e+03
8.709000000000000000e+03 9.659000000000000000e+03
8.704000000000000000e+03 9.669000000000000000e+03
8.699000000000000000e+03 9.671000000000000000e+03
8.777000000000000000e+03 9.626000000000000000e+03
8.805000000000000000e+03 9.612000000000000000e+03
8.823000000000000000e+03 9.598000000000000000e+03
8.773000000000000000e+03 9.641000000000000000e+03
8.825000000000000000e+03 9.593000000000000000e+03
8.804000000000000000e+03 9.623000000000000000e+03
8.832000000000000000e+03 9.591000000000000000e+03
8.815000000000000000e+03 9.606000000000000000e+03
8.824000000000000000e+03 9.597000000000000000e+03
8.918000000000000000e+03 9.543000000000000000e+03
8.911000000000000000e+03 9.559000000000000000e+03
8.849000000000000000e+03 9.590000000000000000e+03
8.870000000000000000e+03 9.577000000000000000e+03
8.938000000000000000e+03 9.542000000000000000e+03
8.949000000000000000e+03 9.517000000000000000e+03
8.944000000000000000e+03 9.518000000000000000e+03
9.014000000000000000e+03 9.501000000000000000e+03
9.051000000000000000e+03 9.463000000000000000e+03
9.026000000000000000e+03 9.476000000000000000e+03
9.044000000000000000e+03 9.470000000000000000e+03
9.021000000000000000e+03 9.483000000000000000e+03
9.003000000000000000e+03 9.516000000000000000e+03
9.074000000000000000e+03 9.437000000000000000e+03
9.062000000000000000e+03 9.451000000000000000e+03
9.109000000000000000e+03 9.422000000000000000e+03
9.155000000000000000e+03 9.365000000000000000e+03
9.136000000000000000e+03 9.371000000000000000e+03
9.159000000000000000e+03 9.353000000000000000e+03
9.165000000000000000e+03 9.348000000000000000e+03
9.166000000000000000e+03 9.336000000000000000e+03
9.199000000000000000e+03 9.329000000000000000e+03
9.212000000000000000e+03 9.305000000000000000e+03
9.176000000000000000e+03 9.331000000000000000e+03
9.230000000000000000e+03 9.294000000000000000e+03
9.204000000000000000e+03 9.308000000000000000e+03
9.201000000000000000e+03 9.327000000000000000e+03
9.243000000000000000e+03 9.270000000000000000e+03
9.265000000000000000e+03 9.258000000000000000e+03
9.238000000000000000e+03 9.273000000000000000e+03
8.071000000000000000e+03 9.885000000000000000e+03
7.997000000000000000e+03 9.904000000000000000e+03
8.035000000000000000e+03 9.901000000000000000e+03
8.112000000000000000e+03 9.879000000000000000e+03
8.066000000000000000e+03 9.897000000000000000e+03
8.125000000000000000e+03 9.874000000000000000e+03
8.242000000000000000e+03 9.869000000000000000e+03
8.335000000000000000e+03 9.855000000000000000e+03
8.327000000000000000e+03 9.861000000000000000e+03
8.338000000000000000e+03 9.845000000000000000e+03
8.407000000000000000e+03 9.842000000000000000e+03
8.455000000000000000e+03 9.801000000000000000e+03
8.462000000000000000e+03 9.800000000000000000e+03
8.494000000000000000e+03 9.794000000000000000e+03
8.447000000000000000e+03 9.819000000000000000e+03
8.555000000000000000e+03 9.751000000000000000e+03
8.510000000000000000e+03 9.776000000000000000e+03
8.549000000000000000e+03 9.757000000000000000e+03
8.617000000000000000e+03 9.738000000000000000e+03
8.618000000000000000e+03 9.724000000000000000e+03
8.626000000000000000e+03 9.723000000000000000e+03
8.580000000000000000e+03 9.744000000000000000e+03
8.711000000000000000e+03 9.650000000000000000e+03
8.776000000000000000e+03 9.635000000000000000e+03
8.739000000000000000e+03 9.646000000000000000e+03
8.709000000000000000e+03 9.659000000000000000e+03
8.704000000000000000e+03 9.669000000000000000e+03
8.699000000000000000e+03 9.671000000000000000e+03
8.777000000000000000e+03 9.626000000000000000e+03
8.805000000000000000e+03 9.612000000000000000e+03
8.823000000000000000e+03 9.598000000000000000e+03
8.773000000000000000e+03 9.641000000000000000e+03
8.825000000000000000e+03 9.593000000000000000e+03
8.804000000000000000e+03 9.623000000000000000e+03
8.832000000000000000e+03 9.591000000000000000e+03
8.815000000000000000e+03 9.606000000000000000e+03
8.824000000000000000e+03 9.597000000000000000e+03
8.918000000000000000e+03 9.543000000000000000e+03
8.911000000000000000e+03 9.559000000000000000e+03
8.849000000000000000e+03 9.590000000000000000e+03
8.870000000000000000e+03 9.577000000000000000e+03
8.938000000000000000e+03 9.542000000000000000e+03
8.949000000000000000e+03 9.517000000000000000e+03
8.944000000000000000e+03 9.518000000000000000e+03
9.014000000000000000e+03 9.501000000000000000e+03
9.051000000000000000e+03 9.463000000000000000e+03
9.026000000000000000e+03 9.476000000000000000e+03
9.044000000000000000e+03 9.470000000000000000e+03
9.021000000000000000e+03 9.483000000000000000e+03
9.003000000000000000e+03 9.516000000000000000e+03
9.074000000000000000e+03 9.437000000000000000e+03
9.062000000000000000e+03 9.451000000000000000e+03
9.109000000000000000e+03 9.422000000000000000e+03
9.155000000000000000e+03 9.365000000000000000e+03
9.136000000000000000e+03 9.371000000000000000e+03
9.159000000000000000e+03 9.353000000000000000e+03
9.165000000000000000e+03 9.348000000000000000e+03
9.166000000000000000e+03 9.336000000000000000e+03
9.199000000000000000e+03 9.329000000000000000e+03
9.212000000000000000e+03 9.305000000000000000e+03
9.176000000000000000e+03 9.331000000000000000e+03
9.204000000000000000e+03 9.308000000000000000e+03
9.201000000000000000e+03 9.327000000000000000e+03
9.265000000000000000e+03 9.258000000000000000e+03
9.242000000000000000e+03 9.299000000000000000e+03
9.247000000000000000e+03 9.277000000000000000e+03
8.071000000000000000e+03 9.885000000000000000e+03
7.997000000000000000e+03 9.904000000000000000e+03
8.035000000000000000e+03 9.901000000000000000e+03
8.112000000000000000e+03 9.879000000000000000e+03
8.066000000000000000e+03 9.897000000000000000e+03
8.125000000000000000e+03 9.874000000000000000e+03
8.242000000000000000e+03 9.869000000000000000e+03
8.335000000000000000e+03 9.855000000000000000e+03
8.327000000000000000e+03 9.861000000000000000e+03
8.338000000000000000e+03 9.845000000000000000e+03
8.407000000000000000e+03 9.842000000000000000e+03
8.455000000000000000e+03 9.801000000000000000e+03
8.462000000000000000e+03 9.800000000000000000e+03
8.494000000000000000e+03 9.794000000000000000e+03
8.447000000000000000e+03 9.819000000000000000e+03
8.555000000000000000e+03 9.751000000000000000e+03
8.510000000000000000e+03 9.776000000000000000e+03
8.549000000000000000e+03 9.757000000000000000e+03
8.617000000000000000e+03 9.738000000000000000e+03
8.618000000000000000e+03 9.724000000000000000e+03
8.626000000000000000e+03 9.723000000000000000e+03
8.580000000000000000e+03 9.744000000000000000e+03
8.711000000000000000e+03 9.650000000000000000e+03
8.776000000000000000e+03 9.635000000000000000e+03
8.739000000000000000e+03 9.646000000000000000e+03
8.709000000000000000e+03 9.659000000000000000e+03
8.704000000000000000e+03 9.669000000000000000e+03
8.699000000000000000e+03 9.671000000000000000e+03
8.777000000000000000e+03 9.626000000000000000e+03
8.805000000000000000e+03 9.612000000000000000e+03
8.823000000000000000e+03 9.598000000000000000e+03
8.773000000000000000e+03 9.641000000000000000e+03
8.825000000000000000e+03 9.593000000000000000e+03
8.804000000000000000e+03 9.623000000000000000e+03
8.832000000000000000e+03 9.591000000000000000e+03
8.815000000000000000e+03 9.606000000000000000e+03
8.824000000000000000e+03 9.597000000000000000e+03
8.918000000000000000e+03 9.543000000000000000e+03
8.911000000000000000e+03 9.559000000000000000e+03
8.849000000000000000e+03 9.590000000000000000e+03
8.870000000000000000e+03 9.577000000000000000e+03
8.938000000000000000e+03 9.542000000000000000e+03
8.949000000000000000e+03 9.517000000000000000e+03
8.944000000000000000e+03 9.518000000000000000e+03
9.014000000000000000e+03 9.501000000000000000e+03
9.051000000000000000e+03 9.463000000000000000e+03
9.026000000000000000e+03 9.476000000000000000e+03
9.044000000000000000e+03 9.470000000000000000e+03
9.021000000000000000e+03 9.483000000000000000e+03
9.003000000000000000e+03 9.516000000000000000e+03
9.074000000000000000e+03 9.437000000000000000e+03
9.062000000000000000e+03 9.451000000000000000e+03
9.109000000000000000e+03 9.422000000000000000e+03
9.155000000000000000e+03 9.365000000000000000e+03
9.136000000000000000e+03 9.371000000000000000e+03
9.159000000000000000e+03 9.353000000000000000e+03
9.165000000000000000e+03 9.348000000000000000e+03
9.166000000000000000e+03 9.336000000000000000e+03
9.199000000000000000e+03 9.329000000000000000e+03
9.212000000000000000e+03 9.305000000000000000e+03
9.176000000000000000e+03 9.331000000000000000e+03
9.204000000000000000e+03 9.308000000000000000e+03
9.201000000000000000e+03 9.327000000000000000e+03
9.265000000000000000e+03 9.258000000000000000e+03
9.242000000000000000e+03 9.299000000000000000e+03
9.247000000000000000e+03 9.277000000000000000e+03
8.071000000000000000e+03 9.885000000000000000e+03
7.997000000000000000e+03 9.904000000000000000e+03
8.035000000000000000e+03 9.901000000000000000e+03
8.112000000000000000e+03 9.879000000000000000e+03
8.066000000000000000e+03 9.897000000000000000e+03
8.125000000000000000e+03 9.874000000000000000e+03
8.242000000000000000e+03 9.869000000000000000e+03
8.335000000000000000e+03 9.855000000000000000e+03
8.327000000000000000e+03 9.861000000000000000e+03
8.338000000000000000e+03 9.845000000000000000e+03
8.407000000000000000e+03 9.842000000000000000e+03
8.455000000000000000e+03 9.801000000000000000e+03
8.462000000000000000e+03 9.800000000000000000e+03
8.494000000000000000e+03 9.794000000000000000e+03
8.447000000000000000e+03 9.819000000000000000e+03
8.555000000000000000e+03 9.751000000000000000e+03
8.510000000000000000e+03 9.776000000000000000e+03
8.549000000000000000e+03 9.757000000000000000e+03
8.617000000000000000e+03 9.738000000000000000e+03
8.618000000000000000e+03 9.724000000000000000e+03
8.626000000000000000e+03 9.723000000000000000e+03
8.580000000000000000e+03 9.744000000000000000e+03
8.711000000000000000e+03 9.650000000000000000e+03
8.776000000000000000e+03 9.635000000000000000e+03
8.739000000000000000e+03 9.646000000000000000e+03
8.709000000000000000e+03 9.659000000000000000e+03
8.704000000000000000e+03 9.669000000000000000e+03
8.699000000000000000e+03 9.671000000000000000e+03
8.777000000000000000e+03 9.626000000000000000e+03
8.805000000000000000e+03 9.612000000000000000e+03
8.823000000000000000e+03 9.598000000000000000e+03
8.773000000000000000e+03 9.641000000000000000e+03
8.825000000000000000e+03 9.593000000000000000e+03
8.804000000000000000e+03 9.623000000000000000e+03
8.832000000000000000e+03 9.591000000000000000e+03
8.815000000000000000e+03 9.606000000000000000e+03
8.824000000000000000e+03 9.597000000000000000e+03
8.918000000000000000e+03 9.543000000000000000e+03
8.911000000000000000e+03 9.559000000000000000e+03
8.849000000000000000e+03 9.590000000000000000e+03
8.870000000000000000e+03 9.577000000000000000e+03
8.938000000000000000e+03 9.542000000000000000e+03
8.949000000000000000e+03 9.517000000000000000e+03
8.944000000000000000e+03 9.518000000000000000e+03
9.014000000000000000e+03 9.501000000000000000e+03
9.051000000000000000e+03 9.463000000000000000e+03
9.026000000000000000e+03 9.476000000000000000e+03
9.044000000000000000e+03 9.470000000000000000e+03
9.021000000000000000e+03 9.483000000000000000e+03
9.003000000000000000e+03 9.516000000000000000e+03
9.074000000000000000e+03 9.437000000000000000e+03
9.062000000000000000e+03 9.451000000000000000e+03
9.109000000000000000e+03 9.422000000000000000e+03
9.155000000000000000e+03 9.365000000000000000e+03
9.136000000000000000e+03 9.371000000000000000e+03
9.159000000000000000e+03 9.353000000000000000e+03
9.165000000000000000e+03 9.348000000000000000e+03
9.166000000000000000e+03 9.336000000000000000e+03
9.199000000000000000e+03 9.329000000000000000e+03
9.212000000000000000e+03 9.305000000000000000e+03
9.176000000000000000e+03 9.331000000000000000e+03
9.201000000000000000e+03 9.327000000000000000e+03
9.265000000000000000e+03 9.258000000000000000e+03
9.242000000000000000e+03 9.299000000000000000e+03
9.248000000000000000e+03 9.281000000000000000e+03
9.206000000000000000e+03 9.311000000000000000e+03
9.273000000000000000e+03 9.215000000000000000e+03
9.319000000000000000e+03 9.200000000000000000e+03
9.266000000000000000e+03 9.232000000000000000e+03
9.284000000000000000e+03 9.214000000000000000e+03
8.071000000000000000e+03 9.885000000000000000e+03
7.997000000000000000e+03 9.904000000000000000e+03
8.035000000000000000e+03 9.901000000000000000e+03
8.112000000000000000e+03 9.879000000000000000e+03
8.066000000000000000e+03 9.897000000000000000e+03
8.125000000000000000e+03 9.874000000000000000e+03
8.242000000000000000e+03 9.869000000000000000e+03
8.335000000000000000e+03 9.855000000000000000e+03
8.327000000000000000e+03 9.861000000000000000e+03
8.338000000000000000e+03 9.845000000000000000e+03
8.407000000000000000e+03 9.842000000000000000e+03
8.455000000000000000e+03 9.801000000000000000e+03
8.462000000000000000e+03 9.800000000000000000e+03
8.494000000000000000e+03 9.794000000000000000e+03
8.447000000000000000e+03 9.819000000000000000e+03
8.555000000000000000e+03 9.751000000000000000e+03
8.510000000000000000e+03 9.776000000000000000e+03
8.549000000000000000e+03 9.757000000000000000e+03
8.617000000000000000e+03 9.738000000000000000e+03
8.618000000000000000e+03 9.724000000000000000e+03
8.626000000000000000e+03 9.723000000000000000e+03
8.580000000000000000e+03 9.744000000000000000e+03
8.711000000000000000e+03 9.650000000000000000e+03
8.776000000000000000e+03 9.635000000000000000e+03
8.739000000000000000e+03 9.646000000000000000e+03
8.709000000000000000e+03 9.659000000000000000e+03
8.704000000000000000e+03 9.669000000000000000e+03
8.699000000000000000e+03 9.671000000000000000e+03
8.777000000000000000e+03 9.626000000000000000e+03
8.805000000000000000e+03 9.612000000000000000e+03
8.823000000000000000e+03 9.598000000000000000e+03
8.773000000000000000e+03 9.641000000000000000e+03
8.825000000000000000e+03 9.593000000000000000e+03
8.804000000000000000e+03 9.623000000000000000e+03
8.832000000000000000e+03 9.591000000000000000e+03
8.815000000000000000e+03 9.606000000000000000e+03
8.824000000000000000e+03 9.597000000000000000e+03
8.918000000000000000e+03 9.543000000000000000e+03
8.911000000000000000e+03 9.559000000000000000e+03
8.849000000000000000e+03 9.590000000000000000e+03
8.870000000000000000e+03 9.577000000000000000e+03
8.938000000000000000e+03 9.542000000000000000e+03
8.949000000000000000e+03 9.517000000000000000e+03
8.944000000000000000e+03 9.518000000000000000e+03
9.014000000000000000e+03 9.501000000000000000e+03
9.051000000000000000e+03 9.463000000000000000e+03
9.026000000000000000e+03 9.476000000000000000e+03
9.044000000000000000e+03 9.470000000000000000e+03
9.021000000000000000e+03 9.483000000000000000e+03
9.003000000000000000e+03 9.516000000000000000e+03
9.074000000000000000e+03 9.437000000000000000e+03
9.062000000000000000e+03 9.451000000000000000e+03
9.109000000000000000e+03 9.422000000000000000e+03
9.155000000000000000e+03 9.365000000000000000e+03
9.136000000000000000e+03 9.371000000000000000e+03
9.159000000000000000e+03 9.353000000000000000e+03
9.165000000000000000e+03 9.348000000000000000e+03
9.166000000000000000e+03 9.336000000000000000e+03
9.199000000000000000e+03 9.329000000000000000e+03
9.212000000000000000e+03 9.305000000000000000e+03
9.176000000000000000e+03 9.331000000000000000e+03
9.201000000000000000e+03 9.327000000000000000e+03
9.265000000000000000e+03 9.258000000000000000e+03
9.242000000000000000e+03 9.299000000000000000e+03
9.248000000000000000e+03 9.281000000000000000e+03
9.206000000000000000e+03 9.311000000000000000e+03
9.273000000000000000e+03 9.215000000000000000e+03
9.319000000000000000e+03 9.200000000000000000e+03
9.266000000000000000e+03 9.232000000000000000e+03
9.284000000000000000e+03 9.214000000000000000e+03
8.071000000000000000e+03 9.885000000000000000e+03
7.997000000000000000e+03 9.904000000000000000e+03
8.035000000000000000e+03 9.901000000000000000e+03
8.112000000000000000e+03 9.879000000000000000e+03
8.066000000000000000e+03 9.897000000000000000e+03
8.125000000000000000e+03 9.874000000000000000e+03
8.242000000000000000e+03 9.869000000000000000e+03
8.335000000000000000e+03 9.855000000000000000e+03
8.327000000000000000e+03 9.861000000000000000e+03
8.338000000000000000e+03 9.845000000000000000e+03
8.407000000000000000e+03 9.842000000000000000e+03
8.455000000000000000e+03 9.801000000000000000e+03
8.462000000000000000e+03 9.800000000000000000e+03
8.494000000000000000e+03 9.794000000000000000e+03
8.447000000000000000e+03 9.819000000000000000e+03
8.555000000000000000e+03 9.751000000000000000e+03
8.510000000000000000e+03 9.776000000000000000e+03
8.549000000000000000e+03 9.757000000000000000e+03
8.617000000000000000e+03 9.738000000000000000e+03
8.618000000000000000e+03 9.724000000000000000e+03
8.626000000000000000e+03 9.723000000000000000e+03
8.580000000000000000e+03 9.744000000000000000e+03
8.711000000000000000e+03 9.650000000000000000e+03
8.776000000000000000e+03 9.635000000000000000e+03
8.739000000000000000e+03 9.646000000000000000e+03
8.709000000000000000e+03 9.659000000000000000e+03
8.704000000000000000e+03 9.669000000000000000e+03
8.699000000000000000e+03 9.671000000000000000e+03
8.777000000000000000e+03 9.626000000000000000e+03
8.805000000000000000e+03 9.612000000000000000e+03
8.823000000000000000e+03 9.598000000000000000e+03
8.773000000000000000e+03 9.641000000000000000e+03
8.825000000000000000e+03 9.593000000000000000e+03
8.804000000000000000e+03 9.623000000000000000e+03
8.832000000000000000e+03 9.591000000000000000e+03
8.815000000000000000e+03 9.606000000000000000e+03
8.824000000000000000e+03 9.597000000000000000e+03
8.918000000000000000e+03 9.543000000000000000e+03
8.911000000000000000e+03 9.559000000000000000e+03
8.849000000000000000e+03 9.590000000000000000e+03
8.870000000000000000e+03 9.577000000000000000e+03
8.938000000000000000e+03 9.542000000000000000e+03
8.949000000000000000e+03 9.517000000000000000e+03
8.944000000000000000e+03 9.518000000000000000e+03
9.014000000000000000e+03 9.501000000000000000e+03
9.051000000000000000e+03 9.463000000000000000e+03
9.026000000000000000e+03 9.476000000000000000e+03
9.044000000000000000e+03 9.470000000000000000e+03
9.021000000000000000e+03 9.483000000000000000e+03
9.003000000000000000e+03 9.516000000000000000e+03
9.074000000000000000e+03 9.437000000000000000e+03
9.062000000000000000e+03 9.451000000000000000e+03
9.109000000000000000e+03 9.422000000000000000e+03
9.155000000000000000e+03 9.365000000000000000e+03
9.136000000000000000e+03 9.371000000000000000e+03
9.159000000000000000e+03 9.353000000000000000e+03
9.165000000000000000e+03 9.348000000000000000e+03
9.166000000000000000e+03 9.336000000000000000e+03
9.199000000000000000e+03 9.329000000000000000e+03
9.212000000000000000e+03 9.305000000000000000e+03
9.176000000000000000e+03 9.331000000000000000e+03
9.201000000000000000e+03 9.327000000000000000e+03
9.265000000000000000e+03 9.258000000000000000e+03
9.242000000000000000e+03 9.299000000000000000e+03
9.248000000000000000e+03 9.281000000000000000e+03
9.206000000000000000e+03 9.311000000000000000e+03
9.319000000000000000e+03 9.200000000000000000e+03
9.266000000000000000e+03 9.232000000000000000e+03
9.284000000000000000e+03 9.214000000000000000e+03
9.274000000000000000e+03 9.227000000000000000e+03
9.352000000000000000e+03 9.131000000000000000e+03
9.324000000000000000e+03 9.165000000000000000e+03
8.071000000000000000e+03 9.885000000000000000e+03
7.997000000000000000e+03 9.904000000000000000e+03
8.035000000000000000e+03 9.901000000000000000e+03
8.112000000000000000e+03 9.879000000000000000e+03
8.066000000000000000e+03 9.897000000000000000e+03
8.125000000000000000e+03 9.874000000000000000e+03
8.242000000000000000e+03 9.869000000000000000e+03
8.335000000000000000e+03 9.855000000000000000e+03
8.327000000000000000e+03 9.861000000000000000e+03
8.338000000000000000e+03 9.845000000000000000e+03
8.407000000000000000e+03 9.842000000000000000e+03
8.455000000000000000e+03 9.801000000000000000e+03
8.462000000000000000e+03 9.800000000000000000e+03
8.494000000000000000e+03 9.794000000000000000e+03
8.447000000000000000e+03 9.819000000000000000e+03
8.555000000000000000e+03 9.751000000000000000e+03
8.510000000000000000e+03 9.776000000000000000e+03
8.549000000000000000e+03 9.757000000000000000e+03
8.617000000000000000e+03 9.738000000000000000e+03
8.618000000000000000e+03 9.724000000000000000e+03
8.626000000000000000e+03 9.723000000000000000e+03
8.580000000000000000e+03 9.744000000000000000e+03
8.711000000000000000e+03 9.650000000000000000e+03
8.776000000000000000e+03 9.635000000000000000e+03
8.739000000000000000e+03 9.646000000000000000e+03
8.709000000000000000e+03 9.659000000000000000e+03
8.704000000000000000e+03 9.669000000000000000e+03
8.699000000000000000e+03 9.671000000000000000e+03
8.777000000000000000e+03 9.626000000000000000e+03
8.805000000000000000e+03 9.612000000000000000e+03
8.823000000000000000e+03 9.598000000000000000e+03
8.773000000000000000e+03 9.641000000000000000e+03
8.825000000000000000e+03 9.593000000000000000e+03
8.804000000000000000e+03 9.623000000000000000e+03
8.832000000000000000e+03 9.591000000000000000e+03
8.815000000000000000e+03 9.606000000000000000e+03
8.824000000000000000e+03 9.597000000000000000e+03
8.918000000000000000e+03 9.543000000000000000e+03
8.911000000000000000e+03 9.559000000000000000e+03
8.849000000000000000e+03 9.590000000000000000e+03
8.870000000000000000e+03 9.577000000000000000e+03
8.938000000000000000e+03 9.542000000000000000e+03
8.949000000000000000e+03 9.517000000000000000e+03
8.944000000000000000e+03 9.518000000000000000e+03
9.014000000000000000e+03 9.501000000000000000e+03
9.051000000000000000e+03 9.463000000000000000e+03
9.026000000000000000e+03 9.476000000000000000e+03
9.044000000000000000e+03 9.470000000000000000e+03
9.021000000000000000e+03 9.483000000000000000e+03
9.003000000000000000e+03 9.516000000000000000e+03
9.074000000000000000e+03 9.437000000000000000e+03
9.062000000000000000e+03 9.451000000000000000e+03
9.109000000000000000e+03 9.422000000000000000e+03
9.155000000000000000e+03 9.365000000000000000e+03
9.136000000000000000e+03 9.371000000000000000e+03
9.159000000000000000e+03 9.353000000000000000e+03
9.165000000000000000e+03 9.348000000000000000e+03
9.166000000000000000e+03 9.336000000000000000e+03
9.199000000000000000e+03 9.329000000000000000e+03
9.212000000000000000e+03 9.305000000000000000e+03
9.176000000000000000e+03 9.331000000000000000e+03
9.201000000000000000e+03 9.327000000000000000e+03
9.242000000000000000e+03 9.299000000000000000e+03
9.248000000000000000e+03 9.281000000000000000e+03
9.206000000000000000e+03 9.311000000000000000e+03
9.319000000000000000e+03 9.200000000000000000e+03
9.352000000000000000e+03 9.131000000000000000e+03
9.324000000000000000e+03 9.165000000000000000e+03
9.327000000000000000e+03 9.155000000000000000e+03
9.249000000000000000e+03 9.267000000000000000e+03
9.284000000000000000e+03 9.243000000000000000e+03
9.285000000000000000e+03 9.223000000000000000e+03
9.279000000000000000e+03 9.264000000000000000e+03
9.336000000000000000e+03 9.150000000000000000e+03
9.367000000000000000e+03 9.115000000000000000e+03
9.337000000000000000e+03 9.135000000000000000e+03
9.365000000000000000e+03 9.129000000000000000e+03
9.345000000000000000e+03 9.133000000000000000e+03
9.382000000000000000e+03 9.093000000000000000e+03
8.071000000000000000e+03 9.885000000000000000e+03
7.997000000000000000e+03 9.904000000000000000e+03
8.035000000000000000e+03 9.901000000000000000e+03
8.112000000000000000e+03 9.879000000000000000e+03
8.066000000000000000e+03 9.897000000000000000e+03
8.125000000000000000e+03 9.874000000000000000e+03
8.242000000000000000e+03 9.869000000000000000e+03
8.335000000000000000e+03 9.855000000000000000e+03
8.327000000000000000e+03 9.861000000000000000e+03
8.338000000000000000e+03 9.845000000000000000e+03
8.407000000000000000e+03 9.842000000000000000e+03
8.455000000000000000e+03 9.801000000000000000e+03
8.462000000000000000e+03 9.800000000000000000e+03
8.494000000000000000e+03 9.794000000000000000e+03
8.447000000000000000e+03 9.819000000000000000e+03
8.555000000000000000e+03 9.751000000000000000e+03
8.510000000000000000e+03 9.776000000000000000e+03
8.549000000000000000e+03 9.757000000000000000e+03
8.617000000000000000e+03 9.738000000000000000e+03
8.618000000000000000e+03 9.724000000000000000e+03
8.626000000000000000e+03 9.723000000000000000e+03
8.580000000000000000e+03 9.744000000000000000e+03
8.711000000000000000e+03 9.650000000000000000e+03
8.776000000000000000e+03 9.635000000000000000e+03
8.739000000000000000e+03 9.646000000000000000e+03
8.709000000000000000e+03 9.659000000000000000e+03
8.704000000000000000e+03 9.669000000000000000e+03
8.699000000000000000e+03 9.671000000000000000e+03
8.777000000000000000e+03 9.626000000000000000e+03
8.805000000000000000e+03 9.612000000000000000e+03
8.823000000000000000e+03 9.598000000000000000e+03
8.773000000000000000e+03 9.641000000000000000e+03
8.825000000000000000e+03 9.593000000000000000e+03
8.804000000000000000e+03 9.623000000000000000e+03
8.832000000000000000e+03 9.591000000000000000e+03
8.815000000000000000e+03 9.606000000000000000e+03
8.824000000000000000e+03 9.597000000000000000e+03
8.918000000000000000e+03 9.543000000000000000e+03
8.911000000000000000e+03 9.559000000000000000e+03
8.849000000000000000e+03 9.590000000000000000e+03
8.870000000000000000e+03 9.577000000000000000e+03
8.938000000000000000e+03 9.542000000000000000e+03
8.949000000000000000e+03 9.517000000000000000e+03
8.944000000000000000e+03 9.518000000000000000e+03
9.014000000000000000e+03 9.501000000000000000e+03
9.051000000000000000e+03 9.463000000000000000e+03
9.026000000000000000e+03 9.476000000000000000e+03
9.044000000000000000e+03 9.470000000000000000e+03
9.021000000000000000e+03 9.483000000000000000e+03
9.003000000000000000e+03 9.516000000000000000e+03
9.074000000000000000e+03 9.437000000000000000e+03
9.062000000000000000e+03 9.451000000000000000e+03
9.109000000000000000e+03 9.422000000000000000e+03
9.155000000000000000e+03 9.365000000000000000e+03
9.136000000000000000e+03 9.371000000000000000e+03
9.159000000000000000e+03 9.353000000000000000e+03
9.165000000000000000e+03 9.348000000000000000e+03
9.166000000000000000e+03 9.336000000000000000e+03
9.199000000000000000e+03 9.329000000000000000e+03
9.212000000000000000e+03 9.305000000000000000e+03
9.176000000000000000e+03 9.331000000000000000e+03
9.201000000000000000e+03 9.327000000000000000e+03
9.242000000000000000e+03 9.299000000000000000e+03
9.248000000000000000e+03 9.281000000000000000e+03
9.206000000000000000e+03 9.311000000000000000e+03
9.319000000000000000e+03 9.200000000000000000e+03
9.324000000000000000e+03 9.165000000000000000e+03
9.327000000000000000e+03 9.155000000000000000e+03
9.249000000000000000e+03 9.267000000000000000e+03
9.284000000000000000e+03 9.243000000000000000e+03
9.285000000000000000e+03 9.223000000000000000e+03
9.279000000000000000e+03 9.264000000000000000e+03
9.336000000000000000e+03 9.150000000000000000e+03
9.367000000000000000e+03 9.115000000000000000e+03
9.365000000000000000e+03 9.129000000000000000e+03
9.382000000000000000e+03 9.093000000000000000e+03
9.373000000000000000e+03 9.104000000000000000e+03
9.356000000000000000e+03 9.135000000000000000e+03
9.383000000000000000e+03 9.071000000000000000e+03
9.390000000000000000e+03 9.033000000000000000e+03
9.405000000000000000e+03 9.031000000000000000e+03
9.389000000000000000e+03 9.055000000000000000e+03
8.071000000000000000e+03 9.885000000000000000e+03
7.997000000000000000e+03 9.904000000000000000e+03
8.035000000000000000e+03 9.901000000000000000e+03
8.112000000000000000e+03 9.879000000000000000e+03
8.066000000000000000e+03 9.897000000000000000e+03
8.125000000000000000e+03 9.874000000000000000e+03
8.242000000000000000e+03 9.869000000000000000e+03
8.335000000000000000e+03 9.855000000000000000e+03
8.327000000000000000e+03 9.861000000000000000e+03
8.338000000000000000e+03 9.845000000000000000e+03
8.407000000000000000e+03 9.842000000000000000e+03
8.455000000000000000e+03 9.801000000000000000e+03
8.462000000000000000e+03 9.800000000000000000e+03
8.494000000000000000e+03 9.794000000000000000e+03
8.447000000000000000e+03 9.819000000000000000e+03
8.555000000000000000e+03 9.751000000000000000e+03
8.510000000000000000e+03 9.776000000000000000e+03
8.549000000000000000e+03 9.757000000000000000e+03
8.617000000000000000e+03 9.738000000000000000e+03
8.618000000000000000e+03 9.724000000000000000e+03
8.626000000000000000e+03 9.723000000000000000e+03
8.580000000000000000e+03 9.744000000000000000e+03
8.711000000000000000e+03 9.650000000000000000e+03
8.776000000000000000e+03 9.635000000000000000e+03
8.739000000000000000e+03 9.646000000000000000e+03
8.709000000000000000e+03 9.659000000000000000e+03
8.704000000000000000e+03 9.669000000000000000e+03
8.699000000000000000e+03 9.671000000000000000e+03
8.777000000000000000e+03 9.626000000000000000e+03
8.805000000000000000e+03 9.612000000000000000e+03
8.823000000000000000e+03 9.598000000000000000e+03
8.773000000000000000e+03 9.641000000000000000e+03
8.825000000000000000e+03 9.593000000000000000e+03
8.804000000000000000e+03 9.623000000000000000e+03
8.832000000000000000e+03 9.591000000000000000e+03
8.815000000000000000e+03 9.606000000000000000e+03
8.824000000000000000e+03 9.597000000000000000e+03
8.918000000000000000e+03 9.543000000000000000e+03
8.911000000000000000e+03 9.559000000000000000e+03
8.849000000000000000e+03 9.590000000000000000e+03
8.870000000000000000e+03 9.577000000000000000e+03
8.938000000000000000e+03 9.542000000000000000e+03
8.949000000000000000e+03 9.517000000000000000e+03
8.944000000000000000e+03 9.518000000000000000e+03
9.014000000000000000e+03 9.501000000000000000e+03
9.051000000000000000e+03 9.463000000000000000e+03
9.026000000000000000e+03 9.476000000000000000e+03
9.044000000000000000e+03 9.470000000000000000e+03
9.021000000000000000e+03 9.483000000000000000e+03
9.003000000000000000e+03 9.516000000000000000e+03
9.074000000000000000e+03 9.437000000000000000e+03
9.062000000000000000e+03 9.451000000000000000e+03
9.109000000000000000e+03 9.422000000000000000e+03
9.155000000000000000e+03 9.365000000000000000e+03
9.136000000000000000e+03 9.371000000000000000e+03
9.159000000000000000e+03 9.353000000000000000e+03
9.165000000000000000e+03 9.348000000000000000e+03
9.166000000000000000e+03 9.336000000000000000e+03
9.199000000000000000e+03 9.329000000000000000e+03
9.212000000000000000e+03 9.305000000000000000e+03
9.176000000000000000e+03 9.331000000000000000e+03
9.201000000000000000e+03 9.327000000000000000e+03
9.242000000000000000e+03 9.299000000000000000e+03
9.248000000000000000e+03 9.281000000000000000e+03
9.206000000000000000e+03 9.311000000000000000e+03
9.319000000000000000e+03 9.200000000000000000e+03
9.324000000000000000e+03 9.165000000000000000e+03
9.327000000000000000e+03 9.155000000000000000e+03
9.249000000000000000e+03 9.267000000000000000e+03
9.284000000000000000e+03 9.243000000000000000e+03
9.285000000000000000e+03 9.223000000000000000e+03
9.279000000000000000e+03 9.264000000000000000e+03
9.336000000000000000e+03 9.150000000000000000e+03
9.367000000000000000e+03 9.115000000000000000e+03
9.365000000000000000e+03 9.129000000000000000e+03
9.382000000000000000e+03 9.093000000000000000e+03
9.373000000000000000e+03 9.104000000000000000e+03
9.356000000000000000e+03 9.135000000000000000e+03
9.383000000000000000e+03 9.071000000000000000e+03
9.390000000000000000e+03 9.033000000000000000e+03
9.405000000000000000e+03 9.031000000000000000e+03
9.389000000000000000e+03 9.055000000000000000e+03
9.462000000000000000e+03 8.952000000000000000e+03
9.416000000000000000e+03 9.013000000000000000e+03
9.427000000000000000e+03 8.987000000000000000e+03
9.434000000000000000e+03 8.981000000000000000e+03
9.410000000000000000e+03 9.019000000000000000e+03
9.437000000000000000e+03 8.962000000000000000e+03
9.480000000000000000e+03 8.937000000000000000e+03
9.450000000000000000e+03 8.954000000000000000e+03
9.482000000000000000e+03 8.887000000000000000e+03
8.061000000000000000e+03 9.333000000000000000e+03
8.232000000000000000e+03 9.291000000000000000e+03
8.224000000000000000e+03 9.319000000000000000e+03
8.152000000000000000e+03 9.331000000000000000e+03
8.053000000000000000e+03 9.334000000000000000e+03
8.353000000000000000e+03 9.460000000000000000e+03
8.184000000000000000e+03 9.526000000000000000e+03
8.318000000000000000e+03 9.505000000000000000e+03
8.131000000000000000e+03 9.545000000000000000e+03
8.114000000000000000e+03 9.586000000000000000e+03
8.085000000000000000e+03 9.613000000000000000e+03
8.123000000000000000e+03 9.575000000000000000e+03
8.028000000000000000e+03 9.617000000000000000e+03
7.969000000000000000e+03 9.632000000000000000e+03
8.038000000000000000e+03 9.614000000000000000e+03
8.000000000000000000e+03 9.626000000000000000e+03
7.837000000000000000e+03 9.640000000000000000e+03
8.353000000000000000e+03 9.460000000000000000e+03
8.318000000000000000e+03 9.505000000000000000e+03
8.188000000000000000e+03 9.732000000000000000e+03
8.153000000000000000e+03 9.753000000000000000e+03
8.082000000000000000e+03 9.804000000000000000e+03
8.112000000000000000e+03 9.794000000000000000e+03
8.133000000000000000e+03 9.761000000000000000e+03
8.353000000000000000e+03 9.460000000000000000e+03
8.318000000000000000e+03 9.505000000000000000e+03
8.188000000000000000e+03 9.732000000000000000e+03
8.153000000000000000e+03 9.753000000000000000e+03
8.130000000000000000e+03 9.803000000000000000e+03
8.092000000000000000e+03 9.809000000000000000e+03
8.147000000000000000e+03 9.801000000000000000e+03
8.011000000000000000e+03 9.846000000000000000e+03
8.069000000000000000e+03 9.812000000000000000e+03
8.016000000000000000e+03 9.838000000000000000e+03
8.060000000000000000e+03 9.834000000000000000e+03
8.353000000000000000e+03 9.460000000000000000e+03
8.318000000000000000e+03 9.505000000000000000e+03
8.233000000000000000e+03 9.839000000000000000e+03
8.226000000000000000e+03 9.846000000000000000e+03
8.182000000000000000e+03 9.852000000000000000e+03
8.112000000000000000e+03 9.883000000000000000e+03
8.213000000000000000e+03 9.850000000000000000e+03
8.166000000000000000e+03 9.866000000000000000e+03
8.353000000000000000e+03 9.460000000000000000e+03
8.318000000000000000e+03 9.505000000000000000e+03
8.233000000000000000e+03 9.839000000000000000e+03
8.226000000000000000e+03 9.846000000000000000e+03
8.182000000000000000e+03 9.852000000000000000e+03
8.112000000000000000e+03 9.883000000000000000e+03
8.213000000000000000e+03 9.850000000000000000e+03
8.166000000000000000e+03 9.866000000000000000e+03
8.353000000000000000e+03 9.460000000000000000e+03
8.112000000000000000e+03 9.883000000000000000e+03
8.213000000000000000e+03 9.850000000000000000e+03
8.166000000000000000e+03 9.866000000000000000e+03
8.215000000000000000e+03 9.849000000000000000e+03
8.182000000000000000e+03 9.853000000000000000e+03
8.235000000000000000e+03 9.846000000000000000e+03
8.221000000000000000e+03 9.847000000000000000e+03
8.273000000000000000e+03 9.839000000000000000e+03
8.271000000000000000e+03 9.841000000000000000e+03
8.337000000000000000e+03 9.817000000000000000e+03
8.336000000000000000e+03 9.828000000000000000e+03
8.331000000000000000e+03 9.837000000000000000e+03
8.353000000000000000e+03 9.460000000000000000e+03
8.112000000000000000e+03 9.883000000000000000e+03
8.213000000000000000e+03 9.850000000000000000e+03
8.166000000000000000e+03 9.866000000000000000e+03
8.215000000000000000e+03 9.849000000000000000e+03
8.182000000000000000e+03 9.853000000000000000e+03
8.235000000000000000e+03 9.846000000000000000e+03
8.221000000000000000e+03 9.847000000000000000e+03
8.273000000000000000e+03 9.839000000000000000e+03
8.271000000000000000e+03 9.841000000000000000e+03
8.337000000000000000e+03 9.817000000000000000e+03
8.336000000000000000e+03 9.828000000000000000e+03
8.331000000000000000e+03 9.837000000000000000e+03
8.112000000000000000e+03 9.883000000000000000e+03
8.166000000000000000e+03 9.866000000000000000e+03
8.368000000000000000e+03 9.842000000000000000e+03
8.321000000000000000e+03 9.854000000000000000e+03
8.436000000000000000e+03 9.838000000000000000e+03
8.355000000000000000e+03 9.846000000000000000e+03
8.437000000000000000e+03 9.808000000000000000e+03
8.112000000000000000e+03 9.883000000000000000e+03
8.166000000000000000e+03 9.866000000000000000e+03
8.368000000000000000e+03 9.842000000000000000e+03
8.321000000000000000e+03 9.854000000000000000e+03
8.436000000000000000e+03 9.838000000000000000e+03
8.355000000000000000e+03 9.846000000000000000e+03
8.476000000000000000e+03 9.807000000000000000e+03
8.457000000000000000e+03 9.821000000000000000e+03
8.503000000000000000e+03 9.794000000000000000e+03
8.449000000000000000e+03 9.825000000000000000e+03
8.466000000000000000e+03 9.816000000000000000e+03
8.495000000000000000e+03 9.800000000000000000e+03
8.479000000000000000e+03 9.802000000000000000e+03
8.112000000000000000e+03 9.883000000000000000e+03
8.166000000000000000e+03 9.866000000000000000e+03
8.368000000000000000e+03 9.842000000000000000e+03
8.321000000000000000e+03 9.854000000000000000e+03
8.436000000000000000e+03 9.838000000000000000e+03
8.355000000000000000e+03 9.846000000000000000e+03
8.476000000000000000e+03 9.807000000000000000e+03
8.457000000000000000e+03 9.821000000000000000e+03
8.503000000000000000e+03 9.794000000000000000e+03
8.449000000000000000e+03 9.825000000000000000e+03
8.466000000000000000e+03 9.816000000000000000e+03
8.495000000000000000e+03 9.800000000000000000e+03
8.479000000000000000e+03 9.802000000000000000e+03
8.547000000000000000e+03 9.764000000000000000e+03
8.506000000000000000e+03 9.774000000000000000e+03
8.514000000000000000e+03 9.772000000000000000e+03
8.504000000000000000e+03 9.777000000000000000e+03
8.523000000000000000e+03 9.771000000000000000e+03
8.573000000000000000e+03 9.758000000000000000e+03
8.112000000000000000e+03 9.883000000000000000e+03
8.166000000000000000e+03 9.866000000000000000e+03
8.368000000000000000e+03 9.842000000000000000e+03
8.321000000000000000e+03 9.854000000000000000e+03
8.436000000000000000e+03 9.838000000000000000e+03
8.355000000000000000e+03 9.846000000000000000e+03
8.476000000000000000e+03 9.807000000000000000e+03
8.457000000000000000e+03 9.821000000000000000e+03
8.503000000000000000e+03 9.794000000000000000e+03
8.449000000000000000e+03 9.825000000000000000e+03
8.466000000000000000e+03 9.816000000000000000e+03
8.495000000000000000e+03 9.800000000000000000e+03
8.479000000000000000e+03 9.802000000000000000e+03
8.547000000000000000e+03 9.764000000000000000e+03
8.506000000000000000e+03 9.774000000000000000e+03
8.514000000000000000e+03 9.772000000000000000e+03
8.504000000000000000e+03 9.777000000000000000e+03
8.523000000000000000e+03 9.771000000000000000e+03
8.573000000000000000e+03 9.758000000000000000e+03
8.112000000000000000e+03 9.883000000000000000e+03
8.166000000000000000e+03 9.866000000000000000e+03
8.368000000000000000e+03 9.842000000000000000e+03
8.321000000000000000e+03 9.854000000000000000e+03
8.436000000000000000e+03 9.838000000000000000e+03
8.355000000000000000e+03 9.846000000000000000e+03
8.476000000000000000e+03 9.807000000000000000e+03
8.457000000000000000e+03 9.821000000000000000e+03
8.503000000000000000e+03 9.794000000000000000e+03
8.449000000000000000e+03 9.825000000000000000e+03
8.466000000000000000e+03 9.816000000000000000e+03
8.495000000000000000e+03 9.800000000000000000e+03
8.479000000000000000e+03 9.802000000000000000e+03
8.547000000000000000e+03 9.764000000000000000e+03
8.506000000000000000e+03 9.774000000000000000e+03
8.514000000000000000e+03 9.772000000000000000e+03
8.504000000000000000e+03 9.777000000000000000e+03
8.523000000000000000e+03 9.771000000000000000e+03
8.573000000000000000e+03 9.758000000000000000e+03
8.589000000000000000e+03 9.722000000000000000e+03
8.112000000000000000e+03 9.883000000000000000e+03
8.166000000000000000e+03 9.866000000000000000e+03
8.368000000000000000e+03 9.842000000000000000e+03
8.321000000000000000e+03 9.854000000000000000e+03
8.436000000000000000e+03 9.838000000000000000e+03
8.355000000000000000e+03 9.846000000000000000e+03
8.476000000000000000e+03 9.807000000000000000e+03
8.457000000000000000e+03 9.821000000000000000e+03
8.503000000000000000e+03 9.794000000000000000e+03
8.449000000000000000e+03 9.825000000000000000e+03
8.466000000000000000e+03 9.816000000000000000e+03
8.495000000000000000e+03 9.800000000000000000e+03
8.479000000000000000e+03 9.802000000000000000e+03
8.547000000000000000e+03 9.764000000000000000e+03
8.506000000000000000e+03 9.774000000000000000e+03
8.514000000000000000e+03 9.772000000000000000e+03
8.504000000000000000e+03 9.777000000000000000e+03
8.523000000000000000e+03 9.771000000000000000e+03
8.573000000000000000e+03 9.758000000000000000e+03
8.582000000000000000e+03 9.750000000000000000e+03
8.639000000000000000e+03 9.723000000000000000e+03
8.642000000000000000e+03 9.722000000000000000e+03
8.614000000000000000e+03 9.731000000000000000e+03
8.588000000000000000e+03 9.734000000000000000e+03
8.657000000000000000e+03 9.717000000000000000e+03
8.658000000000000000e+03 9.701000000000000000e+03
8.662000000000000000e+03 9.699000000000000000e+03
8.680000000000000000e+03 9.696000000000000000e+03
8.112000000000000000e+03 9.883000000000000000e+03
8.166000000000000000e+03 9.866000000000000000e+03
8.368000000000000000e+03 9.842000000000000000e+03
8.321000000000000000e+03 9.854000000000000000e+03
8.436000000000000000e+03 9.838000000000000000e+03
8.355000000000000000e+03 9.846000000000000000e+03
8.476000000000000000e+03 9.807000000000000000e+03
8.457000000000000000e+03 9.821000000000000000e+03
8.503000000000000000e+03 9.794000000000000000e+03
8.449000000000000000e+03 9.825000000000000000e+03
8.466000000000000000e+03 9.816000000000000000e+03
8.495000000000000000e+03 9.800000000000000000e+03
8.479000000000000000e+03 9.802000000000000000e+03
8.547000000000000000e+03 9.764000000000000000e+03
8.506000000000000000e+03 9.774000000000000000e+03
8.514000000000000000e+03 9.772000000000000000e+03
8.504000000000000000e+03 9.777000000000000000e+03
8.523000000000000000e+03 9.771000000000000000e+03
8.573000000000000000e+03 9.758000000000000000e+03
8.582000000000000000e+03 9.750000000000000000e+03
8.639000000000000000e+03 9.723000000000000000e+03
8.642000000000000000e+03 9.722000000000000000e+03
8.614000000000000000e+03 9.731000000000000000e+03
8.588000000000000000e+03 9.734000000000000000e+03
8.657000000000000000e+03 9.717000000000000000e+03
8.658000000000000000e+03 9.701000000000000000e+03
8.662000000000000000e+03 9.699000000000000000e+03
8.680000000000000000e+03 9.696000000000000000e+03
8.750000000000000000e+03 9.647000000000000000e+03
8.715000000000000000e+03 9.686000000000000000e+03
8.749000000000000000e+03 9.649000000000000000e+03
8.754000000000000000e+03 9.639000000000000000e+03
8.742000000000000000e+03 9.676000000000000000e+03
8.112000000000000000e+03 9.883000000000000000e+03
8.166000000000000000e+03 9.866000000000000000e+03
8.368000000000000000e+03 9.842000000000000000e+03
8.321000000000000000e+03 9.854000000000000000e+03
8.436000000000000000e+03 9.838000000000000000e+03
8.355000000000000000e+03 9.846000000000000000e+03
8.476000000000000000e+03 9.807000000000000000e+03
8.457000000000000000e+03 9.821000000000000000e+03
8.503000000000000000e+03 9.794000000000000000e+03
8.449000000000000000e+03 9.825000000000000000e+03
8.466000000000000000e+03 9.816000000000000000e+03
8.495000000000000000e+03 9.800000000000000000e+03
8.479000000000000000e+03 9.802000000000000000e+03
8.547000000000000000e+03 9.764000000000000000e+03
8.506000000000000000e+03 9.774000000000000000e+03
8.514000000000000000e+03 9.772000000000000000e+03
8.504000000000000000e+03 9.777000000000000000e+03
8.523000000000000000e+03 9.771000000000000000e+03
8.573000000000000000e+03 9.758000000000000000e+03
8.582000000000000000e+03 9.750000000000000000e+03
8.639000000000000000e+03 9.723000000000000000e+03
8.642000000000000000e+03 9.722000000000000000e+03
8.614000000000000000e+03 9.731000000000000000e+03
8.588000000000000000e+03 9.734000000000000000e+03
8.657000000000000000e+03 9.717000000000000000e+03
8.658000000000000000e+03 9.701000000000000000e+03
8.662000000000000000e+03 9.699000000000000000e+03
8.680000000000000000e+03 9.696000000000000000e+03
8.715000000000000000e+03 9.686000000000000000e+03
8.742000000000000000e+03 9.676000000000000000e+03
8.775000000000000000e+03 9.642000000000000000e+03
8.752000000000000000e+03 9.645000000000000000e+03
8.794000000000000000e+03 9.612000000000000000e+03
8.788000000000000000e+03 9.623000000000000000e+03
8.750000000000000000e+03 9.657000000000000000e+03
8.783000000000000000e+03 9.637000000000000000e+03
8.112000000000000000e+03 9.883000000000000000e+03
8.166000000000000000e+03 9.866000000000000000e+03
8.368000000000000000e+03 9.842000000000000000e+03
8.321000000000000000e+03 9.854000000000000000e+03
8.436000000000000000e+03 9.838000000000000000e+03
8.355000000000000000e+03 9.846000000000000000e+03
8.476000000000000000e+03 9.807000000000000000e+03
8.457000000000000000e+03 9.821000000000000000e+03
8.503000000000000000e+03 9.794000000000000000e+03
8.449000000000000000e+03 9.825000000000000000e+03
8.466000000000000000e+03 9.816000000000000000e+03
8.495000000000000000e+03 9.800000000000000000e+03
8.479000000000000000e+03 9.802000000000000000e+03
8.547000000000000000e+03 9.764000000000000000e+03
8.506000000000000000e+03 9.774000000000000000e+03
8.514000000000000000e+03 9.772000000000000000e+03
8.504000000000000000e+03 9.777000000000000000e+03
8.523000000000000000e+03 9.771000000000000000e+03
8.573000000000000000e+03 9.758000000000000000e+03
8.582000000000000000e+03 9.750000000000000000e+03
8.639000000000000000e+03 9.723000000000000000e+03
8.642000000000000000e+03 9.722000000000000000e+03
8.614000000000000000e+03 9.731000000000000000e+03
8.588000000000000000e+03 9.734000000000000000e+03
8.657000000000000000e+03 9.717000000000000000e+03
8.658000000000000000e+03 9.701000000000000000e+03
8.662000000000000000e+03 9.699000000000000000e+03
8.680000000000000000e+03 9.696000000000000000e+03
8.715000000000000000e+03 9.686000000000000000e+03
8.742000000000000000e+03 9.676000000000000000e+03
8.775000000000000000e+03 9.642000000000000000e+03
8.752000000000000000e+03 9.645000000000000000e+03
8.788000000000000000e+03 9.623000000000000000e+03
8.750000000000000000e+03 9.657000000000000000e+03
8.783000000000000000e+03 9.637000000000000000e+03
8.765000000000000000e+03 9.643000000000000000e+03
8.854000000000000000e+03 9.591000000000000000e+03
8.806000000000000000e+03 9.619000000000000000e+03
8.883000000000000000e+03 9.584000000000000000e+03
8.832000000000000000e+03 9.604000000000000000e+03
8.818000000000000000e+03 9.615000000000000000e+03
8.901000000000000000e+03 9.565000000000000000e+03
8.112000000000000000e+03 9.883000000000000000e+03
8.166000000000000000e+03 9.866000000000000000e+03
8.368000000000000000e+03 9.842000000000000000e+03
8.321000000000000000e+03 9.854000000000000000e+03
8.436000000000000000e+03 9.838000000000000000e+03
8.355000000000000000e+03 9.846000000000000000e+03
8.476000000000000000e+03 9.807000000000000000e+03
8.457000000000000000e+03 9.821000000000000000e+03
8.503000000000000000e+03 9.794000000000000000e+03
8.449000000000000000e+03 9.825000000000000000e+03
8.466000000000000000e+03 9.816000000000000000e+03
8.495000000000000000e+03 9.800000000000000000e+03
8.479000000000000000e+03 9.802000000000000000e+03
8.547000000000000000e+03 9.764000000000000000e+03
8.506000000000000000e+03 9.774000000000000000e+03
8.514000000000000000e+03 9.772000000000000000e+03
8.504000000000000000e+03 9.777000000000000000e+03
8.523000000000000000e+03 9.771000000000000000e+03
8.573000000000000000e+03 9.758000000000000000e+03
8.582000000000000000e+03 9.750000000000000000e+03
8.639000000000000000e+03 9.723000000000000000e+03
8.642000000000000000e+03 9.722000000000000000e+03
8.614000000000000000e+03 9.731000000000000000e+03
8.588000000000000000e+03 9.734000000000000000e+03
8.657000000000000000e+03 9.717000000000000000e+03
8.658000000000000000e+03 9.701000000000000000e+03
8.662000000000000000e+03 9.699000000000000000e+03
8.680000000000000000e+03 9.696000000000000000e+03
8.715000000000000000e+03 9.686000000000000000e+03
8.742000000000000000e+03 9.676000000000000000e+03
8.775000000000000000e+03 9.642000000000000000e+03
8.752000000000000000e+03 9.645000000000000000e+03
8.788000000000000000e+03 9.623000000000000000e+03
8.750000000000000000e+03 9.657000000000000000e+03
8.783000000000000000e+03 9.637000000000000000e+03
8.765000000000000000e+03 9.643000000000000000e+03
8.854000000000000000e+03 9.591000000000000000e+03
8.832000000000000000e+03 9.604000000000000000e+03
8.901000000000000000e+03 9.565000000000000000e+03
8.825000000000000000e+03 9.622000000000000000e+03
8.916000000000000000e+03 9.551000000000000000e+03
8.902000000000000000e+03 9.563000000000000000e+03
8.894000000000000000e+03 9.569000000000000000e+03
8.941000000000000000e+03 9.526000000000000000e+03
8.892000000000000000e+03 9.586000000000000000e+03
8.933000000000000000e+03 9.549000000000000000e+03
8.112000000000000000e+03 9.883000000000000000e+03
8.166000000000000000e+03 9.866000000000000000e+03
8.368000000000000000e+03 9.842000000000000000e+03
8.321000000000000000e+03 9.854000000000000000e+03
8.436000000000000000e+03 9.838000000000000000e+03
8.355000000000000000e+03 9.846000000000000000e+03
8.476000000000000000e+03 9.807000000000000000e+03
8.457000000000000000e+03 9.821000000000000000e+03
8.503000000000000000e+03 9.794000000000000000e+03
8.449000000000000000e+03 9.825000000000000000e+03
8.466000000000000000e+03 9.816000000000000000e+03
8.495000000000000000e+03 9.800000000000000000e+03
8.479000000000000000e+03 9.802000000000000000e+03
8.547000000000000000e+03 9.764000000000000000e+03
8.506000000000000000e+03 9.774000000000000000e+03
8.514000000000000000e+03 9.772000000000000000e+03
8.504000000000000000e+03 9.777000000000000000e+03
8.523000000000000000e+03 9.771000000000000000e+03
8.573000000000000000e+03 9.758000000000000000e+03
8.582000000000000000e+03 9.750000000000000000e+03
8.639000000000000000e+03 9.723000000000000000e+03
8.642000000000000000e+03 9.722000000000000000e+03
8.614000000000000000e+03 9.731000000000000000e+03
8.588000000000000000e+03 9.734000000000000000e+03
8.657000000000000000e+03 9.717000000000000000e+03
8.658000000000000000e+03 9.701000000000000000e+03
8.662000000000000000e+03 9.699000000000000000e+03
8.680000000000000000e+03 9.696000000000000000e+03
8.715000000000000000e+03 9.686000000000000000e+03
8.742000000000000000e+03 9.676000000000000000e+03
8.775000000000000000e+03 9.642000000000000000e+03
8.752000000000000000e+03 9.645000000000000000e+03
8.788000000000000000e+03 9.623000000000000000e+03
8.750000000000000000e+03 9.657000000000000000e+03
8.783000000000000000e+03 9.637000000000000000e+03
8.765000000000000000e+03 9.643000000000000000e+03
8.854000000000000000e+03 9.591000000000000000e+03
8.832000000000000000e+03 9.604000000000000000e+03
8.825000000000000000e+03 9.622000000000000000e+03
8.916000000000000000e+03 9.551000000000000000e+03
8.894000000000000000e+03 9.569000000000000000e+03
8.892000000000000000e+03 9.586000000000000000e+03
8.933000000000000000e+03 9.549000000000000000e+03
8.915000000000000000e+03 9.568000000000000000e+03
8.943000000000000000e+03 9.536000000000000000e+03
8.974000000000000000e+03 9.502000000000000000e+03
8.953000000000000000e+03 9.526000000000000000e+03
9.011000000000000000e+03 9.487000000000000000e+03
8.962000000000000000e+03 9.504000000000000000e+03
9.026000000000000000e+03 9.485000000000000000e+03
8.991000000000000000e+03 9.501000000000000000e+03
8.112000000000000000e+03 9.883000000000000000e+03
8.166000000000000000e+03 9.866000000000000000e+03
8.368000000000000000e+03 9.842000000000000000e+03
8.321000000000000000e+03 9.854000000000000000e+03
8.436000000000000000e+03 9.838000000000000000e+03
8.355000000000000000e+03 9.846000000000000000e+03
8.476000000000000000e+03 9.807000000000000000e+03
8.457000000000000000e+03 9.821000000000000000e+03
8.503000000000000000e+03 9.794000000000000000e+03
8.449000000000000000e+03 9.825000000000000000e+03
8.466000000000000000e+03 9.816000000000000000e+03
8.495000000000000000e+03 9.800000000000000000e+03
8.479000000000000000e+03 9.802000000000000000e+03
8.547000000000000000e+03 9.764000000000000000e+03
8.506000000000000000e+03 9.774000000000000000e+03
8.514000000000000000e+03 9.772000000000000000e+03
8.504000000000000000e+03 9.777000000000000000e+03
8.523000000000000000e+03 9.771000000000000000e+03
8.573000000000000000e+03 9.758000000000000000e+03
8.582000000000000000e+03 9.750000000000000000e+03
8.639000000000000000e+03 9.723000000000000000e+03
8.642000000000000000e+03 9.722000000000000000e+03
8.614000000000000000e+03 9.731000000000000000e+03
8.588000000000000000e+03 9.734000000000000000e+03
8.657000000000000000e+03 9.717000000000000000e+03
8.658000000000000000e+03 9.701000000000000000e+03
8.662000000000000000e+03 9.699000000000000000e+03
8.680000000000000000e+03 9.696000000000000000e+03
8.715000000000000000e+03 9.686000000000000000e+03
8.742000000000000000e+03 9.676000000000000000e+03
8.775000000000000000e+03 9.642000000000000000e+03
8.752000000000000000e+03 9.645000000000000000e+03
8.788000000000000000e+03 9.623000000000000000e+03
8.750000000000000000e+03 9.657000000000000000e+03
8.783000000000000000e+03 9.637000000000000000e+03
8.765000000000000000e+03 9.643000000000000000e+03
8.854000000000000000e+03 9.591000000000000000e+03
8.832000000000000000e+03 9.604000000000000000e+03
8.825000000000000000e+03 9.622000000000000000e+03
8.916000000000000000e+03 9.551000000000000000e+03
8.894000000000000000e+03 9.569000000000000000e+03
8.892000000000000000e+03 9.586000000000000000e+03
8.933000000000000000e+03 9.549000000000000000e+03
8.915000000000000000e+03 9.568000000000000000e+03
8.943000000000000000e+03 9.536000000000000000e+03
8.953000000000000000e+03 9.526000000000000000e+03
9.011000000000000000e+03 9.487000000000000000e+03
9.026000000000000000e+03 9.485000000000000000e+03
9.004000000000000000e+03 9.503000000000000000e+03
8.993000000000000000e+03 9.506000000000000000e+03
9.051000000000000000e+03 9.431000000000000000e+03
9.045000000000000000e+03 9.434000000000000000e+03
9.007000000000000000e+03 9.488000000000000000e+03
9.034000000000000000e+03 9.476000000000000000e+03
9.042000000000000000e+03 9.462000000000000000e+03
8.112000000000000000e+03 9.883000000000000000e+03
8.166000000000000000e+03 9.866000000000000000e+03
8.368000000000000000e+03 9.842000000000000000e+03
8.321000000000000000e+03 9.854000000000000000e+03
8.436000000000000000e+03 9.838000000000000000e+03
8.355000000000000000e+03 9.846000000000000000e+03
8.476000000000000000e+03 9.807000000000000000e+03
8.457000000000000000e+03 9.821000000000000000e+03
8.503000000000000000e+03 9.794000000000000000e+03
8.449000000000000000e+03 9.825000000000000000e+03
8.466000000000000000e+03 9.816000000000000000e+03
8.495000000000000000e+03 9.800000000000000000e+03
8.479000000000000000e+03 9.802000000000000000e+03
8.547000000000000000e+03 9.764000000000000000e+03
8.506000000000000000e+03 9.774000000000000000e+03
8.514000000000000000e+03 9.772000000000000000e+03
8.504000000000000000e+03 9.777000000000000000e+03
8.523000000000000000e+03 9.771000000000000000e+03
8.573000000000000000e+03 9.758000000000000000e+03
8.582000000000000000e+03 9.750000000000000000e+03
8.639000000000000000e+03 9.723000000000000000e+03
8.642000000000000000e+03 9.722000000000000000e+03
8.614000000000000000e+03 9.731000000000000000e+03
8.588000000000000000e+03 9.734000000000000000e+03
8.657000000000000000e+03 9.717000000000000000e+03
8.658000000000000000e+03 9.701000000000000000e+03
8.662000000000000000e+03 9.699000000000000000e+03
8.680000000000000000e+03 9.696000000000000000e+03
8.715000000000000000e+03 9.686000000000000000e+03
8.742000000000000000e+03 9.676000000000000000e+03
8.775000000000000000e+03 9.642000000000000000e+03
8.752000000000000000e+03 9.645000000000000000e+03
8.788000000000000000e+03 9.623000000000000000e+03
8.750000000000000000e+03 9.657000000000000000e+03
8.783000000000000000e+03 9.637000000000000000e+03
8.765000000000000000e+03 9.643000000000000000e+03
8.854000000000000000e+03 9.591000000000000000e+03
8.832000000000000000e+03 9.604000000000000000e+03
8.825000000000000000e+03 9.622000000000000000e+03
8.916000000000000000e+03 9.551000000000000000e+03
8.894000000000000000e+03 9.569000000000000000e+03
8.892000000000000000e+03 9.586000000000000000e+03
8.933000000000000000e+03 9.549000000000000000e+03
8.915000000000000000e+03 9.568000000000000000e+03
8.943000000000000000e+03 9.536000000000000000e+03
8.953000000000000000e+03 9.526000000000000000e+03
9.011000000000000000e+03 9.487000000000000000e+03
9.026000000000000000e+03 9.485000000000000000e+03
9.004000000000000000e+03 9.503000000000000000e+03
8.993000000000000000e+03 9.506000000000000000e+03
9.007000000000000000e+03 9.488000000000000000e+03
9.034000000000000000e+03 9.476000000000000000e+03
9.042000000000000000e+03 9.462000000000000000e+03
9.095000000000000000e+03 9.407000000000000000e+03
9.090000000000000000e+03 9.441000000000000000e+03
9.106000000000000000e+03 9.391000000000000000e+03
9.092000000000000000e+03 9.410000000000000000e+03
9.130000000000000000e+03 9.390000000000000000e+03
9.097000000000000000e+03 9.401000000000000000e+03
8.112000000000000000e+03 9.883000000000000000e+03
8.166000000000000000e+03 9.866000000000000000e+03
8.368000000000000000e+03 9.842000000000000000e+03
8.321000000000000000e+03 9.854000000000000000e+03
8.436000000000000000e+03 9.838000000000000000e+03
8.355000000000000000e+03 9.846000000000000000e+03
8.476000000000000000e+03 9.807000000000000000e+03
8.457000000000000000e+03 9.821000000000000000e+03
8.503000000000000000e+03 9.794000000000000000e+03
8.449000000000000000e+03 9.825000000000000000e+03
8.466000000000000000e+03 9.816000000000000000e+03
8.495000000000000000e+03 9.800000000000000000e+03
8.479000000000000000e+03 9.802000000000000000e+03
8.547000000000000000e+03 9.764000000000000000e+03
8.506000000000000000e+03 9.774000000000000000e+03
8.514000000000000000e+03 9.772000000000000000e+03
8.504000000000000000e+03 9.777000000000000000e+03
8.523000000000000000e+03 9.771000000000000000e+03
8.573000000000000000e+03 9.758000000000000000e+03
8.582000000000000000e+03 9.750000000000000000e+03
8.639000000000000000e+03 9.723000000000000000e+03
8.642000000000000000e+03 9.722000000000000000e+03
8.614000000000000000e+03 9.731000000000000000e+03
8.588000000000000000e+03 9.734000000000000000e+03
8.657000000000000000e+03 9.717000000000000000e+03
8.658000000000000000e+03 9.701000000000000000e+03
8.662000000000000000e+03 9.699000000000000000e+03
8.680000000000000000e+03 9.696000000000000000e+03
8.715000000000000000e+03 9.686000000000000000e+03
8.742000000000000000e+03 9.676000000000000000e+03
8.775000000000000000e+03 9.642000000000000000e+03
8.752000000000000000e+03 9.645000000000000000e+03
8.788000000000000000e+03 9.623000000000000000e+03
8.750000000000000000e+03 9.657000000000000000e+03
8.783000000000000000e+03 9.637000000000000000e+03
8.765000000000000000e+03 9.643000000000000000e+03
8.854000000000000000e+03 9.591000000000000000e+03
8.832000000000000000e+03 9.604000000000000000e+03
8.825000000000000000e+03 9.622000000000000000e+03
8.916000000000000000e+03 9.551000000000000000e+03
8.894000000000000000e+03 9.569000000000000000e+03
8.892000000000000000e+03 9.586000000000000000e+03
8.933000000000000000e+03 9.549000000000000000e+03
8.915000000000000000e+03 9.568000000000000000e+03
8.943000000000000000e+03 9.536000000000000000e+03
8.953000000000000000e+03 9.526000000000000000e+03
9.011000000000000000e+03 9.487000000000000000e+03
9.026000000000000000e+03 9.485000000000000000e+03
9.004000000000000000e+03 9.503000000000000000e+03
8.993000000000000000e+03 9.506000000000000000e+03
9.007000000000000000e+03 9.488000000000000000e+03
9.034000000000000000e+03 9.476000000000000000e+03
9.042000000000000000e+03 9.462000000000000000e+03
9.095000000000000000e+03 9.407000000000000000e+03
9.090000000000000000e+03 9.441000000000000000e+03
9.106000000000000000e+03 9.391000000000000000e+03
9.092000000000000000e+03 9.410000000000000000e+03
9.130000000000000000e+03 9.390000000000000000e+03
9.097000000000000000e+03 9.401000000000000000e+03
9.144000000000000000e+03 9.335000000000000000e+03
9.143000000000000000e+03 9.348000000000000000e+03
9.135000000000000000e+03 9.369000000000000000e+03
9.178000000000000000e+03 9.332000000000000000e+03
9.180000000000000000e+03 9.296000000000000000e+03
9.146000000000000000e+03 9.333000000000000000e+03
8.112000000000000000e+03 9.883000000000000000e+03
8.166000000000000000e+03 9.866000000000000000e+03
8.368000000000000000e+03 9.842000000000000000e+03
8.321000000000000000e+03 9.854000000000000000e+03
8.436000000000000000e+03 9.838000000000000000e+03
8.355000000000000000e+03 9.846000000000000000e+03
8.476000000000000000e+03 9.807000000000000000e+03
8.457000000000000000e+03 9.821000000000000000e+03
8.503000000000000000e+03 9.794000000000000000e+03
8.449000000000000000e+03 9.825000000000000000e+03
8.466000000000000000e+03 9.816000000000000000e+03
8.495000000000000000e+03 9.800000000000000000e+03
8.479000000000000000e+03 9.802000000000000000e+03
8.547000000000000000e+03 9.764000000000000000e+03
8.506000000000000000e+03 9.774000000000000000e+03
8.514000000000000000e+03 9.772000000000000000e+03
8.504000000000000000e+03 9.777000000000000000e+03
8.523000000000000000e+03 9.771000000000000000e+03
8.573000000000000000e+03 9.758000000000000000e+03
8.582000000000000000e+03 9.750000000000000000e+03
8.639000000000000000e+03 9.723000000000000000e+03
8.642000000000000000e+03 9.722000000000000000e+03
8.614000000000000000e+03 9.731000000000000000e+03
8.588000000000000000e+03 9.734000000000000000e+03
8.657000000000000000e+03 9.717000000000000000e+03
8.658000000000000000e+03 9.701000000000000000e+03
8.662000000000000000e+03 9.699000000000000000e+03
8.680000000000000000e+03 9.696000000000000000e+03
8.715000000000000000e+03 9.686000000000000000e+03
8.742000000000000000e+03 9.676000000000000000e+03
8.775000000000000000e+03 9.642000000000000000e+03
8.752000000000000000e+03 9.645000000000000000e+03
8.788000000000000000e+03 9.623000000000000000e+03
8.750000000000000000e+03 9.657000000000000000e+03
8.783000000000000000e+03 9.637000000000000000e+03
8.765000000000000000e+03 9.643000000000000000e+03
8.854000000000000000e+03 9.591000000000000000e+03
8.832000000000000000e+03 9.604000000000000000e+03
8.825000000000000000e+03 9.622000000000000000e+03
8.916000000000000000e+03 9.551000000000000000e+03
8.894000000000000000e+03 9.569000000000000000e+03
8.892000000000000000e+03 9.586000000000000000e+03
8.933000000000000000e+03 9.549000000000000000e+03
8.915000000000000000e+03 9.568000000000000000e+03
8.943000000000000000e+03 9.536000000000000000e+03
8.953000000000000000e+03 9.526000000000000000e+03
9.011000000000000000e+03 9.487000000000000000e+03
9.026000000000000000e+03 9.485000000000000000e+03
9.004000000000000000e+03 9.503000000000000000e+03
8.993000000000000000e+03 9.506000000000000000e+03
9.007000000000000000e+03 9.488000000000000000e+03
9.034000000000000000e+03 9.476000000000000000e+03
9.042000000000000000e+03 9.462000000000000000e+03
9.095000000000000000e+03 9.407000000000000000e+03
9.090000000000000000e+03 9.441000000000000000e+03
9.106000000000000000e+03 9.391000000000000000e+03
9.092000000000000000e+03 9.410000000000000000e+03
9.130000000000000000e+03 9.390000000000000000e+03
9.097000000000000000e+03 9.401000000000000000e+03
9.135000000000000000e+03 9.369000000000000000e+03
9.178000000000000000e+03 9.332000000000000000e+03
9.166000000000000000e+03 9.354000000000000000e+03
9.190000000000000000e+03 9.329000000000000000e+03
9.194000000000000000e+03 9.315000000000000000e+03
9.196000000000000000e+03 9.291000000000000000e+03
9.204000000000000000e+03 9.278000000000000000e+03
9.202000000000000000e+03 9.289000000000000000e+03
8.112000000000000000e+03 9.883000000000000000e+03
8.166000000000000000e+03 9.866000000000000000e+03
8.368000000000000000e+03 9.842000000000000000e+03
8.321000000000000000e+03 9.854000000000000000e+03
8.436000000000000000e+03 9.838000000000000000e+03
8.355000000000000000e+03 9.846000000000000000e+03
8.476000000000000000e+03 9.807000000000000000e+03
8.457000000000000000e+03 9.821000000000000000e+03
8.503000000000000000e+03 9.794000000000000000e+03
8.449000000000000000e+03 9.825000000000000000e+03
8.466000000000000000e+03 9.816000000000000000e+03
8.495000000000000000e+03 9.800000000000000000e+03
8.479000000000000000e+03 9.802000000000000000e+03
8.547000000000000000e+03 9.764000000000000000e+03
8.506000000000000000e+03 9.774000000000000000e+03
8.514000000000000000e+03 9.772000000000000000e+03
8.504000000000000000e+03 9.777000000000000000e+03
8.523000000000000000e+03 9.771000000000000000e+03
8.573000000000000000e+03 9.758000000000000000e+03
8.582000000000000000e+03 9.750000000000000000e+03
8.639000000000000000e+03 9.723000000000000000e+03
8.642000000000000000e+03 9.722000000000000000e+03
8.614000000000000000e+03 9.731000000000000000e+03
8.588000000000000000e+03 9.734000000000000000e+03
8.657000000000000000e+03 9.717000000000000000e+03
8.658000000000000000e+03 9.701000000000000000e+03
8.662000000000000000e+03 9.699000000000000000e+03
8.680000000000000000e+03 9.696000000000000000e+03
8.715000000000000000e+03 9.686000000000000000e+03
8.742000000000000000e+03 9.676000000000000000e+03
8.775000000000000000e+03 9.642000000000000000e+03
8.752000000000000000e+03 9.645000000000000000e+03
8.788000000000000000e+03 9.623000000000000000e+03
8.750000000000000000e+03 9.657000000000000000e+03
8.783000000000000000e+03 9.637000000000000000e+03
8.765000000000000000e+03 9.643000000000000000e+03
8.854000000000000000e+03 9.591000000000000000e+03
8.832000000000000000e+03 9.604000000000000000e+03
8.825000000000000000e+03 9.622000000000000000e+03
8.916000000000000000e+03 9.551000000000000000e+03
8.894000000000000000e+03 9.569000000000000000e+03
8.892000000000000000e+03 9.586000000000000000e+03
8.933000000000000000e+03 9.549000000000000000e+03
8.915000000000000000e+03 9.568000000000000000e+03
8.943000000000000000e+03 9.536000000000000000e+03
8.953000000000000000e+03 9.526000000000000000e+03
9.011000000000000000e+03 9.487000000000000000e+03
9.026000000000000000e+03 9.485000000000000000e+03
9.004000000000000000e+03 9.503000000000000000e+03
8.993000000000000000e+03 9.506000000000000000e+03
9.007000000000000000e+03 9.488000000000000000e+03
9.034000000000000000e+03 9.476000000000000000e+03
9.042000000000000000e+03 9.462000000000000000e+03
9.095000000000000000e+03 9.407000000000000000e+03
9.090000000000000000e+03 9.441000000000000000e+03
9.106000000000000000e+03 9.391000000000000000e+03
9.092000000000000000e+03 9.410000000000000000e+03
9.130000000000000000e+03 9.390000000000000000e+03
9.097000000000000000e+03 9.401000000000000000e+03
9.135000000000000000e+03 9.369000000000000000e+03
9.178000000000000000e+03 9.332000000000000000e+03
9.166000000000000000e+03 9.354000000000000000e+03
9.190000000000000000e+03 9.329000000000000000e+03
9.202000000000000000e+03 9.289000000000000000e+03
9.200000000000000000e+03 9.316000000000000000e+03
9.254000000000000000e+03 9.247000000000000000e+03
9.241000000000000000e+03 9.271000000000000000e+03
9.219000000000000000e+03 9.285000000000000000e+03
9.256000000000000000e+03 9.245000000000000000e+03
9.277000000000000000e+03 9.218000000000000000e+03
9.266000000000000000e+03 9.232000000000000000e+03
8.112000000000000000e+03 9.883000000000000000e+03
8.166000000000000000e+03 9.866000000000000000e+03
8.368000000000000000e+03 9.842000000000000000e+03
8.321000000000000000e+03 9.854000000000000000e+03
8.436000000000000000e+03 9.838000000000000000e+03
8.355000000000000000e+03 9.846000000000000000e+03
8.476000000000000000e+03 9.807000000000000000e+03
8.457000000000000000e+03 9.821000000000000000e+03
8.503000000000000000e+03 9.794000000000000000e+03
8.449000000000000000e+03 9.825000000000000000e+03
8.466000000000000000e+03 9.816000000000000000e+03
8.495000000000000000e+03 9.800000000000000000e+03
8.479000000000000000e+03 9.802000000000000000e+03
8.547000000000000000e+03 9.764000000000000000e+03
8.506000000000000000e+03 9.774000000000000000e+03
8.514000000000000000e+03 9.772000000000000000e+03
8.504000000000000000e+03 9.777000000000000000e+03
8.523000000000000000e+03 9.771000000000000000e+03
8.573000000000000000e+03 9.758000000000000000e+03
8.582000000000000000e+03 9.750000000000000000e+03
8.639000000000000000e+03 9.723000000000000000e+03
8.642000000000000000e+03 9.722000000000000000e+03
8.614000000000000000e+03 9.731000000000000000e+03
8.588000000000000000e+03 9.734000000000000000e+03
8.657000000000000000e+03 9.717000000000000000e+03
8.658000000000000000e+03 9.701000000000000000e+03
8.662000000000000000e+03 9.699000000000000000e+03
8.680000000000000000e+03 9.696000000000000000e+03
8.715000000000000000e+03 9.686000000000000000e+03
8.742000000000000000e+03 9.676000000000000000e+03
8.775000000000000000e+03 9.642000000000000000e+03
8.752000000000000000e+03 9.645000000000000000e+03
8.788000000000000000e+03 9.623000000000000000e+03
8.750000000000000000e+03 9.657000000000000000e+03
8.783000000000000000e+03 9.637000000000000000e+03
8.765000000000000000e+03 9.643000000000000000e+03
8.854000000000000000e+03 9.591000000000000000e+03
8.832000000000000000e+03 9.604000000000000000e+03
8.825000000000000000e+03 9.622000000000000000e+03
8.916000000000000000e+03 9.551000000000000000e+03
8.894000000000000000e+03 9.569000000000000000e+03
8.892000000000000000e+03 9.586000000000000000e+03
8.933000000000000000e+03 9.549000000000000000e+03
8.915000000000000000e+03 9.568000000000000000e+03
8.943000000000000000e+03 9.536000000000000000e+03
8.953000000000000000e+03 9.526000000000000000e+03
9.011000000000000000e+03 9.487000000000000000e+03
9.026000000000000000e+03 9.485000000000000000e+03
9.004000000000000000e+03 9.503000000000000000e+03
8.993000000000000000e+03 9.506000000000000000e+03
9.007000000000000000e+03 9.488000000000000000e+03
9.034000000000000000e+03 9.476000000000000000e+03
9.042000000000000000e+03 9.462000000000000000e+03
9.095000000000000000e+03 9.407000000000000000e+03
9.090000000000000000e+03 9.441000000000000000e+03
9.106000000000000000e+03 9.391000000000000000e+03
9.092000000000000000e+03 9.410000000000000000e+03
9.130000000000000000e+03 9.390000000000000000e+03
9.097000000000000000e+03 9.401000000000000000e+03
9.135000000000000000e+03 9.369000000000000000e+03
9.178000000000000000e+03 9.332000000000000000e+03
9.166000000000000000e+03 9.354000000000000000e+03
9.190000000000000000e+03 9.329000000000000000e+03
9.202000000000000000e+03 9.289000000000000000e+03
9.200000000000000000e+03 9.316000000000000000e+03
9.254000000000000000e+03 9.247000000000000000e+03
9.241000000000000000e+03 9.271000000000000000e+03
9.219000000000000000e+03 9.285000000000000000e+03
9.256000000000000000e+03 9.245000000000000000e+03
9.277000000000000000e+03 9.218000000000000000e+03
9.315000000000000000e+03 9.192000000000000000e+03
9.276000000000000000e+03 9.231000000000000000e+03
9.275000000000000000e+03 9.235000000000000000e+03
8.112000000000000000e+03 9.883000000000000000e+03
8.166000000000000000e+03 9.866000000000000000e+03
8.368000000000000000e+03 9.842000000000000000e+03
8.321000000000000000e+03 9.854000000000000000e+03
8.436000000000000000e+03 9.838000000000000000e+03
8.355000000000000000e+03 9.846000000000000000e+03
8.476000000000000000e+03 9.807000000000000000e+03
8.457000000000000000e+03 9.821000000000000000e+03
8.503000000000000000e+03 9.794000000000000000e+03
8.449000000000000000e+03 9.825000000000000000e+03
8.466000000000000000e+03 9.816000000000000000e+03
8.495000000000000000e+03 9.800000000000000000e+03
8.479000000000000000e+03 9.802000000000000000e+03
8.547000000000000000e+03 9.764000000000000000e+03
8.506000000000000000e+03 9.774000000000000000e+03
8.514000000000000000e+03 9.772000000000000000e+03
8.504000000000000000e+03 9.777000000000000000e+03
8.523000000000000000e+03 9.771000000000000000e+03
8.573000000000000000e+03 9.758000000000000000e+03
8.582000000000000000e+03 9.750000000000000000e+03
8.639000000000000000e+03 9.723000000000000000e+03
8.642000000000000000e+03 9.722000000000000000e+03
8.614000000000000000e+03 9.731000000000000000e+03
8.588000000000000000e+03 9.734000000000000000e+03
8.657000000000000000e+03 9.717000000000000000e+03
8.658000000000000000e+03 9.701000000000000000e+03
8.662000000000000000e+03 9.699000000000000000e+03
8.680000000000000000e+03 9.696000000000000000e+03
8.715000000000000000e+03 9.686000000000000000e+03
8.742000000000000000e+03 9.676000000000000000e+03
8.775000000000000000e+03 9.642000000000000000e+03
8.752000000000000000e+03 9.645000000000000000e+03
8.788000000000000000e+03 9.623000000000000000e+03
8.750000000000000000e+03 9.657000000000000000e+03
8.783000000000000000e+03 9.637000000000000000e+03
8.765000000000000000e+03 9.643000000000000000e+03
8.854000000000000000e+03 9.591000000000000000e+03
8.832000000000000000e+03 9.604000000000000000e+03
8.825000000000000000e+03 9.622000000000000000e+03
8.916000000000000000e+03 9.551000000000000000e+03
8.894000000000000000e+03 9.569000000000000000e+03
8.892000000000000000e+03 9.586000000000000000e+03
8.933000000000000000e+03 9.549000000000000000e+03
8.915000000000000000e+03 9.568000000000000000e+03
8.943000000000000000e+03 9.536000000000000000e+03
8.953000000000000000e+03 9.526000000000000000e+03
9.011000000000000000e+03 9.487000000000000000e+03
9.026000000000000000e+03 9.485000000000000000e+03
9.004000000000000000e+03 9.503000000000000000e+03
8.993000000000000000e+03 9.506000000000000000e+03
9.007000000000000000e+03 9.488000000000000000e+03
9.034000000000000000e+03 9.476000000000000000e+03
9.042000000000000000e+03 9.462000000000000000e+03
9.095000000000000000e+03 9.407000000000000000e+03
9.090000000000000000e+03 9.441000000000000000e+03
9.106000000000000000e+03 9.391000000000000000e+03
9.092000000000000000e+03 9.410000000000000000e+03
9.130000000000000000e+03 9.390000000000000000e+03
9.097000000000000000e+03 9.401000000000000000e+03
9.135000000000000000e+03 9.369000000000000000e+03
9.178000000000000000e+03 9.332000000000000000e+03
9.166000000000000000e+03 9.354000000000000000e+03
9.190000000000000000e+03 9.329000000000000000e+03
9.202000000000000000e+03 9.289000000000000000e+03
9.200000000000000000e+03 9.316000000000000000e+03
9.254000000000000000e+03 9.247000000000000000e+03
9.241000000000000000e+03 9.271000000000000000e+03
9.219000000000000000e+03 9.285000000000000000e+03
9.256000000000000000e+03 9.245000000000000000e+03
9.277000000000000000e+03 9.218000000000000000e+03
9.315000000000000000e+03 9.192000000000000000e+03
9.276000000000000000e+03 9.231000000000000000e+03
9.275000000000000000e+03 9.235000000000000000e+03
9.350000000000000000e+03 9.152000000000000000e+03
9.342000000000000000e+03 9.183000000000000000e+03
9.357000000000000000e+03 9.136000000000000000e+03
9.362000000000000000e+03 9.110000000000000000e+03
8.112000000000000000e+03 9.883000000000000000e+03
8.166000000000000000e+03 9.866000000000000000e+03
8.368000000000000000e+03 9.842000000000000000e+03
8.321000000000000000e+03 9.854000000000000000e+03
8.436000000000000000e+03 9.838000000000000000e+03
8.355000000000000000e+03 9.846000000000000000e+03
8.476000000000000000e+03 9.807000000000000000e+03
8.457000000000000000e+03 9.821000000000000000e+03
8.503000000000000000e+03 9.794000000000000000e+03
8.449000000000000000e+03 9.825000000000000000e+03
8.466000000000000000e+03 9.816000000000000000e+03
8.495000000000000000e+03 9.800000000000000000e+03
8.479000000000000000e+03 9.802000000000000000e+03
8.547000000000000000e+03 9.764000000000000000e+03
8.506000000000000000e+03 9.774000000000000000e+03
8.514000000000000000e+03 9.772000000000000000e+03
8.504000000000000000e+03 9.777000000000000000e+03
8.523000000000000000e+03 9.771000000000000000e+03
8.573000000000000000e+03 9.758000000000000000e+03
8.582000000000000000e+03 9.750000000000000000e+03
8.639000000000000000e+03 9.723000000000000000e+03
8.642000000000000000e+03 9.722000000000000000e+03
8.614000000000000000e+03 9.731000000000000000e+03
8.588000000000000000e+03 9.734000000000000000e+03
8.657000000000000000e+03 9.717000000000000000e+03
8.658000000000000000e+03 9.701000000000000000e+03
8.662000000000000000e+03 9.699000000000000000e+03
8.680000000000000000e+03 9.696000000000000000e+03
8.715000000000000000e+03 9.686000000000000000e+03
8.742000000000000000e+03 9.676000000000000000e+03
8.775000000000000000e+03 9.642000000000000000e+03
8.752000000000000000e+03 9.645000000000000000e+03
8.788000000000000000e+03 9.623000000000000000e+03
8.750000000000000000e+03 9.657000000000000000e+03
8.783000000000000000e+03 9.637000000000000000e+03
8.765000000000000000e+03 9.643000000000000000e+03
8.854000000000000000e+03 9.591000000000000000e+03
8.832000000000000000e+03 9.604000000000000000e+03
8.825000000000000000e+03 9.622000000000000000e+03
8.916000000000000000e+03 9.551000000000000000e+03
8.894000000000000000e+03 9.569000000000000000e+03
8.892000000000000000e+03 9.586000000000000000e+03
8.933000000000000000e+03 9.549000000000000000e+03
8.915000000000000000e+03 9.568000000000000000e+03
8.943000000000000000e+03 9.536000000000000000e+03
8.953000000000000000e+03 9.526000000000000000e+03
9.011000000000000000e+03 9.487000000000000000e+03
9.026000000000000000e+03 9.485000000000000000e+03
9.004000000000000000e+03 9.503000000000000000e+03
8.993000000000000000e+03 9.506000000000000000e+03
9.007000000000000000e+03 9.488000000000000000e+03
9.034000000000000000e+03 9.476000000000000000e+03
9.042000000000000000e+03 9.462000000000000000e+03
9.095000000000000000e+03 9.407000000000000000e+03
9.090000000000000000e+03 9.441000000000000000e+03
9.106000000000000000e+03 9.391000000000000000e+03
9.092000000000000000e+03 9.410000000000000000e+03
9.130000000000000000e+03 9.390000000000000000e+03
9.097000000000000000e+03 9.401000000000000000e+03
9.135000000000000000e+03 9.369000000000000000e+03
9.178000000000000000e+03 9.332000000000000000e+03
9.166000000000000000e+03 9.354000000000000000e+03
9.190000000000000000e+03 9.329000000000000000e+03
9.202000000000000000e+03 9.289000000000000000e+03
9.200000000000000000e+03 9.316000000000000000e+03
9.254000000000000000e+03 9.247000000000000000e+03
9.241000000000000000e+03 9.271000000000000000e+03
9.219000000000000000e+03 9.285000000000000000e+03
9.256000000000000000e+03 9.245000000000000000e+03
9.277000000000000000e+03 9.218000000000000000e+03
9.315000000000000000e+03 9.192000000000000000e+03
9.276000000000000000e+03 9.231000000000000000e+03
9.275000000000000000e+03 9.235000000000000000e+03
9.350000000000000000e+03 9.152000000000000000e+03
9.342000000000000000e+03 9.183000000000000000e+03
9.357000000000000000e+03 9.136000000000000000e+03
9.373000000000000000e+03 9.123000000000000000e+03
8.112000000000000000e+03 9.883000000000000000e+03
8.166000000000000000e+03 9.866000000000000000e+03
8.368000000000000000e+03 9.842000000000000000e+03
8.321000000000000000e+03 9.854000000000000000e+03
8.436000000000000000e+03 9.838000000000000000e+03
8.355000000000000000e+03 9.846000000000000000e+03
8.476000000000000000e+03 9.807000000000000000e+03
8.457000000000000000e+03 9.821000000000000000e+03
8.503000000000000000e+03 9.794000000000000000e+03
8.449000000000000000e+03 9.825000000000000000e+03
8.466000000000000000e+03 9.816000000000000000e+03
8.495000000000000000e+03 9.800000000000000000e+03
8.479000000000000000e+03 9.802000000000000000e+03
8.547000000000000000e+03 9.764000000000000000e+03
8.506000000000000000e+03 9.774000000000000000e+03
8.514000000000000000e+03 9.772000000000000000e+03
8.504000000000000000e+03 9.777000000000000000e+03
8.523000000000000000e+03 9.771000000000000000e+03
8.573000000000000000e+03 9.758000000000000000e+03
8.582000000000000000e+03 9.750000000000000000e+03
8.639000000000000000e+03 9.723000000000000000e+03
8.642000000000000000e+03 9.722000000000000000e+03
8.614000000000000000e+03 9.731000000000000000e+03
8.588000000000000000e+03 9.734000000000000000e+03
8.657000000000000000e+03 9.717000000000000000e+03
8.658000000000000000e+03 9.701000000000000000e+03
8.662000000000000000e+03 9.699000000000000000e+03
8.680000000000000000e+03 9.696000000000000000e+03
8.715000000000000000e+03 9.686000000000000000e+03
8.742000000000000000e+03 9.676000000000000000e+03
8.775000000000000000e+03 9.642000000000000000e+03
8.752000000000000000e+03 9.645000000000000000e+03
8.788000000000000000e+03 9.623000000000000000e+03
8.750000000000000000e+03 9.657000000000000000e+03
8.783000000000000000e+03 9.637000000000000000e+03
8.765000000000000000e+03 9.643000000000000000e+03
8.854000000000000000e+03 9.591000000000000000e+03
8.832000000000000000e+03 9.604000000000000000e+03
8.825000000000000000e+03 9.622000000000000000e+03
8.916000000000000000e+03 9.551000000000000000e+03
8.894000000000000000e+03 9.569000000000000000e+03
8.892000000000000000e+03 9.586000000000000000e+03
8.933000000000000000e+03 9.549000000000000000e+03
8.915000000000000000e+03 9.568000000000000000e+03
8.943000000000000000e+03 9.536000000000000000e+03
8.953000000000000000e+03 9.526000000000000000e+03
9.011000000000000000e+03 9.487000000000000000e+03
9.026000000000000000e+03 9.485000000000000000e+03
9.004000000000000000e+03 9.503000000000000000e+03
8.993000000000000000e+03 9.506000000000000000e+03
9.007000000000000000e+03 9.488000000000000000e+03
9.034000000000000000e+03 9.476000000000000000e+03
9.042000000000000000e+03 9.462000000000000000e+03
9.095000000000000000e+03 9.407000000000000000e+03
9.090000000000000000e+03 9.441000000000000000e+03
9.106000000000000000e+03 9.391000000000000000e+03
9.092000000000000000e+03 9.410000000000000000e+03
9.130000000000000000e+03 9.390000000000000000e+03
9.097000000000000000e+03 9.401000000000000000e+03
9.135000000000000000e+03 9.369000000000000000e+03
9.178000000000000000e+03 9.332000000000000000e+03
9.166000000000000000e+03 9.354000000000000000e+03
9.190000000000000000e+03 9.329000000000000000e+03
9.202000000000000000e+03 9.289000000000000000e+03
9.200000000000000000e+03 9.316000000000000000e+03
9.254000000000000000e+03 9.247000000000000000e+03
9.241000000000000000e+03 9.271000000000000000e+03
9.219000000000000000e+03 9.285000000000000000e+03
9.256000000000000000e+03 9.245000000000000000e+03
9.277000000000000000e+03 9.218000000000000000e+03
9.315000000000000000e+03 9.192000000000000000e+03
9.276000000000000000e+03 9.231000000000000000e+03
9.275000000000000000e+03 9.235000000000000000e+03
9.350000000000000000e+03 9.152000000000000000e+03
9.342000000000000000e+03 9.183000000000000000e+03
9.373000000000000000e+03 9.123000000000000000e+03
9.343000000000000000e+03 9.156000000000000000e+03
9.365000000000000000e+03 9.142000000000000000e+03
9.386000000000000000e+03 9.085000000000000000e+03
9.403000000000000000e+03 9.066000000000000000e+03
9.376000000000000000e+03 9.086000000000000000e+03
9.399000000000000000e+03 9.081000000000000000e+03
9.421000000000000000e+03 9.044000000000000000e+03
9.409000000000000000e+03 9.045000000000000000e+03
9.404000000000000000e+03 9.050000000000000000e+03
9.431000000000000000e+03 9.031000000000000000e+03
8.112000000000000000e+03 9.883000000000000000e+03
8.166000000000000000e+03 9.866000000000000000e+03
8.368000000000000000e+03 9.842000000000000000e+03
8.321000000000000000e+03 9.854000000000000000e+03
8.436000000000000000e+03 9.838000000000000000e+03
8.355000000000000000e+03 9.846000000000000000e+03
8.476000000000000000e+03 9.807000000000000000e+03
8.457000000000000000e+03 9.821000000000000000e+03
8.503000000000000000e+03 9.794000000000000000e+03
8.449000000000000000e+03 9.825000000000000000e+03
8.466000000000000000e+03 9.816000000000000000e+03
8.495000000000000000e+03 9.800000000000000000e+03
8.479000000000000000e+03 9.802000000000000000e+03
8.547000000000000000e+03 9.764000000000000000e+03
8.506000000000000000e+03 9.774000000000000000e+03
8.514000000000000000e+03 9.772000000000000000e+03
8.504000000000000000e+03 9.777000000000000000e+03
8.523000000000000000e+03 9.771000000000000000e+03
8.573000000000000000e+03 9.758000000000000000e+03
8.582000000000000000e+03 9.750000000000000000e+03
8.639000000000000000e+03 9.723000000000000000e+03
8.642000000000000000e+03 9.722000000000000000e+03
8.614000000000000000e+03 9.731000000000000000e+03
8.588000000000000000e+03 9.734000000000000000e+03
8.657000000000000000e+03 9.717000000000000000e+03
8.658000000000000000e+03 9.701000000000000000e+03
8.662000000000000000e+03 9.699000000000000000e+03
8.680000000000000000e+03 9.696000000000000000e+03
8.715000000000000000e+03 9.686000000000000000e+03
8.742000000000000000e+03 9.676000000000000000e+03
8.775000000000000000e+03 9.642000000000000000e+03
8.752000000000000000e+03 9.645000000000000000e+03
8.788000000000000000e+03 9.623000000000000000e+03
8.750000000000000000e+03 9.657000000000000000e+03
8.783000000000000000e+03 9.637000000000000000e+03
8.765000000000000000e+03 9.643000000000000000e+03
8.854000000000000000e+03 9.591000000000000000e+03
8.832000000000000000e+03 9.604000000000000000e+03
8.825000000000000000e+03 9.622000000000000000e+03
8.916000000000000000e+03 9.551000000000000000e+03
8.894000000000000000e+03 9.569000000000000000e+03
8.892000000000000000e+03 9.586000000000000000e+03
8.933000000000000000e+03 9.549000000000000000e+03
8.915000000000000000e+03 9.568000000000000000e+03
8.943000000000000000e+03 9.536000000000000000e+03
8.953000000000000000e+03 9.526000000000000000e+03
9.011000000000000000e+03 9.487000000000000000e+03
9.026000000000000000e+03 9.485000000000000000e+03
9.004000000000000000e+03 9.503000000000000000e+03
8.993000000000000000e+03 9.506000000000000000e+03
9.007000000000000000e+03 9.488000000000000000e+03
9.034000000000000000e+03 9.476000000000000000e+03
9.042000000000000000e+03 9.462000000000000000e+03
9.095000000000000000e+03 9.407000000000000000e+03
9.090000000000000000e+03 9.441000000000000000e+03
9.106000000000000000e+03 9.391000000000000000e+03
9.092000000000000000e+03 9.410000000000000000e+03
9.130000000000000000e+03 9.390000000000000000e+03
9.097000000000000000e+03 9.401000000000000000e+03
9.135000000000000000e+03 9.369000000000000000e+03
9.178000000000000000e+03 9.332000000000000000e+03
9.166000000000000000e+03 9.354000000000000000e+03
9.190000000000000000e+03 9.329000000000000000e+03
9.202000000000000000e+03 9.289000000000000000e+03
9.200000000000000000e+03 9.316000000000000000e+03
9.254000000000000000e+03 9.247000000000000000e+03
9.241000000000000000e+03 9.271000000000000000e+03
9.219000000000000000e+03 9.285000000000000000e+03
9.256000000000000000e+03 9.245000000000000000e+03
9.277000000000000000e+03 9.218000000000000000e+03
9.315000000000000000e+03 9.192000000000000000e+03
9.276000000000000000e+03 9.231000000000000000e+03
9.275000000000000000e+03 9.235000000000000000e+03
9.350000000000000000e+03 9.152000000000000000e+03
9.342000000000000000e+03 9.183000000000000000e+03
9.373000000000000000e+03 9.123000000000000000e+03
9.343000000000000000e+03 9.156000000000000000e+03
9.365000000000000000e+03 9.142000000000000000e+03
9.386000000000000000e+03 9.085000000000000000e+03
9.403000000000000000e+03 9.066000000000000000e+03
9.376000000000000000e+03 9.086000000000000000e+03
9.399000000000000000e+03 9.081000000000000000e+03
9.421000000000000000e+03 9.044000000000000000e+03
9.409000000000000000e+03 9.045000000000000000e+03
9.404000000000000000e+03 9.050000000000000000e+03
9.431000000000000000e+03 9.031000000000000000e+03
9.452000000000000000e+03 9.014000000000000000e+03
8.112000000000000000e+03 9.883000000000000000e+03
8.166000000000000000e+03 9.866000000000000000e+03
8.368000000000000000e+03 9.842000000000000000e+03
8.321000000000000000e+03 9.854000000000000000e+03
8.436000000000000000e+03 9.838000000000000000e+03
8.355000000000000000e+03 9.846000000000000000e+03
8.476000000000000000e+03 9.807000000000000000e+03
8.457000000000000000e+03 9.821000000000000000e+03
8.503000000000000000e+03 9.794000000000000000e+03
8.449000000000000000e+03 9.825000000000000000e+03
8.466000000000000000e+03 9.816000000000000000e+03
8.495000000000000000e+03 9.800000000000000000e+03
8.479000000000000000e+03 9.802000000000000000e+03
8.547000000000000000e+03 9.764000000000000000e+03
8.506000000000000000e+03 9.774000000000000000e+03
8.514000000000000000e+03 9.772000000000000000e+03
8.504000000000000000e+03 9.777000000000000000e+03
8.523000000000000000e+03 9.771000000000000000e+03
8.573000000000000000e+03 9.758000000000000000e+03
8.582000000000000000e+03 9.750000000000000000e+03
8.639000000000000000e+03 9.723000000000000000e+03
8.642000000000000000e+03 9.722000000000000000e+03
8.614000000000000000e+03 9.731000000000000000e+03
8.588000000000000000e+03 9.734000000000000000e+03
8.657000000000000000e+03 9.717000000000000000e+03
8.658000000000000000e+03 9.701000000000000000e+03
8.662000000000000000e+03 9.699000000000000000e+03
8.680000000000000000e+03 9.696000000000000000e+03
8.715000000000000000e+03 9.686000000000000000e+03
8.742000000000000000e+03 9.676000000000000000e+03
8.775000000000000000e+03 9.642000000000000000e+03
8.752000000000000000e+03 9.645000000000000000e+03
8.788000000000000000e+03 9.623000000000000000e+03
8.750000000000000000e+03 9.657000000000000000e+03
8.783000000000000000e+03 9.637000000000000000e+03
8.765000000000000000e+03 9.643000000000000000e+03
8.854000000000000000e+03 9.591000000000000000e+03
8.832000000000000000e+03 9.604000000000000000e+03
8.825000000000000000e+03 9.622000000000000000e+03
8.916000000000000000e+03 9.551000000000000000e+03
8.894000000000000000e+03 9.569000000000000000e+03
8.892000000000000000e+03 9.586000000000000000e+03
8.933000000000000000e+03 9.549000000000000000e+03
8.915000000000000000e+03 9.568000000000000000e+03
8.943000000000000000e+03 9.536000000000000000e+03
8.953000000000000000e+03 9.526000000000000000e+03
9.011000000000000000e+03 9.487000000000000000e+03
9.026000000000000000e+03 9.485000000000000000e+03
9.004000000000000000e+03 9.503000000000000000e+03
8.993000000000000000e+03 9.506000000000000000e+03
9.007000000000000000e+03 9.488000000000000000e+03
9.034000000000000000e+03 9.476000000000000000e+03
9.042000000000000000e+03 9.462000000000000000e+03
9.095000000000000000e+03 9.407000000000000000e+03
9.090000000000000000e+03 9.441000000000000000e+03
9.106000000000000000e+03 9.391000000000000000e+03
9.092000000000000000e+03 9.410000000000000000e+03
9.130000000000000000e+03 9.390000000000000000e+03
9.097000000000000000e+03 9.401000000000000000e+03
9.135000000000000000e+03 9.369000000000000000e+03
9.178000000000000000e+03 9.332000000000000000e+03
9.166000000000000000e+03 9.354000000000000000e+03
9.190000000000000000e+03 9.329000000000000000e+03
9.202000000000000000e+03 9.289000000000000000e+03
9.200000000000000000e+03 9.316000000000000000e+03
9.254000000000000000e+03 9.247000000000000000e+03
9.241000000000000000e+03 9.271000000000000000e+03
9.219000000000000000e+03 9.285000000000000000e+03
9.256000000000000000e+03 9.245000000000000000e+03
9.277000000000000000e+03 9.218000000000000000e+03
9.315000000000000000e+03 9.192000000000000000e+03
9.276000000000000000e+03 9.231000000000000000e+03
9.275000000000000000e+03 9.235000000000000000e+03
9.350000000000000000e+03 9.152000000000000000e+03
9.342000000000000000e+03 9.183000000000000000e+03
9.373000000000000000e+03 9.123000000000000000e+03
9.343000000000000000e+03 9.156000000000000000e+03
9.365000000000000000e+03 9.142000000000000000e+03
9.386000000000000000e+03 9.085000000000000000e+03
9.403000000000000000e+03 9.066000000000000000e+03
9.376000000000000000e+03 9.086000000000000000e+03
9.399000000000000000e+03 9.081000000000000000e+03
9.421000000000000000e+03 9.044000000000000000e+03
9.409000000000000000e+03 9.045000000000000000e+03
9.404000000000000000e+03 9.050000000000000000e+03
9.431000000000000000e+03 9.031000000000000000e+03
9.452000000000000000e+03 9.014000000000000000e+03
9.465000000000000000e+03 8.989000000000000000e+03
9.455000000000000000e+03 8.991000000000000000e+03
9.484000000000000000e+03 8.935000000000000000e+03
