1.590200000000000000e+04 1.843400000000000000e+04
1.601100000000000000e+04 1.843000000000000000e+04
1.605600000000000000e+04 1.839000000000000000e+04
1.602000000000000000e+04 1.840400000000000000e+04
1.606100000000000000e+04 1.837500000000000000e+04
1.602500000000000000e+04 1.839400000000000000e+04
1.653000000000000000e+04 1.904800000000000000e+04
1.646200000000000000e+04 1.923400000000000000e+04
1.652700000000000000e+04 1.915200000000000000e+04
1.650900000000000000e+04 1.917900000000000000e+04
1.642800000000000000e+04 1.935200000000000000e+04
1.635100000000000000e+04 1.936700000000000000e+04
1.643600000000000000e+04 1.934600000000000000e+04
1.644100000000000000e+04 1.932800000000000000e+04
1.646100000000000000e+04 1.932700000000000000e+04
1.644700000000000000e+04 1.973500000000000000e+04
1.656400000000000000e+04 1.972400000000000000e+04
1.665600000000000000e+04 1.971500000000000000e+04
1.644600000000000000e+04 1.973700000000000000e+04
1.683900000000000000e+04 1.980100000000000000e+04
1.680900000000000000e+04 1.980700000000000000e+04
1.678900000000000000e+04 1.981300000000000000e+04
1.672100000000000000e+04 1.985200000000000000e+04
1.670600000000000000e+04 1.985400000000000000e+04
1.677400000000000000e+04 1.984600000000000000e+04
1.670100000000000000e+04 1.988500000000000000e+04
1.686800000000000000e+04 1.989600000000000000e+04
1.685200000000000000e+04 1.990100000000000000e+04
1.681800000000000000e+04 1.992100000000000000e+04
1.678800000000000000e+04 1.994500000000000000e+04
1.671400000000000000e+04 1.996800000000000000e+04
1.672900000000000000e+04 1.995500000000000000e+04
1.681200000000000000e+04 1.994400000000000000e+04
1.702100000000000000e+04 1.998100000000000000e+04
1.695800000000000000e+04 1.999300000000000000e+04
1.705700000000000000e+04 1.996200000000000000e+04
1.696700000000000000e+04 1.999000000000000000e+04
1.705200000000000000e+04 1.997500000000000000e+04
1.694700000000000000e+04 1.999600000000000000e+04
1.695600000000000000e+04 2.001200000000000000e+04
1.713800000000000000e+04 2.000200000000000000e+04
1.701900000000000000e+04 2.001000000000000000e+04
1.713800000000000000e+04 2.000200000000000000e+04
1.715300000000000000e+04 1.999900000000000000e+04
1.713300000000000000e+04 2.001500000000000000e+04
1.724200000000000000e+04 1.997400000000000000e+04
1.719300000000000000e+04 1.998200000000000000e+04
1.723400000000000000e+04 1.997600000000000000e+04
1.719200000000000000e+04 1.999500000000000000e+04
1.720600000000000000e+04 1.998000000000000000e+04
1.725000000000000000e+04 1.997100000000000000e+04
1.713800000000000000e+04 2.000200000000000000e+04
1.715300000000000000e+04 1.999900000000000000e+04
1.713300000000000000e+04 2.001500000000000000e+04
1.719200000000000000e+04 1.999500000000000000e+04
1.720900000000000000e+04 1.999400000000000000e+04
1.722700000000000000e+04 1.998700000000000000e+04
1.728400000000000000e+04 1.998300000000000000e+04
1.734800000000000000e+04 1.996500000000000000e+04
1.730400000000000000e+04 1.997500000000000000e+04
1.736500000000000000e+04 1.995500000000000000e+04
1.736900000000000000e+04 1.994800000000000000e+04
1.734500000000000000e+04 1.996900000000000000e+04
1.713800000000000000e+04 2.000200000000000000e+04
1.715300000000000000e+04 1.999900000000000000e+04
1.713300000000000000e+04 2.001500000000000000e+04
1.719200000000000000e+04 1.999500000000000000e+04
1.720900000000000000e+04 1.999400000000000000e+04
1.734800000000000000e+04 1.996500000000000000e+04
1.736500000000000000e+04 1.995500000000000000e+04
1.734500000000000000e+04 1.996900000000000000e+04
1.741300000000000000e+04 1.995400000000000000e+04
1.735600000000000000e+04 1.995600000000000000e+04
1.733900000000000000e+04 1.998900000000000000e+04
1.745200000000000000e+04 1.993400000000000000e+04
1.745300000000000000e+04 1.993300000000000000e+04
1.744900000000000000e+04 1.994900000000000000e+04
1.747400000000000000e+04 1.992200000000000000e+04
1.713800000000000000e+04 2.000200000000000000e+04
1.715300000000000000e+04 1.999900000000000000e+04
1.713300000000000000e+04 2.001500000000000000e+04
1.719200000000000000e+04 1.999500000000000000e+04
1.720900000000000000e+04 1.999400000000000000e+04
1.733900000000000000e+04 1.998900000000000000e+04
1.744900000000000000e+04 1.994900000000000000e+04
1.736000000000000000e+04 1.997300000000000000e+04
1.740000000000000000e+04 1.996500000000000000e+04
1.744800000000000000e+04 1.996300000000000000e+04
1.745800000000000000e+04 1.994600000000000000e+04
1.750300000000000000e+04 1.991700000000000000e+04
1.750200000000000000e+04 1.992800000000000000e+04
1.749200000000000000e+04 1.993100000000000000e+04
1.753300000000000000e+04 1.991500000000000000e+04
1.747500000000000000e+04 1.993600000000000000e+04
1.754900000000000000e+04 1.990900000000000000e+04
1.713800000000000000e+04 2.000200000000000000e+04
1.715300000000000000e+04 1.999900000000000000e+04
1.713300000000000000e+04 2.001500000000000000e+04
1.719200000000000000e+04 1.999500000000000000e+04
1.720900000000000000e+04 1.999400000000000000e+04
1.733900000000000000e+04 1.998900000000000000e+04
1.744900000000000000e+04 1.994900000000000000e+04
1.736000000000000000e+04 1.997300000000000000e+04
1.740000000000000000e+04 1.996500000000000000e+04
1.744800000000000000e+04 1.996300000000000000e+04
1.745800000000000000e+04 1.994600000000000000e+04
1.754500000000000000e+04 1.993700000000000000e+04
1.756300000000000000e+04 1.991900000000000000e+04
1.757300000000000000e+04 1.991500000000000000e+04
1.760800000000000000e+04 1.990200000000000000e+04
1.764500000000000000e+04 1.989200000000000000e+04
1.766500000000000000e+04 1.986600000000000000e+04
1.762800000000000000e+04 1.989500000000000000e+04
1.764800000000000000e+04 1.987500000000000000e+04
1.761500000000000000e+04 1.990000000000000000e+04
1.713800000000000000e+04 2.000200000000000000e+04
1.715300000000000000e+04 1.999900000000000000e+04
1.713300000000000000e+04 2.001500000000000000e+04
1.719200000000000000e+04 1.999500000000000000e+04
1.720900000000000000e+04 1.999400000000000000e+04
1.733900000000000000e+04 1.998900000000000000e+04
1.744900000000000000e+04 1.994900000000000000e+04
1.736000000000000000e+04 1.997300000000000000e+04
1.740000000000000000e+04 1.996500000000000000e+04
1.744800000000000000e+04 1.996300000000000000e+04
1.745800000000000000e+04 1.994600000000000000e+04
1.754500000000000000e+04 1.993700000000000000e+04
1.756300000000000000e+04 1.991900000000000000e+04
1.764500000000000000e+04 1.989200000000000000e+04
1.761500000000000000e+04 1.990000000000000000e+04
1.768700000000000000e+04 1.987200000000000000e+04
1.761300000000000000e+04 1.991700000000000000e+04
1.766700000000000000e+04 1.987900000000000000e+04
1.763400000000000000e+04 1.989700000000000000e+04
1.765200000000000000e+04 1.988600000000000000e+04
1.775800000000000000e+04 1.983500000000000000e+04
1.770000000000000000e+04 1.986500000000000000e+04
1.774100000000000000e+04 1.984100000000000000e+04
1.773900000000000000e+04 1.984300000000000000e+04
1.773400000000000000e+04 1.986100000000000000e+04
1.775000000000000000e+04 1.983600000000000000e+04
1.713800000000000000e+04 2.000200000000000000e+04
1.715300000000000000e+04 1.999900000000000000e+04
1.713300000000000000e+04 2.001500000000000000e+04
1.719200000000000000e+04 1.999500000000000000e+04
1.720900000000000000e+04 1.999400000000000000e+04
1.733900000000000000e+04 1.998900000000000000e+04
1.744900000000000000e+04 1.994900000000000000e+04
1.736000000000000000e+04 1.997300000000000000e+04
1.740000000000000000e+04 1.996500000000000000e+04
1.744800000000000000e+04 1.996300000000000000e+04
1.745800000000000000e+04 1.994600000000000000e+04
1.754500000000000000e+04 1.993700000000000000e+04
1.756300000000000000e+04 1.991900000000000000e+04
1.764500000000000000e+04 1.989200000000000000e+04
1.761500000000000000e+04 1.990000000000000000e+04
1.768700000000000000e+04 1.987200000000000000e+04
1.761300000000000000e+04 1.991700000000000000e+04
1.766700000000000000e+04 1.987900000000000000e+04
1.763400000000000000e+04 1.989700000000000000e+04
1.765200000000000000e+04 1.988600000000000000e+04
1.770000000000000000e+04 1.986500000000000000e+04
1.774100000000000000e+04 1.984100000000000000e+04
1.773900000000000000e+04 1.984300000000000000e+04
1.773400000000000000e+04 1.986100000000000000e+04
1.782400000000000000e+04 1.981700000000000000e+04
1.776100000000000000e+04 1.984000000000000000e+04
1.779600000000000000e+04 1.983600000000000000e+04
1.785900000000000000e+04 1.981500000000000000e+04
1.780500000000000000e+04 1.982400000000000000e+04
1.713800000000000000e+04 2.000200000000000000e+04
1.715300000000000000e+04 1.999900000000000000e+04
1.713300000000000000e+04 2.001500000000000000e+04
1.719200000000000000e+04 1.999500000000000000e+04
1.720900000000000000e+04 1.999400000000000000e+04
1.733900000000000000e+04 1.998900000000000000e+04
1.744900000000000000e+04 1.994900000000000000e+04
1.736000000000000000e+04 1.997300000000000000e+04
1.740000000000000000e+04 1.996500000000000000e+04
1.744800000000000000e+04 1.996300000000000000e+04
1.745800000000000000e+04 1.994600000000000000e+04
1.754500000000000000e+04 1.993700000000000000e+04
1.756300000000000000e+04 1.991900000000000000e+04
1.764500000000000000e+04 1.989200000000000000e+04
1.761500000000000000e+04 1.990000000000000000e+04
1.768700000000000000e+04 1.987200000000000000e+04
1.761300000000000000e+04 1.991700000000000000e+04
1.766700000000000000e+04 1.987900000000000000e+04
1.763400000000000000e+04 1.989700000000000000e+04
1.765200000000000000e+04 1.988600000000000000e+04
1.770000000000000000e+04 1.986500000000000000e+04
1.774100000000000000e+04 1.984100000000000000e+04
1.773900000000000000e+04 1.984300000000000000e+04
1.773400000000000000e+04 1.986100000000000000e+04
1.782400000000000000e+04 1.981700000000000000e+04
1.776100000000000000e+04 1.984000000000000000e+04
1.779600000000000000e+04 1.983600000000000000e+04
1.785900000000000000e+04 1.981500000000000000e+04
1.780500000000000000e+04 1.982400000000000000e+04
1.713800000000000000e+04 2.000200000000000000e+04
1.715300000000000000e+04 1.999900000000000000e+04
1.713300000000000000e+04 2.001500000000000000e+04
1.719200000000000000e+04 1.999500000000000000e+04
1.720900000000000000e+04 1.999400000000000000e+04
1.733900000000000000e+04 1.998900000000000000e+04
1.744900000000000000e+04 1.994900000000000000e+04
1.736000000000000000e+04 1.997300000000000000e+04
1.740000000000000000e+04 1.996500000000000000e+04
1.744800000000000000e+04 1.996300000000000000e+04
1.745800000000000000e+04 1.994600000000000000e+04
1.754500000000000000e+04 1.993700000000000000e+04
1.756300000000000000e+04 1.991900000000000000e+04
1.764500000000000000e+04 1.989200000000000000e+04
1.761500000000000000e+04 1.990000000000000000e+04
1.768700000000000000e+04 1.987200000000000000e+04
1.761300000000000000e+04 1.991700000000000000e+04
1.766700000000000000e+04 1.987900000000000000e+04
1.763400000000000000e+04 1.989700000000000000e+04
1.765200000000000000e+04 1.988600000000000000e+04
1.770000000000000000e+04 1.986500000000000000e+04
1.774100000000000000e+04 1.984100000000000000e+04
1.773900000000000000e+04 1.984300000000000000e+04
1.773400000000000000e+04 1.986100000000000000e+04
1.782400000000000000e+04 1.981700000000000000e+04
1.776100000000000000e+04 1.984000000000000000e+04
1.779600000000000000e+04 1.983600000000000000e+04
1.785900000000000000e+04 1.981500000000000000e+04
1.780500000000000000e+04 1.982400000000000000e+04
1.788400000000000000e+04 1.976500000000000000e+04
1.787000000000000000e+04 1.977200000000000000e+04
1.788000000000000000e+04 1.976600000000000000e+04
1.786800000000000000e+04 1.979800000000000000e+04
1.791100000000000000e+04 1.975500000000000000e+04
1.789800000000000000e+04 1.975900000000000000e+04
1.788900000000000000e+04 1.976300000000000000e+04
1.792200000000000000e+04 1.974900000000000000e+04
1.796400000000000000e+04 1.971300000000000000e+04
1.799500000000000000e+04 1.970400000000000000e+04
1.795700000000000000e+04 1.974700000000000000e+04
1.796800000000000000e+04 1.970900000000000000e+04
1.713800000000000000e+04 2.000200000000000000e+04
1.715300000000000000e+04 1.999900000000000000e+04
1.713300000000000000e+04 2.001500000000000000e+04
1.719200000000000000e+04 1.999500000000000000e+04
1.720900000000000000e+04 1.999400000000000000e+04
1.733900000000000000e+04 1.998900000000000000e+04
1.744900000000000000e+04 1.994900000000000000e+04
1.736000000000000000e+04 1.997300000000000000e+04
1.740000000000000000e+04 1.996500000000000000e+04
1.744800000000000000e+04 1.996300000000000000e+04
1.745800000000000000e+04 1.994600000000000000e+04
1.754500000000000000e+04 1.993700000000000000e+04
1.756300000000000000e+04 1.991900000000000000e+04
1.764500000000000000e+04 1.989200000000000000e+04
1.761500000000000000e+04 1.990000000000000000e+04
1.768700000000000000e+04 1.987200000000000000e+04
1.761300000000000000e+04 1.991700000000000000e+04
1.766700000000000000e+04 1.987900000000000000e+04
1.763400000000000000e+04 1.989700000000000000e+04
1.765200000000000000e+04 1.988600000000000000e+04
1.770000000000000000e+04 1.986500000000000000e+04
1.774100000000000000e+04 1.984100000000000000e+04
1.773900000000000000e+04 1.984300000000000000e+04
1.773400000000000000e+04 1.986100000000000000e+04
1.782400000000000000e+04 1.981700000000000000e+04
1.776100000000000000e+04 1.984000000000000000e+04
1.779600000000000000e+04 1.983600000000000000e+04
1.785900000000000000e+04 1.981500000000000000e+04
1.780500000000000000e+04 1.982400000000000000e+04
1.788400000000000000e+04 1.976500000000000000e+04
1.787000000000000000e+04 1.977200000000000000e+04
1.788000000000000000e+04 1.976600000000000000e+04
1.786800000000000000e+04 1.979800000000000000e+04
1.791100000000000000e+04 1.975500000000000000e+04
1.789800000000000000e+04 1.975900000000000000e+04
1.788900000000000000e+04 1.976300000000000000e+04
1.792200000000000000e+04 1.974900000000000000e+04
1.795700000000000000e+04 1.974700000000000000e+04
1.796100000000000000e+04 1.971900000000000000e+04
1.798100000000000000e+04 1.971700000000000000e+04
1.799700000000000000e+04 1.971200000000000000e+04
1.801100000000000000e+04 1.969200000000000000e+04
1.810000000000000000e+04 1.966400000000000000e+04
1.814100000000000000e+04 1.962700000000000000e+04
1.808300000000000000e+04 1.968400000000000000e+04
1.811800000000000000e+04 1.965100000000000000e+04
1.713800000000000000e+04 2.000200000000000000e+04
1.715300000000000000e+04 1.999900000000000000e+04
1.713300000000000000e+04 2.001500000000000000e+04
1.719200000000000000e+04 1.999500000000000000e+04
1.720900000000000000e+04 1.999400000000000000e+04
1.733900000000000000e+04 1.998900000000000000e+04
1.744900000000000000e+04 1.994900000000000000e+04
1.736000000000000000e+04 1.997300000000000000e+04
1.740000000000000000e+04 1.996500000000000000e+04
1.744800000000000000e+04 1.996300000000000000e+04
1.745800000000000000e+04 1.994600000000000000e+04
1.754500000000000000e+04 1.993700000000000000e+04
1.756300000000000000e+04 1.991900000000000000e+04
1.764500000000000000e+04 1.989200000000000000e+04
1.761500000000000000e+04 1.990000000000000000e+04
1.768700000000000000e+04 1.987200000000000000e+04
1.761300000000000000e+04 1.991700000000000000e+04
1.766700000000000000e+04 1.987900000000000000e+04
1.763400000000000000e+04 1.989700000000000000e+04
1.765200000000000000e+04 1.988600000000000000e+04
1.770000000000000000e+04 1.986500000000000000e+04
1.774100000000000000e+04 1.984100000000000000e+04
1.773900000000000000e+04 1.984300000000000000e+04
1.773400000000000000e+04 1.986100000000000000e+04
1.782400000000000000e+04 1.981700000000000000e+04
1.776100000000000000e+04 1.984000000000000000e+04
1.779600000000000000e+04 1.983600000000000000e+04
1.785900000000000000e+04 1.981500000000000000e+04
1.780500000000000000e+04 1.982400000000000000e+04
1.788400000000000000e+04 1.976500000000000000e+04
1.787000000000000000e+04 1.977200000000000000e+04
1.788000000000000000e+04 1.976600000000000000e+04
1.786800000000000000e+04 1.979800000000000000e+04
1.791100000000000000e+04 1.975500000000000000e+04
1.789800000000000000e+04 1.975900000000000000e+04
1.788900000000000000e+04 1.976300000000000000e+04
1.792200000000000000e+04 1.974900000000000000e+04
1.795700000000000000e+04 1.974700000000000000e+04
1.796100000000000000e+04 1.971900000000000000e+04
1.798100000000000000e+04 1.971700000000000000e+04
1.799700000000000000e+04 1.971200000000000000e+04
1.801100000000000000e+04 1.969200000000000000e+04
1.808300000000000000e+04 1.968400000000000000e+04
1.811800000000000000e+04 1.965100000000000000e+04
1.814300000000000000e+04 1.963200000000000000e+04
1.811300000000000000e+04 1.967800000000000000e+04
1.815800000000000000e+04 1.962900000000000000e+04
1.816300000000000000e+04 1.962600000000000000e+04
1.822000000000000000e+04 1.962100000000000000e+04
1.825100000000000000e+04 1.956700000000000000e+04
1.824500000000000000e+04 1.960600000000000000e+04
1.713800000000000000e+04 2.000200000000000000e+04
1.715300000000000000e+04 1.999900000000000000e+04
1.713300000000000000e+04 2.001500000000000000e+04
1.719200000000000000e+04 1.999500000000000000e+04
1.720900000000000000e+04 1.999400000000000000e+04
1.733900000000000000e+04 1.998900000000000000e+04
1.744900000000000000e+04 1.994900000000000000e+04
1.736000000000000000e+04 1.997300000000000000e+04
1.740000000000000000e+04 1.996500000000000000e+04
1.744800000000000000e+04 1.996300000000000000e+04
1.745800000000000000e+04 1.994600000000000000e+04
1.754500000000000000e+04 1.993700000000000000e+04
1.756300000000000000e+04 1.991900000000000000e+04
1.764500000000000000e+04 1.989200000000000000e+04
1.761500000000000000e+04 1.990000000000000000e+04
1.768700000000000000e+04 1.987200000000000000e+04
1.761300000000000000e+04 1.991700000000000000e+04
1.766700000000000000e+04 1.987900000000000000e+04
1.763400000000000000e+04 1.989700000000000000e+04
1.765200000000000000e+04 1.988600000000000000e+04
1.770000000000000000e+04 1.986500000000000000e+04
1.774100000000000000e+04 1.984100000000000000e+04
1.773900000000000000e+04 1.984300000000000000e+04
1.773400000000000000e+04 1.986100000000000000e+04
1.782400000000000000e+04 1.981700000000000000e+04
1.776100000000000000e+04 1.984000000000000000e+04
1.779600000000000000e+04 1.983600000000000000e+04
1.785900000000000000e+04 1.981500000000000000e+04
1.780500000000000000e+04 1.982400000000000000e+04
1.788400000000000000e+04 1.976500000000000000e+04
1.787000000000000000e+04 1.977200000000000000e+04
1.788000000000000000e+04 1.976600000000000000e+04
1.786800000000000000e+04 1.979800000000000000e+04
1.791100000000000000e+04 1.975500000000000000e+04
1.789800000000000000e+04 1.975900000000000000e+04
1.788900000000000000e+04 1.976300000000000000e+04
1.792200000000000000e+04 1.974900000000000000e+04
1.795700000000000000e+04 1.974700000000000000e+04
1.796100000000000000e+04 1.971900000000000000e+04
1.798100000000000000e+04 1.971700000000000000e+04
1.799700000000000000e+04 1.971200000000000000e+04
1.801100000000000000e+04 1.969200000000000000e+04
1.808300000000000000e+04 1.968400000000000000e+04
1.811800000000000000e+04 1.965100000000000000e+04
1.814300000000000000e+04 1.963200000000000000e+04
1.811300000000000000e+04 1.967800000000000000e+04
1.815800000000000000e+04 1.962900000000000000e+04
1.816300000000000000e+04 1.962600000000000000e+04
1.822000000000000000e+04 1.962100000000000000e+04
1.825100000000000000e+04 1.956700000000000000e+04
1.824500000000000000e+04 1.960600000000000000e+04
1.713800000000000000e+04 2.000200000000000000e+04
1.715300000000000000e+04 1.999900000000000000e+04
1.713300000000000000e+04 2.001500000000000000e+04
1.719200000000000000e+04 1.999500000000000000e+04
1.720900000000000000e+04 1.999400000000000000e+04
1.733900000000000000e+04 1.998900000000000000e+04
1.744900000000000000e+04 1.994900000000000000e+04
1.736000000000000000e+04 1.997300000000000000e+04
1.740000000000000000e+04 1.996500000000000000e+04
1.744800000000000000e+04 1.996300000000000000e+04
1.745800000000000000e+04 1.994600000000000000e+04
1.754500000000000000e+04 1.993700000000000000e+04
1.756300000000000000e+04 1.991900000000000000e+04
1.764500000000000000e+04 1.989200000000000000e+04
1.761500000000000000e+04 1.990000000000000000e+04
1.768700000000000000e+04 1.987200000000000000e+04
1.761300000000000000e+04 1.991700000000000000e+04
1.766700000000000000e+04 1.987900000000000000e+04
1.763400000000000000e+04 1.989700000000000000e+04
1.765200000000000000e+04 1.988600000000000000e+04
1.770000000000000000e+04 1.986500000000000000e+04
1.774100000000000000e+04 1.984100000000000000e+04
1.773900000000000000e+04 1.984300000000000000e+04
1.773400000000000000e+04 1.986100000000000000e+04
1.782400000000000000e+04 1.981700000000000000e+04
1.776100000000000000e+04 1.984000000000000000e+04
1.779600000000000000e+04 1.983600000000000000e+04
1.785900000000000000e+04 1.981500000000000000e+04
1.780500000000000000e+04 1.982400000000000000e+04
1.788400000000000000e+04 1.976500000000000000e+04
1.787000000000000000e+04 1.977200000000000000e+04
1.788000000000000000e+04 1.976600000000000000e+04
1.786800000000000000e+04 1.979800000000000000e+04
1.791100000000000000e+04 1.975500000000000000e+04
1.789800000000000000e+04 1.975900000000000000e+04
1.788900000000000000e+04 1.976300000000000000e+04
1.792200000000000000e+04 1.974900000000000000e+04
1.795700000000000000e+04 1.974700000000000000e+04
1.796100000000000000e+04 1.971900000000000000e+04
1.798100000000000000e+04 1.971700000000000000e+04
1.799700000000000000e+04 1.971200000000000000e+04
1.801100000000000000e+04 1.969200000000000000e+04
1.808300000000000000e+04 1.968400000000000000e+04
1.811800000000000000e+04 1.965100000000000000e+04
1.814300000000000000e+04 1.963200000000000000e+04
1.811300000000000000e+04 1.967800000000000000e+04
1.815800000000000000e+04 1.962900000000000000e+04
1.816300000000000000e+04 1.962600000000000000e+04
1.822000000000000000e+04 1.962100000000000000e+04
1.825100000000000000e+04 1.956700000000000000e+04
1.824500000000000000e+04 1.960600000000000000e+04
1.827400000000000000e+04 1.955200000000000000e+04
1.826500000000000000e+04 1.955300000000000000e+04
1.832500000000000000e+04 1.954800000000000000e+04
1.837100000000000000e+04 1.950900000000000000e+04
1.840800000000000000e+04 1.945800000000000000e+04
1.840300000000000000e+04 1.946500000000000000e+04
1.837500000000000000e+04 1.948700000000000000e+04
1.836300000000000000e+04 1.952000000000000000e+04
1.841900000000000000e+04 1.943900000000000000e+04
1.713800000000000000e+04 2.000200000000000000e+04
1.715300000000000000e+04 1.999900000000000000e+04
1.713300000000000000e+04 2.001500000000000000e+04
1.719200000000000000e+04 1.999500000000000000e+04
1.720900000000000000e+04 1.999400000000000000e+04
1.733900000000000000e+04 1.998900000000000000e+04
1.744900000000000000e+04 1.994900000000000000e+04
1.736000000000000000e+04 1.997300000000000000e+04
1.740000000000000000e+04 1.996500000000000000e+04
1.744800000000000000e+04 1.996300000000000000e+04
1.745800000000000000e+04 1.994600000000000000e+04
1.754500000000000000e+04 1.993700000000000000e+04
1.756300000000000000e+04 1.991900000000000000e+04
1.764500000000000000e+04 1.989200000000000000e+04
1.761500000000000000e+04 1.990000000000000000e+04
1.768700000000000000e+04 1.987200000000000000e+04
1.761300000000000000e+04 1.991700000000000000e+04
1.766700000000000000e+04 1.987900000000000000e+04
1.763400000000000000e+04 1.989700000000000000e+04
1.765200000000000000e+04 1.988600000000000000e+04
1.770000000000000000e+04 1.986500000000000000e+04
1.774100000000000000e+04 1.984100000000000000e+04
1.773900000000000000e+04 1.984300000000000000e+04
1.773400000000000000e+04 1.986100000000000000e+04
1.782400000000000000e+04 1.981700000000000000e+04
1.776100000000000000e+04 1.984000000000000000e+04
1.779600000000000000e+04 1.983600000000000000e+04
1.785900000000000000e+04 1.981500000000000000e+04
1.780500000000000000e+04 1.982400000000000000e+04
1.788400000000000000e+04 1.976500000000000000e+04
1.787000000000000000e+04 1.977200000000000000e+04
1.788000000000000000e+04 1.976600000000000000e+04
1.786800000000000000e+04 1.979800000000000000e+04
1.791100000000000000e+04 1.975500000000000000e+04
1.789800000000000000e+04 1.975900000000000000e+04
1.788900000000000000e+04 1.976300000000000000e+04
1.792200000000000000e+04 1.974900000000000000e+04
1.795700000000000000e+04 1.974700000000000000e+04
1.796100000000000000e+04 1.971900000000000000e+04
1.798100000000000000e+04 1.971700000000000000e+04
1.799700000000000000e+04 1.971200000000000000e+04
1.801100000000000000e+04 1.969200000000000000e+04
1.808300000000000000e+04 1.968400000000000000e+04
1.811800000000000000e+04 1.965100000000000000e+04
1.814300000000000000e+04 1.963200000000000000e+04
1.811300000000000000e+04 1.967800000000000000e+04
1.815800000000000000e+04 1.962900000000000000e+04
1.816300000000000000e+04 1.962600000000000000e+04
1.822000000000000000e+04 1.962100000000000000e+04
1.825100000000000000e+04 1.956700000000000000e+04
1.824500000000000000e+04 1.960600000000000000e+04
1.827400000000000000e+04 1.955200000000000000e+04
1.826500000000000000e+04 1.955300000000000000e+04
1.832500000000000000e+04 1.954800000000000000e+04
1.837100000000000000e+04 1.950900000000000000e+04
1.840800000000000000e+04 1.945800000000000000e+04
1.840300000000000000e+04 1.946500000000000000e+04
1.837500000000000000e+04 1.948700000000000000e+04
1.836300000000000000e+04 1.952000000000000000e+04
1.841900000000000000e+04 1.943900000000000000e+04
1.844900000000000000e+04 1.941900000000000000e+04
1.845100000000000000e+04 1.938700000000000000e+04
1.849300000000000000e+04 1.937700000000000000e+04
1.849900000000000000e+04 1.935700000000000000e+04
1.853600000000000000e+04 1.933500000000000000e+04
1.852600000000000000e+04 1.934500000000000000e+04
1.854800000000000000e+04 1.930500000000000000e+04
1.857300000000000000e+04 1.930100000000000000e+04
1.713800000000000000e+04 2.000200000000000000e+04
1.715300000000000000e+04 1.999900000000000000e+04
1.713300000000000000e+04 2.001500000000000000e+04
1.719200000000000000e+04 1.999500000000000000e+04
1.720900000000000000e+04 1.999400000000000000e+04
1.733900000000000000e+04 1.998900000000000000e+04
1.744900000000000000e+04 1.994900000000000000e+04
1.736000000000000000e+04 1.997300000000000000e+04
1.740000000000000000e+04 1.996500000000000000e+04
1.744800000000000000e+04 1.996300000000000000e+04
1.745800000000000000e+04 1.994600000000000000e+04
1.754500000000000000e+04 1.993700000000000000e+04
1.756300000000000000e+04 1.991900000000000000e+04
1.764500000000000000e+04 1.989200000000000000e+04
1.761500000000000000e+04 1.990000000000000000e+04
1.768700000000000000e+04 1.987200000000000000e+04
1.761300000000000000e+04 1.991700000000000000e+04
1.766700000000000000e+04 1.987900000000000000e+04
1.763400000000000000e+04 1.989700000000000000e+04
1.765200000000000000e+04 1.988600000000000000e+04
1.770000000000000000e+04 1.986500000000000000e+04
1.774100000000000000e+04 1.984100000000000000e+04
1.773900000000000000e+04 1.984300000000000000e+04
1.773400000000000000e+04 1.986100000000000000e+04
1.782400000000000000e+04 1.981700000000000000e+04
1.776100000000000000e+04 1.984000000000000000e+04
1.779600000000000000e+04 1.983600000000000000e+04
1.785900000000000000e+04 1.981500000000000000e+04
1.780500000000000000e+04 1.982400000000000000e+04
1.788400000000000000e+04 1.976500000000000000e+04
1.787000000000000000e+04 1.977200000000000000e+04
1.788000000000000000e+04 1.976600000000000000e+04
1.786800000000000000e+04 1.979800000000000000e+04
1.791100000000000000e+04 1.975500000000000000e+04
1.789800000000000000e+04 1.975900000000000000e+04
1.788900000000000000e+04 1.976300000000000000e+04
1.792200000000000000e+04 1.974900000000000000e+04
1.795700000000000000e+04 1.974700000000000000e+04
1.796100000000000000e+04 1.971900000000000000e+04
1.798100000000000000e+04 1.971700000000000000e+04
1.799700000000000000e+04 1.971200000000000000e+04
1.801100000000000000e+04 1.969200000000000000e+04
1.808300000000000000e+04 1.968400000000000000e+04
1.811800000000000000e+04 1.965100000000000000e+04
1.814300000000000000e+04 1.963200000000000000e+04
1.811300000000000000e+04 1.967800000000000000e+04
1.815800000000000000e+04 1.962900000000000000e+04
1.816300000000000000e+04 1.962600000000000000e+04
1.822000000000000000e+04 1.962100000000000000e+04
1.825100000000000000e+04 1.956700000000000000e+04
1.824500000000000000e+04 1.960600000000000000e+04
1.827400000000000000e+04 1.955200000000000000e+04
1.826500000000000000e+04 1.955300000000000000e+04
1.832500000000000000e+04 1.954800000000000000e+04
1.837100000000000000e+04 1.950900000000000000e+04
1.840800000000000000e+04 1.945800000000000000e+04
1.840300000000000000e+04 1.946500000000000000e+04
1.837500000000000000e+04 1.948700000000000000e+04
1.836300000000000000e+04 1.952000000000000000e+04
1.841900000000000000e+04 1.943900000000000000e+04
1.849300000000000000e+04 1.937700000000000000e+04
1.854800000000000000e+04 1.930500000000000000e+04
1.857300000000000000e+04 1.930100000000000000e+04
1.838200000000000000e+04 1.947500000000000000e+04
1.846500000000000000e+04 1.939000000000000000e+04
1.844300000000000000e+04 1.943500000000000000e+04
1.845300000000000000e+04 1.942400000000000000e+04
1.845700000000000000e+04 1.939700000000000000e+04
1.848700000000000000e+04 1.938900000000000000e+04
1.850800000000000000e+04 1.937400000000000000e+04
1.853800000000000000e+04 1.931200000000000000e+04
1.853600000000000000e+04 1.936000000000000000e+04
1.713800000000000000e+04 2.000200000000000000e+04
1.715300000000000000e+04 1.999900000000000000e+04
1.713300000000000000e+04 2.001500000000000000e+04
1.719200000000000000e+04 1.999500000000000000e+04
1.720900000000000000e+04 1.999400000000000000e+04
1.733900000000000000e+04 1.998900000000000000e+04
1.744900000000000000e+04 1.994900000000000000e+04
1.736000000000000000e+04 1.997300000000000000e+04
1.740000000000000000e+04 1.996500000000000000e+04
1.744800000000000000e+04 1.996300000000000000e+04
1.745800000000000000e+04 1.994600000000000000e+04
1.754500000000000000e+04 1.993700000000000000e+04
1.756300000000000000e+04 1.991900000000000000e+04
1.764500000000000000e+04 1.989200000000000000e+04
1.761500000000000000e+04 1.990000000000000000e+04
1.768700000000000000e+04 1.987200000000000000e+04
1.761300000000000000e+04 1.991700000000000000e+04
1.766700000000000000e+04 1.987900000000000000e+04
1.763400000000000000e+04 1.989700000000000000e+04
1.765200000000000000e+04 1.988600000000000000e+04
1.770000000000000000e+04 1.986500000000000000e+04
1.774100000000000000e+04 1.984100000000000000e+04
1.773900000000000000e+04 1.984300000000000000e+04
1.773400000000000000e+04 1.986100000000000000e+04
1.782400000000000000e+04 1.981700000000000000e+04
1.776100000000000000e+04 1.984000000000000000e+04
1.779600000000000000e+04 1.983600000000000000e+04
1.785900000000000000e+04 1.981500000000000000e+04
1.780500000000000000e+04 1.982400000000000000e+04
1.788400000000000000e+04 1.976500000000000000e+04
1.787000000000000000e+04 1.977200000000000000e+04
1.788000000000000000e+04 1.976600000000000000e+04
1.786800000000000000e+04 1.979800000000000000e+04
1.791100000000000000e+04 1.975500000000000000e+04
1.789800000000000000e+04 1.975900000000000000e+04
1.788900000000000000e+04 1.976300000000000000e+04
1.792200000000000000e+04 1.974900000000000000e+04
1.795700000000000000e+04 1.974700000000000000e+04
1.796100000000000000e+04 1.971900000000000000e+04
1.798100000000000000e+04 1.971700000000000000e+04
1.799700000000000000e+04 1.971200000000000000e+04
1.801100000000000000e+04 1.969200000000000000e+04
1.808300000000000000e+04 1.968400000000000000e+04
1.811800000000000000e+04 1.965100000000000000e+04
1.814300000000000000e+04 1.963200000000000000e+04
1.811300000000000000e+04 1.967800000000000000e+04
1.815800000000000000e+04 1.962900000000000000e+04
1.816300000000000000e+04 1.962600000000000000e+04
1.822000000000000000e+04 1.962100000000000000e+04
1.825100000000000000e+04 1.956700000000000000e+04
1.824500000000000000e+04 1.960600000000000000e+04
1.827400000000000000e+04 1.955200000000000000e+04
1.826500000000000000e+04 1.955300000000000000e+04
1.832500000000000000e+04 1.954800000000000000e+04
1.837100000000000000e+04 1.950900000000000000e+04
1.840800000000000000e+04 1.945800000000000000e+04
1.840300000000000000e+04 1.946500000000000000e+04
1.837500000000000000e+04 1.948700000000000000e+04
1.836300000000000000e+04 1.952000000000000000e+04
1.841900000000000000e+04 1.943900000000000000e+04
1.849300000000000000e+04 1.937700000000000000e+04
1.857300000000000000e+04 1.930100000000000000e+04
1.838200000000000000e+04 1.947500000000000000e+04
1.846500000000000000e+04 1.939000000000000000e+04
1.844300000000000000e+04 1.943500000000000000e+04
1.845300000000000000e+04 1.942400000000000000e+04
1.845700000000000000e+04 1.939700000000000000e+04
1.848700000000000000e+04 1.938900000000000000e+04
1.850800000000000000e+04 1.937400000000000000e+04
1.853600000000000000e+04 1.936000000000000000e+04
1.855600000000000000e+04 1.930200000000000000e+04
1.858800000000000000e+04 1.926700000000000000e+04
1.855000000000000000e+04 1.934000000000000000e+04
1.857400000000000000e+04 1.927500000000000000e+04
1.863400000000000000e+04 1.926100000000000000e+04
1.864200000000000000e+04 1.923300000000000000e+04
1.864100000000000000e+04 1.925700000000000000e+04
1.865200000000000000e+04 1.922300000000000000e+04
1.868900000000000000e+04 1.918400000000000000e+04
1.866400000000000000e+04 1.921300000000000000e+04
1.868300000000000000e+04 1.919700000000000000e+04
1.869800000000000000e+04 1.917800000000000000e+04
1.713800000000000000e+04 2.000200000000000000e+04
1.715300000000000000e+04 1.999900000000000000e+04
1.713300000000000000e+04 2.001500000000000000e+04
1.719200000000000000e+04 1.999500000000000000e+04
1.720900000000000000e+04 1.999400000000000000e+04
1.733900000000000000e+04 1.998900000000000000e+04
1.744900000000000000e+04 1.994900000000000000e+04
1.736000000000000000e+04 1.997300000000000000e+04
1.740000000000000000e+04 1.996500000000000000e+04
1.744800000000000000e+04 1.996300000000000000e+04
1.745800000000000000e+04 1.994600000000000000e+04
1.754500000000000000e+04 1.993700000000000000e+04
1.756300000000000000e+04 1.991900000000000000e+04
1.764500000000000000e+04 1.989200000000000000e+04
1.761500000000000000e+04 1.990000000000000000e+04
1.768700000000000000e+04 1.987200000000000000e+04
1.761300000000000000e+04 1.991700000000000000e+04
1.766700000000000000e+04 1.987900000000000000e+04
1.763400000000000000e+04 1.989700000000000000e+04
1.765200000000000000e+04 1.988600000000000000e+04
1.770000000000000000e+04 1.986500000000000000e+04
1.774100000000000000e+04 1.984100000000000000e+04
1.773900000000000000e+04 1.984300000000000000e+04
1.773400000000000000e+04 1.986100000000000000e+04
1.782400000000000000e+04 1.981700000000000000e+04
1.776100000000000000e+04 1.984000000000000000e+04
1.779600000000000000e+04 1.983600000000000000e+04
1.785900000000000000e+04 1.981500000000000000e+04
1.780500000000000000e+04 1.982400000000000000e+04
1.788400000000000000e+04 1.976500000000000000e+04
1.787000000000000000e+04 1.977200000000000000e+04
1.788000000000000000e+04 1.976600000000000000e+04
1.786800000000000000e+04 1.979800000000000000e+04
1.791100000000000000e+04 1.975500000000000000e+04
1.789800000000000000e+04 1.975900000000000000e+04
1.788900000000000000e+04 1.976300000000000000e+04
1.792200000000000000e+04 1.974900000000000000e+04
1.795700000000000000e+04 1.974700000000000000e+04
1.796100000000000000e+04 1.971900000000000000e+04
1.798100000000000000e+04 1.971700000000000000e+04
1.799700000000000000e+04 1.971200000000000000e+04
1.801100000000000000e+04 1.969200000000000000e+04
1.808300000000000000e+04 1.968400000000000000e+04
1.811800000000000000e+04 1.965100000000000000e+04
1.814300000000000000e+04 1.963200000000000000e+04
1.811300000000000000e+04 1.967800000000000000e+04
1.815800000000000000e+04 1.962900000000000000e+04
1.816300000000000000e+04 1.962600000000000000e+04
1.822000000000000000e+04 1.962100000000000000e+04
1.825100000000000000e+04 1.956700000000000000e+04
1.824500000000000000e+04 1.960600000000000000e+04
1.827400000000000000e+04 1.955200000000000000e+04
1.826500000000000000e+04 1.955300000000000000e+04
1.832500000000000000e+04 1.954800000000000000e+04
1.837100000000000000e+04 1.950900000000000000e+04
1.840800000000000000e+04 1.945800000000000000e+04
1.840300000000000000e+04 1.946500000000000000e+04
1.837500000000000000e+04 1.948700000000000000e+04
1.836300000000000000e+04 1.952000000000000000e+04
1.841900000000000000e+04 1.943900000000000000e+04
1.849300000000000000e+04 1.937700000000000000e+04
1.857300000000000000e+04 1.930100000000000000e+04
1.838200000000000000e+04 1.947500000000000000e+04
1.846500000000000000e+04 1.939000000000000000e+04
1.844300000000000000e+04 1.943500000000000000e+04
1.845300000000000000e+04 1.942400000000000000e+04
1.845700000000000000e+04 1.939700000000000000e+04
1.848700000000000000e+04 1.938900000000000000e+04
1.850800000000000000e+04 1.937400000000000000e+04
1.853600000000000000e+04 1.936000000000000000e+04
1.855600000000000000e+04 1.930200000000000000e+04
1.858800000000000000e+04 1.926700000000000000e+04
1.855000000000000000e+04 1.934000000000000000e+04
1.857400000000000000e+04 1.927500000000000000e+04
1.863400000000000000e+04 1.926100000000000000e+04
1.864200000000000000e+04 1.923300000000000000e+04
1.864100000000000000e+04 1.925700000000000000e+04
1.865200000000000000e+04 1.922300000000000000e+04
1.868900000000000000e+04 1.918400000000000000e+04
1.866400000000000000e+04 1.921300000000000000e+04
1.868300000000000000e+04 1.919700000000000000e+04
1.869800000000000000e+04 1.917800000000000000e+04
1.870800000000000000e+04 1.914900000000000000e+04
1.871500000000000000e+04 1.914000000000000000e+04
1.870700000000000000e+04 1.916000000000000000e+04
1.872300000000000000e+04 1.912600000000000000e+04
1.875600000000000000e+04 1.910900000000000000e+04
1.878700000000000000e+04 1.908300000000000000e+04
1.875400000000000000e+04 1.912400000000000000e+04
1.877500000000000000e+04 1.908500000000000000e+04
1.876200000000000000e+04 1.910800000000000000e+04
1.883200000000000000e+04 1.903400000000000000e+04
1.882000000000000000e+04 1.908200000000000000e+04
1.713800000000000000e+04 2.000200000000000000e+04
1.715300000000000000e+04 1.999900000000000000e+04
1.713300000000000000e+04 2.001500000000000000e+04
1.719200000000000000e+04 1.999500000000000000e+04
1.720900000000000000e+04 1.999400000000000000e+04
1.733900000000000000e+04 1.998900000000000000e+04
1.744900000000000000e+04 1.994900000000000000e+04
1.736000000000000000e+04 1.997300000000000000e+04
1.740000000000000000e+04 1.996500000000000000e+04
1.744800000000000000e+04 1.996300000000000000e+04
1.745800000000000000e+04 1.994600000000000000e+04
1.754500000000000000e+04 1.993700000000000000e+04
1.756300000000000000e+04 1.991900000000000000e+04
1.764500000000000000e+04 1.989200000000000000e+04
1.761500000000000000e+04 1.990000000000000000e+04
1.768700000000000000e+04 1.987200000000000000e+04
1.761300000000000000e+04 1.991700000000000000e+04
1.766700000000000000e+04 1.987900000000000000e+04
1.763400000000000000e+04 1.989700000000000000e+04
1.765200000000000000e+04 1.988600000000000000e+04
1.770000000000000000e+04 1.986500000000000000e+04
1.774100000000000000e+04 1.984100000000000000e+04
1.773900000000000000e+04 1.984300000000000000e+04
1.773400000000000000e+04 1.986100000000000000e+04
1.782400000000000000e+04 1.981700000000000000e+04
1.776100000000000000e+04 1.984000000000000000e+04
1.779600000000000000e+04 1.983600000000000000e+04
1.785900000000000000e+04 1.981500000000000000e+04
1.780500000000000000e+04 1.982400000000000000e+04
1.788400000000000000e+04 1.976500000000000000e+04
1.787000000000000000e+04 1.977200000000000000e+04
1.788000000000000000e+04 1.976600000000000000e+04
1.786800000000000000e+04 1.979800000000000000e+04
1.791100000000000000e+04 1.975500000000000000e+04
1.789800000000000000e+04 1.975900000000000000e+04
1.788900000000000000e+04 1.976300000000000000e+04
1.792200000000000000e+04 1.974900000000000000e+04
1.795700000000000000e+04 1.974700000000000000e+04
1.796100000000000000e+04 1.971900000000000000e+04
1.798100000000000000e+04 1.971700000000000000e+04
1.799700000000000000e+04 1.971200000000000000e+04
1.801100000000000000e+04 1.969200000000000000e+04
1.808300000000000000e+04 1.968400000000000000e+04
1.811800000000000000e+04 1.965100000000000000e+04
1.814300000000000000e+04 1.963200000000000000e+04
1.811300000000000000e+04 1.967800000000000000e+04
1.815800000000000000e+04 1.962900000000000000e+04
1.816300000000000000e+04 1.962600000000000000e+04
1.822000000000000000e+04 1.962100000000000000e+04
1.825100000000000000e+04 1.956700000000000000e+04
1.824500000000000000e+04 1.960600000000000000e+04
1.827400000000000000e+04 1.955200000000000000e+04
1.826500000000000000e+04 1.955300000000000000e+04
1.832500000000000000e+04 1.954800000000000000e+04
1.837100000000000000e+04 1.950900000000000000e+04
1.840800000000000000e+04 1.945800000000000000e+04
1.840300000000000000e+04 1.946500000000000000e+04
1.837500000000000000e+04 1.948700000000000000e+04
1.836300000000000000e+04 1.952000000000000000e+04
1.841900000000000000e+04 1.943900000000000000e+04
1.849300000000000000e+04 1.937700000000000000e+04
1.857300000000000000e+04 1.930100000000000000e+04
1.838200000000000000e+04 1.947500000000000000e+04
1.846500000000000000e+04 1.939000000000000000e+04
1.844300000000000000e+04 1.943500000000000000e+04
1.845300000000000000e+04 1.942400000000000000e+04
1.845700000000000000e+04 1.939700000000000000e+04
1.848700000000000000e+04 1.938900000000000000e+04
1.850800000000000000e+04 1.937400000000000000e+04
1.853600000000000000e+04 1.936000000000000000e+04
1.855600000000000000e+04 1.930200000000000000e+04
1.858800000000000000e+04 1.926700000000000000e+04
1.855000000000000000e+04 1.934000000000000000e+04
1.857400000000000000e+04 1.927500000000000000e+04
1.863400000000000000e+04 1.926100000000000000e+04
1.864200000000000000e+04 1.923300000000000000e+04
1.864100000000000000e+04 1.925700000000000000e+04
1.865200000000000000e+04 1.922300000000000000e+04
1.868900000000000000e+04 1.918400000000000000e+04
1.866400000000000000e+04 1.921300000000000000e+04
1.868300000000000000e+04 1.919700000000000000e+04
1.869800000000000000e+04 1.917800000000000000e+04
1.870800000000000000e+04 1.914900000000000000e+04
1.871500000000000000e+04 1.914000000000000000e+04
1.870700000000000000e+04 1.916000000000000000e+04
1.872300000000000000e+04 1.912600000000000000e+04
1.875600000000000000e+04 1.910900000000000000e+04
1.875400000000000000e+04 1.912400000000000000e+04
1.876200000000000000e+04 1.910800000000000000e+04
1.882000000000000000e+04 1.908200000000000000e+04
1.884500000000000000e+04 1.903700000000000000e+04
1.878900000000000000e+04 1.909300000000000000e+04
1.883600000000000000e+04 1.906500000000000000e+04
1.885900000000000000e+04 1.902700000000000000e+04
1.887300000000000000e+04 1.900900000000000000e+04
1.887400000000000000e+04 1.900300000000000000e+04
1.893500000000000000e+04 1.892000000000000000e+04
1.892600000000000000e+04 1.892700000000000000e+04
1.888800000000000000e+04 1.899600000000000000e+04
1.894400000000000000e+04 1.891700000000000000e+04
1.892300000000000000e+04 1.899400000000000000e+04
1.892500000000000000e+04 1.895200000000000000e+04
1.713800000000000000e+04 2.000200000000000000e+04
1.715300000000000000e+04 1.999900000000000000e+04
1.713300000000000000e+04 2.001500000000000000e+04
1.719200000000000000e+04 1.999500000000000000e+04
1.720900000000000000e+04 1.999400000000000000e+04
1.733900000000000000e+04 1.998900000000000000e+04
1.744900000000000000e+04 1.994900000000000000e+04
1.736000000000000000e+04 1.997300000000000000e+04
1.740000000000000000e+04 1.996500000000000000e+04
1.744800000000000000e+04 1.996300000000000000e+04
1.745800000000000000e+04 1.994600000000000000e+04
1.754500000000000000e+04 1.993700000000000000e+04
1.756300000000000000e+04 1.991900000000000000e+04
1.764500000000000000e+04 1.989200000000000000e+04
1.761500000000000000e+04 1.990000000000000000e+04
1.768700000000000000e+04 1.987200000000000000e+04
1.761300000000000000e+04 1.991700000000000000e+04
1.766700000000000000e+04 1.987900000000000000e+04
1.763400000000000000e+04 1.989700000000000000e+04
1.765200000000000000e+04 1.988600000000000000e+04
1.770000000000000000e+04 1.986500000000000000e+04
1.774100000000000000e+04 1.984100000000000000e+04
1.773900000000000000e+04 1.984300000000000000e+04
1.773400000000000000e+04 1.986100000000000000e+04
1.782400000000000000e+04 1.981700000000000000e+04
1.776100000000000000e+04 1.984000000000000000e+04
1.779600000000000000e+04 1.983600000000000000e+04
1.785900000000000000e+04 1.981500000000000000e+04
1.780500000000000000e+04 1.982400000000000000e+04
1.788400000000000000e+04 1.976500000000000000e+04
1.787000000000000000e+04 1.977200000000000000e+04
1.788000000000000000e+04 1.976600000000000000e+04
1.786800000000000000e+04 1.979800000000000000e+04
1.791100000000000000e+04 1.975500000000000000e+04
1.789800000000000000e+04 1.975900000000000000e+04
1.788900000000000000e+04 1.976300000000000000e+04
1.792200000000000000e+04 1.974900000000000000e+04
1.795700000000000000e+04 1.974700000000000000e+04
1.796100000000000000e+04 1.971900000000000000e+04
1.798100000000000000e+04 1.971700000000000000e+04
1.799700000000000000e+04 1.971200000000000000e+04
1.801100000000000000e+04 1.969200000000000000e+04
1.808300000000000000e+04 1.968400000000000000e+04
1.811800000000000000e+04 1.965100000000000000e+04
1.814300000000000000e+04 1.963200000000000000e+04
1.811300000000000000e+04 1.967800000000000000e+04
1.815800000000000000e+04 1.962900000000000000e+04
1.816300000000000000e+04 1.962600000000000000e+04
1.822000000000000000e+04 1.962100000000000000e+04
1.825100000000000000e+04 1.956700000000000000e+04
1.824500000000000000e+04 1.960600000000000000e+04
1.827400000000000000e+04 1.955200000000000000e+04
1.826500000000000000e+04 1.955300000000000000e+04
1.832500000000000000e+04 1.954800000000000000e+04
1.837100000000000000e+04 1.950900000000000000e+04
1.840800000000000000e+04 1.945800000000000000e+04
1.840300000000000000e+04 1.946500000000000000e+04
1.837500000000000000e+04 1.948700000000000000e+04
1.836300000000000000e+04 1.952000000000000000e+04
1.841900000000000000e+04 1.943900000000000000e+04
1.849300000000000000e+04 1.937700000000000000e+04
1.857300000000000000e+04 1.930100000000000000e+04
1.838200000000000000e+04 1.947500000000000000e+04
1.846500000000000000e+04 1.939000000000000000e+04
1.844300000000000000e+04 1.943500000000000000e+04
1.845300000000000000e+04 1.942400000000000000e+04
1.845700000000000000e+04 1.939700000000000000e+04
1.848700000000000000e+04 1.938900000000000000e+04
1.850800000000000000e+04 1.937400000000000000e+04
1.853600000000000000e+04 1.936000000000000000e+04
1.855600000000000000e+04 1.930200000000000000e+04
1.858800000000000000e+04 1.926700000000000000e+04
1.855000000000000000e+04 1.934000000000000000e+04
1.857400000000000000e+04 1.927500000000000000e+04
1.863400000000000000e+04 1.926100000000000000e+04
1.864200000000000000e+04 1.923300000000000000e+04
1.864100000000000000e+04 1.925700000000000000e+04
1.865200000000000000e+04 1.922300000000000000e+04
1.868900000000000000e+04 1.918400000000000000e+04
1.866400000000000000e+04 1.921300000000000000e+04
1.868300000000000000e+04 1.919700000000000000e+04
1.869800000000000000e+04 1.917800000000000000e+04
1.870800000000000000e+04 1.914900000000000000e+04
1.871500000000000000e+04 1.914000000000000000e+04
1.870700000000000000e+04 1.916000000000000000e+04
1.872300000000000000e+04 1.912600000000000000e+04
1.875600000000000000e+04 1.910900000000000000e+04
1.875400000000000000e+04 1.912400000000000000e+04
1.876200000000000000e+04 1.910800000000000000e+04
1.882000000000000000e+04 1.908200000000000000e+04
1.884500000000000000e+04 1.903700000000000000e+04
1.878900000000000000e+04 1.909300000000000000e+04
1.883600000000000000e+04 1.906500000000000000e+04
1.885900000000000000e+04 1.902700000000000000e+04
1.887300000000000000e+04 1.900900000000000000e+04
1.887400000000000000e+04 1.900300000000000000e+04
1.888800000000000000e+04 1.899600000000000000e+04
1.892300000000000000e+04 1.899400000000000000e+04
1.892500000000000000e+04 1.895200000000000000e+04
1.895100000000000000e+04 1.892300000000000000e+04
1.897200000000000000e+04 1.889000000000000000e+04
1.892700000000000000e+04 1.893100000000000000e+04
1.896400000000000000e+04 1.889300000000000000e+04
1.895800000000000000e+04 1.891300000000000000e+04
1.899800000000000000e+04 1.887300000000000000e+04
1.907800000000000000e+04 1.882800000000000000e+04
1.904300000000000000e+04 1.886500000000000000e+04
1.909200000000000000e+04 1.877300000000000000e+04
1.908000000000000000e+04 1.879800000000000000e+04
1.908100000000000000e+04 1.879200000000000000e+04
1.911700000000000000e+04 1.874500000000000000e+04
1.909700000000000000e+04 1.875800000000000000e+04
1.911500000000000000e+04 1.874700000000000000e+04
1.713800000000000000e+04 2.000200000000000000e+04
1.715300000000000000e+04 1.999900000000000000e+04
1.713300000000000000e+04 2.001500000000000000e+04
1.719200000000000000e+04 1.999500000000000000e+04
1.720900000000000000e+04 1.999400000000000000e+04
1.733900000000000000e+04 1.998900000000000000e+04
1.744900000000000000e+04 1.994900000000000000e+04
1.736000000000000000e+04 1.997300000000000000e+04
1.740000000000000000e+04 1.996500000000000000e+04
1.744800000000000000e+04 1.996300000000000000e+04
1.745800000000000000e+04 1.994600000000000000e+04
1.754500000000000000e+04 1.993700000000000000e+04
1.756300000000000000e+04 1.991900000000000000e+04
1.764500000000000000e+04 1.989200000000000000e+04
1.761500000000000000e+04 1.990000000000000000e+04
1.768700000000000000e+04 1.987200000000000000e+04
1.761300000000000000e+04 1.991700000000000000e+04
1.766700000000000000e+04 1.987900000000000000e+04
1.763400000000000000e+04 1.989700000000000000e+04
1.765200000000000000e+04 1.988600000000000000e+04
1.770000000000000000e+04 1.986500000000000000e+04
1.774100000000000000e+04 1.984100000000000000e+04
1.773900000000000000e+04 1.984300000000000000e+04
1.773400000000000000e+04 1.986100000000000000e+04
1.782400000000000000e+04 1.981700000000000000e+04
1.776100000000000000e+04 1.984000000000000000e+04
1.779600000000000000e+04 1.983600000000000000e+04
1.785900000000000000e+04 1.981500000000000000e+04
1.780500000000000000e+04 1.982400000000000000e+04
1.788400000000000000e+04 1.976500000000000000e+04
1.787000000000000000e+04 1.977200000000000000e+04
1.788000000000000000e+04 1.976600000000000000e+04
1.786800000000000000e+04 1.979800000000000000e+04
1.791100000000000000e+04 1.975500000000000000e+04
1.789800000000000000e+04 1.975900000000000000e+04
1.788900000000000000e+04 1.976300000000000000e+04
1.792200000000000000e+04 1.974900000000000000e+04
1.795700000000000000e+04 1.974700000000000000e+04
1.796100000000000000e+04 1.971900000000000000e+04
1.798100000000000000e+04 1.971700000000000000e+04
1.799700000000000000e+04 1.971200000000000000e+04
1.801100000000000000e+04 1.969200000000000000e+04
1.808300000000000000e+04 1.968400000000000000e+04
1.811800000000000000e+04 1.965100000000000000e+04
1.814300000000000000e+04 1.963200000000000000e+04
1.811300000000000000e+04 1.967800000000000000e+04
1.815800000000000000e+04 1.962900000000000000e+04
1.816300000000000000e+04 1.962600000000000000e+04
1.822000000000000000e+04 1.962100000000000000e+04
1.825100000000000000e+04 1.956700000000000000e+04
1.824500000000000000e+04 1.960600000000000000e+04
1.827400000000000000e+04 1.955200000000000000e+04
1.826500000000000000e+04 1.955300000000000000e+04
1.832500000000000000e+04 1.954800000000000000e+04
1.837100000000000000e+04 1.950900000000000000e+04
1.840800000000000000e+04 1.945800000000000000e+04
1.840300000000000000e+04 1.946500000000000000e+04
1.837500000000000000e+04 1.948700000000000000e+04
1.836300000000000000e+04 1.952000000000000000e+04
1.841900000000000000e+04 1.943900000000000000e+04
1.849300000000000000e+04 1.937700000000000000e+04
1.857300000000000000e+04 1.930100000000000000e+04
1.838200000000000000e+04 1.947500000000000000e+04
1.846500000000000000e+04 1.939000000000000000e+04
1.844300000000000000e+04 1.943500000000000000e+04
1.845300000000000000e+04 1.942400000000000000e+04
1.845700000000000000e+04 1.939700000000000000e+04
1.848700000000000000e+04 1.938900000000000000e+04
1.850800000000000000e+04 1.937400000000000000e+04
1.853600000000000000e+04 1.936000000000000000e+04
1.855600000000000000e+04 1.930200000000000000e+04
1.858800000000000000e+04 1.926700000000000000e+04
1.855000000000000000e+04 1.934000000000000000e+04
1.857400000000000000e+04 1.927500000000000000e+04
1.863400000000000000e+04 1.926100000000000000e+04
1.864200000000000000e+04 1.923300000000000000e+04
1.864100000000000000e+04 1.925700000000000000e+04
1.865200000000000000e+04 1.922300000000000000e+04
1.868900000000000000e+04 1.918400000000000000e+04
1.866400000000000000e+04 1.921300000000000000e+04
1.868300000000000000e+04 1.919700000000000000e+04
1.869800000000000000e+04 1.917800000000000000e+04
1.870800000000000000e+04 1.914900000000000000e+04
1.871500000000000000e+04 1.914000000000000000e+04
1.870700000000000000e+04 1.916000000000000000e+04
1.872300000000000000e+04 1.912600000000000000e+04
1.875600000000000000e+04 1.910900000000000000e+04
1.875400000000000000e+04 1.912400000000000000e+04
1.876200000000000000e+04 1.910800000000000000e+04
1.882000000000000000e+04 1.908200000000000000e+04
1.884500000000000000e+04 1.903700000000000000e+04
1.878900000000000000e+04 1.909300000000000000e+04
1.883600000000000000e+04 1.906500000000000000e+04
1.885900000000000000e+04 1.902700000000000000e+04
1.887300000000000000e+04 1.900900000000000000e+04
1.887400000000000000e+04 1.900300000000000000e+04
1.888800000000000000e+04 1.899600000000000000e+04
1.892300000000000000e+04 1.899400000000000000e+04
1.892500000000000000e+04 1.895200000000000000e+04
1.895100000000000000e+04 1.892300000000000000e+04
1.897200000000000000e+04 1.889000000000000000e+04
1.892700000000000000e+04 1.893100000000000000e+04
1.896400000000000000e+04 1.889300000000000000e+04
1.895800000000000000e+04 1.891300000000000000e+04
1.899800000000000000e+04 1.887300000000000000e+04
1.907800000000000000e+04 1.882800000000000000e+04
1.904300000000000000e+04 1.886500000000000000e+04
1.909200000000000000e+04 1.877300000000000000e+04
1.908000000000000000e+04 1.879800000000000000e+04
1.908100000000000000e+04 1.879200000000000000e+04
1.911700000000000000e+04 1.874500000000000000e+04
1.911500000000000000e+04 1.876200000000000000e+04
1.913500000000000000e+04 1.871100000000000000e+04
1.917600000000000000e+04 1.865500000000000000e+04
1.913600000000000000e+04 1.870700000000000000e+04
1.916300000000000000e+04 1.868900000000000000e+04
1.916000000000000000e+04 1.869400000000000000e+04
1.918500000000000000e+04 1.863400000000000000e+04
1.918100000000000000e+04 1.864600000000000000e+04
1.920100000000000000e+04 1.860700000000000000e+04
1.713800000000000000e+04 2.000200000000000000e+04
1.715300000000000000e+04 1.999900000000000000e+04
1.713300000000000000e+04 2.001500000000000000e+04
1.719200000000000000e+04 1.999500000000000000e+04
1.720900000000000000e+04 1.999400000000000000e+04
1.733900000000000000e+04 1.998900000000000000e+04
1.744900000000000000e+04 1.994900000000000000e+04
1.736000000000000000e+04 1.997300000000000000e+04
1.740000000000000000e+04 1.996500000000000000e+04
1.744800000000000000e+04 1.996300000000000000e+04
1.745800000000000000e+04 1.994600000000000000e+04
1.754500000000000000e+04 1.993700000000000000e+04
1.756300000000000000e+04 1.991900000000000000e+04
1.764500000000000000e+04 1.989200000000000000e+04
1.761500000000000000e+04 1.990000000000000000e+04
1.768700000000000000e+04 1.987200000000000000e+04
1.761300000000000000e+04 1.991700000000000000e+04
1.766700000000000000e+04 1.987900000000000000e+04
1.763400000000000000e+04 1.989700000000000000e+04
1.765200000000000000e+04 1.988600000000000000e+04
1.770000000000000000e+04 1.986500000000000000e+04
1.774100000000000000e+04 1.984100000000000000e+04
1.773900000000000000e+04 1.984300000000000000e+04
1.773400000000000000e+04 1.986100000000000000e+04
1.782400000000000000e+04 1.981700000000000000e+04
1.776100000000000000e+04 1.984000000000000000e+04
1.779600000000000000e+04 1.983600000000000000e+04
1.785900000000000000e+04 1.981500000000000000e+04
1.780500000000000000e+04 1.982400000000000000e+04
1.788400000000000000e+04 1.976500000000000000e+04
1.787000000000000000e+04 1.977200000000000000e+04
1.788000000000000000e+04 1.976600000000000000e+04
1.786800000000000000e+04 1.979800000000000000e+04
1.791100000000000000e+04 1.975500000000000000e+04
1.789800000000000000e+04 1.975900000000000000e+04
1.788900000000000000e+04 1.976300000000000000e+04
1.792200000000000000e+04 1.974900000000000000e+04
1.795700000000000000e+04 1.974700000000000000e+04
1.796100000000000000e+04 1.971900000000000000e+04
1.798100000000000000e+04 1.971700000000000000e+04
1.799700000000000000e+04 1.971200000000000000e+04
1.801100000000000000e+04 1.969200000000000000e+04
1.808300000000000000e+04 1.968400000000000000e+04
1.811800000000000000e+04 1.965100000000000000e+04
1.814300000000000000e+04 1.963200000000000000e+04
1.811300000000000000e+04 1.967800000000000000e+04
1.815800000000000000e+04 1.962900000000000000e+04
1.816300000000000000e+04 1.962600000000000000e+04
1.822000000000000000e+04 1.962100000000000000e+04
1.825100000000000000e+04 1.956700000000000000e+04
1.824500000000000000e+04 1.960600000000000000e+04
1.827400000000000000e+04 1.955200000000000000e+04
1.826500000000000000e+04 1.955300000000000000e+04
1.832500000000000000e+04 1.954800000000000000e+04
1.837100000000000000e+04 1.950900000000000000e+04
1.840800000000000000e+04 1.945800000000000000e+04
1.840300000000000000e+04 1.946500000000000000e+04
1.837500000000000000e+04 1.948700000000000000e+04
1.836300000000000000e+04 1.952000000000000000e+04
1.841900000000000000e+04 1.943900000000000000e+04
1.849300000000000000e+04 1.937700000000000000e+04
1.857300000000000000e+04 1.930100000000000000e+04
1.838200000000000000e+04 1.947500000000000000e+04
1.846500000000000000e+04 1.939000000000000000e+04
1.844300000000000000e+04 1.943500000000000000e+04
1.845300000000000000e+04 1.942400000000000000e+04
1.845700000000000000e+04 1.939700000000000000e+04
1.848700000000000000e+04 1.938900000000000000e+04
1.850800000000000000e+04 1.937400000000000000e+04
1.853600000000000000e+04 1.936000000000000000e+04
1.855600000000000000e+04 1.930200000000000000e+04
1.858800000000000000e+04 1.926700000000000000e+04
1.855000000000000000e+04 1.934000000000000000e+04
1.857400000000000000e+04 1.927500000000000000e+04
1.863400000000000000e+04 1.926100000000000000e+04
1.864200000000000000e+04 1.923300000000000000e+04
1.864100000000000000e+04 1.925700000000000000e+04
1.865200000000000000e+04 1.922300000000000000e+04
1.868900000000000000e+04 1.918400000000000000e+04
1.866400000000000000e+04 1.921300000000000000e+04
1.868300000000000000e+04 1.919700000000000000e+04
1.869800000000000000e+04 1.917800000000000000e+04
1.870800000000000000e+04 1.914900000000000000e+04
1.871500000000000000e+04 1.914000000000000000e+04
1.870700000000000000e+04 1.916000000000000000e+04
1.872300000000000000e+04 1.912600000000000000e+04
1.875600000000000000e+04 1.910900000000000000e+04
1.875400000000000000e+04 1.912400000000000000e+04
1.876200000000000000e+04 1.910800000000000000e+04
1.882000000000000000e+04 1.908200000000000000e+04
1.884500000000000000e+04 1.903700000000000000e+04
1.878900000000000000e+04 1.909300000000000000e+04
1.883600000000000000e+04 1.906500000000000000e+04
1.885900000000000000e+04 1.902700000000000000e+04
1.887300000000000000e+04 1.900900000000000000e+04
1.887400000000000000e+04 1.900300000000000000e+04
1.888800000000000000e+04 1.899600000000000000e+04
1.892300000000000000e+04 1.899400000000000000e+04
1.892500000000000000e+04 1.895200000000000000e+04
1.895100000000000000e+04 1.892300000000000000e+04
1.897200000000000000e+04 1.889000000000000000e+04
1.892700000000000000e+04 1.893100000000000000e+04
1.896400000000000000e+04 1.889300000000000000e+04
1.895800000000000000e+04 1.891300000000000000e+04
1.899800000000000000e+04 1.887300000000000000e+04
1.907800000000000000e+04 1.882800000000000000e+04
1.904300000000000000e+04 1.886500000000000000e+04
1.909200000000000000e+04 1.877300000000000000e+04
1.908000000000000000e+04 1.879800000000000000e+04
1.908100000000000000e+04 1.879200000000000000e+04
1.911700000000000000e+04 1.874500000000000000e+04
1.911500000000000000e+04 1.876200000000000000e+04
1.913500000000000000e+04 1.871100000000000000e+04
1.917600000000000000e+04 1.865500000000000000e+04
1.913600000000000000e+04 1.870700000000000000e+04
1.916300000000000000e+04 1.868900000000000000e+04
1.916000000000000000e+04 1.869400000000000000e+04
1.918500000000000000e+04 1.863400000000000000e+04
1.918100000000000000e+04 1.864600000000000000e+04
1.922200000000000000e+04 1.859100000000000000e+04
1.924400000000000000e+04 1.853500000000000000e+04
1.924600000000000000e+04 1.852600000000000000e+04
1.921400000000000000e+04 1.860900000000000000e+04
1.925600000000000000e+04 1.851800000000000000e+04
1.923300000000000000e+04 1.857000000000000000e+04
1.713800000000000000e+04 2.000200000000000000e+04
1.715300000000000000e+04 1.999900000000000000e+04
1.713300000000000000e+04 2.001500000000000000e+04
1.719200000000000000e+04 1.999500000000000000e+04
1.720900000000000000e+04 1.999400000000000000e+04
1.733900000000000000e+04 1.998900000000000000e+04
1.744900000000000000e+04 1.994900000000000000e+04
1.736000000000000000e+04 1.997300000000000000e+04
1.740000000000000000e+04 1.996500000000000000e+04
1.744800000000000000e+04 1.996300000000000000e+04
1.745800000000000000e+04 1.994600000000000000e+04
1.754500000000000000e+04 1.993700000000000000e+04
1.756300000000000000e+04 1.991900000000000000e+04
1.764500000000000000e+04 1.989200000000000000e+04
1.761500000000000000e+04 1.990000000000000000e+04
1.768700000000000000e+04 1.987200000000000000e+04
1.761300000000000000e+04 1.991700000000000000e+04
1.766700000000000000e+04 1.987900000000000000e+04
1.763400000000000000e+04 1.989700000000000000e+04
1.765200000000000000e+04 1.988600000000000000e+04
1.770000000000000000e+04 1.986500000000000000e+04
1.774100000000000000e+04 1.984100000000000000e+04
1.773900000000000000e+04 1.984300000000000000e+04
1.773400000000000000e+04 1.986100000000000000e+04
1.782400000000000000e+04 1.981700000000000000e+04
1.776100000000000000e+04 1.984000000000000000e+04
1.779600000000000000e+04 1.983600000000000000e+04
1.785900000000000000e+04 1.981500000000000000e+04
1.780500000000000000e+04 1.982400000000000000e+04
1.788400000000000000e+04 1.976500000000000000e+04
1.787000000000000000e+04 1.977200000000000000e+04
1.788000000000000000e+04 1.976600000000000000e+04
1.786800000000000000e+04 1.979800000000000000e+04
1.791100000000000000e+04 1.975500000000000000e+04
1.789800000000000000e+04 1.975900000000000000e+04
1.788900000000000000e+04 1.976300000000000000e+04
1.792200000000000000e+04 1.974900000000000000e+04
1.795700000000000000e+04 1.974700000000000000e+04
1.796100000000000000e+04 1.971900000000000000e+04
1.798100000000000000e+04 1.971700000000000000e+04
1.799700000000000000e+04 1.971200000000000000e+04
1.801100000000000000e+04 1.969200000000000000e+04
1.808300000000000000e+04 1.968400000000000000e+04
1.811800000000000000e+04 1.965100000000000000e+04
1.814300000000000000e+04 1.963200000000000000e+04
1.811300000000000000e+04 1.967800000000000000e+04
1.815800000000000000e+04 1.962900000000000000e+04
1.816300000000000000e+04 1.962600000000000000e+04
1.822000000000000000e+04 1.962100000000000000e+04
1.825100000000000000e+04 1.956700000000000000e+04
1.824500000000000000e+04 1.960600000000000000e+04
1.827400000000000000e+04 1.955200000000000000e+04
1.826500000000000000e+04 1.955300000000000000e+04
1.832500000000000000e+04 1.954800000000000000e+04
1.837100000000000000e+04 1.950900000000000000e+04
1.840800000000000000e+04 1.945800000000000000e+04
1.840300000000000000e+04 1.946500000000000000e+04
1.837500000000000000e+04 1.948700000000000000e+04
1.836300000000000000e+04 1.952000000000000000e+04
1.841900000000000000e+04 1.943900000000000000e+04
1.849300000000000000e+04 1.937700000000000000e+04
1.857300000000000000e+04 1.930100000000000000e+04
1.838200000000000000e+04 1.947500000000000000e+04
1.846500000000000000e+04 1.939000000000000000e+04
1.844300000000000000e+04 1.943500000000000000e+04
1.845300000000000000e+04 1.942400000000000000e+04
1.845700000000000000e+04 1.939700000000000000e+04
1.848700000000000000e+04 1.938900000000000000e+04
1.850800000000000000e+04 1.937400000000000000e+04
1.853600000000000000e+04 1.936000000000000000e+04
1.855600000000000000e+04 1.930200000000000000e+04
1.858800000000000000e+04 1.926700000000000000e+04
1.855000000000000000e+04 1.934000000000000000e+04
1.857400000000000000e+04 1.927500000000000000e+04
1.863400000000000000e+04 1.926100000000000000e+04
1.864200000000000000e+04 1.923300000000000000e+04
1.864100000000000000e+04 1.925700000000000000e+04
1.865200000000000000e+04 1.922300000000000000e+04
1.868900000000000000e+04 1.918400000000000000e+04
1.866400000000000000e+04 1.921300000000000000e+04
1.868300000000000000e+04 1.919700000000000000e+04
1.869800000000000000e+04 1.917800000000000000e+04
1.870800000000000000e+04 1.914900000000000000e+04
1.871500000000000000e+04 1.914000000000000000e+04
1.870700000000000000e+04 1.916000000000000000e+04
1.872300000000000000e+04 1.912600000000000000e+04
1.875600000000000000e+04 1.910900000000000000e+04
1.875400000000000000e+04 1.912400000000000000e+04
1.876200000000000000e+04 1.910800000000000000e+04
1.882000000000000000e+04 1.908200000000000000e+04
1.884500000000000000e+04 1.903700000000000000e+04
1.878900000000000000e+04 1.909300000000000000e+04
1.883600000000000000e+04 1.906500000000000000e+04
1.885900000000000000e+04 1.902700000000000000e+04
1.887300000000000000e+04 1.900900000000000000e+04
1.887400000000000000e+04 1.900300000000000000e+04
1.888800000000000000e+04 1.899600000000000000e+04
1.892300000000000000e+04 1.899400000000000000e+04
1.892500000000000000e+04 1.895200000000000000e+04
1.895100000000000000e+04 1.892300000000000000e+04
1.897200000000000000e+04 1.889000000000000000e+04
1.892700000000000000e+04 1.893100000000000000e+04
1.896400000000000000e+04 1.889300000000000000e+04
1.895800000000000000e+04 1.891300000000000000e+04
1.899800000000000000e+04 1.887300000000000000e+04
1.907800000000000000e+04 1.882800000000000000e+04
1.904300000000000000e+04 1.886500000000000000e+04
1.909200000000000000e+04 1.877300000000000000e+04
1.908000000000000000e+04 1.879800000000000000e+04
1.908100000000000000e+04 1.879200000000000000e+04
1.911700000000000000e+04 1.874500000000000000e+04
1.911500000000000000e+04 1.876200000000000000e+04
1.913500000000000000e+04 1.871100000000000000e+04
1.917600000000000000e+04 1.865500000000000000e+04
1.913600000000000000e+04 1.870700000000000000e+04
1.916300000000000000e+04 1.868900000000000000e+04
1.916000000000000000e+04 1.869400000000000000e+04
1.918500000000000000e+04 1.863400000000000000e+04
1.918100000000000000e+04 1.864600000000000000e+04
1.922200000000000000e+04 1.859100000000000000e+04
1.921400000000000000e+04 1.860900000000000000e+04
1.923300000000000000e+04 1.857000000000000000e+04
1.924600000000000000e+04 1.854900000000000000e+04
1.929500000000000000e+04 1.847200000000000000e+04
1.926000000000000000e+04 1.852500000000000000e+04
1.926600000000000000e+04 1.850100000000000000e+04
1.926300000000000000e+04 1.852000000000000000e+04
1.928000000000000000e+04 1.848900000000000000e+04
1.932200000000000000e+04 1.846500000000000000e+04
1.713800000000000000e+04 2.000200000000000000e+04
1.715300000000000000e+04 1.999900000000000000e+04
1.713300000000000000e+04 2.001500000000000000e+04
1.719200000000000000e+04 1.999500000000000000e+04
1.720900000000000000e+04 1.999400000000000000e+04
1.733900000000000000e+04 1.998900000000000000e+04
1.744900000000000000e+04 1.994900000000000000e+04
1.736000000000000000e+04 1.997300000000000000e+04
1.740000000000000000e+04 1.996500000000000000e+04
1.744800000000000000e+04 1.996300000000000000e+04
1.745800000000000000e+04 1.994600000000000000e+04
1.754500000000000000e+04 1.993700000000000000e+04
1.756300000000000000e+04 1.991900000000000000e+04
1.764500000000000000e+04 1.989200000000000000e+04
1.761500000000000000e+04 1.990000000000000000e+04
1.768700000000000000e+04 1.987200000000000000e+04
1.761300000000000000e+04 1.991700000000000000e+04
1.766700000000000000e+04 1.987900000000000000e+04
1.763400000000000000e+04 1.989700000000000000e+04
1.765200000000000000e+04 1.988600000000000000e+04
1.770000000000000000e+04 1.986500000000000000e+04
1.774100000000000000e+04 1.984100000000000000e+04
1.773900000000000000e+04 1.984300000000000000e+04
1.773400000000000000e+04 1.986100000000000000e+04
1.782400000000000000e+04 1.981700000000000000e+04
1.776100000000000000e+04 1.984000000000000000e+04
1.779600000000000000e+04 1.983600000000000000e+04
1.785900000000000000e+04 1.981500000000000000e+04
1.780500000000000000e+04 1.982400000000000000e+04
1.788400000000000000e+04 1.976500000000000000e+04
1.787000000000000000e+04 1.977200000000000000e+04
1.788000000000000000e+04 1.976600000000000000e+04
1.786800000000000000e+04 1.979800000000000000e+04
1.791100000000000000e+04 1.975500000000000000e+04
1.789800000000000000e+04 1.975900000000000000e+04
1.788900000000000000e+04 1.976300000000000000e+04
1.792200000000000000e+04 1.974900000000000000e+04
1.795700000000000000e+04 1.974700000000000000e+04
1.796100000000000000e+04 1.971900000000000000e+04
1.798100000000000000e+04 1.971700000000000000e+04
1.799700000000000000e+04 1.971200000000000000e+04
1.801100000000000000e+04 1.969200000000000000e+04
1.808300000000000000e+04 1.968400000000000000e+04
1.811800000000000000e+04 1.965100000000000000e+04
1.814300000000000000e+04 1.963200000000000000e+04
1.811300000000000000e+04 1.967800000000000000e+04
1.815800000000000000e+04 1.962900000000000000e+04
1.816300000000000000e+04 1.962600000000000000e+04
1.822000000000000000e+04 1.962100000000000000e+04
1.825100000000000000e+04 1.956700000000000000e+04
1.824500000000000000e+04 1.960600000000000000e+04
1.827400000000000000e+04 1.955200000000000000e+04
1.826500000000000000e+04 1.955300000000000000e+04
1.832500000000000000e+04 1.954800000000000000e+04
1.837100000000000000e+04 1.950900000000000000e+04
1.840800000000000000e+04 1.945800000000000000e+04
1.840300000000000000e+04 1.946500000000000000e+04
1.837500000000000000e+04 1.948700000000000000e+04
1.836300000000000000e+04 1.952000000000000000e+04
1.841900000000000000e+04 1.943900000000000000e+04
1.849300000000000000e+04 1.937700000000000000e+04
1.857300000000000000e+04 1.930100000000000000e+04
1.838200000000000000e+04 1.947500000000000000e+04
1.846500000000000000e+04 1.939000000000000000e+04
1.844300000000000000e+04 1.943500000000000000e+04
1.845300000000000000e+04 1.942400000000000000e+04
1.845700000000000000e+04 1.939700000000000000e+04
1.848700000000000000e+04 1.938900000000000000e+04
1.850800000000000000e+04 1.937400000000000000e+04
1.853600000000000000e+04 1.936000000000000000e+04
1.855600000000000000e+04 1.930200000000000000e+04
1.858800000000000000e+04 1.926700000000000000e+04
1.855000000000000000e+04 1.934000000000000000e+04
1.857400000000000000e+04 1.927500000000000000e+04
1.863400000000000000e+04 1.926100000000000000e+04
1.864200000000000000e+04 1.923300000000000000e+04
1.864100000000000000e+04 1.925700000000000000e+04
1.865200000000000000e+04 1.922300000000000000e+04
1.868900000000000000e+04 1.918400000000000000e+04
1.866400000000000000e+04 1.921300000000000000e+04
1.868300000000000000e+04 1.919700000000000000e+04
1.869800000000000000e+04 1.917800000000000000e+04
1.870800000000000000e+04 1.914900000000000000e+04
1.871500000000000000e+04 1.914000000000000000e+04
1.870700000000000000e+04 1.916000000000000000e+04
1.872300000000000000e+04 1.912600000000000000e+04
1.875600000000000000e+04 1.910900000000000000e+04
1.875400000000000000e+04 1.912400000000000000e+04
1.876200000000000000e+04 1.910800000000000000e+04
1.882000000000000000e+04 1.908200000000000000e+04
1.884500000000000000e+04 1.903700000000000000e+04
1.878900000000000000e+04 1.909300000000000000e+04
1.883600000000000000e+04 1.906500000000000000e+04
1.885900000000000000e+04 1.902700000000000000e+04
1.887300000000000000e+04 1.900900000000000000e+04
1.887400000000000000e+04 1.900300000000000000e+04
1.888800000000000000e+04 1.899600000000000000e+04
1.892300000000000000e+04 1.899400000000000000e+04
1.892500000000000000e+04 1.895200000000000000e+04
1.895100000000000000e+04 1.892300000000000000e+04
1.897200000000000000e+04 1.889000000000000000e+04
1.892700000000000000e+04 1.893100000000000000e+04
1.896400000000000000e+04 1.889300000000000000e+04
1.895800000000000000e+04 1.891300000000000000e+04
1.899800000000000000e+04 1.887300000000000000e+04
1.907800000000000000e+04 1.882800000000000000e+04
1.904300000000000000e+04 1.886500000000000000e+04
1.909200000000000000e+04 1.877300000000000000e+04
1.908000000000000000e+04 1.879800000000000000e+04
1.908100000000000000e+04 1.879200000000000000e+04
1.911700000000000000e+04 1.874500000000000000e+04
1.911500000000000000e+04 1.876200000000000000e+04
1.913500000000000000e+04 1.871100000000000000e+04
1.917600000000000000e+04 1.865500000000000000e+04
1.913600000000000000e+04 1.870700000000000000e+04
1.916300000000000000e+04 1.868900000000000000e+04
1.916000000000000000e+04 1.869400000000000000e+04
1.918500000000000000e+04 1.863400000000000000e+04
1.918100000000000000e+04 1.864600000000000000e+04
1.922200000000000000e+04 1.859100000000000000e+04
1.921400000000000000e+04 1.860900000000000000e+04
1.923300000000000000e+04 1.857000000000000000e+04
1.924600000000000000e+04 1.854900000000000000e+04
1.926000000000000000e+04 1.852500000000000000e+04
1.926600000000000000e+04 1.850100000000000000e+04
1.926300000000000000e+04 1.852000000000000000e+04
1.928000000000000000e+04 1.848900000000000000e+04
1.932200000000000000e+04 1.846500000000000000e+04
1.933300000000000000e+04 1.843300000000000000e+04
1.929600000000000000e+04 1.847900000000000000e+04
1.933100000000000000e+04 1.845900000000000000e+04
1.935000000000000000e+04 1.841200000000000000e+04
1.533100000000000000e+04 1.835100000000000000e+04
1.530300000000000000e+04 1.838600000000000000e+04
1.532500000000000000e+04 1.836000000000000000e+04
1.538600000000000000e+04 1.833400000000000000e+04
1.593300000000000000e+04 1.904500000000000000e+04
1.572200000000000000e+04 1.916700000000000000e+04
1.585900000000000000e+04 1.916400000000000000e+04
1.592300000000000000e+04 1.912000000000000000e+04
1.649300000000000000e+04 1.957300000000000000e+04
1.648000000000000000e+04 1.962600000000000000e+04
1.667000000000000000e+04 1.984200000000000000e+04
1.675800000000000000e+04 1.982300000000000000e+04
1.688800000000000000e+04 1.988700000000000000e+04
1.688300000000000000e+04 1.989800000000000000e+04
1.678800000000000000e+04 1.991600000000000000e+04
1.692000000000000000e+04 1.995400000000000000e+04
1.696200000000000000e+04 1.992200000000000000e+04
1.695700000000000000e+04 1.993600000000000000e+04
1.700400000000000000e+04 1.992000000000000000e+04
1.709600000000000000e+04 1.990100000000000000e+04
1.708600000000000000e+04 1.995800000000000000e+04
1.706300000000000000e+04 1.996200000000000000e+04
1.706100000000000000e+04 1.996600000000000000e+04
1.734500000000000000e+04 1.993000000000000000e+04
1.723000000000000000e+04 1.997500000000000000e+04
1.725400000000000000e+04 1.995700000000000000e+04
1.724100000000000000e+04 1.996500000000000000e+04
1.730200000000000000e+04 1.995000000000000000e+04
1.730300000000000000e+04 1.994900000000000000e+04
1.726800000000000000e+04 1.995400000000000000e+04
1.724600000000000000e+04 1.996100000000000000e+04
1.723000000000000000e+04 1.997500000000000000e+04
1.730500000000000000e+04 1.996800000000000000e+04
1.746100000000000000e+04 1.993000000000000000e+04
1.741400000000000000e+04 1.994700000000000000e+04
1.741000000000000000e+04 1.994800000000000000e+04
1.746000000000000000e+04 1.993900000000000000e+04
1.743900000000000000e+04 1.994500000000000000e+04
1.723000000000000000e+04 1.997500000000000000e+04
1.730500000000000000e+04 1.996800000000000000e+04
1.742500000000000000e+04 1.995600000000000000e+04
1.752200000000000000e+04 1.993500000000000000e+04
1.749700000000000000e+04 1.995100000000000000e+04
1.758700000000000000e+04 1.989300000000000000e+04
1.758200000000000000e+04 1.991100000000000000e+04
1.753000000000000000e+04 1.992200000000000000e+04
1.751200000000000000e+04 1.994000000000000000e+04
1.753200000000000000e+04 1.991600000000000000e+04
1.755700000000000000e+04 1.991500000000000000e+04
1.723000000000000000e+04 1.997500000000000000e+04
1.730500000000000000e+04 1.996800000000000000e+04
1.742500000000000000e+04 1.995600000000000000e+04
1.752200000000000000e+04 1.993500000000000000e+04
1.749700000000000000e+04 1.995100000000000000e+04
1.753000000000000000e+04 1.992200000000000000e+04
1.751200000000000000e+04 1.994000000000000000e+04
1.765800000000000000e+04 1.990600000000000000e+04
1.758000000000000000e+04 1.991400000000000000e+04
1.759700000000000000e+04 1.990800000000000000e+04
1.757700000000000000e+04 1.992100000000000000e+04
1.758500000000000000e+04 1.991200000000000000e+04
1.768800000000000000e+04 1.990200000000000000e+04
1.769800000000000000e+04 1.989200000000000000e+04
1.774800000000000000e+04 1.986800000000000000e+04
1.771800000000000000e+04 1.988600000000000000e+04
1.723000000000000000e+04 1.997500000000000000e+04
1.730500000000000000e+04 1.996800000000000000e+04
1.742500000000000000e+04 1.995600000000000000e+04
1.752200000000000000e+04 1.993500000000000000e+04
1.749700000000000000e+04 1.995100000000000000e+04
1.751200000000000000e+04 1.994000000000000000e+04
1.769700000000000000e+04 1.992300000000000000e+04
1.779000000000000000e+04 1.988400000000000000e+04
1.774300000000000000e+04 1.990400000000000000e+04
1.780200000000000000e+04 1.987400000000000000e+04
1.777000000000000000e+04 1.989500000000000000e+04
1.778600000000000000e+04 1.988500000000000000e+04
1.784200000000000000e+04 1.986100000000000000e+04
1.779100000000000000e+04 1.987700000000000000e+04
1.723000000000000000e+04 1.997500000000000000e+04
1.730500000000000000e+04 1.996800000000000000e+04
1.742500000000000000e+04 1.995600000000000000e+04
1.752200000000000000e+04 1.993500000000000000e+04
1.749700000000000000e+04 1.995100000000000000e+04
1.751200000000000000e+04 1.994000000000000000e+04
1.769700000000000000e+04 1.992300000000000000e+04
1.779000000000000000e+04 1.988400000000000000e+04
1.774300000000000000e+04 1.990400000000000000e+04
1.780200000000000000e+04 1.987400000000000000e+04
1.777000000000000000e+04 1.989500000000000000e+04
1.778600000000000000e+04 1.988500000000000000e+04
1.784200000000000000e+04 1.986100000000000000e+04
1.779100000000000000e+04 1.987700000000000000e+04
1.723000000000000000e+04 1.997500000000000000e+04
1.730500000000000000e+04 1.996800000000000000e+04
1.742500000000000000e+04 1.995600000000000000e+04
1.752200000000000000e+04 1.993500000000000000e+04
1.749700000000000000e+04 1.995100000000000000e+04
1.751200000000000000e+04 1.994000000000000000e+04
1.769700000000000000e+04 1.992300000000000000e+04
1.779000000000000000e+04 1.988400000000000000e+04
1.774300000000000000e+04 1.990400000000000000e+04
1.780200000000000000e+04 1.987400000000000000e+04
1.777000000000000000e+04 1.989500000000000000e+04
1.778600000000000000e+04 1.988500000000000000e+04
1.779100000000000000e+04 1.987700000000000000e+04
1.785700000000000000e+04 1.986700000000000000e+04
1.789700000000000000e+04 1.984700000000000000e+04
1.790900000000000000e+04 1.983100000000000000e+04
1.797400000000000000e+04 1.979900000000000000e+04
1.794700000000000000e+04 1.981500000000000000e+04
1.793400000000000000e+04 1.981700000000000000e+04
1.790300000000000000e+04 1.983400000000000000e+04
1.723000000000000000e+04 1.997500000000000000e+04
1.730500000000000000e+04 1.996800000000000000e+04
1.742500000000000000e+04 1.995600000000000000e+04
1.752200000000000000e+04 1.993500000000000000e+04
1.749700000000000000e+04 1.995100000000000000e+04
1.751200000000000000e+04 1.994000000000000000e+04
1.769700000000000000e+04 1.992300000000000000e+04
1.779000000000000000e+04 1.988400000000000000e+04
1.774300000000000000e+04 1.990400000000000000e+04
1.780200000000000000e+04 1.987400000000000000e+04
1.777000000000000000e+04 1.989500000000000000e+04
1.778600000000000000e+04 1.988500000000000000e+04
1.779100000000000000e+04 1.987700000000000000e+04
1.785700000000000000e+04 1.986700000000000000e+04
1.789700000000000000e+04 1.984700000000000000e+04
1.790900000000000000e+04 1.983100000000000000e+04
1.797400000000000000e+04 1.979900000000000000e+04
1.790300000000000000e+04 1.983400000000000000e+04
1.791400000000000000e+04 1.982700000000000000e+04
1.793500000000000000e+04 1.982500000000000000e+04
1.796400000000000000e+04 1.980200000000000000e+04
1.799300000000000000e+04 1.979200000000000000e+04
1.799500000000000000e+04 1.978100000000000000e+04
1.802500000000000000e+04 1.977600000000000000e+04
1.796100000000000000e+04 1.980500000000000000e+04
1.795900000000000000e+04 1.981900000000000000e+04
1.723000000000000000e+04 1.997500000000000000e+04
1.730500000000000000e+04 1.996800000000000000e+04
1.742500000000000000e+04 1.995600000000000000e+04
1.752200000000000000e+04 1.993500000000000000e+04
1.749700000000000000e+04 1.995100000000000000e+04
1.751200000000000000e+04 1.994000000000000000e+04
1.769700000000000000e+04 1.992300000000000000e+04
1.779000000000000000e+04 1.988400000000000000e+04
1.774300000000000000e+04 1.990400000000000000e+04
1.780200000000000000e+04 1.987400000000000000e+04
1.777000000000000000e+04 1.989500000000000000e+04
1.778600000000000000e+04 1.988500000000000000e+04
1.779100000000000000e+04 1.987700000000000000e+04
1.785700000000000000e+04 1.986700000000000000e+04
1.789700000000000000e+04 1.984700000000000000e+04
1.790900000000000000e+04 1.983100000000000000e+04
1.797400000000000000e+04 1.979900000000000000e+04
1.790300000000000000e+04 1.983400000000000000e+04
1.791400000000000000e+04 1.982700000000000000e+04
1.793500000000000000e+04 1.982500000000000000e+04
1.796400000000000000e+04 1.980200000000000000e+04
1.799300000000000000e+04 1.979200000000000000e+04
1.799500000000000000e+04 1.978100000000000000e+04
1.802500000000000000e+04 1.977600000000000000e+04
1.796100000000000000e+04 1.980500000000000000e+04
1.795900000000000000e+04 1.981900000000000000e+04
1.804800000000000000e+04 1.976200000000000000e+04
1.805500000000000000e+04 1.973600000000000000e+04
1.723000000000000000e+04 1.997500000000000000e+04
1.730500000000000000e+04 1.996800000000000000e+04
1.742500000000000000e+04 1.995600000000000000e+04
1.752200000000000000e+04 1.993500000000000000e+04
1.749700000000000000e+04 1.995100000000000000e+04
1.751200000000000000e+04 1.994000000000000000e+04
1.769700000000000000e+04 1.992300000000000000e+04
1.779000000000000000e+04 1.988400000000000000e+04
1.774300000000000000e+04 1.990400000000000000e+04
1.780200000000000000e+04 1.987400000000000000e+04
1.777000000000000000e+04 1.989500000000000000e+04
1.778600000000000000e+04 1.988500000000000000e+04
1.779100000000000000e+04 1.987700000000000000e+04
1.785700000000000000e+04 1.986700000000000000e+04
1.789700000000000000e+04 1.984700000000000000e+04
1.790900000000000000e+04 1.983100000000000000e+04
1.797400000000000000e+04 1.979900000000000000e+04
1.790300000000000000e+04 1.983400000000000000e+04
1.791400000000000000e+04 1.982700000000000000e+04
1.793500000000000000e+04 1.982500000000000000e+04
1.796400000000000000e+04 1.980200000000000000e+04
1.799300000000000000e+04 1.979200000000000000e+04
1.799500000000000000e+04 1.978100000000000000e+04
1.802500000000000000e+04 1.977600000000000000e+04
1.796100000000000000e+04 1.980500000000000000e+04
1.795900000000000000e+04 1.981900000000000000e+04
1.804800000000000000e+04 1.976200000000000000e+04
1.806500000000000000e+04 1.973600000000000000e+04
1.808800000000000000e+04 1.971000000000000000e+04
1.810500000000000000e+04 1.969900000000000000e+04
1.813900000000000000e+04 1.969500000000000000e+04
1.808700000000000000e+04 1.972500000000000000e+04
1.814400000000000000e+04 1.968500000000000000e+04
1.817700000000000000e+04 1.966500000000000000e+04
1.815000000000000000e+04 1.966800000000000000e+04
1.723000000000000000e+04 1.997500000000000000e+04
1.730500000000000000e+04 1.996800000000000000e+04
1.742500000000000000e+04 1.995600000000000000e+04
1.752200000000000000e+04 1.993500000000000000e+04
1.749700000000000000e+04 1.995100000000000000e+04
1.751200000000000000e+04 1.994000000000000000e+04
1.769700000000000000e+04 1.992300000000000000e+04
1.779000000000000000e+04 1.988400000000000000e+04
1.774300000000000000e+04 1.990400000000000000e+04
1.780200000000000000e+04 1.987400000000000000e+04
1.777000000000000000e+04 1.989500000000000000e+04
1.778600000000000000e+04 1.988500000000000000e+04
1.779100000000000000e+04 1.987700000000000000e+04
1.785700000000000000e+04 1.986700000000000000e+04
1.789700000000000000e+04 1.984700000000000000e+04
1.790900000000000000e+04 1.983100000000000000e+04
1.797400000000000000e+04 1.979900000000000000e+04
1.790300000000000000e+04 1.983400000000000000e+04
1.791400000000000000e+04 1.982700000000000000e+04
1.793500000000000000e+04 1.982500000000000000e+04
1.796400000000000000e+04 1.980200000000000000e+04
1.799300000000000000e+04 1.979200000000000000e+04
1.799500000000000000e+04 1.978100000000000000e+04
1.802500000000000000e+04 1.977600000000000000e+04
1.796100000000000000e+04 1.980500000000000000e+04
1.795900000000000000e+04 1.981900000000000000e+04
1.804800000000000000e+04 1.976200000000000000e+04
1.806500000000000000e+04 1.973600000000000000e+04
1.808800000000000000e+04 1.971000000000000000e+04
1.810500000000000000e+04 1.969900000000000000e+04
1.813900000000000000e+04 1.969500000000000000e+04
1.808700000000000000e+04 1.972500000000000000e+04
1.814400000000000000e+04 1.968500000000000000e+04
1.817700000000000000e+04 1.966500000000000000e+04
1.815000000000000000e+04 1.966800000000000000e+04
1.823200000000000000e+04 1.959900000000000000e+04
1.820500000000000000e+04 1.963700000000000000e+04
1.822400000000000000e+04 1.962800000000000000e+04
1.818300000000000000e+04 1.963900000000000000e+04
1.822600000000000000e+04 1.960000000000000000e+04
1.723000000000000000e+04 1.997500000000000000e+04
1.730500000000000000e+04 1.996800000000000000e+04
1.742500000000000000e+04 1.995600000000000000e+04
1.752200000000000000e+04 1.993500000000000000e+04
1.749700000000000000e+04 1.995100000000000000e+04
1.751200000000000000e+04 1.994000000000000000e+04
1.769700000000000000e+04 1.992300000000000000e+04
1.779000000000000000e+04 1.988400000000000000e+04
1.774300000000000000e+04 1.990400000000000000e+04
1.780200000000000000e+04 1.987400000000000000e+04
1.777000000000000000e+04 1.989500000000000000e+04
1.778600000000000000e+04 1.988500000000000000e+04
1.779100000000000000e+04 1.987700000000000000e+04
1.785700000000000000e+04 1.986700000000000000e+04
1.789700000000000000e+04 1.984700000000000000e+04
1.790900000000000000e+04 1.983100000000000000e+04
1.797400000000000000e+04 1.979900000000000000e+04
1.790300000000000000e+04 1.983400000000000000e+04
1.791400000000000000e+04 1.982700000000000000e+04
1.793500000000000000e+04 1.982500000000000000e+04
1.796400000000000000e+04 1.980200000000000000e+04
1.799300000000000000e+04 1.979200000000000000e+04
1.799500000000000000e+04 1.978100000000000000e+04
1.802500000000000000e+04 1.977600000000000000e+04
1.796100000000000000e+04 1.980500000000000000e+04
1.795900000000000000e+04 1.981900000000000000e+04
1.804800000000000000e+04 1.976200000000000000e+04
1.806500000000000000e+04 1.973600000000000000e+04
1.808800000000000000e+04 1.971000000000000000e+04
1.810500000000000000e+04 1.969900000000000000e+04
1.813900000000000000e+04 1.969500000000000000e+04
1.808700000000000000e+04 1.972500000000000000e+04
1.814400000000000000e+04 1.968500000000000000e+04
1.817700000000000000e+04 1.966500000000000000e+04
1.815000000000000000e+04 1.966800000000000000e+04
1.820500000000000000e+04 1.963700000000000000e+04
1.822400000000000000e+04 1.962800000000000000e+04
1.818300000000000000e+04 1.963900000000000000e+04
1.822900000000000000e+04 1.961700000000000000e+04
1.827400000000000000e+04 1.955900000000000000e+04
1.827000000000000000e+04 1.957300000000000000e+04
1.827500000000000000e+04 1.954800000000000000e+04
1.825200000000000000e+04 1.961300000000000000e+04
1.723000000000000000e+04 1.997500000000000000e+04
1.730500000000000000e+04 1.996800000000000000e+04
1.742500000000000000e+04 1.995600000000000000e+04
1.752200000000000000e+04 1.993500000000000000e+04
1.749700000000000000e+04 1.995100000000000000e+04
1.751200000000000000e+04 1.994000000000000000e+04
1.769700000000000000e+04 1.992300000000000000e+04
1.779000000000000000e+04 1.988400000000000000e+04
1.774300000000000000e+04 1.990400000000000000e+04
1.780200000000000000e+04 1.987400000000000000e+04
1.777000000000000000e+04 1.989500000000000000e+04
1.778600000000000000e+04 1.988500000000000000e+04
1.779100000000000000e+04 1.987700000000000000e+04
1.785700000000000000e+04 1.986700000000000000e+04
1.789700000000000000e+04 1.984700000000000000e+04
1.790900000000000000e+04 1.983100000000000000e+04
1.797400000000000000e+04 1.979900000000000000e+04
1.790300000000000000e+04 1.983400000000000000e+04
1.791400000000000000e+04 1.982700000000000000e+04
1.793500000000000000e+04 1.982500000000000000e+04
1.796400000000000000e+04 1.980200000000000000e+04
1.799300000000000000e+04 1.979200000000000000e+04
1.799500000000000000e+04 1.978100000000000000e+04
1.802500000000000000e+04 1.977600000000000000e+04
1.796100000000000000e+04 1.980500000000000000e+04
1.795900000000000000e+04 1.981900000000000000e+04
1.804800000000000000e+04 1.976200000000000000e+04
1.806500000000000000e+04 1.973600000000000000e+04
1.808800000000000000e+04 1.971000000000000000e+04
1.810500000000000000e+04 1.969900000000000000e+04
1.813900000000000000e+04 1.969500000000000000e+04
1.808700000000000000e+04 1.972500000000000000e+04
1.814400000000000000e+04 1.968500000000000000e+04
1.817700000000000000e+04 1.966500000000000000e+04
1.815000000000000000e+04 1.966800000000000000e+04
1.820500000000000000e+04 1.963700000000000000e+04
1.822400000000000000e+04 1.962800000000000000e+04
1.818300000000000000e+04 1.963900000000000000e+04
1.822900000000000000e+04 1.961700000000000000e+04
1.825200000000000000e+04 1.961300000000000000e+04
1.820600000000000000e+04 1.962900000000000000e+04
1.827700000000000000e+04 1.958000000000000000e+04
1.828300000000000000e+04 1.957300000000000000e+04
1.830400000000000000e+04 1.955100000000000000e+04
1.826300000000000000e+04 1.958500000000000000e+04
1.829400000000000000e+04 1.955600000000000000e+04
1.830500000000000000e+04 1.953800000000000000e+04
1.833200000000000000e+04 1.952900000000000000e+04
1.834700000000000000e+04 1.952000000000000000e+04
1.835300000000000000e+04 1.951800000000000000e+04
1.833600000000000000e+04 1.952600000000000000e+04
1.839800000000000000e+04 1.949800000000000000e+04
1.835800000000000000e+04 1.950300000000000000e+04
1.723000000000000000e+04 1.997500000000000000e+04
1.730500000000000000e+04 1.996800000000000000e+04
1.742500000000000000e+04 1.995600000000000000e+04
1.752200000000000000e+04 1.993500000000000000e+04
1.749700000000000000e+04 1.995100000000000000e+04
1.751200000000000000e+04 1.994000000000000000e+04
1.769700000000000000e+04 1.992300000000000000e+04
1.779000000000000000e+04 1.988400000000000000e+04
1.774300000000000000e+04 1.990400000000000000e+04
1.780200000000000000e+04 1.987400000000000000e+04
1.777000000000000000e+04 1.989500000000000000e+04
1.778600000000000000e+04 1.988500000000000000e+04
1.779100000000000000e+04 1.987700000000000000e+04
1.785700000000000000e+04 1.986700000000000000e+04
1.789700000000000000e+04 1.984700000000000000e+04
1.790900000000000000e+04 1.983100000000000000e+04
1.797400000000000000e+04 1.979900000000000000e+04
1.790300000000000000e+04 1.983400000000000000e+04
1.791400000000000000e+04 1.982700000000000000e+04
1.793500000000000000e+04 1.982500000000000000e+04
1.796400000000000000e+04 1.980200000000000000e+04
1.799300000000000000e+04 1.979200000000000000e+04
1.799500000000000000e+04 1.978100000000000000e+04
1.802500000000000000e+04 1.977600000000000000e+04
1.796100000000000000e+04 1.980500000000000000e+04
1.795900000000000000e+04 1.981900000000000000e+04
1.804800000000000000e+04 1.976200000000000000e+04
1.806500000000000000e+04 1.973600000000000000e+04
1.808800000000000000e+04 1.971000000000000000e+04
1.810500000000000000e+04 1.969900000000000000e+04
1.813900000000000000e+04 1.969500000000000000e+04
1.808700000000000000e+04 1.972500000000000000e+04
1.814400000000000000e+04 1.968500000000000000e+04
1.817700000000000000e+04 1.966500000000000000e+04
1.815000000000000000e+04 1.966800000000000000e+04
1.820500000000000000e+04 1.963700000000000000e+04
1.822400000000000000e+04 1.962800000000000000e+04
1.818300000000000000e+04 1.963900000000000000e+04
1.822900000000000000e+04 1.961700000000000000e+04
1.825200000000000000e+04 1.961300000000000000e+04
1.820600000000000000e+04 1.962900000000000000e+04
1.827700000000000000e+04 1.958000000000000000e+04
1.828300000000000000e+04 1.957300000000000000e+04
1.830400000000000000e+04 1.955100000000000000e+04
1.826300000000000000e+04 1.958500000000000000e+04
1.829400000000000000e+04 1.955600000000000000e+04
1.830500000000000000e+04 1.953800000000000000e+04
1.833200000000000000e+04 1.952900000000000000e+04
1.834700000000000000e+04 1.952000000000000000e+04
1.835300000000000000e+04 1.951800000000000000e+04
1.833600000000000000e+04 1.952600000000000000e+04
1.839800000000000000e+04 1.949800000000000000e+04
1.835800000000000000e+04 1.950300000000000000e+04
1.840000000000000000e+04 1.948100000000000000e+04
1.841700000000000000e+04 1.947000000000000000e+04
1.845200000000000000e+04 1.944000000000000000e+04
1.844600000000000000e+04 1.946700000000000000e+04
1.855000000000000000e+04 1.936300000000000000e+04
1.847500000000000000e+04 1.942700000000000000e+04
1.853800000000000000e+04 1.942400000000000000e+04
1.723000000000000000e+04 1.997500000000000000e+04
1.730500000000000000e+04 1.996800000000000000e+04
1.742500000000000000e+04 1.995600000000000000e+04
1.752200000000000000e+04 1.993500000000000000e+04
1.749700000000000000e+04 1.995100000000000000e+04
1.751200000000000000e+04 1.994000000000000000e+04
1.769700000000000000e+04 1.992300000000000000e+04
1.779000000000000000e+04 1.988400000000000000e+04
1.774300000000000000e+04 1.990400000000000000e+04
1.780200000000000000e+04 1.987400000000000000e+04
1.777000000000000000e+04 1.989500000000000000e+04
1.778600000000000000e+04 1.988500000000000000e+04
1.779100000000000000e+04 1.987700000000000000e+04
1.785700000000000000e+04 1.986700000000000000e+04
1.789700000000000000e+04 1.984700000000000000e+04
1.790900000000000000e+04 1.983100000000000000e+04
1.797400000000000000e+04 1.979900000000000000e+04
1.790300000000000000e+04 1.983400000000000000e+04
1.791400000000000000e+04 1.982700000000000000e+04
1.793500000000000000e+04 1.982500000000000000e+04
1.796400000000000000e+04 1.980200000000000000e+04
1.799300000000000000e+04 1.979200000000000000e+04
1.799500000000000000e+04 1.978100000000000000e+04
1.802500000000000000e+04 1.977600000000000000e+04
1.796100000000000000e+04 1.980500000000000000e+04
1.795900000000000000e+04 1.981900000000000000e+04
1.804800000000000000e+04 1.976200000000000000e+04
1.806500000000000000e+04 1.973600000000000000e+04
1.808800000000000000e+04 1.971000000000000000e+04
1.810500000000000000e+04 1.969900000000000000e+04
1.813900000000000000e+04 1.969500000000000000e+04
1.808700000000000000e+04 1.972500000000000000e+04
1.814400000000000000e+04 1.968500000000000000e+04
1.817700000000000000e+04 1.966500000000000000e+04
1.815000000000000000e+04 1.966800000000000000e+04
1.820500000000000000e+04 1.963700000000000000e+04
1.822400000000000000e+04 1.962800000000000000e+04
1.818300000000000000e+04 1.963900000000000000e+04
1.822900000000000000e+04 1.961700000000000000e+04
1.825200000000000000e+04 1.961300000000000000e+04
1.820600000000000000e+04 1.962900000000000000e+04
1.827700000000000000e+04 1.958000000000000000e+04
1.828300000000000000e+04 1.957300000000000000e+04
1.830400000000000000e+04 1.955100000000000000e+04
1.826300000000000000e+04 1.958500000000000000e+04
1.829400000000000000e+04 1.955600000000000000e+04
1.830500000000000000e+04 1.953800000000000000e+04
1.833200000000000000e+04 1.952900000000000000e+04
1.834700000000000000e+04 1.952000000000000000e+04
1.835300000000000000e+04 1.951800000000000000e+04
1.833600000000000000e+04 1.952600000000000000e+04
1.839800000000000000e+04 1.949800000000000000e+04
1.835800000000000000e+04 1.950300000000000000e+04
1.840000000000000000e+04 1.948100000000000000e+04
1.841700000000000000e+04 1.947000000000000000e+04
1.845200000000000000e+04 1.944000000000000000e+04
1.844600000000000000e+04 1.946700000000000000e+04
1.847500000000000000e+04 1.942700000000000000e+04
1.853800000000000000e+04 1.942400000000000000e+04
1.859400000000000000e+04 1.935800000000000000e+04
1.856500000000000000e+04 1.938500000000000000e+04
1.855800000000000000e+04 1.940200000000000000e+04
1.855900000000000000e+04 1.940100000000000000e+04
1.857300000000000000e+04 1.936700000000000000e+04
1.859900000000000000e+04 1.935000000000000000e+04
1.861000000000000000e+04 1.934700000000000000e+04
1.857100000000000000e+04 1.938400000000000000e+04
1.723000000000000000e+04 1.997500000000000000e+04
1.730500000000000000e+04 1.996800000000000000e+04
1.742500000000000000e+04 1.995600000000000000e+04
1.752200000000000000e+04 1.993500000000000000e+04
1.749700000000000000e+04 1.995100000000000000e+04
1.751200000000000000e+04 1.994000000000000000e+04
1.769700000000000000e+04 1.992300000000000000e+04
1.779000000000000000e+04 1.988400000000000000e+04
1.774300000000000000e+04 1.990400000000000000e+04
1.780200000000000000e+04 1.987400000000000000e+04
1.777000000000000000e+04 1.989500000000000000e+04
1.778600000000000000e+04 1.988500000000000000e+04
1.779100000000000000e+04 1.987700000000000000e+04
1.785700000000000000e+04 1.986700000000000000e+04
1.789700000000000000e+04 1.984700000000000000e+04
1.790900000000000000e+04 1.983100000000000000e+04
1.797400000000000000e+04 1.979900000000000000e+04
1.790300000000000000e+04 1.983400000000000000e+04
1.791400000000000000e+04 1.982700000000000000e+04
1.793500000000000000e+04 1.982500000000000000e+04
1.796400000000000000e+04 1.980200000000000000e+04
1.799300000000000000e+04 1.979200000000000000e+04
1.799500000000000000e+04 1.978100000000000000e+04
1.802500000000000000e+04 1.977600000000000000e+04
1.796100000000000000e+04 1.980500000000000000e+04
1.795900000000000000e+04 1.981900000000000000e+04
1.804800000000000000e+04 1.976200000000000000e+04
1.806500000000000000e+04 1.973600000000000000e+04
1.808800000000000000e+04 1.971000000000000000e+04
1.810500000000000000e+04 1.969900000000000000e+04
1.813900000000000000e+04 1.969500000000000000e+04
1.808700000000000000e+04 1.972500000000000000e+04
1.814400000000000000e+04 1.968500000000000000e+04
1.817700000000000000e+04 1.966500000000000000e+04
1.815000000000000000e+04 1.966800000000000000e+04
1.820500000000000000e+04 1.963700000000000000e+04
1.822400000000000000e+04 1.962800000000000000e+04
1.818300000000000000e+04 1.963900000000000000e+04
1.822900000000000000e+04 1.961700000000000000e+04
1.825200000000000000e+04 1.961300000000000000e+04
1.820600000000000000e+04 1.962900000000000000e+04
1.827700000000000000e+04 1.958000000000000000e+04
1.828300000000000000e+04 1.957300000000000000e+04
1.830400000000000000e+04 1.955100000000000000e+04
1.826300000000000000e+04 1.958500000000000000e+04
1.829400000000000000e+04 1.955600000000000000e+04
1.830500000000000000e+04 1.953800000000000000e+04
1.833200000000000000e+04 1.952900000000000000e+04
1.834700000000000000e+04 1.952000000000000000e+04
1.835300000000000000e+04 1.951800000000000000e+04
1.833600000000000000e+04 1.952600000000000000e+04
1.839800000000000000e+04 1.949800000000000000e+04
1.835800000000000000e+04 1.950300000000000000e+04
1.840000000000000000e+04 1.948100000000000000e+04
1.841700000000000000e+04 1.947000000000000000e+04
1.845200000000000000e+04 1.944000000000000000e+04
1.844600000000000000e+04 1.946700000000000000e+04
1.847500000000000000e+04 1.942700000000000000e+04
1.853800000000000000e+04 1.942400000000000000e+04
1.859400000000000000e+04 1.935800000000000000e+04
1.856500000000000000e+04 1.938500000000000000e+04
1.855800000000000000e+04 1.940200000000000000e+04
1.855900000000000000e+04 1.940100000000000000e+04
1.857300000000000000e+04 1.936700000000000000e+04
1.859900000000000000e+04 1.935000000000000000e+04
1.857100000000000000e+04 1.938400000000000000e+04
1.863700000000000000e+04 1.932700000000000000e+04
1.862500000000000000e+04 1.934800000000000000e+04
1.865300000000000000e+04 1.930600000000000000e+04
1.870600000000000000e+04 1.925800000000000000e+04
1.868800000000000000e+04 1.927500000000000000e+04
1.865400000000000000e+04 1.930200000000000000e+04
1.866200000000000000e+04 1.930100000000000000e+04
1.874400000000000000e+04 1.921800000000000000e+04
1.871600000000000000e+04 1.923800000000000000e+04
1.875800000000000000e+04 1.918400000000000000e+04
1.871100000000000000e+04 1.924000000000000000e+04
1.723000000000000000e+04 1.997500000000000000e+04
1.730500000000000000e+04 1.996800000000000000e+04
1.742500000000000000e+04 1.995600000000000000e+04
1.752200000000000000e+04 1.993500000000000000e+04
1.749700000000000000e+04 1.995100000000000000e+04
1.751200000000000000e+04 1.994000000000000000e+04
1.769700000000000000e+04 1.992300000000000000e+04
1.779000000000000000e+04 1.988400000000000000e+04
1.774300000000000000e+04 1.990400000000000000e+04
1.780200000000000000e+04 1.987400000000000000e+04
1.777000000000000000e+04 1.989500000000000000e+04
1.778600000000000000e+04 1.988500000000000000e+04
1.779100000000000000e+04 1.987700000000000000e+04
1.785700000000000000e+04 1.986700000000000000e+04
1.789700000000000000e+04 1.984700000000000000e+04
1.790900000000000000e+04 1.983100000000000000e+04
1.797400000000000000e+04 1.979900000000000000e+04
1.790300000000000000e+04 1.983400000000000000e+04
1.791400000000000000e+04 1.982700000000000000e+04
1.793500000000000000e+04 1.982500000000000000e+04
1.796400000000000000e+04 1.980200000000000000e+04
1.799300000000000000e+04 1.979200000000000000e+04
1.799500000000000000e+04 1.978100000000000000e+04
1.802500000000000000e+04 1.977600000000000000e+04
1.796100000000000000e+04 1.980500000000000000e+04
1.795900000000000000e+04 1.981900000000000000e+04
1.804800000000000000e+04 1.976200000000000000e+04
1.806500000000000000e+04 1.973600000000000000e+04
1.808800000000000000e+04 1.971000000000000000e+04
1.810500000000000000e+04 1.969900000000000000e+04
1.813900000000000000e+04 1.969500000000000000e+04
1.808700000000000000e+04 1.972500000000000000e+04
1.814400000000000000e+04 1.968500000000000000e+04
1.817700000000000000e+04 1.966500000000000000e+04
1.815000000000000000e+04 1.966800000000000000e+04
1.820500000000000000e+04 1.963700000000000000e+04
1.822400000000000000e+04 1.962800000000000000e+04
1.818300000000000000e+04 1.963900000000000000e+04
1.822900000000000000e+04 1.961700000000000000e+04
1.825200000000000000e+04 1.961300000000000000e+04
1.820600000000000000e+04 1.962900000000000000e+04
1.827700000000000000e+04 1.958000000000000000e+04
1.828300000000000000e+04 1.957300000000000000e+04
1.830400000000000000e+04 1.955100000000000000e+04
1.826300000000000000e+04 1.958500000000000000e+04
1.829400000000000000e+04 1.955600000000000000e+04
1.830500000000000000e+04 1.953800000000000000e+04
1.833200000000000000e+04 1.952900000000000000e+04
1.834700000000000000e+04 1.952000000000000000e+04
1.835300000000000000e+04 1.951800000000000000e+04
1.833600000000000000e+04 1.952600000000000000e+04
1.839800000000000000e+04 1.949800000000000000e+04
1.835800000000000000e+04 1.950300000000000000e+04
1.840000000000000000e+04 1.948100000000000000e+04
1.841700000000000000e+04 1.947000000000000000e+04
1.845200000000000000e+04 1.944000000000000000e+04
1.844600000000000000e+04 1.946700000000000000e+04
1.847500000000000000e+04 1.942700000000000000e+04
1.853800000000000000e+04 1.942400000000000000e+04
1.859400000000000000e+04 1.935800000000000000e+04
1.856500000000000000e+04 1.938500000000000000e+04
1.855800000000000000e+04 1.940200000000000000e+04
1.855900000000000000e+04 1.940100000000000000e+04
1.857300000000000000e+04 1.936700000000000000e+04
1.859900000000000000e+04 1.935000000000000000e+04
1.857100000000000000e+04 1.938400000000000000e+04
1.863700000000000000e+04 1.932700000000000000e+04
1.862500000000000000e+04 1.934800000000000000e+04
1.865300000000000000e+04 1.930600000000000000e+04
1.870600000000000000e+04 1.925800000000000000e+04
1.868800000000000000e+04 1.927500000000000000e+04
1.865400000000000000e+04 1.930200000000000000e+04
1.866200000000000000e+04 1.930100000000000000e+04
1.874400000000000000e+04 1.921800000000000000e+04
1.871600000000000000e+04 1.923800000000000000e+04
1.871100000000000000e+04 1.924000000000000000e+04
1.877000000000000000e+04 1.915100000000000000e+04
1.880100000000000000e+04 1.913300000000000000e+04
1.876500000000000000e+04 1.919700000000000000e+04
1.882900000000000000e+04 1.909300000000000000e+04
1.881500000000000000e+04 1.912400000000000000e+04
1.878900000000000000e+04 1.914700000000000000e+04
1.885000000000000000e+04 1.906500000000000000e+04
1.882200000000000000e+04 1.910900000000000000e+04
1.880500000000000000e+04 1.913200000000000000e+04
1.883100000000000000e+04 1.909200000000000000e+04
1.883200000000000000e+04 1.908900000000000000e+04
1.884100000000000000e+04 1.907100000000000000e+04
1.882000000000000000e+04 1.911000000000000000e+04
1.723000000000000000e+04 1.997500000000000000e+04
1.730500000000000000e+04 1.996800000000000000e+04
1.742500000000000000e+04 1.995600000000000000e+04
1.752200000000000000e+04 1.993500000000000000e+04
1.749700000000000000e+04 1.995100000000000000e+04
1.751200000000000000e+04 1.994000000000000000e+04
1.769700000000000000e+04 1.992300000000000000e+04
1.779000000000000000e+04 1.988400000000000000e+04
1.774300000000000000e+04 1.990400000000000000e+04
1.780200000000000000e+04 1.987400000000000000e+04
1.777000000000000000e+04 1.989500000000000000e+04
1.778600000000000000e+04 1.988500000000000000e+04
1.779100000000000000e+04 1.987700000000000000e+04
1.785700000000000000e+04 1.986700000000000000e+04
1.789700000000000000e+04 1.984700000000000000e+04
1.790900000000000000e+04 1.983100000000000000e+04
1.797400000000000000e+04 1.979900000000000000e+04
1.790300000000000000e+04 1.983400000000000000e+04
1.791400000000000000e+04 1.982700000000000000e+04
1.793500000000000000e+04 1.982500000000000000e+04
1.796400000000000000e+04 1.980200000000000000e+04
1.799300000000000000e+04 1.979200000000000000e+04
1.799500000000000000e+04 1.978100000000000000e+04
1.802500000000000000e+04 1.977600000000000000e+04
1.796100000000000000e+04 1.980500000000000000e+04
1.795900000000000000e+04 1.981900000000000000e+04
1.804800000000000000e+04 1.976200000000000000e+04
1.806500000000000000e+04 1.973600000000000000e+04
1.808800000000000000e+04 1.971000000000000000e+04
1.810500000000000000e+04 1.969900000000000000e+04
1.813900000000000000e+04 1.969500000000000000e+04
1.808700000000000000e+04 1.972500000000000000e+04
1.814400000000000000e+04 1.968500000000000000e+04
1.817700000000000000e+04 1.966500000000000000e+04
1.815000000000000000e+04 1.966800000000000000e+04
1.820500000000000000e+04 1.963700000000000000e+04
1.822400000000000000e+04 1.962800000000000000e+04
1.818300000000000000e+04 1.963900000000000000e+04
1.822900000000000000e+04 1.961700000000000000e+04
1.825200000000000000e+04 1.961300000000000000e+04
1.820600000000000000e+04 1.962900000000000000e+04
1.827700000000000000e+04 1.958000000000000000e+04
1.828300000000000000e+04 1.957300000000000000e+04
1.830400000000000000e+04 1.955100000000000000e+04
1.826300000000000000e+04 1.958500000000000000e+04
1.829400000000000000e+04 1.955600000000000000e+04
1.830500000000000000e+04 1.953800000000000000e+04
1.833200000000000000e+04 1.952900000000000000e+04
1.834700000000000000e+04 1.952000000000000000e+04
1.835300000000000000e+04 1.951800000000000000e+04
1.833600000000000000e+04 1.952600000000000000e+04
1.839800000000000000e+04 1.949800000000000000e+04
1.835800000000000000e+04 1.950300000000000000e+04
1.840000000000000000e+04 1.948100000000000000e+04
1.841700000000000000e+04 1.947000000000000000e+04
1.845200000000000000e+04 1.944000000000000000e+04
1.844600000000000000e+04 1.946700000000000000e+04
1.847500000000000000e+04 1.942700000000000000e+04
1.853800000000000000e+04 1.942400000000000000e+04
1.859400000000000000e+04 1.935800000000000000e+04
1.856500000000000000e+04 1.938500000000000000e+04
1.855800000000000000e+04 1.940200000000000000e+04
1.855900000000000000e+04 1.940100000000000000e+04
1.857300000000000000e+04 1.936700000000000000e+04
1.859900000000000000e+04 1.935000000000000000e+04
1.857100000000000000e+04 1.938400000000000000e+04
1.863700000000000000e+04 1.932700000000000000e+04
1.862500000000000000e+04 1.934800000000000000e+04
1.865300000000000000e+04 1.930600000000000000e+04
1.870600000000000000e+04 1.925800000000000000e+04
1.868800000000000000e+04 1.927500000000000000e+04
1.865400000000000000e+04 1.930200000000000000e+04
1.866200000000000000e+04 1.930100000000000000e+04
1.874400000000000000e+04 1.921800000000000000e+04
1.871600000000000000e+04 1.923800000000000000e+04
1.871100000000000000e+04 1.924000000000000000e+04
1.877000000000000000e+04 1.915100000000000000e+04
1.880100000000000000e+04 1.913300000000000000e+04
1.876500000000000000e+04 1.919700000000000000e+04
1.881500000000000000e+04 1.912400000000000000e+04
1.878900000000000000e+04 1.914700000000000000e+04
1.885000000000000000e+04 1.906500000000000000e+04
1.882200000000000000e+04 1.910900000000000000e+04
1.880500000000000000e+04 1.913200000000000000e+04
1.882000000000000000e+04 1.911000000000000000e+04
1.882600000000000000e+04 1.910800000000000000e+04
1.883700000000000000e+04 1.909300000000000000e+04
1.883300000000000000e+04 1.909400000000000000e+04
1.884100000000000000e+04 1.907300000000000000e+04
1.886400000000000000e+04 1.905700000000000000e+04
1.885600000000000000e+04 1.906000000000000000e+04
1.887400000000000000e+04 1.905400000000000000e+04
1.888500000000000000e+04 1.904200000000000000e+04
1.894000000000000000e+04 1.895800000000000000e+04
1.890700000000000000e+04 1.899400000000000000e+04
1.891900000000000000e+04 1.898900000000000000e+04
1.889800000000000000e+04 1.900700000000000000e+04
1.892300000000000000e+04 1.898400000000000000e+04
1.893400000000000000e+04 1.897400000000000000e+04
1.889600000000000000e+04 1.900800000000000000e+04
1.723000000000000000e+04 1.997500000000000000e+04
1.730500000000000000e+04 1.996800000000000000e+04
1.742500000000000000e+04 1.995600000000000000e+04
1.752200000000000000e+04 1.993500000000000000e+04
1.749700000000000000e+04 1.995100000000000000e+04
1.751200000000000000e+04 1.994000000000000000e+04
1.769700000000000000e+04 1.992300000000000000e+04
1.779000000000000000e+04 1.988400000000000000e+04
1.774300000000000000e+04 1.990400000000000000e+04
1.780200000000000000e+04 1.987400000000000000e+04
1.777000000000000000e+04 1.989500000000000000e+04
1.778600000000000000e+04 1.988500000000000000e+04
1.779100000000000000e+04 1.987700000000000000e+04
1.785700000000000000e+04 1.986700000000000000e+04
1.789700000000000000e+04 1.984700000000000000e+04
1.790900000000000000e+04 1.983100000000000000e+04
1.797400000000000000e+04 1.979900000000000000e+04
1.790300000000000000e+04 1.983400000000000000e+04
1.791400000000000000e+04 1.982700000000000000e+04
1.793500000000000000e+04 1.982500000000000000e+04
1.796400000000000000e+04 1.980200000000000000e+04
1.799300000000000000e+04 1.979200000000000000e+04
1.799500000000000000e+04 1.978100000000000000e+04
1.802500000000000000e+04 1.977600000000000000e+04
1.796100000000000000e+04 1.980500000000000000e+04
1.795900000000000000e+04 1.981900000000000000e+04
1.804800000000000000e+04 1.976200000000000000e+04
1.806500000000000000e+04 1.973600000000000000e+04
1.808800000000000000e+04 1.971000000000000000e+04
1.810500000000000000e+04 1.969900000000000000e+04
1.813900000000000000e+04 1.969500000000000000e+04
1.808700000000000000e+04 1.972500000000000000e+04
1.814400000000000000e+04 1.968500000000000000e+04
1.817700000000000000e+04 1.966500000000000000e+04
1.815000000000000000e+04 1.966800000000000000e+04
1.820500000000000000e+04 1.963700000000000000e+04
1.822400000000000000e+04 1.962800000000000000e+04
1.818300000000000000e+04 1.963900000000000000e+04
1.822900000000000000e+04 1.961700000000000000e+04
1.825200000000000000e+04 1.961300000000000000e+04
1.820600000000000000e+04 1.962900000000000000e+04
1.827700000000000000e+04 1.958000000000000000e+04
1.828300000000000000e+04 1.957300000000000000e+04
1.830400000000000000e+04 1.955100000000000000e+04
1.826300000000000000e+04 1.958500000000000000e+04
1.829400000000000000e+04 1.955600000000000000e+04
1.830500000000000000e+04 1.953800000000000000e+04
1.833200000000000000e+04 1.952900000000000000e+04
1.834700000000000000e+04 1.952000000000000000e+04
1.835300000000000000e+04 1.951800000000000000e+04
1.833600000000000000e+04 1.952600000000000000e+04
1.839800000000000000e+04 1.949800000000000000e+04
1.835800000000000000e+04 1.950300000000000000e+04
1.840000000000000000e+04 1.948100000000000000e+04
1.841700000000000000e+04 1.947000000000000000e+04
1.845200000000000000e+04 1.944000000000000000e+04
1.844600000000000000e+04 1.946700000000000000e+04
1.847500000000000000e+04 1.942700000000000000e+04
1.853800000000000000e+04 1.942400000000000000e+04
1.859400000000000000e+04 1.935800000000000000e+04
1.856500000000000000e+04 1.938500000000000000e+04
1.855800000000000000e+04 1.940200000000000000e+04
1.855900000000000000e+04 1.940100000000000000e+04
1.857300000000000000e+04 1.936700000000000000e+04
1.859900000000000000e+04 1.935000000000000000e+04
1.857100000000000000e+04 1.938400000000000000e+04
1.863700000000000000e+04 1.932700000000000000e+04
1.862500000000000000e+04 1.934800000000000000e+04
1.865300000000000000e+04 1.930600000000000000e+04
1.870600000000000000e+04 1.925800000000000000e+04
1.868800000000000000e+04 1.927500000000000000e+04
1.865400000000000000e+04 1.930200000000000000e+04
1.866200000000000000e+04 1.930100000000000000e+04
1.874400000000000000e+04 1.921800000000000000e+04
1.871600000000000000e+04 1.923800000000000000e+04
1.871100000000000000e+04 1.924000000000000000e+04
1.877000000000000000e+04 1.915100000000000000e+04
1.880100000000000000e+04 1.913300000000000000e+04
1.876500000000000000e+04 1.919700000000000000e+04
1.881500000000000000e+04 1.912400000000000000e+04
1.878900000000000000e+04 1.914700000000000000e+04
1.885000000000000000e+04 1.906500000000000000e+04
1.882200000000000000e+04 1.910900000000000000e+04
1.880500000000000000e+04 1.913200000000000000e+04
1.882000000000000000e+04 1.911000000000000000e+04
1.882600000000000000e+04 1.910800000000000000e+04
1.883700000000000000e+04 1.909300000000000000e+04
1.883300000000000000e+04 1.909400000000000000e+04
1.884100000000000000e+04 1.907300000000000000e+04
1.886400000000000000e+04 1.905700000000000000e+04
1.885600000000000000e+04 1.906000000000000000e+04
1.887400000000000000e+04 1.905400000000000000e+04
1.888500000000000000e+04 1.904200000000000000e+04
1.894000000000000000e+04 1.895800000000000000e+04
1.890700000000000000e+04 1.899400000000000000e+04
1.893400000000000000e+04 1.897400000000000000e+04
1.889000000000000000e+04 1.901800000000000000e+04
1.890100000000000000e+04 1.901000000000000000e+04
1.889200000000000000e+04 1.901700000000000000e+04
1.890200000000000000e+04 1.899700000000000000e+04
1.889600000000000000e+04 1.901100000000000000e+04
1.897200000000000000e+04 1.892400000000000000e+04
1.893000000000000000e+04 1.899100000000000000e+04
1.896600000000000000e+04 1.892800000000000000e+04
1.896100000000000000e+04 1.895300000000000000e+04
1.900000000000000000e+04 1.887300000000000000e+04
1.897900000000000000e+04 1.889900000000000000e+04
1.899200000000000000e+04 1.889200000000000000e+04
1.723000000000000000e+04 1.997500000000000000e+04
1.730500000000000000e+04 1.996800000000000000e+04
1.742500000000000000e+04 1.995600000000000000e+04
1.752200000000000000e+04 1.993500000000000000e+04
1.749700000000000000e+04 1.995100000000000000e+04
1.751200000000000000e+04 1.994000000000000000e+04
1.769700000000000000e+04 1.992300000000000000e+04
1.779000000000000000e+04 1.988400000000000000e+04
1.774300000000000000e+04 1.990400000000000000e+04
1.780200000000000000e+04 1.987400000000000000e+04
1.777000000000000000e+04 1.989500000000000000e+04
1.778600000000000000e+04 1.988500000000000000e+04
1.779100000000000000e+04 1.987700000000000000e+04
1.785700000000000000e+04 1.986700000000000000e+04
1.789700000000000000e+04 1.984700000000000000e+04
1.790900000000000000e+04 1.983100000000000000e+04
1.797400000000000000e+04 1.979900000000000000e+04
1.790300000000000000e+04 1.983400000000000000e+04
1.791400000000000000e+04 1.982700000000000000e+04
1.793500000000000000e+04 1.982500000000000000e+04
1.796400000000000000e+04 1.980200000000000000e+04
1.799300000000000000e+04 1.979200000000000000e+04
1.799500000000000000e+04 1.978100000000000000e+04
1.802500000000000000e+04 1.977600000000000000e+04
1.796100000000000000e+04 1.980500000000000000e+04
1.795900000000000000e+04 1.981900000000000000e+04
1.804800000000000000e+04 1.976200000000000000e+04
1.806500000000000000e+04 1.973600000000000000e+04
1.808800000000000000e+04 1.971000000000000000e+04
1.810500000000000000e+04 1.969900000000000000e+04
1.813900000000000000e+04 1.969500000000000000e+04
1.808700000000000000e+04 1.972500000000000000e+04
1.814400000000000000e+04 1.968500000000000000e+04
1.817700000000000000e+04 1.966500000000000000e+04
1.815000000000000000e+04 1.966800000000000000e+04
1.820500000000000000e+04 1.963700000000000000e+04
1.822400000000000000e+04 1.962800000000000000e+04
1.818300000000000000e+04 1.963900000000000000e+04
1.822900000000000000e+04 1.961700000000000000e+04
1.825200000000000000e+04 1.961300000000000000e+04
1.820600000000000000e+04 1.962900000000000000e+04
1.827700000000000000e+04 1.958000000000000000e+04
1.828300000000000000e+04 1.957300000000000000e+04
1.830400000000000000e+04 1.955100000000000000e+04
1.826300000000000000e+04 1.958500000000000000e+04
1.829400000000000000e+04 1.955600000000000000e+04
1.830500000000000000e+04 1.953800000000000000e+04
1.833200000000000000e+04 1.952900000000000000e+04
1.834700000000000000e+04 1.952000000000000000e+04
1.835300000000000000e+04 1.951800000000000000e+04
1.833600000000000000e+04 1.952600000000000000e+04
1.839800000000000000e+04 1.949800000000000000e+04
1.835800000000000000e+04 1.950300000000000000e+04
1.840000000000000000e+04 1.948100000000000000e+04
1.841700000000000000e+04 1.947000000000000000e+04
1.845200000000000000e+04 1.944000000000000000e+04
1.844600000000000000e+04 1.946700000000000000e+04
1.847500000000000000e+04 1.942700000000000000e+04
1.853800000000000000e+04 1.942400000000000000e+04
1.859400000000000000e+04 1.935800000000000000e+04
1.856500000000000000e+04 1.938500000000000000e+04
1.855800000000000000e+04 1.940200000000000000e+04
1.855900000000000000e+04 1.940100000000000000e+04
1.857300000000000000e+04 1.936700000000000000e+04
1.859900000000000000e+04 1.935000000000000000e+04
1.857100000000000000e+04 1.938400000000000000e+04
1.863700000000000000e+04 1.932700000000000000e+04
1.862500000000000000e+04 1.934800000000000000e+04
1.865300000000000000e+04 1.930600000000000000e+04
1.870600000000000000e+04 1.925800000000000000e+04
1.868800000000000000e+04 1.927500000000000000e+04
1.865400000000000000e+04 1.930200000000000000e+04
1.866200000000000000e+04 1.930100000000000000e+04
1.874400000000000000e+04 1.921800000000000000e+04
1.871600000000000000e+04 1.923800000000000000e+04
1.871100000000000000e+04 1.924000000000000000e+04
1.877000000000000000e+04 1.915100000000000000e+04
1.880100000000000000e+04 1.913300000000000000e+04
1.876500000000000000e+04 1.919700000000000000e+04
1.881500000000000000e+04 1.912400000000000000e+04
1.878900000000000000e+04 1.914700000000000000e+04
1.885000000000000000e+04 1.906500000000000000e+04
1.882200000000000000e+04 1.910900000000000000e+04
1.880500000000000000e+04 1.913200000000000000e+04
1.882000000000000000e+04 1.911000000000000000e+04
1.882600000000000000e+04 1.910800000000000000e+04
1.883700000000000000e+04 1.909300000000000000e+04
1.883300000000000000e+04 1.909400000000000000e+04
1.884100000000000000e+04 1.907300000000000000e+04
1.886400000000000000e+04 1.905700000000000000e+04
1.885600000000000000e+04 1.906000000000000000e+04
1.887400000000000000e+04 1.905400000000000000e+04
1.888500000000000000e+04 1.904200000000000000e+04
1.894000000000000000e+04 1.895800000000000000e+04
1.890700000000000000e+04 1.899400000000000000e+04
1.893400000000000000e+04 1.897400000000000000e+04
1.889000000000000000e+04 1.901800000000000000e+04
1.890100000000000000e+04 1.901000000000000000e+04
1.889200000000000000e+04 1.901700000000000000e+04
1.890200000000000000e+04 1.899700000000000000e+04
1.889600000000000000e+04 1.901100000000000000e+04
1.897200000000000000e+04 1.892400000000000000e+04
1.893000000000000000e+04 1.899100000000000000e+04
1.896600000000000000e+04 1.892800000000000000e+04
1.896100000000000000e+04 1.895300000000000000e+04
1.900000000000000000e+04 1.887300000000000000e+04
1.899200000000000000e+04 1.889200000000000000e+04
1.895300000000000000e+04 1.895400000000000000e+04
1.899900000000000000e+04 1.888700000000000000e+04
1.900600000000000000e+04 1.886600000000000000e+04
1.897900000000000000e+04 1.890000000000000000e+04
1.901700000000000000e+04 1.884600000000000000e+04
1.904300000000000000e+04 1.883500000000000000e+04
1.904800000000000000e+04 1.880900000000000000e+04
1.902600000000000000e+04 1.883700000000000000e+04
1.907600000000000000e+04 1.875900000000000000e+04
1.906400000000000000e+04 1.879800000000000000e+04
1.906800000000000000e+04 1.877600000000000000e+04
1.906600000000000000e+04 1.878200000000000000e+04
1.910000000000000000e+04 1.874700000000000000e+04
1.913900000000000000e+04 1.869900000000000000e+04
1.912500000000000000e+04 1.872000000000000000e+04
1.913200000000000000e+04 1.870200000000000000e+04
1.911900000000000000e+04 1.873900000000000000e+04
1.916300000000000000e+04 1.867500000000000000e+04
1.723000000000000000e+04 1.997500000000000000e+04
1.730500000000000000e+04 1.996800000000000000e+04
1.742500000000000000e+04 1.995600000000000000e+04
1.752200000000000000e+04 1.993500000000000000e+04
1.749700000000000000e+04 1.995100000000000000e+04
1.751200000000000000e+04 1.994000000000000000e+04
1.769700000000000000e+04 1.992300000000000000e+04
1.779000000000000000e+04 1.988400000000000000e+04
1.774300000000000000e+04 1.990400000000000000e+04
1.780200000000000000e+04 1.987400000000000000e+04
1.777000000000000000e+04 1.989500000000000000e+04
1.778600000000000000e+04 1.988500000000000000e+04
1.779100000000000000e+04 1.987700000000000000e+04
1.785700000000000000e+04 1.986700000000000000e+04
1.789700000000000000e+04 1.984700000000000000e+04
1.790900000000000000e+04 1.983100000000000000e+04
1.797400000000000000e+04 1.979900000000000000e+04
1.790300000000000000e+04 1.983400000000000000e+04
1.791400000000000000e+04 1.982700000000000000e+04
1.793500000000000000e+04 1.982500000000000000e+04
1.796400000000000000e+04 1.980200000000000000e+04
1.799300000000000000e+04 1.979200000000000000e+04
1.799500000000000000e+04 1.978100000000000000e+04
1.802500000000000000e+04 1.977600000000000000e+04
1.796100000000000000e+04 1.980500000000000000e+04
1.795900000000000000e+04 1.981900000000000000e+04
1.804800000000000000e+04 1.976200000000000000e+04
1.806500000000000000e+04 1.973600000000000000e+04
1.808800000000000000e+04 1.971000000000000000e+04
1.810500000000000000e+04 1.969900000000000000e+04
1.813900000000000000e+04 1.969500000000000000e+04
1.808700000000000000e+04 1.972500000000000000e+04
1.814400000000000000e+04 1.968500000000000000e+04
1.817700000000000000e+04 1.966500000000000000e+04
1.815000000000000000e+04 1.966800000000000000e+04
1.820500000000000000e+04 1.963700000000000000e+04
1.822400000000000000e+04 1.962800000000000000e+04
1.818300000000000000e+04 1.963900000000000000e+04
1.822900000000000000e+04 1.961700000000000000e+04
1.825200000000000000e+04 1.961300000000000000e+04
1.820600000000000000e+04 1.962900000000000000e+04
1.827700000000000000e+04 1.958000000000000000e+04
1.828300000000000000e+04 1.957300000000000000e+04
1.830400000000000000e+04 1.955100000000000000e+04
1.826300000000000000e+04 1.958500000000000000e+04
1.829400000000000000e+04 1.955600000000000000e+04
1.830500000000000000e+04 1.953800000000000000e+04
1.833200000000000000e+04 1.952900000000000000e+04
1.834700000000000000e+04 1.952000000000000000e+04
1.835300000000000000e+04 1.951800000000000000e+04
1.833600000000000000e+04 1.952600000000000000e+04
1.839800000000000000e+04 1.949800000000000000e+04
1.835800000000000000e+04 1.950300000000000000e+04
1.840000000000000000e+04 1.948100000000000000e+04
1.841700000000000000e+04 1.947000000000000000e+04
1.845200000000000000e+04 1.944000000000000000e+04
1.844600000000000000e+04 1.946700000000000000e+04
1.847500000000000000e+04 1.942700000000000000e+04
1.853800000000000000e+04 1.942400000000000000e+04
1.859400000000000000e+04 1.935800000000000000e+04
1.856500000000000000e+04 1.938500000000000000e+04
1.855800000000000000e+04 1.940200000000000000e+04
1.855900000000000000e+04 1.940100000000000000e+04
1.857300000000000000e+04 1.936700000000000000e+04
1.859900000000000000e+04 1.935000000000000000e+04
1.857100000000000000e+04 1.938400000000000000e+04
1.863700000000000000e+04 1.932700000000000000e+04
1.862500000000000000e+04 1.934800000000000000e+04
1.865300000000000000e+04 1.930600000000000000e+04
1.870600000000000000e+04 1.925800000000000000e+04
1.868800000000000000e+04 1.927500000000000000e+04
1.865400000000000000e+04 1.930200000000000000e+04
1.866200000000000000e+04 1.930100000000000000e+04
1.874400000000000000e+04 1.921800000000000000e+04
1.871600000000000000e+04 1.923800000000000000e+04
1.871100000000000000e+04 1.924000000000000000e+04
1.877000000000000000e+04 1.915100000000000000e+04
1.880100000000000000e+04 1.913300000000000000e+04
1.876500000000000000e+04 1.919700000000000000e+04
1.881500000000000000e+04 1.912400000000000000e+04
1.878900000000000000e+04 1.914700000000000000e+04
1.885000000000000000e+04 1.906500000000000000e+04
1.882200000000000000e+04 1.910900000000000000e+04
1.880500000000000000e+04 1.913200000000000000e+04
1.882000000000000000e+04 1.911000000000000000e+04
1.882600000000000000e+04 1.910800000000000000e+04
1.883700000000000000e+04 1.909300000000000000e+04
1.883300000000000000e+04 1.909400000000000000e+04
1.884100000000000000e+04 1.907300000000000000e+04
1.886400000000000000e+04 1.905700000000000000e+04
1.885600000000000000e+04 1.906000000000000000e+04
1.887400000000000000e+04 1.905400000000000000e+04
1.888500000000000000e+04 1.904200000000000000e+04
1.894000000000000000e+04 1.895800000000000000e+04
1.890700000000000000e+04 1.899400000000000000e+04
1.893400000000000000e+04 1.897400000000000000e+04
1.889000000000000000e+04 1.901800000000000000e+04
1.890100000000000000e+04 1.901000000000000000e+04
1.889200000000000000e+04 1.901700000000000000e+04
1.890200000000000000e+04 1.899700000000000000e+04
1.889600000000000000e+04 1.901100000000000000e+04
1.897200000000000000e+04 1.892400000000000000e+04
1.893000000000000000e+04 1.899100000000000000e+04
1.896600000000000000e+04 1.892800000000000000e+04
1.896100000000000000e+04 1.895300000000000000e+04
1.900000000000000000e+04 1.887300000000000000e+04
1.899200000000000000e+04 1.889200000000000000e+04
1.895300000000000000e+04 1.895400000000000000e+04
1.899900000000000000e+04 1.888700000000000000e+04
1.900600000000000000e+04 1.886600000000000000e+04
1.897900000000000000e+04 1.890000000000000000e+04
1.901700000000000000e+04 1.884600000000000000e+04
1.904300000000000000e+04 1.883500000000000000e+04
1.904800000000000000e+04 1.880900000000000000e+04
1.902600000000000000e+04 1.883700000000000000e+04
1.907600000000000000e+04 1.875900000000000000e+04
1.906400000000000000e+04 1.879800000000000000e+04
1.906800000000000000e+04 1.877600000000000000e+04
1.906600000000000000e+04 1.878200000000000000e+04
1.910000000000000000e+04 1.874700000000000000e+04
1.913900000000000000e+04 1.869900000000000000e+04
1.912500000000000000e+04 1.872000000000000000e+04
1.913200000000000000e+04 1.870200000000000000e+04
1.911900000000000000e+04 1.873900000000000000e+04
1.920000000000000000e+04 1.861100000000000000e+04
1.918300000000000000e+04 1.865400000000000000e+04
1.919100000000000000e+04 1.862600000000000000e+04
1.916600000000000000e+04 1.868200000000000000e+04
1.920300000000000000e+04 1.860900000000000000e+04
1.923300000000000000e+04 1.857000000000000000e+04
1.922800000000000000e+04 1.859700000000000000e+04
1.924500000000000000e+04 1.854900000000000000e+04
1.723000000000000000e+04 1.997500000000000000e+04
1.730500000000000000e+04 1.996800000000000000e+04
1.742500000000000000e+04 1.995600000000000000e+04
1.752200000000000000e+04 1.993500000000000000e+04
1.749700000000000000e+04 1.995100000000000000e+04
1.751200000000000000e+04 1.994000000000000000e+04
1.769700000000000000e+04 1.992300000000000000e+04
1.779000000000000000e+04 1.988400000000000000e+04
1.774300000000000000e+04 1.990400000000000000e+04
1.780200000000000000e+04 1.987400000000000000e+04
1.777000000000000000e+04 1.989500000000000000e+04
1.778600000000000000e+04 1.988500000000000000e+04
1.779100000000000000e+04 1.987700000000000000e+04
1.785700000000000000e+04 1.986700000000000000e+04
1.789700000000000000e+04 1.984700000000000000e+04
1.790900000000000000e+04 1.983100000000000000e+04
1.797400000000000000e+04 1.979900000000000000e+04
1.790300000000000000e+04 1.983400000000000000e+04
1.791400000000000000e+04 1.982700000000000000e+04
1.793500000000000000e+04 1.982500000000000000e+04
1.796400000000000000e+04 1.980200000000000000e+04
1.799300000000000000e+04 1.979200000000000000e+04
1.799500000000000000e+04 1.978100000000000000e+04
1.802500000000000000e+04 1.977600000000000000e+04
1.796100000000000000e+04 1.980500000000000000e+04
1.795900000000000000e+04 1.981900000000000000e+04
1.804800000000000000e+04 1.976200000000000000e+04
1.806500000000000000e+04 1.973600000000000000e+04
1.808800000000000000e+04 1.971000000000000000e+04
1.810500000000000000e+04 1.969900000000000000e+04
1.813900000000000000e+04 1.969500000000000000e+04
1.808700000000000000e+04 1.972500000000000000e+04
1.814400000000000000e+04 1.968500000000000000e+04
1.817700000000000000e+04 1.966500000000000000e+04
1.815000000000000000e+04 1.966800000000000000e+04
1.820500000000000000e+04 1.963700000000000000e+04
1.822400000000000000e+04 1.962800000000000000e+04
1.818300000000000000e+04 1.963900000000000000e+04
1.822900000000000000e+04 1.961700000000000000e+04
1.825200000000000000e+04 1.961300000000000000e+04
1.820600000000000000e+04 1.962900000000000000e+04
1.827700000000000000e+04 1.958000000000000000e+04
1.828300000000000000e+04 1.957300000000000000e+04
1.830400000000000000e+04 1.955100000000000000e+04
1.826300000000000000e+04 1.958500000000000000e+04
1.829400000000000000e+04 1.955600000000000000e+04
1.830500000000000000e+04 1.953800000000000000e+04
1.833200000000000000e+04 1.952900000000000000e+04
1.834700000000000000e+04 1.952000000000000000e+04
1.835300000000000000e+04 1.951800000000000000e+04
1.833600000000000000e+04 1.952600000000000000e+04
1.839800000000000000e+04 1.949800000000000000e+04
1.835800000000000000e+04 1.950300000000000000e+04
1.840000000000000000e+04 1.948100000000000000e+04
1.841700000000000000e+04 1.947000000000000000e+04
1.845200000000000000e+04 1.944000000000000000e+04
1.844600000000000000e+04 1.946700000000000000e+04
1.847500000000000000e+04 1.942700000000000000e+04
1.853800000000000000e+04 1.942400000000000000e+04
1.859400000000000000e+04 1.935800000000000000e+04
1.856500000000000000e+04 1.938500000000000000e+04
1.855800000000000000e+04 1.940200000000000000e+04
1.855900000000000000e+04 1.940100000000000000e+04
1.857300000000000000e+04 1.936700000000000000e+04
1.859900000000000000e+04 1.935000000000000000e+04
1.857100000000000000e+04 1.938400000000000000e+04
1.863700000000000000e+04 1.932700000000000000e+04
1.862500000000000000e+04 1.934800000000000000e+04
1.865300000000000000e+04 1.930600000000000000e+04
1.870600000000000000e+04 1.925800000000000000e+04
1.868800000000000000e+04 1.927500000000000000e+04
1.865400000000000000e+04 1.930200000000000000e+04
1.866200000000000000e+04 1.930100000000000000e+04
1.874400000000000000e+04 1.921800000000000000e+04
1.871600000000000000e+04 1.923800000000000000e+04
1.871100000000000000e+04 1.924000000000000000e+04
1.877000000000000000e+04 1.915100000000000000e+04
1.880100000000000000e+04 1.913300000000000000e+04
1.876500000000000000e+04 1.919700000000000000e+04
1.881500000000000000e+04 1.912400000000000000e+04
1.878900000000000000e+04 1.914700000000000000e+04
1.885000000000000000e+04 1.906500000000000000e+04
1.882200000000000000e+04 1.910900000000000000e+04
1.880500000000000000e+04 1.913200000000000000e+04
1.882000000000000000e+04 1.911000000000000000e+04
1.882600000000000000e+04 1.910800000000000000e+04
1.883700000000000000e+04 1.909300000000000000e+04
1.883300000000000000e+04 1.909400000000000000e+04
1.884100000000000000e+04 1.907300000000000000e+04
1.886400000000000000e+04 1.905700000000000000e+04
1.885600000000000000e+04 1.906000000000000000e+04
1.887400000000000000e+04 1.905400000000000000e+04
1.888500000000000000e+04 1.904200000000000000e+04
1.894000000000000000e+04 1.895800000000000000e+04
1.890700000000000000e+04 1.899400000000000000e+04
1.893400000000000000e+04 1.897400000000000000e+04
1.889000000000000000e+04 1.901800000000000000e+04
1.890100000000000000e+04 1.901000000000000000e+04
1.889200000000000000e+04 1.901700000000000000e+04
1.890200000000000000e+04 1.899700000000000000e+04
1.889600000000000000e+04 1.901100000000000000e+04
1.897200000000000000e+04 1.892400000000000000e+04
1.893000000000000000e+04 1.899100000000000000e+04
1.896600000000000000e+04 1.892800000000000000e+04
1.896100000000000000e+04 1.895300000000000000e+04
1.900000000000000000e+04 1.887300000000000000e+04
1.899200000000000000e+04 1.889200000000000000e+04
1.895300000000000000e+04 1.895400000000000000e+04
1.899900000000000000e+04 1.888700000000000000e+04
1.900600000000000000e+04 1.886600000000000000e+04
1.897900000000000000e+04 1.890000000000000000e+04
1.901700000000000000e+04 1.884600000000000000e+04
1.904300000000000000e+04 1.883500000000000000e+04
1.904800000000000000e+04 1.880900000000000000e+04
1.902600000000000000e+04 1.883700000000000000e+04
1.907600000000000000e+04 1.875900000000000000e+04
1.906400000000000000e+04 1.879800000000000000e+04
1.906800000000000000e+04 1.877600000000000000e+04
1.906600000000000000e+04 1.878200000000000000e+04
1.910000000000000000e+04 1.874700000000000000e+04
1.913900000000000000e+04 1.869900000000000000e+04
1.912500000000000000e+04 1.872000000000000000e+04
1.913200000000000000e+04 1.870200000000000000e+04
1.911900000000000000e+04 1.873900000000000000e+04
1.920000000000000000e+04 1.861100000000000000e+04
1.918300000000000000e+04 1.865400000000000000e+04
1.919100000000000000e+04 1.862600000000000000e+04
1.916600000000000000e+04 1.868200000000000000e+04
1.920300000000000000e+04 1.860900000000000000e+04
1.923300000000000000e+04 1.857000000000000000e+04
1.922800000000000000e+04 1.859700000000000000e+04
1.924500000000000000e+04 1.854900000000000000e+04
1.921400000000000000e+04 1.860300000000000000e+04
1.928100000000000000e+04 1.847100000000000000e+04
1.926000000000000000e+04 1.849600000000000000e+04
1.925000000000000000e+04 1.851900000000000000e+04
1.928400000000000000e+04 1.845000000000000000e+04
1.925700000000000000e+04 1.850400000000000000e+04
1.930200000000000000e+04 1.844500000000000000e+04
1.928300000000000000e+04 1.845900000000000000e+04
1.928000000000000000e+04 1.849400000000000000e+04
1.723000000000000000e+04 1.997500000000000000e+04
1.730500000000000000e+04 1.996800000000000000e+04
1.742500000000000000e+04 1.995600000000000000e+04
1.752200000000000000e+04 1.993500000000000000e+04
1.749700000000000000e+04 1.995100000000000000e+04
1.751200000000000000e+04 1.994000000000000000e+04
1.769700000000000000e+04 1.992300000000000000e+04
1.779000000000000000e+04 1.988400000000000000e+04
1.774300000000000000e+04 1.990400000000000000e+04
1.780200000000000000e+04 1.987400000000000000e+04
1.777000000000000000e+04 1.989500000000000000e+04
1.778600000000000000e+04 1.988500000000000000e+04
1.779100000000000000e+04 1.987700000000000000e+04
1.785700000000000000e+04 1.986700000000000000e+04
1.789700000000000000e+04 1.984700000000000000e+04
1.790900000000000000e+04 1.983100000000000000e+04
1.797400000000000000e+04 1.979900000000000000e+04
1.790300000000000000e+04 1.983400000000000000e+04
1.791400000000000000e+04 1.982700000000000000e+04
1.793500000000000000e+04 1.982500000000000000e+04
1.796400000000000000e+04 1.980200000000000000e+04
1.799300000000000000e+04 1.979200000000000000e+04
1.799500000000000000e+04 1.978100000000000000e+04
1.802500000000000000e+04 1.977600000000000000e+04
1.796100000000000000e+04 1.980500000000000000e+04
1.795900000000000000e+04 1.981900000000000000e+04
1.804800000000000000e+04 1.976200000000000000e+04
1.806500000000000000e+04 1.973600000000000000e+04
1.808800000000000000e+04 1.971000000000000000e+04
1.810500000000000000e+04 1.969900000000000000e+04
1.813900000000000000e+04 1.969500000000000000e+04
1.808700000000000000e+04 1.972500000000000000e+04
1.814400000000000000e+04 1.968500000000000000e+04
1.817700000000000000e+04 1.966500000000000000e+04
1.815000000000000000e+04 1.966800000000000000e+04
1.820500000000000000e+04 1.963700000000000000e+04
1.822400000000000000e+04 1.962800000000000000e+04
1.818300000000000000e+04 1.963900000000000000e+04
1.822900000000000000e+04 1.961700000000000000e+04
1.825200000000000000e+04 1.961300000000000000e+04
1.820600000000000000e+04 1.962900000000000000e+04
1.827700000000000000e+04 1.958000000000000000e+04
1.828300000000000000e+04 1.957300000000000000e+04
1.830400000000000000e+04 1.955100000000000000e+04
1.826300000000000000e+04 1.958500000000000000e+04
1.829400000000000000e+04 1.955600000000000000e+04
1.830500000000000000e+04 1.953800000000000000e+04
1.833200000000000000e+04 1.952900000000000000e+04
1.834700000000000000e+04 1.952000000000000000e+04
1.835300000000000000e+04 1.951800000000000000e+04
1.833600000000000000e+04 1.952600000000000000e+04
1.839800000000000000e+04 1.949800000000000000e+04
1.835800000000000000e+04 1.950300000000000000e+04
1.840000000000000000e+04 1.948100000000000000e+04
1.841700000000000000e+04 1.947000000000000000e+04
1.845200000000000000e+04 1.944000000000000000e+04
1.844600000000000000e+04 1.946700000000000000e+04
1.847500000000000000e+04 1.942700000000000000e+04
1.853800000000000000e+04 1.942400000000000000e+04
1.859400000000000000e+04 1.935800000000000000e+04
1.856500000000000000e+04 1.938500000000000000e+04
1.855800000000000000e+04 1.940200000000000000e+04
1.855900000000000000e+04 1.940100000000000000e+04
1.857300000000000000e+04 1.936700000000000000e+04
1.859900000000000000e+04 1.935000000000000000e+04
1.857100000000000000e+04 1.938400000000000000e+04
1.863700000000000000e+04 1.932700000000000000e+04
1.862500000000000000e+04 1.934800000000000000e+04
1.865300000000000000e+04 1.930600000000000000e+04
1.870600000000000000e+04 1.925800000000000000e+04
1.868800000000000000e+04 1.927500000000000000e+04
1.865400000000000000e+04 1.930200000000000000e+04
1.866200000000000000e+04 1.930100000000000000e+04
1.874400000000000000e+04 1.921800000000000000e+04
1.871600000000000000e+04 1.923800000000000000e+04
1.871100000000000000e+04 1.924000000000000000e+04
1.877000000000000000e+04 1.915100000000000000e+04
1.880100000000000000e+04 1.913300000000000000e+04
1.876500000000000000e+04 1.919700000000000000e+04
1.881500000000000000e+04 1.912400000000000000e+04
1.878900000000000000e+04 1.914700000000000000e+04
1.885000000000000000e+04 1.906500000000000000e+04
1.882200000000000000e+04 1.910900000000000000e+04
1.880500000000000000e+04 1.913200000000000000e+04
1.882000000000000000e+04 1.911000000000000000e+04
1.882600000000000000e+04 1.910800000000000000e+04
1.883700000000000000e+04 1.909300000000000000e+04
1.883300000000000000e+04 1.909400000000000000e+04
1.884100000000000000e+04 1.907300000000000000e+04
1.886400000000000000e+04 1.905700000000000000e+04
1.885600000000000000e+04 1.906000000000000000e+04
1.887400000000000000e+04 1.905400000000000000e+04
1.888500000000000000e+04 1.904200000000000000e+04
1.894000000000000000e+04 1.895800000000000000e+04
1.890700000000000000e+04 1.899400000000000000e+04
1.893400000000000000e+04 1.897400000000000000e+04
1.889000000000000000e+04 1.901800000000000000e+04
1.890100000000000000e+04 1.901000000000000000e+04
1.889200000000000000e+04 1.901700000000000000e+04
1.890200000000000000e+04 1.899700000000000000e+04
1.889600000000000000e+04 1.901100000000000000e+04
1.897200000000000000e+04 1.892400000000000000e+04
1.893000000000000000e+04 1.899100000000000000e+04
1.896600000000000000e+04 1.892800000000000000e+04
1.896100000000000000e+04 1.895300000000000000e+04
1.900000000000000000e+04 1.887300000000000000e+04
1.899200000000000000e+04 1.889200000000000000e+04
1.895300000000000000e+04 1.895400000000000000e+04
1.899900000000000000e+04 1.888700000000000000e+04
1.900600000000000000e+04 1.886600000000000000e+04
1.897900000000000000e+04 1.890000000000000000e+04
1.901700000000000000e+04 1.884600000000000000e+04
1.904300000000000000e+04 1.883500000000000000e+04
1.904800000000000000e+04 1.880900000000000000e+04
1.902600000000000000e+04 1.883700000000000000e+04
1.907600000000000000e+04 1.875900000000000000e+04
1.906400000000000000e+04 1.879800000000000000e+04
1.906800000000000000e+04 1.877600000000000000e+04
1.906600000000000000e+04 1.878200000000000000e+04
1.910000000000000000e+04 1.874700000000000000e+04
1.913900000000000000e+04 1.869900000000000000e+04
1.912500000000000000e+04 1.872000000000000000e+04
1.913200000000000000e+04 1.870200000000000000e+04
1.911900000000000000e+04 1.873900000000000000e+04
1.920000000000000000e+04 1.861100000000000000e+04
1.918300000000000000e+04 1.865400000000000000e+04
1.919100000000000000e+04 1.862600000000000000e+04
1.916600000000000000e+04 1.868200000000000000e+04
1.920300000000000000e+04 1.860900000000000000e+04
1.923300000000000000e+04 1.857000000000000000e+04
1.922800000000000000e+04 1.859700000000000000e+04
1.924500000000000000e+04 1.854900000000000000e+04
1.921400000000000000e+04 1.860300000000000000e+04
1.928100000000000000e+04 1.847100000000000000e+04
1.930200000000000000e+04 1.844500000000000000e+04
1.928000000000000000e+04 1.849400000000000000e+04
1.931000000000000000e+04 1.837200000000000000e+04
1.927400000000000000e+04 1.852700000000000000e+04
1.927500000000000000e+04 1.851300000000000000e+04
1.929000000000000000e+04 1.846500000000000000e+04
1.585700000000000000e+04 1.826500000000000000e+04
1.577400000000000000e+04 1.832700000000000000e+04
1.582300000000000000e+04 1.827000000000000000e+04
1.646700000000000000e+04 1.936700000000000000e+04
1.626100000000000000e+04 1.941200000000000000e+04
1.637600000000000000e+04 1.939100000000000000e+04
1.642200000000000000e+04 1.938500000000000000e+04
1.663200000000000000e+04 1.984000000000000000e+04
1.649400000000000000e+04 1.984100000000000000e+04
1.686300000000000000e+04 1.987900000000000000e+04
1.682100000000000000e+04 1.988800000000000000e+04
1.679900000000000000e+04 1.994400000000000000e+04
1.663000000000000000e+04 1.996900000000000000e+04
1.670800000000000000e+04 1.996800000000000000e+04
1.686700000000000000e+04 2.000500000000000000e+04
1.680400000000000000e+04 2.001100000000000000e+04
1.689900000000000000e+04 1.999100000000000000e+04
1.678600000000000000e+04 2.001300000000000000e+04
1.701200000000000000e+04 1.999700000000000000e+04
1.698900000000000000e+04 2.000200000000000000e+04
1.695500000000000000e+04 2.002300000000000000e+04
1.693000000000000000e+04 2.003000000000000000e+04
1.698000000000000000e+04 2.001500000000000000e+04
1.694400000000000000e+04 2.002400000000000000e+04
1.711800000000000000e+04 1.999300000000000000e+04
1.708400000000000000e+04 2.001800000000000000e+04
1.702900000000000000e+04 2.006400000000000000e+04
1.704800000000000000e+04 2.005300000000000000e+04
1.711500000000000000e+04 2.001100000000000000e+04
1.703200000000000000e+04 2.006300000000000000e+04
1.707800000000000000e+04 2.002800000000000000e+04
1.705100000000000000e+04 2.003400000000000000e+04
1.702900000000000000e+04 2.006400000000000000e+04
1.703200000000000000e+04 2.006300000000000000e+04
1.726300000000000000e+04 2.001600000000000000e+04
1.721200000000000000e+04 2.003400000000000000e+04
1.721600000000000000e+04 2.002100000000000000e+04
1.720200000000000000e+04 2.004300000000000000e+04
1.716600000000000000e+04 2.006100000000000000e+04
1.702900000000000000e+04 2.006400000000000000e+04
1.703200000000000000e+04 2.006300000000000000e+04
1.716600000000000000e+04 2.006100000000000000e+04
1.723200000000000000e+04 2.004700000000000000e+04
1.731100000000000000e+04 2.000100000000000000e+04
1.730100000000000000e+04 2.000800000000000000e+04
1.726000000000000000e+04 2.003900000000000000e+04
1.727100000000000000e+04 2.002700000000000000e+04
1.728100000000000000e+04 2.001300000000000000e+04
1.736200000000000000e+04 1.999500000000000000e+04
1.733200000000000000e+04 1.999800000000000000e+04
1.727900000000000000e+04 2.001500000000000000e+04
1.702900000000000000e+04 2.006400000000000000e+04
1.703200000000000000e+04 2.006300000000000000e+04
1.716600000000000000e+04 2.006100000000000000e+04
1.744500000000000000e+04 1.999100000000000000e+04
1.744100000000000000e+04 2.000600000000000000e+04
1.742000000000000000e+04 2.004300000000000000e+04
1.738700000000000000e+04 2.004800000000000000e+04
1.743900000000000000e+04 2.001800000000000000e+04
1.702900000000000000e+04 2.006400000000000000e+04
1.703200000000000000e+04 2.006300000000000000e+04
1.716600000000000000e+04 2.006100000000000000e+04
1.742000000000000000e+04 2.004300000000000000e+04
1.738700000000000000e+04 2.004800000000000000e+04
1.742600000000000000e+04 2.002700000000000000e+04
1.750100000000000000e+04 1.998000000000000000e+04
1.747700000000000000e+04 2.000500000000000000e+04
1.745500000000000000e+04 2.001000000000000000e+04
1.750800000000000000e+04 1.997900000000000000e+04
1.745200000000000000e+04 2.001400000000000000e+04
1.744400000000000000e+04 2.002100000000000000e+04
1.750000000000000000e+04 1.999700000000000000e+04
1.702900000000000000e+04 2.006400000000000000e+04
1.703200000000000000e+04 2.006300000000000000e+04
1.716600000000000000e+04 2.006100000000000000e+04
1.742000000000000000e+04 2.004300000000000000e+04
1.738700000000000000e+04 2.004800000000000000e+04
1.742600000000000000e+04 2.002700000000000000e+04
1.747700000000000000e+04 2.000500000000000000e+04
1.744400000000000000e+04 2.002100000000000000e+04
1.747300000000000000e+04 2.001900000000000000e+04
1.754600000000000000e+04 1.998000000000000000e+04
1.752300000000000000e+04 2.000400000000000000e+04
1.753800000000000000e+04 1.998700000000000000e+04
1.756600000000000000e+04 1.997400000000000000e+04
1.753400000000000000e+04 1.998900000000000000e+04
1.758000000000000000e+04 1.997000000000000000e+04
1.702900000000000000e+04 2.006400000000000000e+04
1.703200000000000000e+04 2.006300000000000000e+04
1.716600000000000000e+04 2.006100000000000000e+04
1.742000000000000000e+04 2.004300000000000000e+04
1.738700000000000000e+04 2.004800000000000000e+04
1.742600000000000000e+04 2.002700000000000000e+04
1.747700000000000000e+04 2.000500000000000000e+04
1.744400000000000000e+04 2.002100000000000000e+04
1.747300000000000000e+04 2.001900000000000000e+04
1.752300000000000000e+04 2.000400000000000000e+04
1.756500000000000000e+04 1.999200000000000000e+04
1.761200000000000000e+04 1.996700000000000000e+04
1.760200000000000000e+04 1.997300000000000000e+04
1.760000000000000000e+04 1.997400000000000000e+04
1.768600000000000000e+04 1.995500000000000000e+04
1.773800000000000000e+04 1.990700000000000000e+04
1.773300000000000000e+04 1.993000000000000000e+04
1.773900000000000000e+04 1.990500000000000000e+04
1.770700000000000000e+04 1.994300000000000000e+04
1.702900000000000000e+04 2.006400000000000000e+04
1.703200000000000000e+04 2.006300000000000000e+04
1.716600000000000000e+04 2.006100000000000000e+04
1.742000000000000000e+04 2.004300000000000000e+04
1.738700000000000000e+04 2.004800000000000000e+04
1.742600000000000000e+04 2.002700000000000000e+04
1.747700000000000000e+04 2.000500000000000000e+04
1.744400000000000000e+04 2.002100000000000000e+04
1.747300000000000000e+04 2.001900000000000000e+04
1.752300000000000000e+04 2.000400000000000000e+04
1.756500000000000000e+04 1.999200000000000000e+04
1.761200000000000000e+04 1.996700000000000000e+04
1.760200000000000000e+04 1.997300000000000000e+04
1.760000000000000000e+04 1.997400000000000000e+04
1.768600000000000000e+04 1.995500000000000000e+04
1.773800000000000000e+04 1.990700000000000000e+04
1.773300000000000000e+04 1.993000000000000000e+04
1.773900000000000000e+04 1.990500000000000000e+04
1.770700000000000000e+04 1.994300000000000000e+04
1.778300000000000000e+04 1.990000000000000000e+04
1.776000000000000000e+04 1.990100000000000000e+04
1.775900000000000000e+04 1.990300000000000000e+04
1.787200000000000000e+04 1.987000000000000000e+04
1.784400000000000000e+04 1.988500000000000000e+04
1.787300000000000000e+04 1.984500000000000000e+04
1.702900000000000000e+04 2.006400000000000000e+04
1.703200000000000000e+04 2.006300000000000000e+04
1.716600000000000000e+04 2.006100000000000000e+04
1.742000000000000000e+04 2.004300000000000000e+04
1.738700000000000000e+04 2.004800000000000000e+04
1.742600000000000000e+04 2.002700000000000000e+04
1.747700000000000000e+04 2.000500000000000000e+04
1.744400000000000000e+04 2.002100000000000000e+04
1.747300000000000000e+04 2.001900000000000000e+04
1.752300000000000000e+04 2.000400000000000000e+04
1.756500000000000000e+04 1.999200000000000000e+04
1.761200000000000000e+04 1.996700000000000000e+04
1.760200000000000000e+04 1.997300000000000000e+04
1.760000000000000000e+04 1.997400000000000000e+04
1.768600000000000000e+04 1.995500000000000000e+04
1.773800000000000000e+04 1.990700000000000000e+04
1.773300000000000000e+04 1.993000000000000000e+04
1.773900000000000000e+04 1.990500000000000000e+04
1.770700000000000000e+04 1.994300000000000000e+04
1.778300000000000000e+04 1.990000000000000000e+04
1.776000000000000000e+04 1.990100000000000000e+04
1.775900000000000000e+04 1.990300000000000000e+04
1.787200000000000000e+04 1.987000000000000000e+04
1.784400000000000000e+04 1.988500000000000000e+04
1.787300000000000000e+04 1.984500000000000000e+04
1.791700000000000000e+04 1.980900000000000000e+04
1.789000000000000000e+04 1.982600000000000000e+04
1.789600000000000000e+04 1.982300000000000000e+04
1.788600000000000000e+04 1.983900000000000000e+04
1.796500000000000000e+04 1.980300000000000000e+04
1.796800000000000000e+04 1.979400000000000000e+04
1.800600000000000000e+04 1.978600000000000000e+04
1.804300000000000000e+04 1.976000000000000000e+04
1.811600000000000000e+04 1.974800000000000000e+04
1.803500000000000000e+04 1.977300000000000000e+04
1.702900000000000000e+04 2.006400000000000000e+04
1.703200000000000000e+04 2.006300000000000000e+04
1.716600000000000000e+04 2.006100000000000000e+04
1.742000000000000000e+04 2.004300000000000000e+04
1.738700000000000000e+04 2.004800000000000000e+04
1.742600000000000000e+04 2.002700000000000000e+04
1.747700000000000000e+04 2.000500000000000000e+04
1.744400000000000000e+04 2.002100000000000000e+04
1.747300000000000000e+04 2.001900000000000000e+04
1.752300000000000000e+04 2.000400000000000000e+04
1.756500000000000000e+04 1.999200000000000000e+04
1.761200000000000000e+04 1.996700000000000000e+04
1.760200000000000000e+04 1.997300000000000000e+04
1.760000000000000000e+04 1.997400000000000000e+04
1.768600000000000000e+04 1.995500000000000000e+04
1.773800000000000000e+04 1.990700000000000000e+04
1.773300000000000000e+04 1.993000000000000000e+04
1.773900000000000000e+04 1.990500000000000000e+04
1.770700000000000000e+04 1.994300000000000000e+04
1.778300000000000000e+04 1.990000000000000000e+04
1.776000000000000000e+04 1.990100000000000000e+04
1.775900000000000000e+04 1.990300000000000000e+04
1.787200000000000000e+04 1.987000000000000000e+04
1.784400000000000000e+04 1.988500000000000000e+04
1.787300000000000000e+04 1.984500000000000000e+04
1.791700000000000000e+04 1.980900000000000000e+04
1.789000000000000000e+04 1.982600000000000000e+04
1.789600000000000000e+04 1.982300000000000000e+04
1.788600000000000000e+04 1.983900000000000000e+04
1.796500000000000000e+04 1.980300000000000000e+04
1.796800000000000000e+04 1.979400000000000000e+04
1.800600000000000000e+04 1.978600000000000000e+04
1.804300000000000000e+04 1.976000000000000000e+04
1.811600000000000000e+04 1.974800000000000000e+04
1.803500000000000000e+04 1.977300000000000000e+04
1.702900000000000000e+04 2.006400000000000000e+04
1.703200000000000000e+04 2.006300000000000000e+04
1.716600000000000000e+04 2.006100000000000000e+04
1.742000000000000000e+04 2.004300000000000000e+04
1.738700000000000000e+04 2.004800000000000000e+04
1.742600000000000000e+04 2.002700000000000000e+04
1.747700000000000000e+04 2.000500000000000000e+04
1.744400000000000000e+04 2.002100000000000000e+04
1.747300000000000000e+04 2.001900000000000000e+04
1.752300000000000000e+04 2.000400000000000000e+04
1.756500000000000000e+04 1.999200000000000000e+04
1.761200000000000000e+04 1.996700000000000000e+04
1.760200000000000000e+04 1.997300000000000000e+04
1.760000000000000000e+04 1.997400000000000000e+04
1.768600000000000000e+04 1.995500000000000000e+04
1.773800000000000000e+04 1.990700000000000000e+04
1.773300000000000000e+04 1.993000000000000000e+04
1.773900000000000000e+04 1.990500000000000000e+04
1.770700000000000000e+04 1.994300000000000000e+04
1.778300000000000000e+04 1.990000000000000000e+04
1.776000000000000000e+04 1.990100000000000000e+04
1.775900000000000000e+04 1.990300000000000000e+04
1.787200000000000000e+04 1.987000000000000000e+04
1.784400000000000000e+04 1.988500000000000000e+04
1.787300000000000000e+04 1.984500000000000000e+04
1.791700000000000000e+04 1.980900000000000000e+04
1.789000000000000000e+04 1.982600000000000000e+04
1.789600000000000000e+04 1.982300000000000000e+04
1.788600000000000000e+04 1.983900000000000000e+04
1.796500000000000000e+04 1.980300000000000000e+04
1.796800000000000000e+04 1.979400000000000000e+04
1.800600000000000000e+04 1.978600000000000000e+04
1.804300000000000000e+04 1.976000000000000000e+04
1.811600000000000000e+04 1.974800000000000000e+04
1.803500000000000000e+04 1.977300000000000000e+04
1.812700000000000000e+04 1.970800000000000000e+04
1.816900000000000000e+04 1.970700000000000000e+04
1.817500000000000000e+04 1.969700000000000000e+04
1.824000000000000000e+04 1.968500000000000000e+04
1.817600000000000000e+04 1.968800000000000000e+04
1.829500000000000000e+04 1.964600000000000000e+04
1.821900000000000000e+04 1.968700000000000000e+04
1.830000000000000000e+04 1.962000000000000000e+04
1.826400000000000000e+04 1.965600000000000000e+04
1.826000000000000000e+04 1.966300000000000000e+04
1.702900000000000000e+04 2.006400000000000000e+04
1.703200000000000000e+04 2.006300000000000000e+04
1.716600000000000000e+04 2.006100000000000000e+04
1.742000000000000000e+04 2.004300000000000000e+04
1.738700000000000000e+04 2.004800000000000000e+04
1.742600000000000000e+04 2.002700000000000000e+04
1.747700000000000000e+04 2.000500000000000000e+04
1.744400000000000000e+04 2.002100000000000000e+04
1.747300000000000000e+04 2.001900000000000000e+04
1.752300000000000000e+04 2.000400000000000000e+04
1.756500000000000000e+04 1.999200000000000000e+04
1.761200000000000000e+04 1.996700000000000000e+04
1.760200000000000000e+04 1.997300000000000000e+04
1.760000000000000000e+04 1.997400000000000000e+04
1.768600000000000000e+04 1.995500000000000000e+04
1.773800000000000000e+04 1.990700000000000000e+04
1.773300000000000000e+04 1.993000000000000000e+04
1.773900000000000000e+04 1.990500000000000000e+04
1.770700000000000000e+04 1.994300000000000000e+04
1.778300000000000000e+04 1.990000000000000000e+04
1.776000000000000000e+04 1.990100000000000000e+04
1.775900000000000000e+04 1.990300000000000000e+04
1.787200000000000000e+04 1.987000000000000000e+04
1.784400000000000000e+04 1.988500000000000000e+04
1.787300000000000000e+04 1.984500000000000000e+04
1.791700000000000000e+04 1.980900000000000000e+04
1.789000000000000000e+04 1.982600000000000000e+04
1.789600000000000000e+04 1.982300000000000000e+04
1.788600000000000000e+04 1.983900000000000000e+04
1.796500000000000000e+04 1.980300000000000000e+04
1.796800000000000000e+04 1.979400000000000000e+04
1.800600000000000000e+04 1.978600000000000000e+04
1.804300000000000000e+04 1.976000000000000000e+04
1.811600000000000000e+04 1.974800000000000000e+04
1.803500000000000000e+04 1.977300000000000000e+04
1.812700000000000000e+04 1.970800000000000000e+04
1.816900000000000000e+04 1.970700000000000000e+04
1.817500000000000000e+04 1.969700000000000000e+04
1.824000000000000000e+04 1.968500000000000000e+04
1.817600000000000000e+04 1.968800000000000000e+04
1.829500000000000000e+04 1.964600000000000000e+04
1.821900000000000000e+04 1.968700000000000000e+04
1.830000000000000000e+04 1.962000000000000000e+04
1.826400000000000000e+04 1.965600000000000000e+04
1.826000000000000000e+04 1.966300000000000000e+04
1.834500000000000000e+04 1.958500000000000000e+04
1.832300000000000000e+04 1.961700000000000000e+04
1.832100000000000000e+04 1.961800000000000000e+04
1.838900000000000000e+04 1.955600000000000000e+04
1.838100000000000000e+04 1.957200000000000000e+04
1.836400000000000000e+04 1.958000000000000000e+04
1.842000000000000000e+04 1.953800000000000000e+04
1.845500000000000000e+04 1.950900000000000000e+04
1.841500000000000000e+04 1.954800000000000000e+04
1.844300000000000000e+04 1.952000000000000000e+04
1.843800000000000000e+04 1.952200000000000000e+04
1.702900000000000000e+04 2.006400000000000000e+04
1.703200000000000000e+04 2.006300000000000000e+04
1.716600000000000000e+04 2.006100000000000000e+04
1.742000000000000000e+04 2.004300000000000000e+04
1.738700000000000000e+04 2.004800000000000000e+04
1.742600000000000000e+04 2.002700000000000000e+04
1.747700000000000000e+04 2.000500000000000000e+04
1.744400000000000000e+04 2.002100000000000000e+04
1.747300000000000000e+04 2.001900000000000000e+04
1.752300000000000000e+04 2.000400000000000000e+04
1.756500000000000000e+04 1.999200000000000000e+04
1.761200000000000000e+04 1.996700000000000000e+04
1.760200000000000000e+04 1.997300000000000000e+04
1.760000000000000000e+04 1.997400000000000000e+04
1.768600000000000000e+04 1.995500000000000000e+04
1.773800000000000000e+04 1.990700000000000000e+04
1.773300000000000000e+04 1.993000000000000000e+04
1.773900000000000000e+04 1.990500000000000000e+04
1.770700000000000000e+04 1.994300000000000000e+04
1.778300000000000000e+04 1.990000000000000000e+04
1.776000000000000000e+04 1.990100000000000000e+04
1.775900000000000000e+04 1.990300000000000000e+04
1.787200000000000000e+04 1.987000000000000000e+04
1.784400000000000000e+04 1.988500000000000000e+04
1.787300000000000000e+04 1.984500000000000000e+04
1.791700000000000000e+04 1.980900000000000000e+04
1.789000000000000000e+04 1.982600000000000000e+04
1.789600000000000000e+04 1.982300000000000000e+04
1.788600000000000000e+04 1.983900000000000000e+04
1.796500000000000000e+04 1.980300000000000000e+04
1.796800000000000000e+04 1.979400000000000000e+04
1.800600000000000000e+04 1.978600000000000000e+04
1.804300000000000000e+04 1.976000000000000000e+04
1.811600000000000000e+04 1.974800000000000000e+04
1.803500000000000000e+04 1.977300000000000000e+04
1.812700000000000000e+04 1.970800000000000000e+04
1.816900000000000000e+04 1.970700000000000000e+04
1.817500000000000000e+04 1.969700000000000000e+04
1.824000000000000000e+04 1.968500000000000000e+04
1.817600000000000000e+04 1.968800000000000000e+04
1.829500000000000000e+04 1.964600000000000000e+04
1.821900000000000000e+04 1.968700000000000000e+04
1.830000000000000000e+04 1.962000000000000000e+04
1.826400000000000000e+04 1.965600000000000000e+04
1.826000000000000000e+04 1.966300000000000000e+04
1.834500000000000000e+04 1.958500000000000000e+04
1.832300000000000000e+04 1.961700000000000000e+04
1.832100000000000000e+04 1.961800000000000000e+04
1.838900000000000000e+04 1.955600000000000000e+04
1.838100000000000000e+04 1.957200000000000000e+04
1.836400000000000000e+04 1.958000000000000000e+04
1.842000000000000000e+04 1.953800000000000000e+04
1.845500000000000000e+04 1.950900000000000000e+04
1.841500000000000000e+04 1.954800000000000000e+04
1.844300000000000000e+04 1.952000000000000000e+04
1.843800000000000000e+04 1.952200000000000000e+04
1.850600000000000000e+04 1.944700000000000000e+04
1.847000000000000000e+04 1.947600000000000000e+04
1.845900000000000000e+04 1.949000000000000000e+04
1.847600000000000000e+04 1.947100000000000000e+04
1.849200000000000000e+04 1.945400000000000000e+04
1.851600000000000000e+04 1.942700000000000000e+04
1.850700000000000000e+04 1.943900000000000000e+04
1.851700000000000000e+04 1.941600000000000000e+04
1.851400000000000000e+04 1.943000000000000000e+04
1.853700000000000000e+04 1.941100000000000000e+04
1.702900000000000000e+04 2.006400000000000000e+04
1.703200000000000000e+04 2.006300000000000000e+04
1.716600000000000000e+04 2.006100000000000000e+04
1.742000000000000000e+04 2.004300000000000000e+04
1.738700000000000000e+04 2.004800000000000000e+04
1.742600000000000000e+04 2.002700000000000000e+04
1.747700000000000000e+04 2.000500000000000000e+04
1.744400000000000000e+04 2.002100000000000000e+04
1.747300000000000000e+04 2.001900000000000000e+04
1.752300000000000000e+04 2.000400000000000000e+04
1.756500000000000000e+04 1.999200000000000000e+04
1.761200000000000000e+04 1.996700000000000000e+04
1.760200000000000000e+04 1.997300000000000000e+04
1.760000000000000000e+04 1.997400000000000000e+04
1.768600000000000000e+04 1.995500000000000000e+04
1.773800000000000000e+04 1.990700000000000000e+04
1.773300000000000000e+04 1.993000000000000000e+04
1.773900000000000000e+04 1.990500000000000000e+04
1.770700000000000000e+04 1.994300000000000000e+04
1.778300000000000000e+04 1.990000000000000000e+04
1.776000000000000000e+04 1.990100000000000000e+04
1.775900000000000000e+04 1.990300000000000000e+04
1.787200000000000000e+04 1.987000000000000000e+04
1.784400000000000000e+04 1.988500000000000000e+04
1.787300000000000000e+04 1.984500000000000000e+04
1.791700000000000000e+04 1.980900000000000000e+04
1.789000000000000000e+04 1.982600000000000000e+04
1.789600000000000000e+04 1.982300000000000000e+04
1.788600000000000000e+04 1.983900000000000000e+04
1.796500000000000000e+04 1.980300000000000000e+04
1.796800000000000000e+04 1.979400000000000000e+04
1.800600000000000000e+04 1.978600000000000000e+04
1.804300000000000000e+04 1.976000000000000000e+04
1.811600000000000000e+04 1.974800000000000000e+04
1.803500000000000000e+04 1.977300000000000000e+04
1.812700000000000000e+04 1.970800000000000000e+04
1.816900000000000000e+04 1.970700000000000000e+04
1.817500000000000000e+04 1.969700000000000000e+04
1.824000000000000000e+04 1.968500000000000000e+04
1.817600000000000000e+04 1.968800000000000000e+04
1.829500000000000000e+04 1.964600000000000000e+04
1.821900000000000000e+04 1.968700000000000000e+04
1.830000000000000000e+04 1.962000000000000000e+04
1.826400000000000000e+04 1.965600000000000000e+04
1.826000000000000000e+04 1.966300000000000000e+04
1.834500000000000000e+04 1.958500000000000000e+04
1.832300000000000000e+04 1.961700000000000000e+04
1.832100000000000000e+04 1.961800000000000000e+04
1.838900000000000000e+04 1.955600000000000000e+04
1.838100000000000000e+04 1.957200000000000000e+04
1.836400000000000000e+04 1.958000000000000000e+04
1.842000000000000000e+04 1.953800000000000000e+04
1.845500000000000000e+04 1.950900000000000000e+04
1.841500000000000000e+04 1.954800000000000000e+04
1.844300000000000000e+04 1.952000000000000000e+04
1.843800000000000000e+04 1.952200000000000000e+04
1.847000000000000000e+04 1.947600000000000000e+04
1.845900000000000000e+04 1.949000000000000000e+04
1.847600000000000000e+04 1.947100000000000000e+04
1.852500000000000000e+04 1.945000000000000000e+04
1.848700000000000000e+04 1.946900000000000000e+04
1.850600000000000000e+04 1.945900000000000000e+04
1.853600000000000000e+04 1.942500000000000000e+04
1.856200000000000000e+04 1.940500000000000000e+04
1.853100000000000000e+04 1.943000000000000000e+04
1.857600000000000000e+04 1.939400000000000000e+04
1.854900000000000000e+04 1.941100000000000000e+04
1.854100000000000000e+04 1.941600000000000000e+04
1.852700000000000000e+04 1.943200000000000000e+04
1.702900000000000000e+04 2.006400000000000000e+04
1.703200000000000000e+04 2.006300000000000000e+04
1.716600000000000000e+04 2.006100000000000000e+04
1.742000000000000000e+04 2.004300000000000000e+04
1.738700000000000000e+04 2.004800000000000000e+04
1.742600000000000000e+04 2.002700000000000000e+04
1.747700000000000000e+04 2.000500000000000000e+04
1.744400000000000000e+04 2.002100000000000000e+04
1.747300000000000000e+04 2.001900000000000000e+04
1.752300000000000000e+04 2.000400000000000000e+04
1.756500000000000000e+04 1.999200000000000000e+04
1.761200000000000000e+04 1.996700000000000000e+04
1.760200000000000000e+04 1.997300000000000000e+04
1.760000000000000000e+04 1.997400000000000000e+04
1.768600000000000000e+04 1.995500000000000000e+04
1.773800000000000000e+04 1.990700000000000000e+04
1.773300000000000000e+04 1.993000000000000000e+04
1.773900000000000000e+04 1.990500000000000000e+04
1.770700000000000000e+04 1.994300000000000000e+04
1.778300000000000000e+04 1.990000000000000000e+04
1.776000000000000000e+04 1.990100000000000000e+04
1.775900000000000000e+04 1.990300000000000000e+04
1.787200000000000000e+04 1.987000000000000000e+04
1.784400000000000000e+04 1.988500000000000000e+04
1.787300000000000000e+04 1.984500000000000000e+04
1.791700000000000000e+04 1.980900000000000000e+04
1.789000000000000000e+04 1.982600000000000000e+04
1.789600000000000000e+04 1.982300000000000000e+04
1.788600000000000000e+04 1.983900000000000000e+04
1.796500000000000000e+04 1.980300000000000000e+04
1.796800000000000000e+04 1.979400000000000000e+04
1.800600000000000000e+04 1.978600000000000000e+04
1.804300000000000000e+04 1.976000000000000000e+04
1.811600000000000000e+04 1.974800000000000000e+04
1.803500000000000000e+04 1.977300000000000000e+04
1.812700000000000000e+04 1.970800000000000000e+04
1.816900000000000000e+04 1.970700000000000000e+04
1.817500000000000000e+04 1.969700000000000000e+04
1.824000000000000000e+04 1.968500000000000000e+04
1.817600000000000000e+04 1.968800000000000000e+04
1.829500000000000000e+04 1.964600000000000000e+04
1.821900000000000000e+04 1.968700000000000000e+04
1.830000000000000000e+04 1.962000000000000000e+04
1.826400000000000000e+04 1.965600000000000000e+04
1.826000000000000000e+04 1.966300000000000000e+04
1.834500000000000000e+04 1.958500000000000000e+04
1.832300000000000000e+04 1.961700000000000000e+04
1.832100000000000000e+04 1.961800000000000000e+04
1.838900000000000000e+04 1.955600000000000000e+04
1.838100000000000000e+04 1.957200000000000000e+04
1.836400000000000000e+04 1.958000000000000000e+04
1.842000000000000000e+04 1.953800000000000000e+04
1.845500000000000000e+04 1.950900000000000000e+04
1.841500000000000000e+04 1.954800000000000000e+04
1.844300000000000000e+04 1.952000000000000000e+04
1.843800000000000000e+04 1.952200000000000000e+04
1.847000000000000000e+04 1.947600000000000000e+04
1.845900000000000000e+04 1.949000000000000000e+04
1.847600000000000000e+04 1.947100000000000000e+04
1.852500000000000000e+04 1.945000000000000000e+04
1.848700000000000000e+04 1.946900000000000000e+04
1.850600000000000000e+04 1.945900000000000000e+04
1.853600000000000000e+04 1.942500000000000000e+04
1.856200000000000000e+04 1.940500000000000000e+04
1.853100000000000000e+04 1.943000000000000000e+04
1.857600000000000000e+04 1.939400000000000000e+04
1.854900000000000000e+04 1.941100000000000000e+04
1.854100000000000000e+04 1.941600000000000000e+04
1.855400000000000000e+04 1.940900000000000000e+04
1.852800000000000000e+04 1.944100000000000000e+04
1.858600000000000000e+04 1.936900000000000000e+04
1.858200000000000000e+04 1.937100000000000000e+04
1.863700000000000000e+04 1.933900000000000000e+04
1.860700000000000000e+04 1.936000000000000000e+04
1.858000000000000000e+04 1.937200000000000000e+04
1.860900000000000000e+04 1.934500000000000000e+04
1.858700000000000000e+04 1.936700000000000000e+04
1.860100000000000000e+04 1.936300000000000000e+04
1.702900000000000000e+04 2.006400000000000000e+04
1.703200000000000000e+04 2.006300000000000000e+04
1.716600000000000000e+04 2.006100000000000000e+04
1.742000000000000000e+04 2.004300000000000000e+04
1.738700000000000000e+04 2.004800000000000000e+04
1.742600000000000000e+04 2.002700000000000000e+04
1.747700000000000000e+04 2.000500000000000000e+04
1.744400000000000000e+04 2.002100000000000000e+04
1.747300000000000000e+04 2.001900000000000000e+04
1.752300000000000000e+04 2.000400000000000000e+04
1.756500000000000000e+04 1.999200000000000000e+04
1.761200000000000000e+04 1.996700000000000000e+04
1.760200000000000000e+04 1.997300000000000000e+04
1.760000000000000000e+04 1.997400000000000000e+04
1.768600000000000000e+04 1.995500000000000000e+04
1.773800000000000000e+04 1.990700000000000000e+04
1.773300000000000000e+04 1.993000000000000000e+04
1.773900000000000000e+04 1.990500000000000000e+04
1.770700000000000000e+04 1.994300000000000000e+04
1.778300000000000000e+04 1.990000000000000000e+04
1.776000000000000000e+04 1.990100000000000000e+04
1.775900000000000000e+04 1.990300000000000000e+04
1.787200000000000000e+04 1.987000000000000000e+04
1.784400000000000000e+04 1.988500000000000000e+04
1.787300000000000000e+04 1.984500000000000000e+04
1.791700000000000000e+04 1.980900000000000000e+04
1.789000000000000000e+04 1.982600000000000000e+04
1.789600000000000000e+04 1.982300000000000000e+04
1.788600000000000000e+04 1.983900000000000000e+04
1.796500000000000000e+04 1.980300000000000000e+04
1.796800000000000000e+04 1.979400000000000000e+04
1.800600000000000000e+04 1.978600000000000000e+04
1.804300000000000000e+04 1.976000000000000000e+04
1.811600000000000000e+04 1.974800000000000000e+04
1.803500000000000000e+04 1.977300000000000000e+04
1.812700000000000000e+04 1.970800000000000000e+04
1.816900000000000000e+04 1.970700000000000000e+04
1.817500000000000000e+04 1.969700000000000000e+04
1.824000000000000000e+04 1.968500000000000000e+04
1.817600000000000000e+04 1.968800000000000000e+04
1.829500000000000000e+04 1.964600000000000000e+04
1.821900000000000000e+04 1.968700000000000000e+04
1.830000000000000000e+04 1.962000000000000000e+04
1.826400000000000000e+04 1.965600000000000000e+04
1.826000000000000000e+04 1.966300000000000000e+04
1.834500000000000000e+04 1.958500000000000000e+04
1.832300000000000000e+04 1.961700000000000000e+04
1.832100000000000000e+04 1.961800000000000000e+04
1.838900000000000000e+04 1.955600000000000000e+04
1.838100000000000000e+04 1.957200000000000000e+04
1.836400000000000000e+04 1.958000000000000000e+04
1.842000000000000000e+04 1.953800000000000000e+04
1.845500000000000000e+04 1.950900000000000000e+04
1.841500000000000000e+04 1.954800000000000000e+04
1.844300000000000000e+04 1.952000000000000000e+04
1.843800000000000000e+04 1.952200000000000000e+04
1.847000000000000000e+04 1.947600000000000000e+04
1.845900000000000000e+04 1.949000000000000000e+04
1.847600000000000000e+04 1.947100000000000000e+04
1.852500000000000000e+04 1.945000000000000000e+04
1.848700000000000000e+04 1.946900000000000000e+04
1.850600000000000000e+04 1.945900000000000000e+04
1.853600000000000000e+04 1.942500000000000000e+04
1.856200000000000000e+04 1.940500000000000000e+04
1.853100000000000000e+04 1.943000000000000000e+04
1.857600000000000000e+04 1.939400000000000000e+04
1.854900000000000000e+04 1.941100000000000000e+04
1.854100000000000000e+04 1.941600000000000000e+04
1.855400000000000000e+04 1.940900000000000000e+04
1.852800000000000000e+04 1.944100000000000000e+04
1.858600000000000000e+04 1.936900000000000000e+04
1.858200000000000000e+04 1.937100000000000000e+04
1.863700000000000000e+04 1.933900000000000000e+04
1.858000000000000000e+04 1.937200000000000000e+04
1.858700000000000000e+04 1.936700000000000000e+04
1.862800000000000000e+04 1.936500000000000000e+04
1.864700000000000000e+04 1.930400000000000000e+04
1.864400000000000000e+04 1.933500000000000000e+04
1.868100000000000000e+04 1.929700000000000000e+04
1.879100000000000000e+04 1.921000000000000000e+04
1.874700000000000000e+04 1.927200000000000000e+04
1.872100000000000000e+04 1.928900000000000000e+04
1.702900000000000000e+04 2.006400000000000000e+04
1.703200000000000000e+04 2.006300000000000000e+04
1.716600000000000000e+04 2.006100000000000000e+04
1.742000000000000000e+04 2.004300000000000000e+04
1.738700000000000000e+04 2.004800000000000000e+04
1.742600000000000000e+04 2.002700000000000000e+04
1.747700000000000000e+04 2.000500000000000000e+04
1.744400000000000000e+04 2.002100000000000000e+04
1.747300000000000000e+04 2.001900000000000000e+04
1.752300000000000000e+04 2.000400000000000000e+04
1.756500000000000000e+04 1.999200000000000000e+04
1.761200000000000000e+04 1.996700000000000000e+04
1.760200000000000000e+04 1.997300000000000000e+04
1.760000000000000000e+04 1.997400000000000000e+04
1.768600000000000000e+04 1.995500000000000000e+04
1.773800000000000000e+04 1.990700000000000000e+04
1.773300000000000000e+04 1.993000000000000000e+04
1.773900000000000000e+04 1.990500000000000000e+04
1.770700000000000000e+04 1.994300000000000000e+04
1.778300000000000000e+04 1.990000000000000000e+04
1.776000000000000000e+04 1.990100000000000000e+04
1.775900000000000000e+04 1.990300000000000000e+04
1.787200000000000000e+04 1.987000000000000000e+04
1.784400000000000000e+04 1.988500000000000000e+04
1.787300000000000000e+04 1.984500000000000000e+04
1.791700000000000000e+04 1.980900000000000000e+04
1.789000000000000000e+04 1.982600000000000000e+04
1.789600000000000000e+04 1.982300000000000000e+04
1.788600000000000000e+04 1.983900000000000000e+04
1.796500000000000000e+04 1.980300000000000000e+04
1.796800000000000000e+04 1.979400000000000000e+04
1.800600000000000000e+04 1.978600000000000000e+04
1.804300000000000000e+04 1.976000000000000000e+04
1.811600000000000000e+04 1.974800000000000000e+04
1.803500000000000000e+04 1.977300000000000000e+04
1.812700000000000000e+04 1.970800000000000000e+04
1.816900000000000000e+04 1.970700000000000000e+04
1.817500000000000000e+04 1.969700000000000000e+04
1.824000000000000000e+04 1.968500000000000000e+04
1.817600000000000000e+04 1.968800000000000000e+04
1.829500000000000000e+04 1.964600000000000000e+04
1.821900000000000000e+04 1.968700000000000000e+04
1.830000000000000000e+04 1.962000000000000000e+04
1.826400000000000000e+04 1.965600000000000000e+04
1.826000000000000000e+04 1.966300000000000000e+04
1.834500000000000000e+04 1.958500000000000000e+04
1.832300000000000000e+04 1.961700000000000000e+04
1.832100000000000000e+04 1.961800000000000000e+04
1.838900000000000000e+04 1.955600000000000000e+04
1.838100000000000000e+04 1.957200000000000000e+04
1.836400000000000000e+04 1.958000000000000000e+04
1.842000000000000000e+04 1.953800000000000000e+04
1.845500000000000000e+04 1.950900000000000000e+04
1.841500000000000000e+04 1.954800000000000000e+04
1.844300000000000000e+04 1.952000000000000000e+04
1.843800000000000000e+04 1.952200000000000000e+04
1.847000000000000000e+04 1.947600000000000000e+04
1.845900000000000000e+04 1.949000000000000000e+04
1.847600000000000000e+04 1.947100000000000000e+04
1.852500000000000000e+04 1.945000000000000000e+04
1.848700000000000000e+04 1.946900000000000000e+04
1.850600000000000000e+04 1.945900000000000000e+04
1.853600000000000000e+04 1.942500000000000000e+04
1.856200000000000000e+04 1.940500000000000000e+04
1.853100000000000000e+04 1.943000000000000000e+04
1.857600000000000000e+04 1.939400000000000000e+04
1.854900000000000000e+04 1.941100000000000000e+04
1.854100000000000000e+04 1.941600000000000000e+04
1.855400000000000000e+04 1.940900000000000000e+04
1.852800000000000000e+04 1.944100000000000000e+04
1.858600000000000000e+04 1.936900000000000000e+04
1.858200000000000000e+04 1.937100000000000000e+04
1.863700000000000000e+04 1.933900000000000000e+04
1.858000000000000000e+04 1.937200000000000000e+04
1.858700000000000000e+04 1.936700000000000000e+04
1.862800000000000000e+04 1.936500000000000000e+04
1.864700000000000000e+04 1.930400000000000000e+04
1.864400000000000000e+04 1.933500000000000000e+04
1.879100000000000000e+04 1.921000000000000000e+04
1.874700000000000000e+04 1.927200000000000000e+04
1.872100000000000000e+04 1.928900000000000000e+04
1.869600000000000000e+04 1.930100000000000000e+04
1.874900000000000000e+04 1.924900000000000000e+04
1.877100000000000000e+04 1.923100000000000000e+04
1.872900000000000000e+04 1.927600000000000000e+04
1.880200000000000000e+04 1.919500000000000000e+04
1.876500000000000000e+04 1.924300000000000000e+04
1.881900000000000000e+04 1.918400000000000000e+04
1.702900000000000000e+04 2.006400000000000000e+04
1.703200000000000000e+04 2.006300000000000000e+04
1.716600000000000000e+04 2.006100000000000000e+04
1.742000000000000000e+04 2.004300000000000000e+04
1.738700000000000000e+04 2.004800000000000000e+04
1.742600000000000000e+04 2.002700000000000000e+04
1.747700000000000000e+04 2.000500000000000000e+04
1.744400000000000000e+04 2.002100000000000000e+04
1.747300000000000000e+04 2.001900000000000000e+04
1.752300000000000000e+04 2.000400000000000000e+04
1.756500000000000000e+04 1.999200000000000000e+04
1.761200000000000000e+04 1.996700000000000000e+04
1.760200000000000000e+04 1.997300000000000000e+04
1.760000000000000000e+04 1.997400000000000000e+04
1.768600000000000000e+04 1.995500000000000000e+04
1.773800000000000000e+04 1.990700000000000000e+04
1.773300000000000000e+04 1.993000000000000000e+04
1.773900000000000000e+04 1.990500000000000000e+04
1.770700000000000000e+04 1.994300000000000000e+04
1.778300000000000000e+04 1.990000000000000000e+04
1.776000000000000000e+04 1.990100000000000000e+04
1.775900000000000000e+04 1.990300000000000000e+04
1.787200000000000000e+04 1.987000000000000000e+04
1.784400000000000000e+04 1.988500000000000000e+04
1.787300000000000000e+04 1.984500000000000000e+04
1.791700000000000000e+04 1.980900000000000000e+04
1.789000000000000000e+04 1.982600000000000000e+04
1.789600000000000000e+04 1.982300000000000000e+04
1.788600000000000000e+04 1.983900000000000000e+04
1.796500000000000000e+04 1.980300000000000000e+04
1.796800000000000000e+04 1.979400000000000000e+04
1.800600000000000000e+04 1.978600000000000000e+04
1.804300000000000000e+04 1.976000000000000000e+04
1.811600000000000000e+04 1.974800000000000000e+04
1.803500000000000000e+04 1.977300000000000000e+04
1.812700000000000000e+04 1.970800000000000000e+04
1.816900000000000000e+04 1.970700000000000000e+04
1.817500000000000000e+04 1.969700000000000000e+04
1.824000000000000000e+04 1.968500000000000000e+04
1.817600000000000000e+04 1.968800000000000000e+04
1.829500000000000000e+04 1.964600000000000000e+04
1.821900000000000000e+04 1.968700000000000000e+04
1.830000000000000000e+04 1.962000000000000000e+04
1.826400000000000000e+04 1.965600000000000000e+04
1.826000000000000000e+04 1.966300000000000000e+04
1.834500000000000000e+04 1.958500000000000000e+04
1.832300000000000000e+04 1.961700000000000000e+04
1.832100000000000000e+04 1.961800000000000000e+04
1.838900000000000000e+04 1.955600000000000000e+04
1.838100000000000000e+04 1.957200000000000000e+04
1.836400000000000000e+04 1.958000000000000000e+04
1.842000000000000000e+04 1.953800000000000000e+04
1.845500000000000000e+04 1.950900000000000000e+04
1.841500000000000000e+04 1.954800000000000000e+04
1.844300000000000000e+04 1.952000000000000000e+04
1.843800000000000000e+04 1.952200000000000000e+04
1.847000000000000000e+04 1.947600000000000000e+04
1.845900000000000000e+04 1.949000000000000000e+04
1.847600000000000000e+04 1.947100000000000000e+04
1.852500000000000000e+04 1.945000000000000000e+04
1.848700000000000000e+04 1.946900000000000000e+04
1.850600000000000000e+04 1.945900000000000000e+04
1.853600000000000000e+04 1.942500000000000000e+04
1.856200000000000000e+04 1.940500000000000000e+04
1.853100000000000000e+04 1.943000000000000000e+04
1.857600000000000000e+04 1.939400000000000000e+04
1.854900000000000000e+04 1.941100000000000000e+04
1.854100000000000000e+04 1.941600000000000000e+04
1.855400000000000000e+04 1.940900000000000000e+04
1.852800000000000000e+04 1.944100000000000000e+04
1.858600000000000000e+04 1.936900000000000000e+04
1.858200000000000000e+04 1.937100000000000000e+04
1.863700000000000000e+04 1.933900000000000000e+04
1.858000000000000000e+04 1.937200000000000000e+04
1.858700000000000000e+04 1.936700000000000000e+04
1.862800000000000000e+04 1.936500000000000000e+04
1.864700000000000000e+04 1.930400000000000000e+04
1.864400000000000000e+04 1.933500000000000000e+04
1.879100000000000000e+04 1.921000000000000000e+04
1.874700000000000000e+04 1.927200000000000000e+04
1.872100000000000000e+04 1.928900000000000000e+04
1.869600000000000000e+04 1.930100000000000000e+04
1.874900000000000000e+04 1.924900000000000000e+04
1.877100000000000000e+04 1.923100000000000000e+04
1.872900000000000000e+04 1.927600000000000000e+04
1.880200000000000000e+04 1.919500000000000000e+04
1.876500000000000000e+04 1.924300000000000000e+04
1.881900000000000000e+04 1.918400000000000000e+04
1.886300000000000000e+04 1.910100000000000000e+04
1.878100000000000000e+04 1.921100000000000000e+04
1.882100000000000000e+04 1.916500000000000000e+04
1.882900000000000000e+04 1.915500000000000000e+04
1.883100000000000000e+04 1.913900000000000000e+04
1.884300000000000000e+04 1.912300000000000000e+04
1.886000000000000000e+04 1.912000000000000000e+04
1.888400000000000000e+04 1.908500000000000000e+04
1.890500000000000000e+04 1.907200000000000000e+04
1.887000000000000000e+04 1.909900000000000000e+04
1.884100000000000000e+04 1.912900000000000000e+04
1.890600000000000000e+04 1.904700000000000000e+04
1.702900000000000000e+04 2.006400000000000000e+04
1.703200000000000000e+04 2.006300000000000000e+04
1.716600000000000000e+04 2.006100000000000000e+04
1.742000000000000000e+04 2.004300000000000000e+04
1.738700000000000000e+04 2.004800000000000000e+04
1.742600000000000000e+04 2.002700000000000000e+04
1.747700000000000000e+04 2.000500000000000000e+04
1.744400000000000000e+04 2.002100000000000000e+04
1.747300000000000000e+04 2.001900000000000000e+04
1.752300000000000000e+04 2.000400000000000000e+04
1.756500000000000000e+04 1.999200000000000000e+04
1.761200000000000000e+04 1.996700000000000000e+04
1.760200000000000000e+04 1.997300000000000000e+04
1.760000000000000000e+04 1.997400000000000000e+04
1.768600000000000000e+04 1.995500000000000000e+04
1.773800000000000000e+04 1.990700000000000000e+04
1.773300000000000000e+04 1.993000000000000000e+04
1.773900000000000000e+04 1.990500000000000000e+04
1.770700000000000000e+04 1.994300000000000000e+04
1.778300000000000000e+04 1.990000000000000000e+04
1.776000000000000000e+04 1.990100000000000000e+04
1.775900000000000000e+04 1.990300000000000000e+04
1.787200000000000000e+04 1.987000000000000000e+04
1.784400000000000000e+04 1.988500000000000000e+04
1.787300000000000000e+04 1.984500000000000000e+04
1.791700000000000000e+04 1.980900000000000000e+04
1.789000000000000000e+04 1.982600000000000000e+04
1.789600000000000000e+04 1.982300000000000000e+04
1.788600000000000000e+04 1.983900000000000000e+04
1.796500000000000000e+04 1.980300000000000000e+04
1.796800000000000000e+04 1.979400000000000000e+04
1.800600000000000000e+04 1.978600000000000000e+04
1.804300000000000000e+04 1.976000000000000000e+04
1.811600000000000000e+04 1.974800000000000000e+04
1.803500000000000000e+04 1.977300000000000000e+04
1.812700000000000000e+04 1.970800000000000000e+04
1.816900000000000000e+04 1.970700000000000000e+04
1.817500000000000000e+04 1.969700000000000000e+04
1.824000000000000000e+04 1.968500000000000000e+04
1.817600000000000000e+04 1.968800000000000000e+04
1.829500000000000000e+04 1.964600000000000000e+04
1.821900000000000000e+04 1.968700000000000000e+04
1.830000000000000000e+04 1.962000000000000000e+04
1.826400000000000000e+04 1.965600000000000000e+04
1.826000000000000000e+04 1.966300000000000000e+04
1.834500000000000000e+04 1.958500000000000000e+04
1.832300000000000000e+04 1.961700000000000000e+04
1.832100000000000000e+04 1.961800000000000000e+04
1.838900000000000000e+04 1.955600000000000000e+04
1.838100000000000000e+04 1.957200000000000000e+04
1.836400000000000000e+04 1.958000000000000000e+04
1.842000000000000000e+04 1.953800000000000000e+04
1.845500000000000000e+04 1.950900000000000000e+04
1.841500000000000000e+04 1.954800000000000000e+04
1.844300000000000000e+04 1.952000000000000000e+04
1.843800000000000000e+04 1.952200000000000000e+04
1.847000000000000000e+04 1.947600000000000000e+04
1.845900000000000000e+04 1.949000000000000000e+04
1.847600000000000000e+04 1.947100000000000000e+04
1.852500000000000000e+04 1.945000000000000000e+04
1.848700000000000000e+04 1.946900000000000000e+04
1.850600000000000000e+04 1.945900000000000000e+04
1.853600000000000000e+04 1.942500000000000000e+04
1.856200000000000000e+04 1.940500000000000000e+04
1.853100000000000000e+04 1.943000000000000000e+04
1.857600000000000000e+04 1.939400000000000000e+04
1.854900000000000000e+04 1.941100000000000000e+04
1.854100000000000000e+04 1.941600000000000000e+04
1.855400000000000000e+04 1.940900000000000000e+04
1.852800000000000000e+04 1.944100000000000000e+04
1.858600000000000000e+04 1.936900000000000000e+04
1.858200000000000000e+04 1.937100000000000000e+04
1.863700000000000000e+04 1.933900000000000000e+04
1.858000000000000000e+04 1.937200000000000000e+04
1.858700000000000000e+04 1.936700000000000000e+04
1.862800000000000000e+04 1.936500000000000000e+04
1.864700000000000000e+04 1.930400000000000000e+04
1.864400000000000000e+04 1.933500000000000000e+04
1.879100000000000000e+04 1.921000000000000000e+04
1.874700000000000000e+04 1.927200000000000000e+04
1.872100000000000000e+04 1.928900000000000000e+04
1.869600000000000000e+04 1.930100000000000000e+04
1.874900000000000000e+04 1.924900000000000000e+04
1.877100000000000000e+04 1.923100000000000000e+04
1.872900000000000000e+04 1.927600000000000000e+04
1.880200000000000000e+04 1.919500000000000000e+04
1.876500000000000000e+04 1.924300000000000000e+04
1.881900000000000000e+04 1.918400000000000000e+04
1.886300000000000000e+04 1.910100000000000000e+04
1.878100000000000000e+04 1.921100000000000000e+04
1.882100000000000000e+04 1.916500000000000000e+04
1.882900000000000000e+04 1.915500000000000000e+04
1.883100000000000000e+04 1.913900000000000000e+04
1.884300000000000000e+04 1.912300000000000000e+04
1.886000000000000000e+04 1.912000000000000000e+04
1.888400000000000000e+04 1.908500000000000000e+04
1.890500000000000000e+04 1.907200000000000000e+04
1.887000000000000000e+04 1.909900000000000000e+04
1.884100000000000000e+04 1.912900000000000000e+04
1.895000000000000000e+04 1.901700000000000000e+04
1.891200000000000000e+04 1.905000000000000000e+04
1.894600000000000000e+04 1.903700000000000000e+04
1.896000000000000000e+04 1.900800000000000000e+04
1.899000000000000000e+04 1.898300000000000000e+04
1.702900000000000000e+04 2.006400000000000000e+04
1.703200000000000000e+04 2.006300000000000000e+04
1.716600000000000000e+04 2.006100000000000000e+04
1.742000000000000000e+04 2.004300000000000000e+04
1.738700000000000000e+04 2.004800000000000000e+04
1.742600000000000000e+04 2.002700000000000000e+04
1.747700000000000000e+04 2.000500000000000000e+04
1.744400000000000000e+04 2.002100000000000000e+04
1.747300000000000000e+04 2.001900000000000000e+04
1.752300000000000000e+04 2.000400000000000000e+04
1.756500000000000000e+04 1.999200000000000000e+04
1.761200000000000000e+04 1.996700000000000000e+04
1.760200000000000000e+04 1.997300000000000000e+04
1.760000000000000000e+04 1.997400000000000000e+04
1.768600000000000000e+04 1.995500000000000000e+04
1.773800000000000000e+04 1.990700000000000000e+04
1.773300000000000000e+04 1.993000000000000000e+04
1.773900000000000000e+04 1.990500000000000000e+04
1.770700000000000000e+04 1.994300000000000000e+04
1.778300000000000000e+04 1.990000000000000000e+04
1.776000000000000000e+04 1.990100000000000000e+04
1.775900000000000000e+04 1.990300000000000000e+04
1.787200000000000000e+04 1.987000000000000000e+04
1.784400000000000000e+04 1.988500000000000000e+04
1.787300000000000000e+04 1.984500000000000000e+04
1.791700000000000000e+04 1.980900000000000000e+04
1.789000000000000000e+04 1.982600000000000000e+04
1.789600000000000000e+04 1.982300000000000000e+04
1.788600000000000000e+04 1.983900000000000000e+04
1.796500000000000000e+04 1.980300000000000000e+04
1.796800000000000000e+04 1.979400000000000000e+04
1.800600000000000000e+04 1.978600000000000000e+04
1.804300000000000000e+04 1.976000000000000000e+04
1.811600000000000000e+04 1.974800000000000000e+04
1.803500000000000000e+04 1.977300000000000000e+04
1.812700000000000000e+04 1.970800000000000000e+04
1.816900000000000000e+04 1.970700000000000000e+04
1.817500000000000000e+04 1.969700000000000000e+04
1.824000000000000000e+04 1.968500000000000000e+04
1.817600000000000000e+04 1.968800000000000000e+04
1.829500000000000000e+04 1.964600000000000000e+04
1.821900000000000000e+04 1.968700000000000000e+04
1.830000000000000000e+04 1.962000000000000000e+04
1.826400000000000000e+04 1.965600000000000000e+04
1.826000000000000000e+04 1.966300000000000000e+04
1.834500000000000000e+04 1.958500000000000000e+04
1.832300000000000000e+04 1.961700000000000000e+04
1.832100000000000000e+04 1.961800000000000000e+04
1.838900000000000000e+04 1.955600000000000000e+04
1.838100000000000000e+04 1.957200000000000000e+04
1.836400000000000000e+04 1.958000000000000000e+04
1.842000000000000000e+04 1.953800000000000000e+04
1.845500000000000000e+04 1.950900000000000000e+04
1.841500000000000000e+04 1.954800000000000000e+04
1.844300000000000000e+04 1.952000000000000000e+04
1.843800000000000000e+04 1.952200000000000000e+04
1.847000000000000000e+04 1.947600000000000000e+04
1.845900000000000000e+04 1.949000000000000000e+04
1.847600000000000000e+04 1.947100000000000000e+04
1.852500000000000000e+04 1.945000000000000000e+04
1.848700000000000000e+04 1.946900000000000000e+04
1.850600000000000000e+04 1.945900000000000000e+04
1.853600000000000000e+04 1.942500000000000000e+04
1.856200000000000000e+04 1.940500000000000000e+04
1.853100000000000000e+04 1.943000000000000000e+04
1.857600000000000000e+04 1.939400000000000000e+04
1.854900000000000000e+04 1.941100000000000000e+04
1.854100000000000000e+04 1.941600000000000000e+04
1.855400000000000000e+04 1.940900000000000000e+04
1.852800000000000000e+04 1.944100000000000000e+04
1.858600000000000000e+04 1.936900000000000000e+04
1.858200000000000000e+04 1.937100000000000000e+04
1.863700000000000000e+04 1.933900000000000000e+04
1.858000000000000000e+04 1.937200000000000000e+04
1.858700000000000000e+04 1.936700000000000000e+04
1.862800000000000000e+04 1.936500000000000000e+04
1.864700000000000000e+04 1.930400000000000000e+04
1.864400000000000000e+04 1.933500000000000000e+04
1.879100000000000000e+04 1.921000000000000000e+04
1.874700000000000000e+04 1.927200000000000000e+04
1.872100000000000000e+04 1.928900000000000000e+04
1.869600000000000000e+04 1.930100000000000000e+04
1.874900000000000000e+04 1.924900000000000000e+04
1.877100000000000000e+04 1.923100000000000000e+04
1.872900000000000000e+04 1.927600000000000000e+04
1.880200000000000000e+04 1.919500000000000000e+04
1.876500000000000000e+04 1.924300000000000000e+04
1.881900000000000000e+04 1.918400000000000000e+04
1.886300000000000000e+04 1.910100000000000000e+04
1.878100000000000000e+04 1.921100000000000000e+04
1.882100000000000000e+04 1.916500000000000000e+04
1.882900000000000000e+04 1.915500000000000000e+04
1.883100000000000000e+04 1.913900000000000000e+04
1.884300000000000000e+04 1.912300000000000000e+04
1.886000000000000000e+04 1.912000000000000000e+04
1.888400000000000000e+04 1.908500000000000000e+04
1.890500000000000000e+04 1.907200000000000000e+04
1.887000000000000000e+04 1.909900000000000000e+04
1.884100000000000000e+04 1.912900000000000000e+04
1.895000000000000000e+04 1.901700000000000000e+04
1.891200000000000000e+04 1.905000000000000000e+04
1.894600000000000000e+04 1.903700000000000000e+04
1.896000000000000000e+04 1.900800000000000000e+04
1.899000000000000000e+04 1.898300000000000000e+04
1.900100000000000000e+04 1.894100000000000000e+04
1.901100000000000000e+04 1.893300000000000000e+04
1.901200000000000000e+04 1.892100000000000000e+04
1.899700000000000000e+04 1.896800000000000000e+04
1.899900000000000000e+04 1.894300000000000000e+04
1.900900000000000000e+04 1.893800000000000000e+04
1.905600000000000000e+04 1.888900000000000000e+04
1.902400000000000000e+04 1.891200000000000000e+04
1.904400000000000000e+04 1.889900000000000000e+04
1.906100000000000000e+04 1.885900000000000000e+04
1.909400000000000000e+04 1.885100000000000000e+04
1.907100000000000000e+04 1.885500000000000000e+04
1.702900000000000000e+04 2.006400000000000000e+04
1.703200000000000000e+04 2.006300000000000000e+04
1.716600000000000000e+04 2.006100000000000000e+04
1.742000000000000000e+04 2.004300000000000000e+04
1.738700000000000000e+04 2.004800000000000000e+04
1.742600000000000000e+04 2.002700000000000000e+04
1.747700000000000000e+04 2.000500000000000000e+04
1.744400000000000000e+04 2.002100000000000000e+04
1.747300000000000000e+04 2.001900000000000000e+04
1.752300000000000000e+04 2.000400000000000000e+04
1.756500000000000000e+04 1.999200000000000000e+04
1.761200000000000000e+04 1.996700000000000000e+04
1.760200000000000000e+04 1.997300000000000000e+04
1.760000000000000000e+04 1.997400000000000000e+04
1.768600000000000000e+04 1.995500000000000000e+04
1.773800000000000000e+04 1.990700000000000000e+04
1.773300000000000000e+04 1.993000000000000000e+04
1.773900000000000000e+04 1.990500000000000000e+04
1.770700000000000000e+04 1.994300000000000000e+04
1.778300000000000000e+04 1.990000000000000000e+04
1.776000000000000000e+04 1.990100000000000000e+04
1.775900000000000000e+04 1.990300000000000000e+04
1.787200000000000000e+04 1.987000000000000000e+04
1.784400000000000000e+04 1.988500000000000000e+04
1.787300000000000000e+04 1.984500000000000000e+04
1.791700000000000000e+04 1.980900000000000000e+04
1.789000000000000000e+04 1.982600000000000000e+04
1.789600000000000000e+04 1.982300000000000000e+04
1.788600000000000000e+04 1.983900000000000000e+04
1.796500000000000000e+04 1.980300000000000000e+04
1.796800000000000000e+04 1.979400000000000000e+04
1.800600000000000000e+04 1.978600000000000000e+04
1.804300000000000000e+04 1.976000000000000000e+04
1.811600000000000000e+04 1.974800000000000000e+04
1.803500000000000000e+04 1.977300000000000000e+04
1.812700000000000000e+04 1.970800000000000000e+04
1.816900000000000000e+04 1.970700000000000000e+04
1.817500000000000000e+04 1.969700000000000000e+04
1.824000000000000000e+04 1.968500000000000000e+04
1.817600000000000000e+04 1.968800000000000000e+04
1.829500000000000000e+04 1.964600000000000000e+04
1.821900000000000000e+04 1.968700000000000000e+04
1.830000000000000000e+04 1.962000000000000000e+04
1.826400000000000000e+04 1.965600000000000000e+04
1.826000000000000000e+04 1.966300000000000000e+04
1.834500000000000000e+04 1.958500000000000000e+04
1.832300000000000000e+04 1.961700000000000000e+04
1.832100000000000000e+04 1.961800000000000000e+04
1.838900000000000000e+04 1.955600000000000000e+04
1.838100000000000000e+04 1.957200000000000000e+04
1.836400000000000000e+04 1.958000000000000000e+04
1.842000000000000000e+04 1.953800000000000000e+04
1.845500000000000000e+04 1.950900000000000000e+04
1.841500000000000000e+04 1.954800000000000000e+04
1.844300000000000000e+04 1.952000000000000000e+04
1.843800000000000000e+04 1.952200000000000000e+04
1.847000000000000000e+04 1.947600000000000000e+04
1.845900000000000000e+04 1.949000000000000000e+04
1.847600000000000000e+04 1.947100000000000000e+04
1.852500000000000000e+04 1.945000000000000000e+04
1.848700000000000000e+04 1.946900000000000000e+04
1.850600000000000000e+04 1.945900000000000000e+04
1.853600000000000000e+04 1.942500000000000000e+04
1.856200000000000000e+04 1.940500000000000000e+04
1.853100000000000000e+04 1.943000000000000000e+04
1.857600000000000000e+04 1.939400000000000000e+04
1.854900000000000000e+04 1.941100000000000000e+04
1.854100000000000000e+04 1.941600000000000000e+04
1.855400000000000000e+04 1.940900000000000000e+04
1.852800000000000000e+04 1.944100000000000000e+04
1.858600000000000000e+04 1.936900000000000000e+04
1.858200000000000000e+04 1.937100000000000000e+04
1.863700000000000000e+04 1.933900000000000000e+04
1.858000000000000000e+04 1.937200000000000000e+04
1.858700000000000000e+04 1.936700000000000000e+04
1.862800000000000000e+04 1.936500000000000000e+04
1.864700000000000000e+04 1.930400000000000000e+04
1.864400000000000000e+04 1.933500000000000000e+04
1.879100000000000000e+04 1.921000000000000000e+04
1.874700000000000000e+04 1.927200000000000000e+04
1.872100000000000000e+04 1.928900000000000000e+04
1.869600000000000000e+04 1.930100000000000000e+04
1.874900000000000000e+04 1.924900000000000000e+04
1.877100000000000000e+04 1.923100000000000000e+04
1.872900000000000000e+04 1.927600000000000000e+04
1.880200000000000000e+04 1.919500000000000000e+04
1.876500000000000000e+04 1.924300000000000000e+04
1.881900000000000000e+04 1.918400000000000000e+04
1.886300000000000000e+04 1.910100000000000000e+04
1.878100000000000000e+04 1.921100000000000000e+04
1.882100000000000000e+04 1.916500000000000000e+04
1.882900000000000000e+04 1.915500000000000000e+04
1.883100000000000000e+04 1.913900000000000000e+04
1.884300000000000000e+04 1.912300000000000000e+04
1.886000000000000000e+04 1.912000000000000000e+04
1.888400000000000000e+04 1.908500000000000000e+04
1.890500000000000000e+04 1.907200000000000000e+04
1.887000000000000000e+04 1.909900000000000000e+04
1.884100000000000000e+04 1.912900000000000000e+04
1.895000000000000000e+04 1.901700000000000000e+04
1.891200000000000000e+04 1.905000000000000000e+04
1.894600000000000000e+04 1.903700000000000000e+04
1.896000000000000000e+04 1.900800000000000000e+04
1.899000000000000000e+04 1.898300000000000000e+04
1.900100000000000000e+04 1.894100000000000000e+04
1.901100000000000000e+04 1.893300000000000000e+04
1.901200000000000000e+04 1.892100000000000000e+04
1.899700000000000000e+04 1.896800000000000000e+04
1.899900000000000000e+04 1.894300000000000000e+04
1.900900000000000000e+04 1.893800000000000000e+04
1.905600000000000000e+04 1.888900000000000000e+04
1.902400000000000000e+04 1.891200000000000000e+04
1.904400000000000000e+04 1.889900000000000000e+04
1.909400000000000000e+04 1.885100000000000000e+04
1.909500000000000000e+04 1.882300000000000000e+04
1.908100000000000000e+04 1.886100000000000000e+04
1.911900000000000000e+04 1.880700000000000000e+04
1.907600000000000000e+04 1.887600000000000000e+04
1.910000000000000000e+04 1.881500000000000000e+04
1.912100000000000000e+04 1.878000000000000000e+04
1.912000000000000000e+04 1.878200000000000000e+04
1.911400000000000000e+04 1.881400000000000000e+04
1.912900000000000000e+04 1.877400000000000000e+04
1.914200000000000000e+04 1.876800000000000000e+04
1.914900000000000000e+04 1.876100000000000000e+04
1.912600000000000000e+04 1.877800000000000000e+04
1.702900000000000000e+04 2.006400000000000000e+04
1.703200000000000000e+04 2.006300000000000000e+04
1.716600000000000000e+04 2.006100000000000000e+04
1.742000000000000000e+04 2.004300000000000000e+04
1.738700000000000000e+04 2.004800000000000000e+04
1.742600000000000000e+04 2.002700000000000000e+04
1.747700000000000000e+04 2.000500000000000000e+04
1.744400000000000000e+04 2.002100000000000000e+04
1.747300000000000000e+04 2.001900000000000000e+04
1.752300000000000000e+04 2.000400000000000000e+04
1.756500000000000000e+04 1.999200000000000000e+04
1.761200000000000000e+04 1.996700000000000000e+04
1.760200000000000000e+04 1.997300000000000000e+04
1.760000000000000000e+04 1.997400000000000000e+04
1.768600000000000000e+04 1.995500000000000000e+04
1.773800000000000000e+04 1.990700000000000000e+04
1.773300000000000000e+04 1.993000000000000000e+04
1.773900000000000000e+04 1.990500000000000000e+04
1.770700000000000000e+04 1.994300000000000000e+04
1.778300000000000000e+04 1.990000000000000000e+04
1.776000000000000000e+04 1.990100000000000000e+04
1.775900000000000000e+04 1.990300000000000000e+04
1.787200000000000000e+04 1.987000000000000000e+04
1.784400000000000000e+04 1.988500000000000000e+04
1.787300000000000000e+04 1.984500000000000000e+04
1.791700000000000000e+04 1.980900000000000000e+04
1.789000000000000000e+04 1.982600000000000000e+04
1.789600000000000000e+04 1.982300000000000000e+04
1.788600000000000000e+04 1.983900000000000000e+04
1.796500000000000000e+04 1.980300000000000000e+04
1.796800000000000000e+04 1.979400000000000000e+04
1.800600000000000000e+04 1.978600000000000000e+04
1.804300000000000000e+04 1.976000000000000000e+04
1.811600000000000000e+04 1.974800000000000000e+04
1.803500000000000000e+04 1.977300000000000000e+04
1.812700000000000000e+04 1.970800000000000000e+04
1.816900000000000000e+04 1.970700000000000000e+04
1.817500000000000000e+04 1.969700000000000000e+04
1.824000000000000000e+04 1.968500000000000000e+04
1.817600000000000000e+04 1.968800000000000000e+04
1.829500000000000000e+04 1.964600000000000000e+04
1.821900000000000000e+04 1.968700000000000000e+04
1.830000000000000000e+04 1.962000000000000000e+04
1.826400000000000000e+04 1.965600000000000000e+04
1.826000000000000000e+04 1.966300000000000000e+04
1.834500000000000000e+04 1.958500000000000000e+04
1.832300000000000000e+04 1.961700000000000000e+04
1.832100000000000000e+04 1.961800000000000000e+04
1.838900000000000000e+04 1.955600000000000000e+04
1.838100000000000000e+04 1.957200000000000000e+04
1.836400000000000000e+04 1.958000000000000000e+04
1.842000000000000000e+04 1.953800000000000000e+04
1.845500000000000000e+04 1.950900000000000000e+04
1.841500000000000000e+04 1.954800000000000000e+04
1.844300000000000000e+04 1.952000000000000000e+04
1.843800000000000000e+04 1.952200000000000000e+04
1.847000000000000000e+04 1.947600000000000000e+04
1.845900000000000000e+04 1.949000000000000000e+04
1.847600000000000000e+04 1.947100000000000000e+04
1.852500000000000000e+04 1.945000000000000000e+04
1.848700000000000000e+04 1.946900000000000000e+04
1.850600000000000000e+04 1.945900000000000000e+04
1.853600000000000000e+04 1.942500000000000000e+04
1.856200000000000000e+04 1.940500000000000000e+04
1.853100000000000000e+04 1.943000000000000000e+04
1.857600000000000000e+04 1.939400000000000000e+04
1.854900000000000000e+04 1.941100000000000000e+04
1.854100000000000000e+04 1.941600000000000000e+04
1.855400000000000000e+04 1.940900000000000000e+04
1.852800000000000000e+04 1.944100000000000000e+04
1.858600000000000000e+04 1.936900000000000000e+04
1.858200000000000000e+04 1.937100000000000000e+04
1.863700000000000000e+04 1.933900000000000000e+04
1.858000000000000000e+04 1.937200000000000000e+04
1.858700000000000000e+04 1.936700000000000000e+04
1.862800000000000000e+04 1.936500000000000000e+04
1.864700000000000000e+04 1.930400000000000000e+04
1.864400000000000000e+04 1.933500000000000000e+04
1.879100000000000000e+04 1.921000000000000000e+04
1.874700000000000000e+04 1.927200000000000000e+04
1.872100000000000000e+04 1.928900000000000000e+04
1.869600000000000000e+04 1.930100000000000000e+04
1.874900000000000000e+04 1.924900000000000000e+04
1.877100000000000000e+04 1.923100000000000000e+04
1.872900000000000000e+04 1.927600000000000000e+04
1.880200000000000000e+04 1.919500000000000000e+04
1.876500000000000000e+04 1.924300000000000000e+04
1.881900000000000000e+04 1.918400000000000000e+04
1.886300000000000000e+04 1.910100000000000000e+04
1.878100000000000000e+04 1.921100000000000000e+04
1.882100000000000000e+04 1.916500000000000000e+04
1.882900000000000000e+04 1.915500000000000000e+04
1.883100000000000000e+04 1.913900000000000000e+04
1.884300000000000000e+04 1.912300000000000000e+04
1.886000000000000000e+04 1.912000000000000000e+04
1.888400000000000000e+04 1.908500000000000000e+04
1.890500000000000000e+04 1.907200000000000000e+04
1.887000000000000000e+04 1.909900000000000000e+04
1.884100000000000000e+04 1.912900000000000000e+04
1.895000000000000000e+04 1.901700000000000000e+04
1.891200000000000000e+04 1.905000000000000000e+04
1.894600000000000000e+04 1.903700000000000000e+04
1.896000000000000000e+04 1.900800000000000000e+04
1.899000000000000000e+04 1.898300000000000000e+04
1.900100000000000000e+04 1.894100000000000000e+04
1.901100000000000000e+04 1.893300000000000000e+04
1.901200000000000000e+04 1.892100000000000000e+04
1.899700000000000000e+04 1.896800000000000000e+04
1.899900000000000000e+04 1.894300000000000000e+04
1.900900000000000000e+04 1.893800000000000000e+04
1.905600000000000000e+04 1.888900000000000000e+04
1.902400000000000000e+04 1.891200000000000000e+04
1.904400000000000000e+04 1.889900000000000000e+04
1.909400000000000000e+04 1.885100000000000000e+04
1.909500000000000000e+04 1.882300000000000000e+04
1.908100000000000000e+04 1.886100000000000000e+04
1.911900000000000000e+04 1.880700000000000000e+04
1.907600000000000000e+04 1.887600000000000000e+04
1.910000000000000000e+04 1.881500000000000000e+04
1.911400000000000000e+04 1.881400000000000000e+04
1.914300000000000000e+04 1.879700000000000000e+04
1.917400000000000000e+04 1.874100000000000000e+04
1.917100000000000000e+04 1.878100000000000000e+04
1.918700000000000000e+04 1.869700000000000000e+04
1.917600000000000000e+04 1.872400000000000000e+04
1.917900000000000000e+04 1.872000000000000000e+04
1.918400000000000000e+04 1.871300000000000000e+04
1.918900000000000000e+04 1.869200000000000000e+04
1.919400000000000000e+04 1.867200000000000000e+04
1.918500000000000000e+04 1.870100000000000000e+04
1.919200000000000000e+04 1.869100000000000000e+04
1.917700000000000000e+04 1.872200000000000000e+04
1.919700000000000000e+04 1.866200000000000000e+04
1.702900000000000000e+04 2.006400000000000000e+04
1.703200000000000000e+04 2.006300000000000000e+04
1.716600000000000000e+04 2.006100000000000000e+04
1.742000000000000000e+04 2.004300000000000000e+04
1.738700000000000000e+04 2.004800000000000000e+04
1.742600000000000000e+04 2.002700000000000000e+04
1.747700000000000000e+04 2.000500000000000000e+04
1.744400000000000000e+04 2.002100000000000000e+04
1.747300000000000000e+04 2.001900000000000000e+04
1.752300000000000000e+04 2.000400000000000000e+04
1.756500000000000000e+04 1.999200000000000000e+04
1.761200000000000000e+04 1.996700000000000000e+04
1.760200000000000000e+04 1.997300000000000000e+04
1.760000000000000000e+04 1.997400000000000000e+04
1.768600000000000000e+04 1.995500000000000000e+04
1.773800000000000000e+04 1.990700000000000000e+04
1.773300000000000000e+04 1.993000000000000000e+04
1.773900000000000000e+04 1.990500000000000000e+04
1.770700000000000000e+04 1.994300000000000000e+04
1.778300000000000000e+04 1.990000000000000000e+04
1.776000000000000000e+04 1.990100000000000000e+04
1.775900000000000000e+04 1.990300000000000000e+04
1.787200000000000000e+04 1.987000000000000000e+04
1.784400000000000000e+04 1.988500000000000000e+04
1.787300000000000000e+04 1.984500000000000000e+04
1.791700000000000000e+04 1.980900000000000000e+04
1.789000000000000000e+04 1.982600000000000000e+04
1.789600000000000000e+04 1.982300000000000000e+04
1.788600000000000000e+04 1.983900000000000000e+04
1.796500000000000000e+04 1.980300000000000000e+04
1.796800000000000000e+04 1.979400000000000000e+04
1.800600000000000000e+04 1.978600000000000000e+04
1.804300000000000000e+04 1.976000000000000000e+04
1.811600000000000000e+04 1.974800000000000000e+04
1.803500000000000000e+04 1.977300000000000000e+04
1.812700000000000000e+04 1.970800000000000000e+04
1.816900000000000000e+04 1.970700000000000000e+04
1.817500000000000000e+04 1.969700000000000000e+04
1.824000000000000000e+04 1.968500000000000000e+04
1.817600000000000000e+04 1.968800000000000000e+04
1.829500000000000000e+04 1.964600000000000000e+04
1.821900000000000000e+04 1.968700000000000000e+04
1.830000000000000000e+04 1.962000000000000000e+04
1.826400000000000000e+04 1.965600000000000000e+04
1.826000000000000000e+04 1.966300000000000000e+04
1.834500000000000000e+04 1.958500000000000000e+04
1.832300000000000000e+04 1.961700000000000000e+04
1.832100000000000000e+04 1.961800000000000000e+04
1.838900000000000000e+04 1.955600000000000000e+04
1.838100000000000000e+04 1.957200000000000000e+04
1.836400000000000000e+04 1.958000000000000000e+04
1.842000000000000000e+04 1.953800000000000000e+04
1.845500000000000000e+04 1.950900000000000000e+04
1.841500000000000000e+04 1.954800000000000000e+04
1.844300000000000000e+04 1.952000000000000000e+04
1.843800000000000000e+04 1.952200000000000000e+04
1.847000000000000000e+04 1.947600000000000000e+04
1.845900000000000000e+04 1.949000000000000000e+04
1.847600000000000000e+04 1.947100000000000000e+04
1.852500000000000000e+04 1.945000000000000000e+04
1.848700000000000000e+04 1.946900000000000000e+04
1.850600000000000000e+04 1.945900000000000000e+04
1.853600000000000000e+04 1.942500000000000000e+04
1.856200000000000000e+04 1.940500000000000000e+04
1.853100000000000000e+04 1.943000000000000000e+04
1.857600000000000000e+04 1.939400000000000000e+04
1.854900000000000000e+04 1.941100000000000000e+04
1.854100000000000000e+04 1.941600000000000000e+04
1.855400000000000000e+04 1.940900000000000000e+04
1.852800000000000000e+04 1.944100000000000000e+04
1.858600000000000000e+04 1.936900000000000000e+04
1.858200000000000000e+04 1.937100000000000000e+04
1.863700000000000000e+04 1.933900000000000000e+04
1.858000000000000000e+04 1.937200000000000000e+04
1.858700000000000000e+04 1.936700000000000000e+04
1.862800000000000000e+04 1.936500000000000000e+04
1.864700000000000000e+04 1.930400000000000000e+04
1.864400000000000000e+04 1.933500000000000000e+04
1.879100000000000000e+04 1.921000000000000000e+04
1.874700000000000000e+04 1.927200000000000000e+04
1.872100000000000000e+04 1.928900000000000000e+04
1.869600000000000000e+04 1.930100000000000000e+04
1.874900000000000000e+04 1.924900000000000000e+04
1.877100000000000000e+04 1.923100000000000000e+04
1.872900000000000000e+04 1.927600000000000000e+04
1.880200000000000000e+04 1.919500000000000000e+04
1.876500000000000000e+04 1.924300000000000000e+04
1.881900000000000000e+04 1.918400000000000000e+04
1.886300000000000000e+04 1.910100000000000000e+04
1.878100000000000000e+04 1.921100000000000000e+04
1.882100000000000000e+04 1.916500000000000000e+04
1.882900000000000000e+04 1.915500000000000000e+04
1.883100000000000000e+04 1.913900000000000000e+04
1.884300000000000000e+04 1.912300000000000000e+04
1.886000000000000000e+04 1.912000000000000000e+04
1.888400000000000000e+04 1.908500000000000000e+04
1.890500000000000000e+04 1.907200000000000000e+04
1.887000000000000000e+04 1.909900000000000000e+04
1.884100000000000000e+04 1.912900000000000000e+04
1.895000000000000000e+04 1.901700000000000000e+04
1.891200000000000000e+04 1.905000000000000000e+04
1.894600000000000000e+04 1.903700000000000000e+04
1.896000000000000000e+04 1.900800000000000000e+04
1.899000000000000000e+04 1.898300000000000000e+04
1.900100000000000000e+04 1.894100000000000000e+04
1.901100000000000000e+04 1.893300000000000000e+04
1.901200000000000000e+04 1.892100000000000000e+04
1.899700000000000000e+04 1.896800000000000000e+04
1.899900000000000000e+04 1.894300000000000000e+04
1.900900000000000000e+04 1.893800000000000000e+04
1.905600000000000000e+04 1.888900000000000000e+04
1.902400000000000000e+04 1.891200000000000000e+04
1.904400000000000000e+04 1.889900000000000000e+04
1.909400000000000000e+04 1.885100000000000000e+04
1.909500000000000000e+04 1.882300000000000000e+04
1.908100000000000000e+04 1.886100000000000000e+04
1.911900000000000000e+04 1.880700000000000000e+04
1.907600000000000000e+04 1.887600000000000000e+04
1.910000000000000000e+04 1.881500000000000000e+04
1.911400000000000000e+04 1.881400000000000000e+04
1.914300000000000000e+04 1.879700000000000000e+04
1.917100000000000000e+04 1.878100000000000000e+04
1.918100000000000000e+04 1.874600000000000000e+04
1.922500000000000000e+04 1.873500000000000000e+04
1.923100000000000000e+04 1.870200000000000000e+04
1.926400000000000000e+04 1.865200000000000000e+04
1.925400000000000000e+04 1.869900000000000000e+04
1.927300000000000000e+04 1.862600000000000000e+04
1.702900000000000000e+04 2.006400000000000000e+04
1.703200000000000000e+04 2.006300000000000000e+04
1.716600000000000000e+04 2.006100000000000000e+04
1.742000000000000000e+04 2.004300000000000000e+04
1.738700000000000000e+04 2.004800000000000000e+04
1.742600000000000000e+04 2.002700000000000000e+04
1.747700000000000000e+04 2.000500000000000000e+04
1.744400000000000000e+04 2.002100000000000000e+04
1.747300000000000000e+04 2.001900000000000000e+04
1.752300000000000000e+04 2.000400000000000000e+04
1.756500000000000000e+04 1.999200000000000000e+04
1.761200000000000000e+04 1.996700000000000000e+04
1.760200000000000000e+04 1.997300000000000000e+04
1.760000000000000000e+04 1.997400000000000000e+04
1.768600000000000000e+04 1.995500000000000000e+04
1.773800000000000000e+04 1.990700000000000000e+04
1.773300000000000000e+04 1.993000000000000000e+04
1.773900000000000000e+04 1.990500000000000000e+04
1.770700000000000000e+04 1.994300000000000000e+04
1.778300000000000000e+04 1.990000000000000000e+04
1.776000000000000000e+04 1.990100000000000000e+04
1.775900000000000000e+04 1.990300000000000000e+04
1.787200000000000000e+04 1.987000000000000000e+04
1.784400000000000000e+04 1.988500000000000000e+04
1.787300000000000000e+04 1.984500000000000000e+04
1.791700000000000000e+04 1.980900000000000000e+04
1.789000000000000000e+04 1.982600000000000000e+04
1.789600000000000000e+04 1.982300000000000000e+04
1.788600000000000000e+04 1.983900000000000000e+04
1.796500000000000000e+04 1.980300000000000000e+04
1.796800000000000000e+04 1.979400000000000000e+04
1.800600000000000000e+04 1.978600000000000000e+04
1.804300000000000000e+04 1.976000000000000000e+04
1.811600000000000000e+04 1.974800000000000000e+04
1.803500000000000000e+04 1.977300000000000000e+04
1.812700000000000000e+04 1.970800000000000000e+04
1.816900000000000000e+04 1.970700000000000000e+04
1.817500000000000000e+04 1.969700000000000000e+04
1.824000000000000000e+04 1.968500000000000000e+04
1.817600000000000000e+04 1.968800000000000000e+04
1.829500000000000000e+04 1.964600000000000000e+04
1.821900000000000000e+04 1.968700000000000000e+04
1.830000000000000000e+04 1.962000000000000000e+04
1.826400000000000000e+04 1.965600000000000000e+04
1.826000000000000000e+04 1.966300000000000000e+04
1.834500000000000000e+04 1.958500000000000000e+04
1.832300000000000000e+04 1.961700000000000000e+04
1.832100000000000000e+04 1.961800000000000000e+04
1.838900000000000000e+04 1.955600000000000000e+04
1.838100000000000000e+04 1.957200000000000000e+04
1.836400000000000000e+04 1.958000000000000000e+04
1.842000000000000000e+04 1.953800000000000000e+04
1.845500000000000000e+04 1.950900000000000000e+04
1.841500000000000000e+04 1.954800000000000000e+04
1.844300000000000000e+04 1.952000000000000000e+04
1.843800000000000000e+04 1.952200000000000000e+04
1.847000000000000000e+04 1.947600000000000000e+04
1.845900000000000000e+04 1.949000000000000000e+04
1.847600000000000000e+04 1.947100000000000000e+04
1.852500000000000000e+04 1.945000000000000000e+04
1.848700000000000000e+04 1.946900000000000000e+04
1.850600000000000000e+04 1.945900000000000000e+04
1.853600000000000000e+04 1.942500000000000000e+04
1.856200000000000000e+04 1.940500000000000000e+04
1.853100000000000000e+04 1.943000000000000000e+04
1.857600000000000000e+04 1.939400000000000000e+04
1.854900000000000000e+04 1.941100000000000000e+04
1.854100000000000000e+04 1.941600000000000000e+04
1.855400000000000000e+04 1.940900000000000000e+04
1.852800000000000000e+04 1.944100000000000000e+04
1.858600000000000000e+04 1.936900000000000000e+04
1.858200000000000000e+04 1.937100000000000000e+04
1.863700000000000000e+04 1.933900000000000000e+04
1.858000000000000000e+04 1.937200000000000000e+04
1.858700000000000000e+04 1.936700000000000000e+04
1.862800000000000000e+04 1.936500000000000000e+04
1.864700000000000000e+04 1.930400000000000000e+04
1.864400000000000000e+04 1.933500000000000000e+04
1.879100000000000000e+04 1.921000000000000000e+04
1.874700000000000000e+04 1.927200000000000000e+04
1.872100000000000000e+04 1.928900000000000000e+04
1.869600000000000000e+04 1.930100000000000000e+04
1.874900000000000000e+04 1.924900000000000000e+04
1.877100000000000000e+04 1.923100000000000000e+04
1.872900000000000000e+04 1.927600000000000000e+04
1.880200000000000000e+04 1.919500000000000000e+04
1.876500000000000000e+04 1.924300000000000000e+04
1.881900000000000000e+04 1.918400000000000000e+04
1.886300000000000000e+04 1.910100000000000000e+04
1.878100000000000000e+04 1.921100000000000000e+04
1.882100000000000000e+04 1.916500000000000000e+04
1.882900000000000000e+04 1.915500000000000000e+04
1.883100000000000000e+04 1.913900000000000000e+04
1.884300000000000000e+04 1.912300000000000000e+04
1.886000000000000000e+04 1.912000000000000000e+04
1.888400000000000000e+04 1.908500000000000000e+04
1.890500000000000000e+04 1.907200000000000000e+04
1.887000000000000000e+04 1.909900000000000000e+04
1.884100000000000000e+04 1.912900000000000000e+04
1.895000000000000000e+04 1.901700000000000000e+04
1.891200000000000000e+04 1.905000000000000000e+04
1.894600000000000000e+04 1.903700000000000000e+04
1.896000000000000000e+04 1.900800000000000000e+04
1.899000000000000000e+04 1.898300000000000000e+04
1.900100000000000000e+04 1.894100000000000000e+04
1.901100000000000000e+04 1.893300000000000000e+04
1.901200000000000000e+04 1.892100000000000000e+04
1.899700000000000000e+04 1.896800000000000000e+04
1.899900000000000000e+04 1.894300000000000000e+04
1.900900000000000000e+04 1.893800000000000000e+04
1.905600000000000000e+04 1.888900000000000000e+04
1.902400000000000000e+04 1.891200000000000000e+04
1.904400000000000000e+04 1.889900000000000000e+04
1.909400000000000000e+04 1.885100000000000000e+04
1.909500000000000000e+04 1.882300000000000000e+04
1.908100000000000000e+04 1.886100000000000000e+04
1.911900000000000000e+04 1.880700000000000000e+04
1.907600000000000000e+04 1.887600000000000000e+04
1.910000000000000000e+04 1.881500000000000000e+04
1.911400000000000000e+04 1.881400000000000000e+04
1.914300000000000000e+04 1.879700000000000000e+04
1.917100000000000000e+04 1.878100000000000000e+04
1.918100000000000000e+04 1.874600000000000000e+04
1.922500000000000000e+04 1.873500000000000000e+04
1.923100000000000000e+04 1.870200000000000000e+04
1.926400000000000000e+04 1.865200000000000000e+04
1.925400000000000000e+04 1.869900000000000000e+04
1.927300000000000000e+04 1.862600000000000000e+04
1.928000000000000000e+04 1.860200000000000000e+04
1.926800000000000000e+04 1.864000000000000000e+04
1.931300000000000000e+04 1.855000000000000000e+04
1.928900000000000000e+04 1.858300000000000000e+04
1.929900000000000000e+04 1.857100000000000000e+04
1.931700000000000000e+04 1.854300000000000000e+04
1.928500000000000000e+04 1.859700000000000000e+04
1.930300000000000000e+04 1.855700000000000000e+04
1.930200000000000000e+04 1.855900000000000000e+04
1.934800000000000000e+04 1.853900000000000000e+04
1.939200000000000000e+04 1.850200000000000000e+04
1.940400000000000000e+04 1.846600000000000000e+04
1.942100000000000000e+04 1.843500000000000000e+04
1.943200000000000000e+04 1.841200000000000000e+04
1.942000000000000000e+04 1.845700000000000000e+04
1.589800000000000000e+04 1.823600000000000000e+04
1.610000000000000000e+04 1.823500000000000000e+04
1.568500000000000000e+04 1.827600000000000000e+04
1.576200000000000000e+04 1.825200000000000000e+04
1.573100000000000000e+04 1.825300000000000000e+04
1.643500000000000000e+04 1.912900000000000000e+04
1.661900000000000000e+04 1.911700000000000000e+04
1.644100000000000000e+04 1.911800000000000000e+04
1.643200000000000000e+04 1.913900000000000000e+04
1.637400000000000000e+04 1.915200000000000000e+04
1.631100000000000000e+04 1.917900000000000000e+04
1.659500000000000000e+04 1.959500000000000000e+04
1.665600000000000000e+04 1.955500000000000000e+04
1.668800000000000000e+04 1.955300000000000000e+04
1.661700000000000000e+04 1.957500000000000000e+04
1.673400000000000000e+04 1.978100000000000000e+04
1.663700000000000000e+04 1.982500000000000000e+04
1.660600000000000000e+04 1.983900000000000000e+04
1.661300000000000000e+04 1.982700000000000000e+04
1.670100000000000000e+04 1.982200000000000000e+04
1.671500000000000000e+04 1.980300000000000000e+04
1.672700000000000000e+04 1.980200000000000000e+04
1.670400000000000000e+04 1.980400000000000000e+04
1.683500000000000000e+04 1.991300000000000000e+04
1.682900000000000000e+04 1.994200000000000000e+04
1.674800000000000000e+04 1.994800000000000000e+04
1.673700000000000000e+04 1.995300000000000000e+04
1.677800000000000000e+04 1.994400000000000000e+04
1.675800000000000000e+04 1.994500000000000000e+04
1.695800000000000000e+04 1.996800000000000000e+04
1.689400000000000000e+04 2.004400000000000000e+04
1.694800000000000000e+04 1.999200000000000000e+04
1.692000000000000000e+04 2.004000000000000000e+04
1.693200000000000000e+04 2.001800000000000000e+04
1.692400000000000000e+04 2.002800000000000000e+04
1.713000000000000000e+04 2.004200000000000000e+04
1.708200000000000000e+04 2.007800000000000000e+04
1.706600000000000000e+04 2.010200000000000000e+04
1.712900000000000000e+04 2.007000000000000000e+04
1.712300000000000000e+04 2.007400000000000000e+04
1.713900000000000000e+04 2.010800000000000000e+04
1.719200000000000000e+04 2.007900000000000000e+04
1.722800000000000000e+04 2.007100000000000000e+04
1.716700000000000000e+04 2.008600000000000000e+04
1.719100000000000000e+04 2.008100000000000000e+04
1.713900000000000000e+04 2.010800000000000000e+04
1.722800000000000000e+04 2.007100000000000000e+04
1.728500000000000000e+04 2.004400000000000000e+04
1.721700000000000000e+04 2.008200000000000000e+04
1.723500000000000000e+04 2.006800000000000000e+04
1.720800000000000000e+04 2.009400000000000000e+04
1.726600000000000000e+04 2.006600000000000000e+04
1.727700000000000000e+04 2.006200000000000000e+04
1.713900000000000000e+04 2.010800000000000000e+04
1.722800000000000000e+04 2.007100000000000000e+04
1.721700000000000000e+04 2.008200000000000000e+04
1.720800000000000000e+04 2.009400000000000000e+04
1.727700000000000000e+04 2.006200000000000000e+04
1.729200000000000000e+04 2.006100000000000000e+04
1.726800000000000000e+04 2.006800000000000000e+04
1.730300000000000000e+04 2.005400000000000000e+04
1.731700000000000000e+04 2.004900000000000000e+04
1.736500000000000000e+04 2.003300000000000000e+04
1.713900000000000000e+04 2.010800000000000000e+04
1.722800000000000000e+04 2.007100000000000000e+04
1.721700000000000000e+04 2.008200000000000000e+04
1.720800000000000000e+04 2.009400000000000000e+04
1.727700000000000000e+04 2.006200000000000000e+04
1.729200000000000000e+04 2.006100000000000000e+04
1.726800000000000000e+04 2.006800000000000000e+04
1.730300000000000000e+04 2.005400000000000000e+04
1.736500000000000000e+04 2.003300000000000000e+04
1.731100000000000000e+04 2.005300000000000000e+04
1.733000000000000000e+04 2.005200000000000000e+04
1.733400000000000000e+04 2.004100000000000000e+04
1.733800000000000000e+04 2.004000000000000000e+04
1.742700000000000000e+04 2.000400000000000000e+04
1.742100000000000000e+04 2.002100000000000000e+04
1.740800000000000000e+04 2.002900000000000000e+04
1.713900000000000000e+04 2.010800000000000000e+04
1.722800000000000000e+04 2.007100000000000000e+04
1.721700000000000000e+04 2.008200000000000000e+04
1.720800000000000000e+04 2.009400000000000000e+04
1.727700000000000000e+04 2.006200000000000000e+04
1.729200000000000000e+04 2.006100000000000000e+04
1.726800000000000000e+04 2.006800000000000000e+04
1.730300000000000000e+04 2.005400000000000000e+04
1.736500000000000000e+04 2.003300000000000000e+04
1.731100000000000000e+04 2.005300000000000000e+04
1.733000000000000000e+04 2.005200000000000000e+04
1.733400000000000000e+04 2.004100000000000000e+04
1.733800000000000000e+04 2.004000000000000000e+04
1.742100000000000000e+04 2.002100000000000000e+04
1.740800000000000000e+04 2.002900000000000000e+04
1.742700000000000000e+04 2.001300000000000000e+04
1.745600000000000000e+04 2.000400000000000000e+04
1.751900000000000000e+04 1.997700000000000000e+04
1.754700000000000000e+04 1.997300000000000000e+04
1.747900000000000000e+04 1.999400000000000000e+04
1.713900000000000000e+04 2.010800000000000000e+04
1.722800000000000000e+04 2.007100000000000000e+04
1.721700000000000000e+04 2.008200000000000000e+04
1.720800000000000000e+04 2.009400000000000000e+04
1.727700000000000000e+04 2.006200000000000000e+04
1.729200000000000000e+04 2.006100000000000000e+04
1.726800000000000000e+04 2.006800000000000000e+04
1.730300000000000000e+04 2.005400000000000000e+04
1.736500000000000000e+04 2.003300000000000000e+04
1.731100000000000000e+04 2.005300000000000000e+04
1.733000000000000000e+04 2.005200000000000000e+04
1.733400000000000000e+04 2.004100000000000000e+04
1.733800000000000000e+04 2.004000000000000000e+04
1.742100000000000000e+04 2.002100000000000000e+04
1.740800000000000000e+04 2.002900000000000000e+04
1.742700000000000000e+04 2.001300000000000000e+04
1.745600000000000000e+04 2.000400000000000000e+04
1.751900000000000000e+04 1.997700000000000000e+04
1.754700000000000000e+04 1.997300000000000000e+04
1.747900000000000000e+04 1.999400000000000000e+04
1.759100000000000000e+04 1.993700000000000000e+04
1.757600000000000000e+04 1.994300000000000000e+04
1.765300000000000000e+04 1.991800000000000000e+04
1.761000000000000000e+04 1.991900000000000000e+04
1.766900000000000000e+04 1.991200000000000000e+04
1.713900000000000000e+04 2.010800000000000000e+04
1.722800000000000000e+04 2.007100000000000000e+04
1.721700000000000000e+04 2.008200000000000000e+04
1.720800000000000000e+04 2.009400000000000000e+04
1.727700000000000000e+04 2.006200000000000000e+04
1.729200000000000000e+04 2.006100000000000000e+04
1.726800000000000000e+04 2.006800000000000000e+04
1.730300000000000000e+04 2.005400000000000000e+04
1.736500000000000000e+04 2.003300000000000000e+04
1.731100000000000000e+04 2.005300000000000000e+04
1.733000000000000000e+04 2.005200000000000000e+04
1.733400000000000000e+04 2.004100000000000000e+04
1.733800000000000000e+04 2.004000000000000000e+04
1.742100000000000000e+04 2.002100000000000000e+04
1.740800000000000000e+04 2.002900000000000000e+04
1.742700000000000000e+04 2.001300000000000000e+04
1.745600000000000000e+04 2.000400000000000000e+04
1.751900000000000000e+04 1.997700000000000000e+04
1.754700000000000000e+04 1.997300000000000000e+04
1.747900000000000000e+04 1.999400000000000000e+04
1.759100000000000000e+04 1.993700000000000000e+04
1.757600000000000000e+04 1.994300000000000000e+04
1.765300000000000000e+04 1.991800000000000000e+04
1.761600000000000000e+04 1.992000000000000000e+04
1.761100000000000000e+04 1.992500000000000000e+04
1.766200000000000000e+04 1.991600000000000000e+04
1.775000000000000000e+04 1.989400000000000000e+04
1.773100000000000000e+04 1.990500000000000000e+04
1.771800000000000000e+04 1.991400000000000000e+04
1.772000000000000000e+04 1.990600000000000000e+04
1.775900000000000000e+04 1.989000000000000000e+04
1.779300000000000000e+04 1.988900000000000000e+04
1.713900000000000000e+04 2.010800000000000000e+04
1.722800000000000000e+04 2.007100000000000000e+04
1.721700000000000000e+04 2.008200000000000000e+04
1.720800000000000000e+04 2.009400000000000000e+04
1.727700000000000000e+04 2.006200000000000000e+04
1.729200000000000000e+04 2.006100000000000000e+04
1.726800000000000000e+04 2.006800000000000000e+04
1.730300000000000000e+04 2.005400000000000000e+04
1.736500000000000000e+04 2.003300000000000000e+04
1.731100000000000000e+04 2.005300000000000000e+04
1.733000000000000000e+04 2.005200000000000000e+04
1.733400000000000000e+04 2.004100000000000000e+04
1.733800000000000000e+04 2.004000000000000000e+04
1.742100000000000000e+04 2.002100000000000000e+04
1.740800000000000000e+04 2.002900000000000000e+04
1.742700000000000000e+04 2.001300000000000000e+04
1.745600000000000000e+04 2.000400000000000000e+04
1.751900000000000000e+04 1.997700000000000000e+04
1.754700000000000000e+04 1.997300000000000000e+04
1.747900000000000000e+04 1.999400000000000000e+04
1.759100000000000000e+04 1.993700000000000000e+04
1.757600000000000000e+04 1.994300000000000000e+04
1.765300000000000000e+04 1.991800000000000000e+04
1.761600000000000000e+04 1.992000000000000000e+04
1.761100000000000000e+04 1.992500000000000000e+04
1.766200000000000000e+04 1.991600000000000000e+04
1.775000000000000000e+04 1.989400000000000000e+04
1.773100000000000000e+04 1.990500000000000000e+04
1.771800000000000000e+04 1.991400000000000000e+04
1.772000000000000000e+04 1.990600000000000000e+04
1.775900000000000000e+04 1.989000000000000000e+04
1.779300000000000000e+04 1.988900000000000000e+04
1.781800000000000000e+04 1.988500000000000000e+04
1.784100000000000000e+04 1.986600000000000000e+04
1.791400000000000000e+04 1.980700000000000000e+04
1.786100000000000000e+04 1.985400000000000000e+04
1.793100000000000000e+04 1.979600000000000000e+04
1.791300000000000000e+04 1.981200000000000000e+04
1.790800000000000000e+04 1.982300000000000000e+04
1.790700000000000000e+04 1.984500000000000000e+04
1.793000000000000000e+04 1.980000000000000000e+04
1.713900000000000000e+04 2.010800000000000000e+04
1.722800000000000000e+04 2.007100000000000000e+04
1.721700000000000000e+04 2.008200000000000000e+04
1.720800000000000000e+04 2.009400000000000000e+04
1.727700000000000000e+04 2.006200000000000000e+04
1.729200000000000000e+04 2.006100000000000000e+04
1.726800000000000000e+04 2.006800000000000000e+04
1.730300000000000000e+04 2.005400000000000000e+04
1.736500000000000000e+04 2.003300000000000000e+04
1.731100000000000000e+04 2.005300000000000000e+04
1.733000000000000000e+04 2.005200000000000000e+04
1.733400000000000000e+04 2.004100000000000000e+04
1.733800000000000000e+04 2.004000000000000000e+04
1.742100000000000000e+04 2.002100000000000000e+04
1.740800000000000000e+04 2.002900000000000000e+04
1.742700000000000000e+04 2.001300000000000000e+04
1.745600000000000000e+04 2.000400000000000000e+04
1.751900000000000000e+04 1.997700000000000000e+04
1.754700000000000000e+04 1.997300000000000000e+04
1.747900000000000000e+04 1.999400000000000000e+04
1.759100000000000000e+04 1.993700000000000000e+04
1.757600000000000000e+04 1.994300000000000000e+04
1.765300000000000000e+04 1.991800000000000000e+04
1.761600000000000000e+04 1.992000000000000000e+04
1.761100000000000000e+04 1.992500000000000000e+04
1.766200000000000000e+04 1.991600000000000000e+04
1.775000000000000000e+04 1.989400000000000000e+04
1.773100000000000000e+04 1.990500000000000000e+04
1.771800000000000000e+04 1.991400000000000000e+04
1.772000000000000000e+04 1.990600000000000000e+04
1.775900000000000000e+04 1.989000000000000000e+04
1.779300000000000000e+04 1.988900000000000000e+04
1.781800000000000000e+04 1.988500000000000000e+04
1.784100000000000000e+04 1.986600000000000000e+04
1.786100000000000000e+04 1.985400000000000000e+04
1.790700000000000000e+04 1.984500000000000000e+04
1.790900000000000000e+04 1.984400000000000000e+04
1.794800000000000000e+04 1.981200000000000000e+04
1.797200000000000000e+04 1.979100000000000000e+04
1.796600000000000000e+04 1.979900000000000000e+04
1.794000000000000000e+04 1.982900000000000000e+04
1.796300000000000000e+04 1.980500000000000000e+04
1.799700000000000000e+04 1.976600000000000000e+04
1.799600000000000000e+04 1.978000000000000000e+04
1.799800000000000000e+04 1.976100000000000000e+04
1.800300000000000000e+04 1.975500000000000000e+04
1.798800000000000000e+04 1.978100000000000000e+04
1.798300000000000000e+04 1.979000000000000000e+04
1.801600000000000000e+04 1.974800000000000000e+04
1.713900000000000000e+04 2.010800000000000000e+04
1.722800000000000000e+04 2.007100000000000000e+04
1.721700000000000000e+04 2.008200000000000000e+04
1.720800000000000000e+04 2.009400000000000000e+04
1.727700000000000000e+04 2.006200000000000000e+04
1.729200000000000000e+04 2.006100000000000000e+04
1.726800000000000000e+04 2.006800000000000000e+04
1.730300000000000000e+04 2.005400000000000000e+04
1.736500000000000000e+04 2.003300000000000000e+04
1.731100000000000000e+04 2.005300000000000000e+04
1.733000000000000000e+04 2.005200000000000000e+04
1.733400000000000000e+04 2.004100000000000000e+04
1.733800000000000000e+04 2.004000000000000000e+04
1.742100000000000000e+04 2.002100000000000000e+04
1.740800000000000000e+04 2.002900000000000000e+04
1.742700000000000000e+04 2.001300000000000000e+04
1.745600000000000000e+04 2.000400000000000000e+04
1.751900000000000000e+04 1.997700000000000000e+04
1.754700000000000000e+04 1.997300000000000000e+04
1.747900000000000000e+04 1.999400000000000000e+04
1.759100000000000000e+04 1.993700000000000000e+04
1.757600000000000000e+04 1.994300000000000000e+04
1.765300000000000000e+04 1.991800000000000000e+04
1.761600000000000000e+04 1.992000000000000000e+04
1.761100000000000000e+04 1.992500000000000000e+04
1.766200000000000000e+04 1.991600000000000000e+04
1.775000000000000000e+04 1.989400000000000000e+04
1.773100000000000000e+04 1.990500000000000000e+04
1.771800000000000000e+04 1.991400000000000000e+04
1.772000000000000000e+04 1.990600000000000000e+04
1.775900000000000000e+04 1.989000000000000000e+04
1.779300000000000000e+04 1.988900000000000000e+04
1.781800000000000000e+04 1.988500000000000000e+04
1.784100000000000000e+04 1.986600000000000000e+04
1.786100000000000000e+04 1.985400000000000000e+04
1.790700000000000000e+04 1.984500000000000000e+04
1.790900000000000000e+04 1.984400000000000000e+04
1.794800000000000000e+04 1.981200000000000000e+04
1.797200000000000000e+04 1.979100000000000000e+04
1.796600000000000000e+04 1.979900000000000000e+04
1.794000000000000000e+04 1.982900000000000000e+04
1.796300000000000000e+04 1.980500000000000000e+04
1.799700000000000000e+04 1.976600000000000000e+04
1.799600000000000000e+04 1.978000000000000000e+04
1.799800000000000000e+04 1.976100000000000000e+04
1.800300000000000000e+04 1.975500000000000000e+04
1.798800000000000000e+04 1.978100000000000000e+04
1.798300000000000000e+04 1.979000000000000000e+04
1.801600000000000000e+04 1.974800000000000000e+04
1.803800000000000000e+04 1.974600000000000000e+04
1.808500000000000000e+04 1.973500000000000000e+04
1.812600000000000000e+04 1.969500000000000000e+04
1.816100000000000000e+04 1.968900000000000000e+04
1.809900000000000000e+04 1.970600000000000000e+04
1.713900000000000000e+04 2.010800000000000000e+04
1.722800000000000000e+04 2.007100000000000000e+04
1.721700000000000000e+04 2.008200000000000000e+04
1.720800000000000000e+04 2.009400000000000000e+04
1.727700000000000000e+04 2.006200000000000000e+04
1.729200000000000000e+04 2.006100000000000000e+04
1.726800000000000000e+04 2.006800000000000000e+04
1.730300000000000000e+04 2.005400000000000000e+04
1.736500000000000000e+04 2.003300000000000000e+04
1.731100000000000000e+04 2.005300000000000000e+04
1.733000000000000000e+04 2.005200000000000000e+04
1.733400000000000000e+04 2.004100000000000000e+04
1.733800000000000000e+04 2.004000000000000000e+04
1.742100000000000000e+04 2.002100000000000000e+04
1.740800000000000000e+04 2.002900000000000000e+04
1.742700000000000000e+04 2.001300000000000000e+04
1.745600000000000000e+04 2.000400000000000000e+04
1.751900000000000000e+04 1.997700000000000000e+04
1.754700000000000000e+04 1.997300000000000000e+04
1.747900000000000000e+04 1.999400000000000000e+04
1.759100000000000000e+04 1.993700000000000000e+04
1.757600000000000000e+04 1.994300000000000000e+04
1.765300000000000000e+04 1.991800000000000000e+04
1.761600000000000000e+04 1.992000000000000000e+04
1.761100000000000000e+04 1.992500000000000000e+04
1.766200000000000000e+04 1.991600000000000000e+04
1.775000000000000000e+04 1.989400000000000000e+04
1.773100000000000000e+04 1.990500000000000000e+04
1.771800000000000000e+04 1.991400000000000000e+04
1.772000000000000000e+04 1.990600000000000000e+04
1.775900000000000000e+04 1.989000000000000000e+04
1.779300000000000000e+04 1.988900000000000000e+04
1.781800000000000000e+04 1.988500000000000000e+04
1.784100000000000000e+04 1.986600000000000000e+04
1.786100000000000000e+04 1.985400000000000000e+04
1.790700000000000000e+04 1.984500000000000000e+04
1.790900000000000000e+04 1.984400000000000000e+04
1.794800000000000000e+04 1.981200000000000000e+04
1.797200000000000000e+04 1.979100000000000000e+04
1.796600000000000000e+04 1.979900000000000000e+04
1.794000000000000000e+04 1.982900000000000000e+04
1.796300000000000000e+04 1.980500000000000000e+04
1.799700000000000000e+04 1.976600000000000000e+04
1.799600000000000000e+04 1.978000000000000000e+04
1.799800000000000000e+04 1.976100000000000000e+04
1.800300000000000000e+04 1.975500000000000000e+04
1.798800000000000000e+04 1.978100000000000000e+04
1.798300000000000000e+04 1.979000000000000000e+04
1.801600000000000000e+04 1.974800000000000000e+04
1.803800000000000000e+04 1.974600000000000000e+04
1.808500000000000000e+04 1.973500000000000000e+04
1.812600000000000000e+04 1.969500000000000000e+04
1.816100000000000000e+04 1.968900000000000000e+04
1.809900000000000000e+04 1.970600000000000000e+04
1.815200000000000000e+04 1.969000000000000000e+04
1.819300000000000000e+04 1.964200000000000000e+04
1.818900000000000000e+04 1.964500000000000000e+04
1.818600000000000000e+04 1.965900000000000000e+04
1.822400000000000000e+04 1.963700000000000000e+04
1.822800000000000000e+04 1.962800000000000000e+04
1.826200000000000000e+04 1.960200000000000000e+04
1.823900000000000000e+04 1.960600000000000000e+04
1.823300000000000000e+04 1.962300000000000000e+04
1.823600000000000000e+04 1.961500000000000000e+04
1.825800000000000000e+04 1.960300000000000000e+04
1.827200000000000000e+04 1.959300000000000000e+04
1.713900000000000000e+04 2.010800000000000000e+04
1.722800000000000000e+04 2.007100000000000000e+04
1.721700000000000000e+04 2.008200000000000000e+04
1.720800000000000000e+04 2.009400000000000000e+04
1.727700000000000000e+04 2.006200000000000000e+04
1.729200000000000000e+04 2.006100000000000000e+04
1.726800000000000000e+04 2.006800000000000000e+04
1.730300000000000000e+04 2.005400000000000000e+04
1.736500000000000000e+04 2.003300000000000000e+04
1.731100000000000000e+04 2.005300000000000000e+04
1.733000000000000000e+04 2.005200000000000000e+04
1.733400000000000000e+04 2.004100000000000000e+04
1.733800000000000000e+04 2.004000000000000000e+04
1.742100000000000000e+04 2.002100000000000000e+04
1.740800000000000000e+04 2.002900000000000000e+04
1.742700000000000000e+04 2.001300000000000000e+04
1.745600000000000000e+04 2.000400000000000000e+04
1.751900000000000000e+04 1.997700000000000000e+04
1.754700000000000000e+04 1.997300000000000000e+04
1.747900000000000000e+04 1.999400000000000000e+04
1.759100000000000000e+04 1.993700000000000000e+04
1.757600000000000000e+04 1.994300000000000000e+04
1.765300000000000000e+04 1.991800000000000000e+04
1.761600000000000000e+04 1.992000000000000000e+04
1.761100000000000000e+04 1.992500000000000000e+04
1.766200000000000000e+04 1.991600000000000000e+04
1.775000000000000000e+04 1.989400000000000000e+04
1.773100000000000000e+04 1.990500000000000000e+04
1.771800000000000000e+04 1.991400000000000000e+04
1.772000000000000000e+04 1.990600000000000000e+04
1.775900000000000000e+04 1.989000000000000000e+04
1.779300000000000000e+04 1.988900000000000000e+04
1.781800000000000000e+04 1.988500000000000000e+04
1.784100000000000000e+04 1.986600000000000000e+04
1.786100000000000000e+04 1.985400000000000000e+04
1.790700000000000000e+04 1.984500000000000000e+04
1.790900000000000000e+04 1.984400000000000000e+04
1.794800000000000000e+04 1.981200000000000000e+04
1.797200000000000000e+04 1.979100000000000000e+04
1.796600000000000000e+04 1.979900000000000000e+04
1.794000000000000000e+04 1.982900000000000000e+04
1.796300000000000000e+04 1.980500000000000000e+04
1.799700000000000000e+04 1.976600000000000000e+04
1.799600000000000000e+04 1.978000000000000000e+04
1.799800000000000000e+04 1.976100000000000000e+04
1.800300000000000000e+04 1.975500000000000000e+04
1.798800000000000000e+04 1.978100000000000000e+04
1.798300000000000000e+04 1.979000000000000000e+04
1.801600000000000000e+04 1.974800000000000000e+04
1.803800000000000000e+04 1.974600000000000000e+04
1.808500000000000000e+04 1.973500000000000000e+04
1.812600000000000000e+04 1.969500000000000000e+04
1.816100000000000000e+04 1.968900000000000000e+04
1.809900000000000000e+04 1.970600000000000000e+04
1.815200000000000000e+04 1.969000000000000000e+04
1.819300000000000000e+04 1.964200000000000000e+04
1.818900000000000000e+04 1.964500000000000000e+04
1.818600000000000000e+04 1.965900000000000000e+04
1.822400000000000000e+04 1.963700000000000000e+04
1.822800000000000000e+04 1.962800000000000000e+04
1.826200000000000000e+04 1.960200000000000000e+04
1.823900000000000000e+04 1.960600000000000000e+04
1.823300000000000000e+04 1.962300000000000000e+04
1.823600000000000000e+04 1.961500000000000000e+04
1.825800000000000000e+04 1.960300000000000000e+04
1.827200000000000000e+04 1.959300000000000000e+04
1.829600000000000000e+04 1.958200000000000000e+04
1.830800000000000000e+04 1.956800000000000000e+04
1.834000000000000000e+04 1.954400000000000000e+04
1.832900000000000000e+04 1.956000000000000000e+04
1.835600000000000000e+04 1.954100000000000000e+04
1.838300000000000000e+04 1.952800000000000000e+04
1.713900000000000000e+04 2.010800000000000000e+04
1.722800000000000000e+04 2.007100000000000000e+04
1.721700000000000000e+04 2.008200000000000000e+04
1.720800000000000000e+04 2.009400000000000000e+04
1.727700000000000000e+04 2.006200000000000000e+04
1.729200000000000000e+04 2.006100000000000000e+04
1.726800000000000000e+04 2.006800000000000000e+04
1.730300000000000000e+04 2.005400000000000000e+04
1.736500000000000000e+04 2.003300000000000000e+04
1.731100000000000000e+04 2.005300000000000000e+04
1.733000000000000000e+04 2.005200000000000000e+04
1.733400000000000000e+04 2.004100000000000000e+04
1.733800000000000000e+04 2.004000000000000000e+04
1.742100000000000000e+04 2.002100000000000000e+04
1.740800000000000000e+04 2.002900000000000000e+04
1.742700000000000000e+04 2.001300000000000000e+04
1.745600000000000000e+04 2.000400000000000000e+04
1.751900000000000000e+04 1.997700000000000000e+04
1.754700000000000000e+04 1.997300000000000000e+04
1.747900000000000000e+04 1.999400000000000000e+04
1.759100000000000000e+04 1.993700000000000000e+04
1.757600000000000000e+04 1.994300000000000000e+04
1.765300000000000000e+04 1.991800000000000000e+04
1.761600000000000000e+04 1.992000000000000000e+04
1.761100000000000000e+04 1.992500000000000000e+04
1.766200000000000000e+04 1.991600000000000000e+04
1.775000000000000000e+04 1.989400000000000000e+04
1.773100000000000000e+04 1.990500000000000000e+04
1.771800000000000000e+04 1.991400000000000000e+04
1.772000000000000000e+04 1.990600000000000000e+04
1.775900000000000000e+04 1.989000000000000000e+04
1.779300000000000000e+04 1.988900000000000000e+04
1.781800000000000000e+04 1.988500000000000000e+04
1.784100000000000000e+04 1.986600000000000000e+04
1.786100000000000000e+04 1.985400000000000000e+04
1.790700000000000000e+04 1.984500000000000000e+04
1.790900000000000000e+04 1.984400000000000000e+04
1.794800000000000000e+04 1.981200000000000000e+04
1.797200000000000000e+04 1.979100000000000000e+04
1.796600000000000000e+04 1.979900000000000000e+04
1.794000000000000000e+04 1.982900000000000000e+04
1.796300000000000000e+04 1.980500000000000000e+04
1.799700000000000000e+04 1.976600000000000000e+04
1.799600000000000000e+04 1.978000000000000000e+04
1.799800000000000000e+04 1.976100000000000000e+04
1.800300000000000000e+04 1.975500000000000000e+04
1.798800000000000000e+04 1.978100000000000000e+04
1.798300000000000000e+04 1.979000000000000000e+04
1.801600000000000000e+04 1.974800000000000000e+04
1.803800000000000000e+04 1.974600000000000000e+04
1.808500000000000000e+04 1.973500000000000000e+04
1.812600000000000000e+04 1.969500000000000000e+04
1.816100000000000000e+04 1.968900000000000000e+04
1.809900000000000000e+04 1.970600000000000000e+04
1.815200000000000000e+04 1.969000000000000000e+04
1.819300000000000000e+04 1.964200000000000000e+04
1.818900000000000000e+04 1.964500000000000000e+04
1.818600000000000000e+04 1.965900000000000000e+04
1.822400000000000000e+04 1.963700000000000000e+04
1.822800000000000000e+04 1.962800000000000000e+04
1.826200000000000000e+04 1.960200000000000000e+04
1.823900000000000000e+04 1.960600000000000000e+04
1.823300000000000000e+04 1.962300000000000000e+04
1.823600000000000000e+04 1.961500000000000000e+04
1.825800000000000000e+04 1.960300000000000000e+04
1.827200000000000000e+04 1.959300000000000000e+04
1.829600000000000000e+04 1.958200000000000000e+04
1.830800000000000000e+04 1.956800000000000000e+04
1.834000000000000000e+04 1.954400000000000000e+04
1.832900000000000000e+04 1.956000000000000000e+04
1.835600000000000000e+04 1.954100000000000000e+04
1.838300000000000000e+04 1.952800000000000000e+04
1.838500000000000000e+04 1.950900000000000000e+04
1.839100000000000000e+04 1.950400000000000000e+04
1.844700000000000000e+04 1.942700000000000000e+04
1.842500000000000000e+04 1.946200000000000000e+04
1.844300000000000000e+04 1.944600000000000000e+04
1.839300000000000000e+04 1.949400000000000000e+04
1.844400000000000000e+04 1.943400000000000000e+04
1.842100000000000000e+04 1.948200000000000000e+04
1.845200000000000000e+04 1.942300000000000000e+04
1.713900000000000000e+04 2.010800000000000000e+04
1.722800000000000000e+04 2.007100000000000000e+04
1.721700000000000000e+04 2.008200000000000000e+04
1.720800000000000000e+04 2.009400000000000000e+04
1.727700000000000000e+04 2.006200000000000000e+04
1.729200000000000000e+04 2.006100000000000000e+04
1.726800000000000000e+04 2.006800000000000000e+04
1.730300000000000000e+04 2.005400000000000000e+04
1.736500000000000000e+04 2.003300000000000000e+04
1.731100000000000000e+04 2.005300000000000000e+04
1.733000000000000000e+04 2.005200000000000000e+04
1.733400000000000000e+04 2.004100000000000000e+04
1.733800000000000000e+04 2.004000000000000000e+04
1.742100000000000000e+04 2.002100000000000000e+04
1.740800000000000000e+04 2.002900000000000000e+04
1.742700000000000000e+04 2.001300000000000000e+04
1.745600000000000000e+04 2.000400000000000000e+04
1.751900000000000000e+04 1.997700000000000000e+04
1.754700000000000000e+04 1.997300000000000000e+04
1.747900000000000000e+04 1.999400000000000000e+04
1.759100000000000000e+04 1.993700000000000000e+04
1.757600000000000000e+04 1.994300000000000000e+04
1.765300000000000000e+04 1.991800000000000000e+04
1.761600000000000000e+04 1.992000000000000000e+04
1.761100000000000000e+04 1.992500000000000000e+04
1.766200000000000000e+04 1.991600000000000000e+04
1.775000000000000000e+04 1.989400000000000000e+04
1.773100000000000000e+04 1.990500000000000000e+04
1.771800000000000000e+04 1.991400000000000000e+04
1.772000000000000000e+04 1.990600000000000000e+04
1.775900000000000000e+04 1.989000000000000000e+04
1.779300000000000000e+04 1.988900000000000000e+04
1.781800000000000000e+04 1.988500000000000000e+04
1.784100000000000000e+04 1.986600000000000000e+04
1.786100000000000000e+04 1.985400000000000000e+04
1.790700000000000000e+04 1.984500000000000000e+04
1.790900000000000000e+04 1.984400000000000000e+04
1.794800000000000000e+04 1.981200000000000000e+04
1.797200000000000000e+04 1.979100000000000000e+04
1.796600000000000000e+04 1.979900000000000000e+04
1.794000000000000000e+04 1.982900000000000000e+04
1.796300000000000000e+04 1.980500000000000000e+04
1.799700000000000000e+04 1.976600000000000000e+04
1.799600000000000000e+04 1.978000000000000000e+04
1.799800000000000000e+04 1.976100000000000000e+04
1.800300000000000000e+04 1.975500000000000000e+04
1.798800000000000000e+04 1.978100000000000000e+04
1.798300000000000000e+04 1.979000000000000000e+04
1.801600000000000000e+04 1.974800000000000000e+04
1.803800000000000000e+04 1.974600000000000000e+04
1.808500000000000000e+04 1.973500000000000000e+04
1.812600000000000000e+04 1.969500000000000000e+04
1.816100000000000000e+04 1.968900000000000000e+04
1.809900000000000000e+04 1.970600000000000000e+04
1.815200000000000000e+04 1.969000000000000000e+04
1.819300000000000000e+04 1.964200000000000000e+04
1.818900000000000000e+04 1.964500000000000000e+04
1.818600000000000000e+04 1.965900000000000000e+04
1.822400000000000000e+04 1.963700000000000000e+04
1.822800000000000000e+04 1.962800000000000000e+04
1.826200000000000000e+04 1.960200000000000000e+04
1.823900000000000000e+04 1.960600000000000000e+04
1.823300000000000000e+04 1.962300000000000000e+04
1.823600000000000000e+04 1.961500000000000000e+04
1.825800000000000000e+04 1.960300000000000000e+04
1.827200000000000000e+04 1.959300000000000000e+04
1.829600000000000000e+04 1.958200000000000000e+04
1.830800000000000000e+04 1.956800000000000000e+04
1.834000000000000000e+04 1.954400000000000000e+04
1.832900000000000000e+04 1.956000000000000000e+04
1.835600000000000000e+04 1.954100000000000000e+04
1.838300000000000000e+04 1.952800000000000000e+04
1.838500000000000000e+04 1.950900000000000000e+04
1.839100000000000000e+04 1.950400000000000000e+04
1.839300000000000000e+04 1.949400000000000000e+04
1.842100000000000000e+04 1.948200000000000000e+04
1.840300000000000000e+04 1.948600000000000000e+04
1.847200000000000000e+04 1.942400000000000000e+04
1.847400000000000000e+04 1.940500000000000000e+04
1.845900000000000000e+04 1.942500000000000000e+04
1.851800000000000000e+04 1.939800000000000000e+04
1.845500000000000000e+04 1.947100000000000000e+04
1.850700000000000000e+04 1.940400000000000000e+04
1.853500000000000000e+04 1.936000000000000000e+04
1.854600000000000000e+04 1.934100000000000000e+04
1.852700000000000000e+04 1.936800000000000000e+04
1.852600000000000000e+04 1.937600000000000000e+04
1.857100000000000000e+04 1.932800000000000000e+04
1.713900000000000000e+04 2.010800000000000000e+04
1.722800000000000000e+04 2.007100000000000000e+04
1.721700000000000000e+04 2.008200000000000000e+04
1.720800000000000000e+04 2.009400000000000000e+04
1.727700000000000000e+04 2.006200000000000000e+04
1.729200000000000000e+04 2.006100000000000000e+04
1.726800000000000000e+04 2.006800000000000000e+04
1.730300000000000000e+04 2.005400000000000000e+04
1.736500000000000000e+04 2.003300000000000000e+04
1.731100000000000000e+04 2.005300000000000000e+04
1.733000000000000000e+04 2.005200000000000000e+04
1.733400000000000000e+04 2.004100000000000000e+04
1.733800000000000000e+04 2.004000000000000000e+04
1.742100000000000000e+04 2.002100000000000000e+04
1.740800000000000000e+04 2.002900000000000000e+04
1.742700000000000000e+04 2.001300000000000000e+04
1.745600000000000000e+04 2.000400000000000000e+04
1.751900000000000000e+04 1.997700000000000000e+04
1.754700000000000000e+04 1.997300000000000000e+04
1.747900000000000000e+04 1.999400000000000000e+04
1.759100000000000000e+04 1.993700000000000000e+04
1.757600000000000000e+04 1.994300000000000000e+04
1.765300000000000000e+04 1.991800000000000000e+04
1.761600000000000000e+04 1.992000000000000000e+04
1.761100000000000000e+04 1.992500000000000000e+04
1.766200000000000000e+04 1.991600000000000000e+04
1.775000000000000000e+04 1.989400000000000000e+04
1.773100000000000000e+04 1.990500000000000000e+04
1.771800000000000000e+04 1.991400000000000000e+04
1.772000000000000000e+04 1.990600000000000000e+04
1.775900000000000000e+04 1.989000000000000000e+04
1.779300000000000000e+04 1.988900000000000000e+04
1.781800000000000000e+04 1.988500000000000000e+04
1.784100000000000000e+04 1.986600000000000000e+04
1.786100000000000000e+04 1.985400000000000000e+04
1.790700000000000000e+04 1.984500000000000000e+04
1.790900000000000000e+04 1.984400000000000000e+04
1.794800000000000000e+04 1.981200000000000000e+04
1.797200000000000000e+04 1.979100000000000000e+04
1.796600000000000000e+04 1.979900000000000000e+04
1.794000000000000000e+04 1.982900000000000000e+04
1.796300000000000000e+04 1.980500000000000000e+04
1.799700000000000000e+04 1.976600000000000000e+04
1.799600000000000000e+04 1.978000000000000000e+04
1.799800000000000000e+04 1.976100000000000000e+04
1.800300000000000000e+04 1.975500000000000000e+04
1.798800000000000000e+04 1.978100000000000000e+04
1.798300000000000000e+04 1.979000000000000000e+04
1.801600000000000000e+04 1.974800000000000000e+04
1.803800000000000000e+04 1.974600000000000000e+04
1.808500000000000000e+04 1.973500000000000000e+04
1.812600000000000000e+04 1.969500000000000000e+04
1.816100000000000000e+04 1.968900000000000000e+04
1.809900000000000000e+04 1.970600000000000000e+04
1.815200000000000000e+04 1.969000000000000000e+04
1.819300000000000000e+04 1.964200000000000000e+04
1.818900000000000000e+04 1.964500000000000000e+04
1.818600000000000000e+04 1.965900000000000000e+04
1.822400000000000000e+04 1.963700000000000000e+04
1.822800000000000000e+04 1.962800000000000000e+04
1.826200000000000000e+04 1.960200000000000000e+04
1.823900000000000000e+04 1.960600000000000000e+04
1.823300000000000000e+04 1.962300000000000000e+04
1.823600000000000000e+04 1.961500000000000000e+04
1.825800000000000000e+04 1.960300000000000000e+04
1.827200000000000000e+04 1.959300000000000000e+04
1.829600000000000000e+04 1.958200000000000000e+04
1.830800000000000000e+04 1.956800000000000000e+04
1.834000000000000000e+04 1.954400000000000000e+04
1.832900000000000000e+04 1.956000000000000000e+04
1.835600000000000000e+04 1.954100000000000000e+04
1.838300000000000000e+04 1.952800000000000000e+04
1.838500000000000000e+04 1.950900000000000000e+04
1.839100000000000000e+04 1.950400000000000000e+04
1.839300000000000000e+04 1.949400000000000000e+04
1.842100000000000000e+04 1.948200000000000000e+04
1.840300000000000000e+04 1.948600000000000000e+04
1.847200000000000000e+04 1.942400000000000000e+04
1.847400000000000000e+04 1.940500000000000000e+04
1.845900000000000000e+04 1.942500000000000000e+04
1.851800000000000000e+04 1.939800000000000000e+04
1.845500000000000000e+04 1.947100000000000000e+04
1.850700000000000000e+04 1.940400000000000000e+04
1.853500000000000000e+04 1.936000000000000000e+04
1.854600000000000000e+04 1.934100000000000000e+04
1.852700000000000000e+04 1.936800000000000000e+04
1.852600000000000000e+04 1.937600000000000000e+04
1.857100000000000000e+04 1.932800000000000000e+04
1.855400000000000000e+04 1.933600000000000000e+04
1.863400000000000000e+04 1.925000000000000000e+04
1.858400000000000000e+04 1.931100000000000000e+04
1.862300000000000000e+04 1.926600000000000000e+04
1.860800000000000000e+04 1.930000000000000000e+04
1.862200000000000000e+04 1.927100000000000000e+04
1.864600000000000000e+04 1.921900000000000000e+04
1.863500000000000000e+04 1.923900000000000000e+04
1.862800000000000000e+04 1.925500000000000000e+04
1.863800000000000000e+04 1.922800000000000000e+04
1.713900000000000000e+04 2.010800000000000000e+04
1.722800000000000000e+04 2.007100000000000000e+04
1.721700000000000000e+04 2.008200000000000000e+04
1.720800000000000000e+04 2.009400000000000000e+04
1.727700000000000000e+04 2.006200000000000000e+04
1.729200000000000000e+04 2.006100000000000000e+04
1.726800000000000000e+04 2.006800000000000000e+04
1.730300000000000000e+04 2.005400000000000000e+04
1.736500000000000000e+04 2.003300000000000000e+04
1.731100000000000000e+04 2.005300000000000000e+04
1.733000000000000000e+04 2.005200000000000000e+04
1.733400000000000000e+04 2.004100000000000000e+04
1.733800000000000000e+04 2.004000000000000000e+04
1.742100000000000000e+04 2.002100000000000000e+04
1.740800000000000000e+04 2.002900000000000000e+04
1.742700000000000000e+04 2.001300000000000000e+04
1.745600000000000000e+04 2.000400000000000000e+04
1.751900000000000000e+04 1.997700000000000000e+04
1.754700000000000000e+04 1.997300000000000000e+04
1.747900000000000000e+04 1.999400000000000000e+04
1.759100000000000000e+04 1.993700000000000000e+04
1.757600000000000000e+04 1.994300000000000000e+04
1.765300000000000000e+04 1.991800000000000000e+04
1.761600000000000000e+04 1.992000000000000000e+04
1.761100000000000000e+04 1.992500000000000000e+04
1.766200000000000000e+04 1.991600000000000000e+04
1.775000000000000000e+04 1.989400000000000000e+04
1.773100000000000000e+04 1.990500000000000000e+04
1.771800000000000000e+04 1.991400000000000000e+04
1.772000000000000000e+04 1.990600000000000000e+04
1.775900000000000000e+04 1.989000000000000000e+04
1.779300000000000000e+04 1.988900000000000000e+04
1.781800000000000000e+04 1.988500000000000000e+04
1.784100000000000000e+04 1.986600000000000000e+04
1.786100000000000000e+04 1.985400000000000000e+04
1.790700000000000000e+04 1.984500000000000000e+04
1.790900000000000000e+04 1.984400000000000000e+04
1.794800000000000000e+04 1.981200000000000000e+04
1.797200000000000000e+04 1.979100000000000000e+04
1.796600000000000000e+04 1.979900000000000000e+04
1.794000000000000000e+04 1.982900000000000000e+04
1.796300000000000000e+04 1.980500000000000000e+04
1.799700000000000000e+04 1.976600000000000000e+04
1.799600000000000000e+04 1.978000000000000000e+04
1.799800000000000000e+04 1.976100000000000000e+04
1.800300000000000000e+04 1.975500000000000000e+04
1.798800000000000000e+04 1.978100000000000000e+04
1.798300000000000000e+04 1.979000000000000000e+04
1.801600000000000000e+04 1.974800000000000000e+04
1.803800000000000000e+04 1.974600000000000000e+04
1.808500000000000000e+04 1.973500000000000000e+04
1.812600000000000000e+04 1.969500000000000000e+04
1.816100000000000000e+04 1.968900000000000000e+04
1.809900000000000000e+04 1.970600000000000000e+04
1.815200000000000000e+04 1.969000000000000000e+04
1.819300000000000000e+04 1.964200000000000000e+04
1.818900000000000000e+04 1.964500000000000000e+04
1.818600000000000000e+04 1.965900000000000000e+04
1.822400000000000000e+04 1.963700000000000000e+04
1.822800000000000000e+04 1.962800000000000000e+04
1.826200000000000000e+04 1.960200000000000000e+04
1.823900000000000000e+04 1.960600000000000000e+04
1.823300000000000000e+04 1.962300000000000000e+04
1.823600000000000000e+04 1.961500000000000000e+04
1.825800000000000000e+04 1.960300000000000000e+04
1.827200000000000000e+04 1.959300000000000000e+04
1.829600000000000000e+04 1.958200000000000000e+04
1.830800000000000000e+04 1.956800000000000000e+04
1.834000000000000000e+04 1.954400000000000000e+04
1.832900000000000000e+04 1.956000000000000000e+04
1.835600000000000000e+04 1.954100000000000000e+04
1.838300000000000000e+04 1.952800000000000000e+04
1.838500000000000000e+04 1.950900000000000000e+04
1.839100000000000000e+04 1.950400000000000000e+04
1.839300000000000000e+04 1.949400000000000000e+04
1.842100000000000000e+04 1.948200000000000000e+04
1.840300000000000000e+04 1.948600000000000000e+04
1.847200000000000000e+04 1.942400000000000000e+04
1.847400000000000000e+04 1.940500000000000000e+04
1.845900000000000000e+04 1.942500000000000000e+04
1.851800000000000000e+04 1.939800000000000000e+04
1.845500000000000000e+04 1.947100000000000000e+04
1.850700000000000000e+04 1.940400000000000000e+04
1.853500000000000000e+04 1.936000000000000000e+04
1.854600000000000000e+04 1.934100000000000000e+04
1.852700000000000000e+04 1.936800000000000000e+04
1.852600000000000000e+04 1.937600000000000000e+04
1.857100000000000000e+04 1.932800000000000000e+04
1.855400000000000000e+04 1.933600000000000000e+04
1.858400000000000000e+04 1.931100000000000000e+04
1.860800000000000000e+04 1.930000000000000000e+04
1.862200000000000000e+04 1.927100000000000000e+04
1.864500000000000000e+04 1.926900000000000000e+04
1.871400000000000000e+04 1.917800000000000000e+04
1.869500000000000000e+04 1.923300000000000000e+04
1.869700000000000000e+04 1.920200000000000000e+04
1.871900000000000000e+04 1.917400000000000000e+04
1.878200000000000000e+04 1.909300000000000000e+04
1.877000000000000000e+04 1.912100000000000000e+04
1.876200000000000000e+04 1.914500000000000000e+04
1.878100000000000000e+04 1.909900000000000000e+04
1.875700000000000000e+04 1.916500000000000000e+04
1.877700000000000000e+04 1.911200000000000000e+04
1.876400000000000000e+04 1.913700000000000000e+04
1.877800000000000000e+04 1.910700000000000000e+04
1.713900000000000000e+04 2.010800000000000000e+04
1.722800000000000000e+04 2.007100000000000000e+04
1.721700000000000000e+04 2.008200000000000000e+04
1.720800000000000000e+04 2.009400000000000000e+04
1.727700000000000000e+04 2.006200000000000000e+04
1.729200000000000000e+04 2.006100000000000000e+04
1.726800000000000000e+04 2.006800000000000000e+04
1.730300000000000000e+04 2.005400000000000000e+04
1.736500000000000000e+04 2.003300000000000000e+04
1.731100000000000000e+04 2.005300000000000000e+04
1.733000000000000000e+04 2.005200000000000000e+04
1.733400000000000000e+04 2.004100000000000000e+04
1.733800000000000000e+04 2.004000000000000000e+04
1.742100000000000000e+04 2.002100000000000000e+04
1.740800000000000000e+04 2.002900000000000000e+04
1.742700000000000000e+04 2.001300000000000000e+04
1.745600000000000000e+04 2.000400000000000000e+04
1.751900000000000000e+04 1.997700000000000000e+04
1.754700000000000000e+04 1.997300000000000000e+04
1.747900000000000000e+04 1.999400000000000000e+04
1.759100000000000000e+04 1.993700000000000000e+04
1.757600000000000000e+04 1.994300000000000000e+04
1.765300000000000000e+04 1.991800000000000000e+04
1.761600000000000000e+04 1.992000000000000000e+04
1.761100000000000000e+04 1.992500000000000000e+04
1.766200000000000000e+04 1.991600000000000000e+04
1.775000000000000000e+04 1.989400000000000000e+04
1.773100000000000000e+04 1.990500000000000000e+04
1.771800000000000000e+04 1.991400000000000000e+04
1.772000000000000000e+04 1.990600000000000000e+04
1.775900000000000000e+04 1.989000000000000000e+04
1.779300000000000000e+04 1.988900000000000000e+04
1.781800000000000000e+04 1.988500000000000000e+04
1.784100000000000000e+04 1.986600000000000000e+04
1.786100000000000000e+04 1.985400000000000000e+04
1.790700000000000000e+04 1.984500000000000000e+04
1.790900000000000000e+04 1.984400000000000000e+04
1.794800000000000000e+04 1.981200000000000000e+04
1.797200000000000000e+04 1.979100000000000000e+04
1.796600000000000000e+04 1.979900000000000000e+04
1.794000000000000000e+04 1.982900000000000000e+04
1.796300000000000000e+04 1.980500000000000000e+04
1.799700000000000000e+04 1.976600000000000000e+04
1.799600000000000000e+04 1.978000000000000000e+04
1.799800000000000000e+04 1.976100000000000000e+04
1.800300000000000000e+04 1.975500000000000000e+04
1.798800000000000000e+04 1.978100000000000000e+04
1.798300000000000000e+04 1.979000000000000000e+04
1.801600000000000000e+04 1.974800000000000000e+04
1.803800000000000000e+04 1.974600000000000000e+04
1.808500000000000000e+04 1.973500000000000000e+04
1.812600000000000000e+04 1.969500000000000000e+04
1.816100000000000000e+04 1.968900000000000000e+04
1.809900000000000000e+04 1.970600000000000000e+04
1.815200000000000000e+04 1.969000000000000000e+04
1.819300000000000000e+04 1.964200000000000000e+04
1.818900000000000000e+04 1.964500000000000000e+04
1.818600000000000000e+04 1.965900000000000000e+04
1.822400000000000000e+04 1.963700000000000000e+04
1.822800000000000000e+04 1.962800000000000000e+04
1.826200000000000000e+04 1.960200000000000000e+04
1.823900000000000000e+04 1.960600000000000000e+04
1.823300000000000000e+04 1.962300000000000000e+04
1.823600000000000000e+04 1.961500000000000000e+04
1.825800000000000000e+04 1.960300000000000000e+04
1.827200000000000000e+04 1.959300000000000000e+04
1.829600000000000000e+04 1.958200000000000000e+04
1.830800000000000000e+04 1.956800000000000000e+04
1.834000000000000000e+04 1.954400000000000000e+04
1.832900000000000000e+04 1.956000000000000000e+04
1.835600000000000000e+04 1.954100000000000000e+04
1.838300000000000000e+04 1.952800000000000000e+04
1.838500000000000000e+04 1.950900000000000000e+04
1.839100000000000000e+04 1.950400000000000000e+04
1.839300000000000000e+04 1.949400000000000000e+04
1.842100000000000000e+04 1.948200000000000000e+04
1.840300000000000000e+04 1.948600000000000000e+04
1.847200000000000000e+04 1.942400000000000000e+04
1.847400000000000000e+04 1.940500000000000000e+04
1.845900000000000000e+04 1.942500000000000000e+04
1.851800000000000000e+04 1.939800000000000000e+04
1.845500000000000000e+04 1.947100000000000000e+04
1.850700000000000000e+04 1.940400000000000000e+04
1.853500000000000000e+04 1.936000000000000000e+04
1.854600000000000000e+04 1.934100000000000000e+04
1.852700000000000000e+04 1.936800000000000000e+04
1.852600000000000000e+04 1.937600000000000000e+04
1.857100000000000000e+04 1.932800000000000000e+04
1.855400000000000000e+04 1.933600000000000000e+04
1.858400000000000000e+04 1.931100000000000000e+04
1.860800000000000000e+04 1.930000000000000000e+04
1.862200000000000000e+04 1.927100000000000000e+04
1.864500000000000000e+04 1.926900000000000000e+04
1.871400000000000000e+04 1.917800000000000000e+04
1.869500000000000000e+04 1.923300000000000000e+04
1.869700000000000000e+04 1.920200000000000000e+04
1.871900000000000000e+04 1.917400000000000000e+04
1.878200000000000000e+04 1.909300000000000000e+04
1.877000000000000000e+04 1.912100000000000000e+04
1.876200000000000000e+04 1.914500000000000000e+04
1.875700000000000000e+04 1.916500000000000000e+04
1.877700000000000000e+04 1.911200000000000000e+04
1.876400000000000000e+04 1.913700000000000000e+04
1.881300000000000000e+04 1.908400000000000000e+04
1.878100000000000000e+04 1.910900000000000000e+04
1.885900000000000000e+04 1.900900000000000000e+04
1.883800000000000000e+04 1.902700000000000000e+04
1.883500000000000000e+04 1.905800000000000000e+04
1.882400000000000000e+04 1.906900000000000000e+04
1.883600000000000000e+04 1.903900000000000000e+04
1.888400000000000000e+04 1.899200000000000000e+04
1.885800000000000000e+04 1.901200000000000000e+04
1.885600000000000000e+04 1.902400000000000000e+04
1.890200000000000000e+04 1.898300000000000000e+04
1.888700000000000000e+04 1.898500000000000000e+04
1.891500000000000000e+04 1.895000000000000000e+04
1.713900000000000000e+04 2.010800000000000000e+04
1.722800000000000000e+04 2.007100000000000000e+04
1.721700000000000000e+04 2.008200000000000000e+04
1.720800000000000000e+04 2.009400000000000000e+04
1.727700000000000000e+04 2.006200000000000000e+04
1.729200000000000000e+04 2.006100000000000000e+04
1.726800000000000000e+04 2.006800000000000000e+04
1.730300000000000000e+04 2.005400000000000000e+04
1.736500000000000000e+04 2.003300000000000000e+04
1.731100000000000000e+04 2.005300000000000000e+04
1.733000000000000000e+04 2.005200000000000000e+04
1.733400000000000000e+04 2.004100000000000000e+04
1.733800000000000000e+04 2.004000000000000000e+04
1.742100000000000000e+04 2.002100000000000000e+04
1.740800000000000000e+04 2.002900000000000000e+04
1.742700000000000000e+04 2.001300000000000000e+04
1.745600000000000000e+04 2.000400000000000000e+04
1.751900000000000000e+04 1.997700000000000000e+04
1.754700000000000000e+04 1.997300000000000000e+04
1.747900000000000000e+04 1.999400000000000000e+04
1.759100000000000000e+04 1.993700000000000000e+04
1.757600000000000000e+04 1.994300000000000000e+04
1.765300000000000000e+04 1.991800000000000000e+04
1.761600000000000000e+04 1.992000000000000000e+04
1.761100000000000000e+04 1.992500000000000000e+04
1.766200000000000000e+04 1.991600000000000000e+04
1.775000000000000000e+04 1.989400000000000000e+04
1.773100000000000000e+04 1.990500000000000000e+04
1.771800000000000000e+04 1.991400000000000000e+04
1.772000000000000000e+04 1.990600000000000000e+04
1.775900000000000000e+04 1.989000000000000000e+04
1.779300000000000000e+04 1.988900000000000000e+04
1.781800000000000000e+04 1.988500000000000000e+04
1.784100000000000000e+04 1.986600000000000000e+04
1.786100000000000000e+04 1.985400000000000000e+04
1.790700000000000000e+04 1.984500000000000000e+04
1.790900000000000000e+04 1.984400000000000000e+04
1.794800000000000000e+04 1.981200000000000000e+04
1.797200000000000000e+04 1.979100000000000000e+04
1.796600000000000000e+04 1.979900000000000000e+04
1.794000000000000000e+04 1.982900000000000000e+04
1.796300000000000000e+04 1.980500000000000000e+04
1.799700000000000000e+04 1.976600000000000000e+04
1.799600000000000000e+04 1.978000000000000000e+04
1.799800000000000000e+04 1.976100000000000000e+04
1.800300000000000000e+04 1.975500000000000000e+04
1.798800000000000000e+04 1.978100000000000000e+04
1.798300000000000000e+04 1.979000000000000000e+04
1.801600000000000000e+04 1.974800000000000000e+04
1.803800000000000000e+04 1.974600000000000000e+04
1.808500000000000000e+04 1.973500000000000000e+04
1.812600000000000000e+04 1.969500000000000000e+04
1.816100000000000000e+04 1.968900000000000000e+04
1.809900000000000000e+04 1.970600000000000000e+04
1.815200000000000000e+04 1.969000000000000000e+04
1.819300000000000000e+04 1.964200000000000000e+04
1.818900000000000000e+04 1.964500000000000000e+04
1.818600000000000000e+04 1.965900000000000000e+04
1.822400000000000000e+04 1.963700000000000000e+04
1.822800000000000000e+04 1.962800000000000000e+04
1.826200000000000000e+04 1.960200000000000000e+04
1.823900000000000000e+04 1.960600000000000000e+04
1.823300000000000000e+04 1.962300000000000000e+04
1.823600000000000000e+04 1.961500000000000000e+04
1.825800000000000000e+04 1.960300000000000000e+04
1.827200000000000000e+04 1.959300000000000000e+04
1.829600000000000000e+04 1.958200000000000000e+04
1.830800000000000000e+04 1.956800000000000000e+04
1.834000000000000000e+04 1.954400000000000000e+04
1.832900000000000000e+04 1.956000000000000000e+04
1.835600000000000000e+04 1.954100000000000000e+04
1.838300000000000000e+04 1.952800000000000000e+04
1.838500000000000000e+04 1.950900000000000000e+04
1.839100000000000000e+04 1.950400000000000000e+04
1.839300000000000000e+04 1.949400000000000000e+04
1.842100000000000000e+04 1.948200000000000000e+04
1.840300000000000000e+04 1.948600000000000000e+04
1.847200000000000000e+04 1.942400000000000000e+04
1.847400000000000000e+04 1.940500000000000000e+04
1.845900000000000000e+04 1.942500000000000000e+04
1.851800000000000000e+04 1.939800000000000000e+04
1.845500000000000000e+04 1.947100000000000000e+04
1.850700000000000000e+04 1.940400000000000000e+04
1.853500000000000000e+04 1.936000000000000000e+04
1.854600000000000000e+04 1.934100000000000000e+04
1.852700000000000000e+04 1.936800000000000000e+04
1.852600000000000000e+04 1.937600000000000000e+04
1.857100000000000000e+04 1.932800000000000000e+04
1.855400000000000000e+04 1.933600000000000000e+04
1.858400000000000000e+04 1.931100000000000000e+04
1.860800000000000000e+04 1.930000000000000000e+04
1.862200000000000000e+04 1.927100000000000000e+04
1.864500000000000000e+04 1.926900000000000000e+04
1.871400000000000000e+04 1.917800000000000000e+04
1.869500000000000000e+04 1.923300000000000000e+04
1.869700000000000000e+04 1.920200000000000000e+04
1.871900000000000000e+04 1.917400000000000000e+04
1.878200000000000000e+04 1.909300000000000000e+04
1.877000000000000000e+04 1.912100000000000000e+04
1.876200000000000000e+04 1.914500000000000000e+04
1.875700000000000000e+04 1.916500000000000000e+04
1.877700000000000000e+04 1.911200000000000000e+04
1.876400000000000000e+04 1.913700000000000000e+04
1.881300000000000000e+04 1.908400000000000000e+04
1.878100000000000000e+04 1.910900000000000000e+04
1.883800000000000000e+04 1.902700000000000000e+04
1.883500000000000000e+04 1.905800000000000000e+04
1.882400000000000000e+04 1.906900000000000000e+04
1.883600000000000000e+04 1.903900000000000000e+04
1.890200000000000000e+04 1.898300000000000000e+04
1.889200000000000000e+04 1.902600000000000000e+04
1.891800000000000000e+04 1.898200000000000000e+04
1.893300000000000000e+04 1.896600000000000000e+04
1.895500000000000000e+04 1.893500000000000000e+04
1.894300000000000000e+04 1.893800000000000000e+04
1.899000000000000000e+04 1.889300000000000000e+04
1.894000000000000000e+04 1.894800000000000000e+04
1.895900000000000000e+04 1.891900000000000000e+04
1.899200000000000000e+04 1.888500000000000000e+04
1.898100000000000000e+04 1.890700000000000000e+04
1.902700000000000000e+04 1.886400000000000000e+04
1.904500000000000000e+04 1.885600000000000000e+04
1.901400000000000000e+04 1.886700000000000000e+04
1.905700000000000000e+04 1.882800000000000000e+04
1.713900000000000000e+04 2.010800000000000000e+04
1.722800000000000000e+04 2.007100000000000000e+04
1.721700000000000000e+04 2.008200000000000000e+04
1.720800000000000000e+04 2.009400000000000000e+04
1.727700000000000000e+04 2.006200000000000000e+04
1.729200000000000000e+04 2.006100000000000000e+04
1.726800000000000000e+04 2.006800000000000000e+04
1.730300000000000000e+04 2.005400000000000000e+04
1.736500000000000000e+04 2.003300000000000000e+04
1.731100000000000000e+04 2.005300000000000000e+04
1.733000000000000000e+04 2.005200000000000000e+04
1.733400000000000000e+04 2.004100000000000000e+04
1.733800000000000000e+04 2.004000000000000000e+04
1.742100000000000000e+04 2.002100000000000000e+04
1.740800000000000000e+04 2.002900000000000000e+04
1.742700000000000000e+04 2.001300000000000000e+04
1.745600000000000000e+04 2.000400000000000000e+04
1.751900000000000000e+04 1.997700000000000000e+04
1.754700000000000000e+04 1.997300000000000000e+04
1.747900000000000000e+04 1.999400000000000000e+04
1.759100000000000000e+04 1.993700000000000000e+04
1.757600000000000000e+04 1.994300000000000000e+04
1.765300000000000000e+04 1.991800000000000000e+04
1.761600000000000000e+04 1.992000000000000000e+04
1.761100000000000000e+04 1.992500000000000000e+04
1.766200000000000000e+04 1.991600000000000000e+04
1.775000000000000000e+04 1.989400000000000000e+04
1.773100000000000000e+04 1.990500000000000000e+04
1.771800000000000000e+04 1.991400000000000000e+04
1.772000000000000000e+04 1.990600000000000000e+04
1.775900000000000000e+04 1.989000000000000000e+04
1.779300000000000000e+04 1.988900000000000000e+04
1.781800000000000000e+04 1.988500000000000000e+04
1.784100000000000000e+04 1.986600000000000000e+04
1.786100000000000000e+04 1.985400000000000000e+04
1.790700000000000000e+04 1.984500000000000000e+04
1.790900000000000000e+04 1.984400000000000000e+04
1.794800000000000000e+04 1.981200000000000000e+04
1.797200000000000000e+04 1.979100000000000000e+04
1.796600000000000000e+04 1.979900000000000000e+04
1.794000000000000000e+04 1.982900000000000000e+04
1.796300000000000000e+04 1.980500000000000000e+04
1.799700000000000000e+04 1.976600000000000000e+04
1.799600000000000000e+04 1.978000000000000000e+04
1.799800000000000000e+04 1.976100000000000000e+04
1.800300000000000000e+04 1.975500000000000000e+04
1.798800000000000000e+04 1.978100000000000000e+04
1.798300000000000000e+04 1.979000000000000000e+04
1.801600000000000000e+04 1.974800000000000000e+04
1.803800000000000000e+04 1.974600000000000000e+04
1.808500000000000000e+04 1.973500000000000000e+04
1.812600000000000000e+04 1.969500000000000000e+04
1.816100000000000000e+04 1.968900000000000000e+04
1.809900000000000000e+04 1.970600000000000000e+04
1.815200000000000000e+04 1.969000000000000000e+04
1.819300000000000000e+04 1.964200000000000000e+04
1.818900000000000000e+04 1.964500000000000000e+04
1.818600000000000000e+04 1.965900000000000000e+04
1.822400000000000000e+04 1.963700000000000000e+04
1.822800000000000000e+04 1.962800000000000000e+04
1.826200000000000000e+04 1.960200000000000000e+04
1.823900000000000000e+04 1.960600000000000000e+04
1.823300000000000000e+04 1.962300000000000000e+04
1.823600000000000000e+04 1.961500000000000000e+04
1.825800000000000000e+04 1.960300000000000000e+04
1.827200000000000000e+04 1.959300000000000000e+04
1.829600000000000000e+04 1.958200000000000000e+04
1.830800000000000000e+04 1.956800000000000000e+04
1.834000000000000000e+04 1.954400000000000000e+04
1.832900000000000000e+04 1.956000000000000000e+04
1.835600000000000000e+04 1.954100000000000000e+04
1.838300000000000000e+04 1.952800000000000000e+04
1.838500000000000000e+04 1.950900000000000000e+04
1.839100000000000000e+04 1.950400000000000000e+04
1.839300000000000000e+04 1.949400000000000000e+04
1.842100000000000000e+04 1.948200000000000000e+04
1.840300000000000000e+04 1.948600000000000000e+04
1.847200000000000000e+04 1.942400000000000000e+04
1.847400000000000000e+04 1.940500000000000000e+04
1.845900000000000000e+04 1.942500000000000000e+04
1.851800000000000000e+04 1.939800000000000000e+04
1.845500000000000000e+04 1.947100000000000000e+04
1.850700000000000000e+04 1.940400000000000000e+04
1.853500000000000000e+04 1.936000000000000000e+04
1.854600000000000000e+04 1.934100000000000000e+04
1.852700000000000000e+04 1.936800000000000000e+04
1.852600000000000000e+04 1.937600000000000000e+04
1.857100000000000000e+04 1.932800000000000000e+04
1.855400000000000000e+04 1.933600000000000000e+04
1.858400000000000000e+04 1.931100000000000000e+04
1.860800000000000000e+04 1.930000000000000000e+04
1.862200000000000000e+04 1.927100000000000000e+04
1.864500000000000000e+04 1.926900000000000000e+04
1.871400000000000000e+04 1.917800000000000000e+04
1.869500000000000000e+04 1.923300000000000000e+04
1.869700000000000000e+04 1.920200000000000000e+04
1.871900000000000000e+04 1.917400000000000000e+04
1.878200000000000000e+04 1.909300000000000000e+04
1.877000000000000000e+04 1.912100000000000000e+04
1.876200000000000000e+04 1.914500000000000000e+04
1.875700000000000000e+04 1.916500000000000000e+04
1.877700000000000000e+04 1.911200000000000000e+04
1.876400000000000000e+04 1.913700000000000000e+04
1.881300000000000000e+04 1.908400000000000000e+04
1.878100000000000000e+04 1.910900000000000000e+04
1.883800000000000000e+04 1.902700000000000000e+04
1.883500000000000000e+04 1.905800000000000000e+04
1.882400000000000000e+04 1.906900000000000000e+04
1.883600000000000000e+04 1.903900000000000000e+04
1.890200000000000000e+04 1.898300000000000000e+04
1.889200000000000000e+04 1.902600000000000000e+04
1.891800000000000000e+04 1.898200000000000000e+04
1.893300000000000000e+04 1.896600000000000000e+04
1.895500000000000000e+04 1.893500000000000000e+04
1.894300000000000000e+04 1.893800000000000000e+04
1.899000000000000000e+04 1.889300000000000000e+04
1.894000000000000000e+04 1.894800000000000000e+04
1.895900000000000000e+04 1.891900000000000000e+04
1.899200000000000000e+04 1.888500000000000000e+04
1.898100000000000000e+04 1.890700000000000000e+04
1.902700000000000000e+04 1.886400000000000000e+04
1.904500000000000000e+04 1.885600000000000000e+04
1.901400000000000000e+04 1.886700000000000000e+04
1.908300000000000000e+04 1.883300000000000000e+04
1.909000000000000000e+04 1.879600000000000000e+04
1.910200000000000000e+04 1.876400000000000000e+04
1.909900000000000000e+04 1.878100000000000000e+04
1.908600000000000000e+04 1.880400000000000000e+04
1.713900000000000000e+04 2.010800000000000000e+04
1.722800000000000000e+04 2.007100000000000000e+04
1.721700000000000000e+04 2.008200000000000000e+04
1.720800000000000000e+04 2.009400000000000000e+04
1.727700000000000000e+04 2.006200000000000000e+04
1.729200000000000000e+04 2.006100000000000000e+04
1.726800000000000000e+04 2.006800000000000000e+04
1.730300000000000000e+04 2.005400000000000000e+04
1.736500000000000000e+04 2.003300000000000000e+04
1.731100000000000000e+04 2.005300000000000000e+04
1.733000000000000000e+04 2.005200000000000000e+04
1.733400000000000000e+04 2.004100000000000000e+04
1.733800000000000000e+04 2.004000000000000000e+04
1.742100000000000000e+04 2.002100000000000000e+04
1.740800000000000000e+04 2.002900000000000000e+04
1.742700000000000000e+04 2.001300000000000000e+04
1.745600000000000000e+04 2.000400000000000000e+04
1.751900000000000000e+04 1.997700000000000000e+04
1.754700000000000000e+04 1.997300000000000000e+04
1.747900000000000000e+04 1.999400000000000000e+04
1.759100000000000000e+04 1.993700000000000000e+04
1.757600000000000000e+04 1.994300000000000000e+04
1.765300000000000000e+04 1.991800000000000000e+04
1.761600000000000000e+04 1.992000000000000000e+04
1.761100000000000000e+04 1.992500000000000000e+04
1.766200000000000000e+04 1.991600000000000000e+04
1.775000000000000000e+04 1.989400000000000000e+04
1.773100000000000000e+04 1.990500000000000000e+04
1.771800000000000000e+04 1.991400000000000000e+04
1.772000000000000000e+04 1.990600000000000000e+04
1.775900000000000000e+04 1.989000000000000000e+04
1.779300000000000000e+04 1.988900000000000000e+04
1.781800000000000000e+04 1.988500000000000000e+04
1.784100000000000000e+04 1.986600000000000000e+04
1.786100000000000000e+04 1.985400000000000000e+04
1.790700000000000000e+04 1.984500000000000000e+04
1.790900000000000000e+04 1.984400000000000000e+04
1.794800000000000000e+04 1.981200000000000000e+04
1.797200000000000000e+04 1.979100000000000000e+04
1.796600000000000000e+04 1.979900000000000000e+04
1.794000000000000000e+04 1.982900000000000000e+04
1.796300000000000000e+04 1.980500000000000000e+04
1.799700000000000000e+04 1.976600000000000000e+04
1.799600000000000000e+04 1.978000000000000000e+04
1.799800000000000000e+04 1.976100000000000000e+04
1.800300000000000000e+04 1.975500000000000000e+04
1.798800000000000000e+04 1.978100000000000000e+04
1.798300000000000000e+04 1.979000000000000000e+04
1.801600000000000000e+04 1.974800000000000000e+04
1.803800000000000000e+04 1.974600000000000000e+04
1.808500000000000000e+04 1.973500000000000000e+04
1.812600000000000000e+04 1.969500000000000000e+04
1.816100000000000000e+04 1.968900000000000000e+04
1.809900000000000000e+04 1.970600000000000000e+04
1.815200000000000000e+04 1.969000000000000000e+04
1.819300000000000000e+04 1.964200000000000000e+04
1.818900000000000000e+04 1.964500000000000000e+04
1.818600000000000000e+04 1.965900000000000000e+04
1.822400000000000000e+04 1.963700000000000000e+04
1.822800000000000000e+04 1.962800000000000000e+04
1.826200000000000000e+04 1.960200000000000000e+04
1.823900000000000000e+04 1.960600000000000000e+04
1.823300000000000000e+04 1.962300000000000000e+04
1.823600000000000000e+04 1.961500000000000000e+04
1.825800000000000000e+04 1.960300000000000000e+04
1.827200000000000000e+04 1.959300000000000000e+04
1.829600000000000000e+04 1.958200000000000000e+04
1.830800000000000000e+04 1.956800000000000000e+04
1.834000000000000000e+04 1.954400000000000000e+04
1.832900000000000000e+04 1.956000000000000000e+04
1.835600000000000000e+04 1.954100000000000000e+04
1.838300000000000000e+04 1.952800000000000000e+04
1.838500000000000000e+04 1.950900000000000000e+04
1.839100000000000000e+04 1.950400000000000000e+04
1.839300000000000000e+04 1.949400000000000000e+04
1.842100000000000000e+04 1.948200000000000000e+04
1.840300000000000000e+04 1.948600000000000000e+04
1.847200000000000000e+04 1.942400000000000000e+04
1.847400000000000000e+04 1.940500000000000000e+04
1.845900000000000000e+04 1.942500000000000000e+04
1.851800000000000000e+04 1.939800000000000000e+04
1.845500000000000000e+04 1.947100000000000000e+04
1.850700000000000000e+04 1.940400000000000000e+04
1.853500000000000000e+04 1.936000000000000000e+04
1.854600000000000000e+04 1.934100000000000000e+04
1.852700000000000000e+04 1.936800000000000000e+04
1.852600000000000000e+04 1.937600000000000000e+04
1.857100000000000000e+04 1.932800000000000000e+04
1.855400000000000000e+04 1.933600000000000000e+04
1.858400000000000000e+04 1.931100000000000000e+04
1.860800000000000000e+04 1.930000000000000000e+04
1.862200000000000000e+04 1.927100000000000000e+04
1.864500000000000000e+04 1.926900000000000000e+04
1.871400000000000000e+04 1.917800000000000000e+04
1.869500000000000000e+04 1.923300000000000000e+04
1.869700000000000000e+04 1.920200000000000000e+04
1.871900000000000000e+04 1.917400000000000000e+04
1.878200000000000000e+04 1.909300000000000000e+04
1.877000000000000000e+04 1.912100000000000000e+04
1.876200000000000000e+04 1.914500000000000000e+04
1.875700000000000000e+04 1.916500000000000000e+04
1.877700000000000000e+04 1.911200000000000000e+04
1.876400000000000000e+04 1.913700000000000000e+04
1.881300000000000000e+04 1.908400000000000000e+04
1.878100000000000000e+04 1.910900000000000000e+04
1.883800000000000000e+04 1.902700000000000000e+04
1.883500000000000000e+04 1.905800000000000000e+04
1.882400000000000000e+04 1.906900000000000000e+04
1.883600000000000000e+04 1.903900000000000000e+04
1.890200000000000000e+04 1.898300000000000000e+04
1.889200000000000000e+04 1.902600000000000000e+04
1.891800000000000000e+04 1.898200000000000000e+04
1.893300000000000000e+04 1.896600000000000000e+04
1.895500000000000000e+04 1.893500000000000000e+04
1.894300000000000000e+04 1.893800000000000000e+04
1.899000000000000000e+04 1.889300000000000000e+04
1.894000000000000000e+04 1.894800000000000000e+04
1.895900000000000000e+04 1.891900000000000000e+04
1.899200000000000000e+04 1.888500000000000000e+04
1.898100000000000000e+04 1.890700000000000000e+04
1.902700000000000000e+04 1.886400000000000000e+04
1.904500000000000000e+04 1.885600000000000000e+04
1.901400000000000000e+04 1.886700000000000000e+04
1.908300000000000000e+04 1.883300000000000000e+04
1.909000000000000000e+04 1.879600000000000000e+04
1.910200000000000000e+04 1.876400000000000000e+04
1.909900000000000000e+04 1.878100000000000000e+04
1.908600000000000000e+04 1.880400000000000000e+04
1.910700000000000000e+04 1.874000000000000000e+04
1.913200000000000000e+04 1.873200000000000000e+04
1.910400000000000000e+04 1.874300000000000000e+04
1.912200000000000000e+04 1.873500000000000000e+04
1.913500000000000000e+04 1.871800000000000000e+04
1.917900000000000000e+04 1.866500000000000000e+04
1.917000000000000000e+04 1.868000000000000000e+04
1.917200000000000000e+04 1.866900000000000000e+04
1.913900000000000000e+04 1.869900000000000000e+04
1.915500000000000000e+04 1.868800000000000000e+04
1.918900000000000000e+04 1.864700000000000000e+04
1.914400000000000000e+04 1.869000000000000000e+04
1.713900000000000000e+04 2.010800000000000000e+04
1.722800000000000000e+04 2.007100000000000000e+04
1.721700000000000000e+04 2.008200000000000000e+04
1.720800000000000000e+04 2.009400000000000000e+04
1.727700000000000000e+04 2.006200000000000000e+04
1.729200000000000000e+04 2.006100000000000000e+04
1.726800000000000000e+04 2.006800000000000000e+04
1.730300000000000000e+04 2.005400000000000000e+04
1.736500000000000000e+04 2.003300000000000000e+04
1.731100000000000000e+04 2.005300000000000000e+04
1.733000000000000000e+04 2.005200000000000000e+04
1.733400000000000000e+04 2.004100000000000000e+04
1.733800000000000000e+04 2.004000000000000000e+04
1.742100000000000000e+04 2.002100000000000000e+04
1.740800000000000000e+04 2.002900000000000000e+04
1.742700000000000000e+04 2.001300000000000000e+04
1.745600000000000000e+04 2.000400000000000000e+04
1.751900000000000000e+04 1.997700000000000000e+04
1.754700000000000000e+04 1.997300000000000000e+04
1.747900000000000000e+04 1.999400000000000000e+04
1.759100000000000000e+04 1.993700000000000000e+04
1.757600000000000000e+04 1.994300000000000000e+04
1.765300000000000000e+04 1.991800000000000000e+04
1.761600000000000000e+04 1.992000000000000000e+04
1.761100000000000000e+04 1.992500000000000000e+04
1.766200000000000000e+04 1.991600000000000000e+04
1.775000000000000000e+04 1.989400000000000000e+04
1.773100000000000000e+04 1.990500000000000000e+04
1.771800000000000000e+04 1.991400000000000000e+04
1.772000000000000000e+04 1.990600000000000000e+04
1.775900000000000000e+04 1.989000000000000000e+04
1.779300000000000000e+04 1.988900000000000000e+04
1.781800000000000000e+04 1.988500000000000000e+04
1.784100000000000000e+04 1.986600000000000000e+04
1.786100000000000000e+04 1.985400000000000000e+04
1.790700000000000000e+04 1.984500000000000000e+04
1.790900000000000000e+04 1.984400000000000000e+04
1.794800000000000000e+04 1.981200000000000000e+04
1.797200000000000000e+04 1.979100000000000000e+04
1.796600000000000000e+04 1.979900000000000000e+04
1.794000000000000000e+04 1.982900000000000000e+04
1.796300000000000000e+04 1.980500000000000000e+04
1.799700000000000000e+04 1.976600000000000000e+04
1.799600000000000000e+04 1.978000000000000000e+04
1.799800000000000000e+04 1.976100000000000000e+04
1.800300000000000000e+04 1.975500000000000000e+04
1.798800000000000000e+04 1.978100000000000000e+04
1.798300000000000000e+04 1.979000000000000000e+04
1.801600000000000000e+04 1.974800000000000000e+04
1.803800000000000000e+04 1.974600000000000000e+04
1.808500000000000000e+04 1.973500000000000000e+04
1.812600000000000000e+04 1.969500000000000000e+04
1.816100000000000000e+04 1.968900000000000000e+04
1.809900000000000000e+04 1.970600000000000000e+04
1.815200000000000000e+04 1.969000000000000000e+04
1.819300000000000000e+04 1.964200000000000000e+04
1.818900000000000000e+04 1.964500000000000000e+04
1.818600000000000000e+04 1.965900000000000000e+04
1.822400000000000000e+04 1.963700000000000000e+04
1.822800000000000000e+04 1.962800000000000000e+04
1.826200000000000000e+04 1.960200000000000000e+04
1.823900000000000000e+04 1.960600000000000000e+04
1.823300000000000000e+04 1.962300000000000000e+04
1.823600000000000000e+04 1.961500000000000000e+04
1.825800000000000000e+04 1.960300000000000000e+04
1.827200000000000000e+04 1.959300000000000000e+04
1.829600000000000000e+04 1.958200000000000000e+04
1.830800000000000000e+04 1.956800000000000000e+04
1.834000000000000000e+04 1.954400000000000000e+04
1.832900000000000000e+04 1.956000000000000000e+04
1.835600000000000000e+04 1.954100000000000000e+04
1.838300000000000000e+04 1.952800000000000000e+04
1.838500000000000000e+04 1.950900000000000000e+04
1.839100000000000000e+04 1.950400000000000000e+04
1.839300000000000000e+04 1.949400000000000000e+04
1.842100000000000000e+04 1.948200000000000000e+04
1.840300000000000000e+04 1.948600000000000000e+04
1.847200000000000000e+04 1.942400000000000000e+04
1.847400000000000000e+04 1.940500000000000000e+04
1.845900000000000000e+04 1.942500000000000000e+04
1.851800000000000000e+04 1.939800000000000000e+04
1.845500000000000000e+04 1.947100000000000000e+04
1.850700000000000000e+04 1.940400000000000000e+04
1.853500000000000000e+04 1.936000000000000000e+04
1.854600000000000000e+04 1.934100000000000000e+04
1.852700000000000000e+04 1.936800000000000000e+04
1.852600000000000000e+04 1.937600000000000000e+04
1.857100000000000000e+04 1.932800000000000000e+04
1.855400000000000000e+04 1.933600000000000000e+04
1.858400000000000000e+04 1.931100000000000000e+04
1.860800000000000000e+04 1.930000000000000000e+04
1.862200000000000000e+04 1.927100000000000000e+04
1.864500000000000000e+04 1.926900000000000000e+04
1.871400000000000000e+04 1.917800000000000000e+04
1.869500000000000000e+04 1.923300000000000000e+04
1.869700000000000000e+04 1.920200000000000000e+04
1.871900000000000000e+04 1.917400000000000000e+04
1.878200000000000000e+04 1.909300000000000000e+04
1.877000000000000000e+04 1.912100000000000000e+04
1.876200000000000000e+04 1.914500000000000000e+04
1.875700000000000000e+04 1.916500000000000000e+04
1.877700000000000000e+04 1.911200000000000000e+04
1.876400000000000000e+04 1.913700000000000000e+04
1.881300000000000000e+04 1.908400000000000000e+04
1.878100000000000000e+04 1.910900000000000000e+04
1.883800000000000000e+04 1.902700000000000000e+04
1.883500000000000000e+04 1.905800000000000000e+04
1.882400000000000000e+04 1.906900000000000000e+04
1.883600000000000000e+04 1.903900000000000000e+04
1.890200000000000000e+04 1.898300000000000000e+04
1.889200000000000000e+04 1.902600000000000000e+04
1.891800000000000000e+04 1.898200000000000000e+04
1.893300000000000000e+04 1.896600000000000000e+04
1.895500000000000000e+04 1.893500000000000000e+04
1.894300000000000000e+04 1.893800000000000000e+04
1.899000000000000000e+04 1.889300000000000000e+04
1.894000000000000000e+04 1.894800000000000000e+04
1.895900000000000000e+04 1.891900000000000000e+04
1.899200000000000000e+04 1.888500000000000000e+04
1.898100000000000000e+04 1.890700000000000000e+04
1.902700000000000000e+04 1.886400000000000000e+04
1.904500000000000000e+04 1.885600000000000000e+04
1.901400000000000000e+04 1.886700000000000000e+04
1.908300000000000000e+04 1.883300000000000000e+04
1.909000000000000000e+04 1.879600000000000000e+04
1.910200000000000000e+04 1.876400000000000000e+04
1.909900000000000000e+04 1.878100000000000000e+04
1.908600000000000000e+04 1.880400000000000000e+04
1.910700000000000000e+04 1.874000000000000000e+04
1.913200000000000000e+04 1.873200000000000000e+04
1.910400000000000000e+04 1.874300000000000000e+04
1.912200000000000000e+04 1.873500000000000000e+04
1.913500000000000000e+04 1.871800000000000000e+04
1.917900000000000000e+04 1.866500000000000000e+04
1.917000000000000000e+04 1.868000000000000000e+04
1.917200000000000000e+04 1.866900000000000000e+04
1.913900000000000000e+04 1.869900000000000000e+04
1.915500000000000000e+04 1.868800000000000000e+04
1.918900000000000000e+04 1.864700000000000000e+04
1.914400000000000000e+04 1.869000000000000000e+04
1.713900000000000000e+04 2.010800000000000000e+04
1.722800000000000000e+04 2.007100000000000000e+04
1.721700000000000000e+04 2.008200000000000000e+04
1.720800000000000000e+04 2.009400000000000000e+04
1.727700000000000000e+04 2.006200000000000000e+04
1.729200000000000000e+04 2.006100000000000000e+04
1.726800000000000000e+04 2.006800000000000000e+04
1.730300000000000000e+04 2.005400000000000000e+04
1.736500000000000000e+04 2.003300000000000000e+04
1.731100000000000000e+04 2.005300000000000000e+04
1.733000000000000000e+04 2.005200000000000000e+04
1.733400000000000000e+04 2.004100000000000000e+04
1.733800000000000000e+04 2.004000000000000000e+04
1.742100000000000000e+04 2.002100000000000000e+04
1.740800000000000000e+04 2.002900000000000000e+04
1.742700000000000000e+04 2.001300000000000000e+04
1.745600000000000000e+04 2.000400000000000000e+04
1.751900000000000000e+04 1.997700000000000000e+04
1.754700000000000000e+04 1.997300000000000000e+04
1.747900000000000000e+04 1.999400000000000000e+04
1.759100000000000000e+04 1.993700000000000000e+04
1.757600000000000000e+04 1.994300000000000000e+04
1.765300000000000000e+04 1.991800000000000000e+04
1.761600000000000000e+04 1.992000000000000000e+04
1.761100000000000000e+04 1.992500000000000000e+04
1.766200000000000000e+04 1.991600000000000000e+04
1.775000000000000000e+04 1.989400000000000000e+04
1.773100000000000000e+04 1.990500000000000000e+04
1.771800000000000000e+04 1.991400000000000000e+04
1.772000000000000000e+04 1.990600000000000000e+04
1.775900000000000000e+04 1.989000000000000000e+04
1.779300000000000000e+04 1.988900000000000000e+04
1.781800000000000000e+04 1.988500000000000000e+04
1.784100000000000000e+04 1.986600000000000000e+04
1.786100000000000000e+04 1.985400000000000000e+04
1.790700000000000000e+04 1.984500000000000000e+04
1.790900000000000000e+04 1.984400000000000000e+04
1.794800000000000000e+04 1.981200000000000000e+04
1.797200000000000000e+04 1.979100000000000000e+04
1.796600000000000000e+04 1.979900000000000000e+04
1.794000000000000000e+04 1.982900000000000000e+04
1.796300000000000000e+04 1.980500000000000000e+04
1.799700000000000000e+04 1.976600000000000000e+04
1.799600000000000000e+04 1.978000000000000000e+04
1.799800000000000000e+04 1.976100000000000000e+04
1.800300000000000000e+04 1.975500000000000000e+04
1.798800000000000000e+04 1.978100000000000000e+04
1.798300000000000000e+04 1.979000000000000000e+04
1.801600000000000000e+04 1.974800000000000000e+04
1.803800000000000000e+04 1.974600000000000000e+04
1.808500000000000000e+04 1.973500000000000000e+04
1.812600000000000000e+04 1.969500000000000000e+04
1.816100000000000000e+04 1.968900000000000000e+04
1.809900000000000000e+04 1.970600000000000000e+04
1.815200000000000000e+04 1.969000000000000000e+04
1.819300000000000000e+04 1.964200000000000000e+04
1.818900000000000000e+04 1.964500000000000000e+04
1.818600000000000000e+04 1.965900000000000000e+04
1.822400000000000000e+04 1.963700000000000000e+04
1.822800000000000000e+04 1.962800000000000000e+04
1.826200000000000000e+04 1.960200000000000000e+04
1.823900000000000000e+04 1.960600000000000000e+04
1.823300000000000000e+04 1.962300000000000000e+04
1.823600000000000000e+04 1.961500000000000000e+04
1.825800000000000000e+04 1.960300000000000000e+04
1.827200000000000000e+04 1.959300000000000000e+04
1.829600000000000000e+04 1.958200000000000000e+04
1.830800000000000000e+04 1.956800000000000000e+04
1.834000000000000000e+04 1.954400000000000000e+04
1.832900000000000000e+04 1.956000000000000000e+04
1.835600000000000000e+04 1.954100000000000000e+04
1.838300000000000000e+04 1.952800000000000000e+04
1.838500000000000000e+04 1.950900000000000000e+04
1.839100000000000000e+04 1.950400000000000000e+04
1.839300000000000000e+04 1.949400000000000000e+04
1.842100000000000000e+04 1.948200000000000000e+04
1.840300000000000000e+04 1.948600000000000000e+04
1.847200000000000000e+04 1.942400000000000000e+04
1.847400000000000000e+04 1.940500000000000000e+04
1.845900000000000000e+04 1.942500000000000000e+04
1.851800000000000000e+04 1.939800000000000000e+04
1.845500000000000000e+04 1.947100000000000000e+04
1.850700000000000000e+04 1.940400000000000000e+04
1.853500000000000000e+04 1.936000000000000000e+04
1.854600000000000000e+04 1.934100000000000000e+04
1.852700000000000000e+04 1.936800000000000000e+04
1.852600000000000000e+04 1.937600000000000000e+04
1.857100000000000000e+04 1.932800000000000000e+04
1.855400000000000000e+04 1.933600000000000000e+04
1.858400000000000000e+04 1.931100000000000000e+04
1.860800000000000000e+04 1.930000000000000000e+04
1.862200000000000000e+04 1.927100000000000000e+04
1.864500000000000000e+04 1.926900000000000000e+04
1.871400000000000000e+04 1.917800000000000000e+04
1.869500000000000000e+04 1.923300000000000000e+04
1.869700000000000000e+04 1.920200000000000000e+04
1.871900000000000000e+04 1.917400000000000000e+04
1.878200000000000000e+04 1.909300000000000000e+04
1.877000000000000000e+04 1.912100000000000000e+04
1.876200000000000000e+04 1.914500000000000000e+04
1.875700000000000000e+04 1.916500000000000000e+04
1.877700000000000000e+04 1.911200000000000000e+04
1.876400000000000000e+04 1.913700000000000000e+04
1.881300000000000000e+04 1.908400000000000000e+04
1.878100000000000000e+04 1.910900000000000000e+04
1.883800000000000000e+04 1.902700000000000000e+04
1.883500000000000000e+04 1.905800000000000000e+04
1.882400000000000000e+04 1.906900000000000000e+04
1.883600000000000000e+04 1.903900000000000000e+04
1.890200000000000000e+04 1.898300000000000000e+04
1.889200000000000000e+04 1.902600000000000000e+04
1.891800000000000000e+04 1.898200000000000000e+04
1.893300000000000000e+04 1.896600000000000000e+04
1.895500000000000000e+04 1.893500000000000000e+04
1.894300000000000000e+04 1.893800000000000000e+04
1.899000000000000000e+04 1.889300000000000000e+04
1.894000000000000000e+04 1.894800000000000000e+04
1.895900000000000000e+04 1.891900000000000000e+04
1.899200000000000000e+04 1.888500000000000000e+04
1.898100000000000000e+04 1.890700000000000000e+04
1.902700000000000000e+04 1.886400000000000000e+04
1.904500000000000000e+04 1.885600000000000000e+04
1.901400000000000000e+04 1.886700000000000000e+04
1.908300000000000000e+04 1.883300000000000000e+04
1.909000000000000000e+04 1.879600000000000000e+04
1.910200000000000000e+04 1.876400000000000000e+04
1.909900000000000000e+04 1.878100000000000000e+04
1.908600000000000000e+04 1.880400000000000000e+04
1.910700000000000000e+04 1.874000000000000000e+04
1.913200000000000000e+04 1.873200000000000000e+04
1.910400000000000000e+04 1.874300000000000000e+04
1.912200000000000000e+04 1.873500000000000000e+04
1.913500000000000000e+04 1.871800000000000000e+04
1.913900000000000000e+04 1.869900000000000000e+04
1.918100000000000000e+04 1.867400000000000000e+04
1.915200000000000000e+04 1.869800000000000000e+04
1.917000000000000000e+04 1.869300000000000000e+04
1.917700000000000000e+04 1.868000000000000000e+04
1.920100000000000000e+04 1.865100000000000000e+04
1.922500000000000000e+04 1.857400000000000000e+04
1.924500000000000000e+04 1.856800000000000000e+04
1.921900000000000000e+04 1.863000000000000000e+04
1.920300000000000000e+04 1.863400000000000000e+04
1.922300000000000000e+04 1.859700000000000000e+04
1.927000000000000000e+04 1.854000000000000000e+04
1.713900000000000000e+04 2.010800000000000000e+04
1.722800000000000000e+04 2.007100000000000000e+04
1.721700000000000000e+04 2.008200000000000000e+04
1.720800000000000000e+04 2.009400000000000000e+04
1.727700000000000000e+04 2.006200000000000000e+04
1.729200000000000000e+04 2.006100000000000000e+04
1.726800000000000000e+04 2.006800000000000000e+04
1.730300000000000000e+04 2.005400000000000000e+04
1.736500000000000000e+04 2.003300000000000000e+04
1.731100000000000000e+04 2.005300000000000000e+04
1.733000000000000000e+04 2.005200000000000000e+04
1.733400000000000000e+04 2.004100000000000000e+04
1.733800000000000000e+04 2.004000000000000000e+04
1.742100000000000000e+04 2.002100000000000000e+04
1.740800000000000000e+04 2.002900000000000000e+04
1.742700000000000000e+04 2.001300000000000000e+04
1.745600000000000000e+04 2.000400000000000000e+04
1.751900000000000000e+04 1.997700000000000000e+04
1.754700000000000000e+04 1.997300000000000000e+04
1.747900000000000000e+04 1.999400000000000000e+04
1.759100000000000000e+04 1.993700000000000000e+04
1.757600000000000000e+04 1.994300000000000000e+04
1.765300000000000000e+04 1.991800000000000000e+04
1.761600000000000000e+04 1.992000000000000000e+04
1.761100000000000000e+04 1.992500000000000000e+04
1.766200000000000000e+04 1.991600000000000000e+04
1.775000000000000000e+04 1.989400000000000000e+04
1.773100000000000000e+04 1.990500000000000000e+04
1.771800000000000000e+04 1.991400000000000000e+04
1.772000000000000000e+04 1.990600000000000000e+04
1.775900000000000000e+04 1.989000000000000000e+04
1.779300000000000000e+04 1.988900000000000000e+04
1.781800000000000000e+04 1.988500000000000000e+04
1.784100000000000000e+04 1.986600000000000000e+04
1.786100000000000000e+04 1.985400000000000000e+04
1.790700000000000000e+04 1.984500000000000000e+04
1.790900000000000000e+04 1.984400000000000000e+04
1.794800000000000000e+04 1.981200000000000000e+04
1.797200000000000000e+04 1.979100000000000000e+04
1.796600000000000000e+04 1.979900000000000000e+04
1.794000000000000000e+04 1.982900000000000000e+04
1.796300000000000000e+04 1.980500000000000000e+04
1.799700000000000000e+04 1.976600000000000000e+04
1.799600000000000000e+04 1.978000000000000000e+04
1.799800000000000000e+04 1.976100000000000000e+04
1.800300000000000000e+04 1.975500000000000000e+04
1.798800000000000000e+04 1.978100000000000000e+04
1.798300000000000000e+04 1.979000000000000000e+04
1.801600000000000000e+04 1.974800000000000000e+04
1.803800000000000000e+04 1.974600000000000000e+04
1.808500000000000000e+04 1.973500000000000000e+04
1.812600000000000000e+04 1.969500000000000000e+04
1.816100000000000000e+04 1.968900000000000000e+04
1.809900000000000000e+04 1.970600000000000000e+04
1.815200000000000000e+04 1.969000000000000000e+04
1.819300000000000000e+04 1.964200000000000000e+04
1.818900000000000000e+04 1.964500000000000000e+04
1.818600000000000000e+04 1.965900000000000000e+04
1.822400000000000000e+04 1.963700000000000000e+04
1.822800000000000000e+04 1.962800000000000000e+04
1.826200000000000000e+04 1.960200000000000000e+04
1.823900000000000000e+04 1.960600000000000000e+04
1.823300000000000000e+04 1.962300000000000000e+04
1.823600000000000000e+04 1.961500000000000000e+04
1.825800000000000000e+04 1.960300000000000000e+04
1.827200000000000000e+04 1.959300000000000000e+04
1.829600000000000000e+04 1.958200000000000000e+04
1.830800000000000000e+04 1.956800000000000000e+04
1.834000000000000000e+04 1.954400000000000000e+04
1.832900000000000000e+04 1.956000000000000000e+04
1.835600000000000000e+04 1.954100000000000000e+04
1.838300000000000000e+04 1.952800000000000000e+04
1.838500000000000000e+04 1.950900000000000000e+04
1.839100000000000000e+04 1.950400000000000000e+04
1.839300000000000000e+04 1.949400000000000000e+04
1.842100000000000000e+04 1.948200000000000000e+04
1.840300000000000000e+04 1.948600000000000000e+04
1.847200000000000000e+04 1.942400000000000000e+04
1.847400000000000000e+04 1.940500000000000000e+04
1.845900000000000000e+04 1.942500000000000000e+04
1.851800000000000000e+04 1.939800000000000000e+04
1.845500000000000000e+04 1.947100000000000000e+04
1.850700000000000000e+04 1.940400000000000000e+04
1.853500000000000000e+04 1.936000000000000000e+04
1.854600000000000000e+04 1.934100000000000000e+04
1.852700000000000000e+04 1.936800000000000000e+04
1.852600000000000000e+04 1.937600000000000000e+04
1.857100000000000000e+04 1.932800000000000000e+04
1.855400000000000000e+04 1.933600000000000000e+04
1.858400000000000000e+04 1.931100000000000000e+04
1.860800000000000000e+04 1.930000000000000000e+04
1.862200000000000000e+04 1.927100000000000000e+04
1.864500000000000000e+04 1.926900000000000000e+04
1.871400000000000000e+04 1.917800000000000000e+04
1.869500000000000000e+04 1.923300000000000000e+04
1.869700000000000000e+04 1.920200000000000000e+04
1.871900000000000000e+04 1.917400000000000000e+04
1.878200000000000000e+04 1.909300000000000000e+04
1.877000000000000000e+04 1.912100000000000000e+04
1.876200000000000000e+04 1.914500000000000000e+04
1.875700000000000000e+04 1.916500000000000000e+04
1.877700000000000000e+04 1.911200000000000000e+04
1.876400000000000000e+04 1.913700000000000000e+04
1.881300000000000000e+04 1.908400000000000000e+04
1.878100000000000000e+04 1.910900000000000000e+04
1.883800000000000000e+04 1.902700000000000000e+04
1.883500000000000000e+04 1.905800000000000000e+04
1.882400000000000000e+04 1.906900000000000000e+04
1.883600000000000000e+04 1.903900000000000000e+04
1.890200000000000000e+04 1.898300000000000000e+04
1.889200000000000000e+04 1.902600000000000000e+04
1.891800000000000000e+04 1.898200000000000000e+04
1.893300000000000000e+04 1.896600000000000000e+04
1.895500000000000000e+04 1.893500000000000000e+04
1.894300000000000000e+04 1.893800000000000000e+04
1.899000000000000000e+04 1.889300000000000000e+04
1.894000000000000000e+04 1.894800000000000000e+04
1.895900000000000000e+04 1.891900000000000000e+04
1.899200000000000000e+04 1.888500000000000000e+04
1.898100000000000000e+04 1.890700000000000000e+04
1.902700000000000000e+04 1.886400000000000000e+04
1.904500000000000000e+04 1.885600000000000000e+04
1.901400000000000000e+04 1.886700000000000000e+04
1.908300000000000000e+04 1.883300000000000000e+04
1.909000000000000000e+04 1.879600000000000000e+04
1.910200000000000000e+04 1.876400000000000000e+04
1.909900000000000000e+04 1.878100000000000000e+04
1.908600000000000000e+04 1.880400000000000000e+04
1.910700000000000000e+04 1.874000000000000000e+04
1.913200000000000000e+04 1.873200000000000000e+04
1.910400000000000000e+04 1.874300000000000000e+04
1.912200000000000000e+04 1.873500000000000000e+04
1.913500000000000000e+04 1.871800000000000000e+04
1.913900000000000000e+04 1.869900000000000000e+04
1.918100000000000000e+04 1.867400000000000000e+04
1.915200000000000000e+04 1.869800000000000000e+04
1.917000000000000000e+04 1.869300000000000000e+04
1.917700000000000000e+04 1.868000000000000000e+04
1.920100000000000000e+04 1.865100000000000000e+04
1.922500000000000000e+04 1.857400000000000000e+04
1.924500000000000000e+04 1.856800000000000000e+04
1.921900000000000000e+04 1.863000000000000000e+04
1.920300000000000000e+04 1.863400000000000000e+04
1.922300000000000000e+04 1.859700000000000000e+04
1.927000000000000000e+04 1.854000000000000000e+04
1.566800000000000000e+04 1.854300000000000000e+04
1.580300000000000000e+04 1.851300000000000000e+04
1.572900000000000000e+04 1.853500000000000000e+04
1.580000000000000000e+04 1.853100000000000000e+04
1.654800000000000000e+04 1.939600000000000000e+04
1.646100000000000000e+04 1.946200000000000000e+04
1.648000000000000000e+04 1.944700000000000000e+04
1.652100000000000000e+04 1.940600000000000000e+04
1.654000000000000000e+04 1.940500000000000000e+04
1.647300000000000000e+04 1.980400000000000000e+04
1.666900000000000000e+04 1.980000000000000000e+04
1.643600000000000000e+04 1.981500000000000000e+04
1.679300000000000000e+04 1.996400000000000000e+04
1.675800000000000000e+04 1.997000000000000000e+04
1.680300000000000000e+04 1.994900000000000000e+04
1.682600000000000000e+04 1.994300000000000000e+04
1.677200000000000000e+04 1.996600000000000000e+04
1.681000000000000000e+04 1.994800000000000000e+04
1.674900000000000000e+04 1.997200000000000000e+04
1.683800000000000000e+04 2.008700000000000000e+04
1.693500000000000000e+04 2.005600000000000000e+04
1.690500000000000000e+04 2.007100000000000000e+04
1.693200000000000000e+04 2.006400000000000000e+04
1.684700000000000000e+04 2.007900000000000000e+04
1.692900000000000000e+04 2.010300000000000000e+04
1.689700000000000000e+04 2.011500000000000000e+04
1.696600000000000000e+04 2.008000000000000000e+04
1.694900000000000000e+04 2.008800000000000000e+04
1.700600000000000000e+04 2.007300000000000000e+04
1.698600000000000000e+04 2.007700000000000000e+04
1.696100000000000000e+04 2.008700000000000000e+04
1.703400000000000000e+04 2.009000000000000000e+04
1.708600000000000000e+04 2.008100000000000000e+04
1.697900000000000000e+04 2.012700000000000000e+04
1.703700000000000000e+04 2.008400000000000000e+04
1.702600000000000000e+04 2.009900000000000000e+04
1.706100000000000000e+04 2.008200000000000000e+04
1.700300000000000000e+04 2.011600000000000000e+04
1.712200000000000000e+04 2.013000000000000000e+04
1.716100000000000000e+04 2.010400000000000000e+04
1.723600000000000000e+04 2.010100000000000000e+04
1.724800000000000000e+04 2.007800000000000000e+04
1.724100000000000000e+04 2.008900000000000000e+04
1.720400000000000000e+04 2.010200000000000000e+04
1.712200000000000000e+04 2.013000000000000000e+04
1.729500000000000000e+04 2.008200000000000000e+04
1.727000000000000000e+04 2.009500000000000000e+04
1.725900000000000000e+04 2.011000000000000000e+04
1.726600000000000000e+04 2.010000000000000000e+04
1.724600000000000000e+04 2.012600000000000000e+04
1.729300000000000000e+04 2.009100000000000000e+04
1.712200000000000000e+04 2.013000000000000000e+04
1.725900000000000000e+04 2.011000000000000000e+04
1.724600000000000000e+04 2.012600000000000000e+04
1.729300000000000000e+04 2.009100000000000000e+04
1.727100000000000000e+04 2.010100000000000000e+04
1.729200000000000000e+04 2.010000000000000000e+04
1.731300000000000000e+04 2.009000000000000000e+04
1.735400000000000000e+04 2.007900000000000000e+04
1.734400000000000000e+04 2.008500000000000000e+04
1.733000000000000000e+04 2.008800000000000000e+04
1.737800000000000000e+04 2.006400000000000000e+04
1.736500000000000000e+04 2.007700000000000000e+04
1.737300000000000000e+04 2.006700000000000000e+04
1.712200000000000000e+04 2.013000000000000000e+04
1.725900000000000000e+04 2.011000000000000000e+04
1.724600000000000000e+04 2.012600000000000000e+04
1.729300000000000000e+04 2.009100000000000000e+04
1.727100000000000000e+04 2.010100000000000000e+04
1.729200000000000000e+04 2.010000000000000000e+04
1.731300000000000000e+04 2.009000000000000000e+04
1.735400000000000000e+04 2.007900000000000000e+04
1.734400000000000000e+04 2.008500000000000000e+04
1.733000000000000000e+04 2.008800000000000000e+04
1.734800000000000000e+04 2.008200000000000000e+04
1.733400000000000000e+04 2.008700000000000000e+04
1.736800000000000000e+04 2.007700000000000000e+04
1.741500000000000000e+04 2.007300000000000000e+04
1.742500000000000000e+04 2.007200000000000000e+04
1.747800000000000000e+04 2.006100000000000000e+04
1.712200000000000000e+04 2.013000000000000000e+04
1.725900000000000000e+04 2.011000000000000000e+04
1.724600000000000000e+04 2.012600000000000000e+04
1.729300000000000000e+04 2.009100000000000000e+04
1.727100000000000000e+04 2.010100000000000000e+04
1.729200000000000000e+04 2.010000000000000000e+04
1.731300000000000000e+04 2.009000000000000000e+04
1.735400000000000000e+04 2.007900000000000000e+04
1.734400000000000000e+04 2.008500000000000000e+04
1.733000000000000000e+04 2.008800000000000000e+04
1.734800000000000000e+04 2.008200000000000000e+04
1.733400000000000000e+04 2.008700000000000000e+04
1.736800000000000000e+04 2.007700000000000000e+04
1.741500000000000000e+04 2.007300000000000000e+04
1.742500000000000000e+04 2.007200000000000000e+04
1.747800000000000000e+04 2.006100000000000000e+04
1.745900000000000000e+04 2.006200000000000000e+04
1.753800000000000000e+04 2.002300000000000000e+04
1.754500000000000000e+04 2.000600000000000000e+04
1.751500000000000000e+04 2.004600000000000000e+04
1.712200000000000000e+04 2.013000000000000000e+04
1.725900000000000000e+04 2.011000000000000000e+04
1.724600000000000000e+04 2.012600000000000000e+04
1.729300000000000000e+04 2.009100000000000000e+04
1.727100000000000000e+04 2.010100000000000000e+04
1.729200000000000000e+04 2.010000000000000000e+04
1.731300000000000000e+04 2.009000000000000000e+04
1.735400000000000000e+04 2.007900000000000000e+04
1.734400000000000000e+04 2.008500000000000000e+04
1.733000000000000000e+04 2.008800000000000000e+04
1.734800000000000000e+04 2.008200000000000000e+04
1.733400000000000000e+04 2.008700000000000000e+04
1.736800000000000000e+04 2.007700000000000000e+04
1.741500000000000000e+04 2.007300000000000000e+04
1.742500000000000000e+04 2.007200000000000000e+04
1.747800000000000000e+04 2.006100000000000000e+04
1.745900000000000000e+04 2.006200000000000000e+04
1.753800000000000000e+04 2.002300000000000000e+04
1.751500000000000000e+04 2.004600000000000000e+04
1.753400000000000000e+04 2.002400000000000000e+04
1.758200000000000000e+04 1.998500000000000000e+04
1.756500000000000000e+04 1.999000000000000000e+04
1.752300000000000000e+04 2.002800000000000000e+04
1.755900000000000000e+04 2.001500000000000000e+04
1.750100000000000000e+04 2.004700000000000000e+04
1.752800000000000000e+04 2.002600000000000000e+04
1.756400000000000000e+04 1.999600000000000000e+04
1.758000000000000000e+04 1.998800000000000000e+04
1.756000000000000000e+04 2.000200000000000000e+04
1.712200000000000000e+04 2.013000000000000000e+04
1.725900000000000000e+04 2.011000000000000000e+04
1.724600000000000000e+04 2.012600000000000000e+04
1.729300000000000000e+04 2.009100000000000000e+04
1.727100000000000000e+04 2.010100000000000000e+04
1.729200000000000000e+04 2.010000000000000000e+04
1.731300000000000000e+04 2.009000000000000000e+04
1.735400000000000000e+04 2.007900000000000000e+04
1.734400000000000000e+04 2.008500000000000000e+04
1.733000000000000000e+04 2.008800000000000000e+04
1.734800000000000000e+04 2.008200000000000000e+04
1.733400000000000000e+04 2.008700000000000000e+04
1.736800000000000000e+04 2.007700000000000000e+04
1.741500000000000000e+04 2.007300000000000000e+04
1.742500000000000000e+04 2.007200000000000000e+04
1.747800000000000000e+04 2.006100000000000000e+04
1.745900000000000000e+04 2.006200000000000000e+04
1.753800000000000000e+04 2.002300000000000000e+04
1.751500000000000000e+04 2.004600000000000000e+04
1.753400000000000000e+04 2.002400000000000000e+04
1.752300000000000000e+04 2.002800000000000000e+04
1.750100000000000000e+04 2.004700000000000000e+04
1.752800000000000000e+04 2.002600000000000000e+04
1.761300000000000000e+04 1.999100000000000000e+04
1.758300000000000000e+04 2.002000000000000000e+04
1.764200000000000000e+04 1.996100000000000000e+04
1.764100000000000000e+04 1.997200000000000000e+04
1.761900000000000000e+04 1.997900000000000000e+04
1.767700000000000000e+04 1.995400000000000000e+04
1.712200000000000000e+04 2.013000000000000000e+04
1.725900000000000000e+04 2.011000000000000000e+04
1.724600000000000000e+04 2.012600000000000000e+04
1.729300000000000000e+04 2.009100000000000000e+04
1.727100000000000000e+04 2.010100000000000000e+04
1.729200000000000000e+04 2.010000000000000000e+04
1.731300000000000000e+04 2.009000000000000000e+04
1.735400000000000000e+04 2.007900000000000000e+04
1.734400000000000000e+04 2.008500000000000000e+04
1.733000000000000000e+04 2.008800000000000000e+04
1.734800000000000000e+04 2.008200000000000000e+04
1.733400000000000000e+04 2.008700000000000000e+04
1.736800000000000000e+04 2.007700000000000000e+04
1.741500000000000000e+04 2.007300000000000000e+04
1.742500000000000000e+04 2.007200000000000000e+04
1.747800000000000000e+04 2.006100000000000000e+04
1.745900000000000000e+04 2.006200000000000000e+04
1.753800000000000000e+04 2.002300000000000000e+04
1.751500000000000000e+04 2.004600000000000000e+04
1.753400000000000000e+04 2.002400000000000000e+04
1.752300000000000000e+04 2.002800000000000000e+04
1.750100000000000000e+04 2.004700000000000000e+04
1.752800000000000000e+04 2.002600000000000000e+04
1.761300000000000000e+04 1.999100000000000000e+04
1.758300000000000000e+04 2.002000000000000000e+04
1.764200000000000000e+04 1.996100000000000000e+04
1.764100000000000000e+04 1.997200000000000000e+04
1.761900000000000000e+04 1.997900000000000000e+04
1.767700000000000000e+04 1.995400000000000000e+04
1.765300000000000000e+04 1.995900000000000000e+04
1.767800000000000000e+04 1.994200000000000000e+04
1.769500000000000000e+04 1.994000000000000000e+04
1.772300000000000000e+04 1.990100000000000000e+04
1.769800000000000000e+04 1.990900000000000000e+04
1.771200000000000000e+04 1.990200000000000000e+04
1.776900000000000000e+04 1.989800000000000000e+04
1.778600000000000000e+04 1.989100000000000000e+04
1.771100000000000000e+04 1.990300000000000000e+04
1.781600000000000000e+04 1.987300000000000000e+04
1.781700000000000000e+04 1.986200000000000000e+04
1.783200000000000000e+04 1.984500000000000000e+04
1.774900000000000000e+04 1.989900000000000000e+04
1.781800000000000000e+04 1.985700000000000000e+04
1.782500000000000000e+04 1.985100000000000000e+04
1.785000000000000000e+04 1.983600000000000000e+04
1.783500000000000000e+04 1.984200000000000000e+04
1.712200000000000000e+04 2.013000000000000000e+04
1.725900000000000000e+04 2.011000000000000000e+04
1.724600000000000000e+04 2.012600000000000000e+04
1.729300000000000000e+04 2.009100000000000000e+04
1.727100000000000000e+04 2.010100000000000000e+04
1.729200000000000000e+04 2.010000000000000000e+04
1.731300000000000000e+04 2.009000000000000000e+04
1.735400000000000000e+04 2.007900000000000000e+04
1.734400000000000000e+04 2.008500000000000000e+04
1.733000000000000000e+04 2.008800000000000000e+04
1.734800000000000000e+04 2.008200000000000000e+04
1.733400000000000000e+04 2.008700000000000000e+04
1.736800000000000000e+04 2.007700000000000000e+04
1.741500000000000000e+04 2.007300000000000000e+04
1.742500000000000000e+04 2.007200000000000000e+04
1.747800000000000000e+04 2.006100000000000000e+04
1.745900000000000000e+04 2.006200000000000000e+04
1.753800000000000000e+04 2.002300000000000000e+04
1.751500000000000000e+04 2.004600000000000000e+04
1.753400000000000000e+04 2.002400000000000000e+04
1.752300000000000000e+04 2.002800000000000000e+04
1.750100000000000000e+04 2.004700000000000000e+04
1.752800000000000000e+04 2.002600000000000000e+04
1.761300000000000000e+04 1.999100000000000000e+04
1.758300000000000000e+04 2.002000000000000000e+04
1.764200000000000000e+04 1.996100000000000000e+04
1.764100000000000000e+04 1.997200000000000000e+04
1.761900000000000000e+04 1.997900000000000000e+04
1.767700000000000000e+04 1.995400000000000000e+04
1.765300000000000000e+04 1.995900000000000000e+04
1.767800000000000000e+04 1.994200000000000000e+04
1.769500000000000000e+04 1.994000000000000000e+04
1.772300000000000000e+04 1.990100000000000000e+04
1.769800000000000000e+04 1.990900000000000000e+04
1.771200000000000000e+04 1.990200000000000000e+04
1.776900000000000000e+04 1.989800000000000000e+04
1.778600000000000000e+04 1.989100000000000000e+04
1.771100000000000000e+04 1.990300000000000000e+04
1.781600000000000000e+04 1.987300000000000000e+04
1.781700000000000000e+04 1.986200000000000000e+04
1.774900000000000000e+04 1.989900000000000000e+04
1.781800000000000000e+04 1.985700000000000000e+04
1.782500000000000000e+04 1.985100000000000000e+04
1.785000000000000000e+04 1.983600000000000000e+04
1.785900000000000000e+04 1.982200000000000000e+04
1.785600000000000000e+04 1.983500000000000000e+04
1.788900000000000000e+04 1.979500000000000000e+04
1.784000000000000000e+04 1.984800000000000000e+04
1.787900000000000000e+04 1.979600000000000000e+04
1.787700000000000000e+04 1.981600000000000000e+04
1.792100000000000000e+04 1.978500000000000000e+04
1.793600000000000000e+04 1.978200000000000000e+04
1.797000000000000000e+04 1.976700000000000000e+04
1.791200000000000000e+04 1.978900000000000000e+04
1.712200000000000000e+04 2.013000000000000000e+04
1.725900000000000000e+04 2.011000000000000000e+04
1.724600000000000000e+04 2.012600000000000000e+04
1.729300000000000000e+04 2.009100000000000000e+04
1.727100000000000000e+04 2.010100000000000000e+04
1.729200000000000000e+04 2.010000000000000000e+04
1.731300000000000000e+04 2.009000000000000000e+04
1.735400000000000000e+04 2.007900000000000000e+04
1.734400000000000000e+04 2.008500000000000000e+04
1.733000000000000000e+04 2.008800000000000000e+04
1.734800000000000000e+04 2.008200000000000000e+04
1.733400000000000000e+04 2.008700000000000000e+04
1.736800000000000000e+04 2.007700000000000000e+04
1.741500000000000000e+04 2.007300000000000000e+04
1.742500000000000000e+04 2.007200000000000000e+04
1.747800000000000000e+04 2.006100000000000000e+04
1.745900000000000000e+04 2.006200000000000000e+04
1.753800000000000000e+04 2.002300000000000000e+04
1.751500000000000000e+04 2.004600000000000000e+04
1.753400000000000000e+04 2.002400000000000000e+04
1.752300000000000000e+04 2.002800000000000000e+04
1.750100000000000000e+04 2.004700000000000000e+04
1.752800000000000000e+04 2.002600000000000000e+04
1.761300000000000000e+04 1.999100000000000000e+04
1.758300000000000000e+04 2.002000000000000000e+04
1.764200000000000000e+04 1.996100000000000000e+04
1.764100000000000000e+04 1.997200000000000000e+04
1.761900000000000000e+04 1.997900000000000000e+04
1.767700000000000000e+04 1.995400000000000000e+04
1.765300000000000000e+04 1.995900000000000000e+04
1.767800000000000000e+04 1.994200000000000000e+04
1.769500000000000000e+04 1.994000000000000000e+04
1.772300000000000000e+04 1.990100000000000000e+04
1.769800000000000000e+04 1.990900000000000000e+04
1.771200000000000000e+04 1.990200000000000000e+04
1.776900000000000000e+04 1.989800000000000000e+04
1.778600000000000000e+04 1.989100000000000000e+04
1.771100000000000000e+04 1.990300000000000000e+04
1.781600000000000000e+04 1.987300000000000000e+04
1.781700000000000000e+04 1.986200000000000000e+04
1.774900000000000000e+04 1.989900000000000000e+04
1.781800000000000000e+04 1.985700000000000000e+04
1.782500000000000000e+04 1.985100000000000000e+04
1.785000000000000000e+04 1.983600000000000000e+04
1.785900000000000000e+04 1.982200000000000000e+04
1.785600000000000000e+04 1.983500000000000000e+04
1.788900000000000000e+04 1.979500000000000000e+04
1.784000000000000000e+04 1.984800000000000000e+04
1.787900000000000000e+04 1.979600000000000000e+04
1.787700000000000000e+04 1.981600000000000000e+04
1.797000000000000000e+04 1.976700000000000000e+04
1.791200000000000000e+04 1.978900000000000000e+04
1.796800000000000000e+04 1.978700000000000000e+04
1.797700000000000000e+04 1.975300000000000000e+04
1.802600000000000000e+04 1.974600000000000000e+04
1.806700000000000000e+04 1.973800000000000000e+04
1.804700000000000000e+04 1.974000000000000000e+04
1.809900000000000000e+04 1.973000000000000000e+04
1.813100000000000000e+04 1.970300000000000000e+04
1.813400000000000000e+04 1.968900000000000000e+04
1.811600000000000000e+04 1.970600000000000000e+04
1.814100000000000000e+04 1.967700000000000000e+04
1.811800000000000000e+04 1.970500000000000000e+04
1.712200000000000000e+04 2.013000000000000000e+04
1.725900000000000000e+04 2.011000000000000000e+04
1.724600000000000000e+04 2.012600000000000000e+04
1.729300000000000000e+04 2.009100000000000000e+04
1.727100000000000000e+04 2.010100000000000000e+04
1.729200000000000000e+04 2.010000000000000000e+04
1.731300000000000000e+04 2.009000000000000000e+04
1.735400000000000000e+04 2.007900000000000000e+04
1.734400000000000000e+04 2.008500000000000000e+04
1.733000000000000000e+04 2.008800000000000000e+04
1.734800000000000000e+04 2.008200000000000000e+04
1.733400000000000000e+04 2.008700000000000000e+04
1.736800000000000000e+04 2.007700000000000000e+04
1.741500000000000000e+04 2.007300000000000000e+04
1.742500000000000000e+04 2.007200000000000000e+04
1.747800000000000000e+04 2.006100000000000000e+04
1.745900000000000000e+04 2.006200000000000000e+04
1.753800000000000000e+04 2.002300000000000000e+04
1.751500000000000000e+04 2.004600000000000000e+04
1.753400000000000000e+04 2.002400000000000000e+04
1.752300000000000000e+04 2.002800000000000000e+04
1.750100000000000000e+04 2.004700000000000000e+04
1.752800000000000000e+04 2.002600000000000000e+04
1.761300000000000000e+04 1.999100000000000000e+04
1.758300000000000000e+04 2.002000000000000000e+04
1.764200000000000000e+04 1.996100000000000000e+04
1.764100000000000000e+04 1.997200000000000000e+04
1.761900000000000000e+04 1.997900000000000000e+04
1.767700000000000000e+04 1.995400000000000000e+04
1.765300000000000000e+04 1.995900000000000000e+04
1.767800000000000000e+04 1.994200000000000000e+04
1.769500000000000000e+04 1.994000000000000000e+04
1.772300000000000000e+04 1.990100000000000000e+04
1.769800000000000000e+04 1.990900000000000000e+04
1.771200000000000000e+04 1.990200000000000000e+04
1.776900000000000000e+04 1.989800000000000000e+04
1.778600000000000000e+04 1.989100000000000000e+04
1.771100000000000000e+04 1.990300000000000000e+04
1.781600000000000000e+04 1.987300000000000000e+04
1.781700000000000000e+04 1.986200000000000000e+04
1.774900000000000000e+04 1.989900000000000000e+04
1.781800000000000000e+04 1.985700000000000000e+04
1.782500000000000000e+04 1.985100000000000000e+04
1.785000000000000000e+04 1.983600000000000000e+04
1.785900000000000000e+04 1.982200000000000000e+04
1.785600000000000000e+04 1.983500000000000000e+04
1.788900000000000000e+04 1.979500000000000000e+04
1.784000000000000000e+04 1.984800000000000000e+04
1.787900000000000000e+04 1.979600000000000000e+04
1.787700000000000000e+04 1.981600000000000000e+04
1.797000000000000000e+04 1.976700000000000000e+04
1.791200000000000000e+04 1.978900000000000000e+04
1.796800000000000000e+04 1.978700000000000000e+04
1.797700000000000000e+04 1.975300000000000000e+04
1.802600000000000000e+04 1.974600000000000000e+04
1.806700000000000000e+04 1.973800000000000000e+04
1.804700000000000000e+04 1.974000000000000000e+04
1.809900000000000000e+04 1.973000000000000000e+04
1.813100000000000000e+04 1.970300000000000000e+04
1.813400000000000000e+04 1.968900000000000000e+04
1.811600000000000000e+04 1.970600000000000000e+04
1.814100000000000000e+04 1.967700000000000000e+04
1.811800000000000000e+04 1.970500000000000000e+04
1.815700000000000000e+04 1.966700000000000000e+04
1.817500000000000000e+04 1.966500000000000000e+04
1.824000000000000000e+04 1.960500000000000000e+04
1.822400000000000000e+04 1.961700000000000000e+04
1.819600000000000000e+04 1.965200000000000000e+04
1.821400000000000000e+04 1.963400000000000000e+04
1.819800000000000000e+04 1.963500000000000000e+04
1.825300000000000000e+04 1.959900000000000000e+04
1.822100000000000000e+04 1.962600000000000000e+04
1.712200000000000000e+04 2.013000000000000000e+04
1.725900000000000000e+04 2.011000000000000000e+04
1.724600000000000000e+04 2.012600000000000000e+04
1.729300000000000000e+04 2.009100000000000000e+04
1.727100000000000000e+04 2.010100000000000000e+04
1.729200000000000000e+04 2.010000000000000000e+04
1.731300000000000000e+04 2.009000000000000000e+04
1.735400000000000000e+04 2.007900000000000000e+04
1.734400000000000000e+04 2.008500000000000000e+04
1.733000000000000000e+04 2.008800000000000000e+04
1.734800000000000000e+04 2.008200000000000000e+04
1.733400000000000000e+04 2.008700000000000000e+04
1.736800000000000000e+04 2.007700000000000000e+04
1.741500000000000000e+04 2.007300000000000000e+04
1.742500000000000000e+04 2.007200000000000000e+04
1.747800000000000000e+04 2.006100000000000000e+04
1.745900000000000000e+04 2.006200000000000000e+04
1.753800000000000000e+04 2.002300000000000000e+04
1.751500000000000000e+04 2.004600000000000000e+04
1.753400000000000000e+04 2.002400000000000000e+04
1.752300000000000000e+04 2.002800000000000000e+04
1.750100000000000000e+04 2.004700000000000000e+04
1.752800000000000000e+04 2.002600000000000000e+04
1.761300000000000000e+04 1.999100000000000000e+04
1.758300000000000000e+04 2.002000000000000000e+04
1.764200000000000000e+04 1.996100000000000000e+04
1.764100000000000000e+04 1.997200000000000000e+04
1.761900000000000000e+04 1.997900000000000000e+04
1.767700000000000000e+04 1.995400000000000000e+04
1.765300000000000000e+04 1.995900000000000000e+04
1.767800000000000000e+04 1.994200000000000000e+04
1.769500000000000000e+04 1.994000000000000000e+04
1.772300000000000000e+04 1.990100000000000000e+04
1.769800000000000000e+04 1.990900000000000000e+04
1.771200000000000000e+04 1.990200000000000000e+04
1.776900000000000000e+04 1.989800000000000000e+04
1.778600000000000000e+04 1.989100000000000000e+04
1.771100000000000000e+04 1.990300000000000000e+04
1.781600000000000000e+04 1.987300000000000000e+04
1.781700000000000000e+04 1.986200000000000000e+04
1.774900000000000000e+04 1.989900000000000000e+04
1.781800000000000000e+04 1.985700000000000000e+04
1.782500000000000000e+04 1.985100000000000000e+04
1.785000000000000000e+04 1.983600000000000000e+04
1.785900000000000000e+04 1.982200000000000000e+04
1.785600000000000000e+04 1.983500000000000000e+04
1.788900000000000000e+04 1.979500000000000000e+04
1.784000000000000000e+04 1.984800000000000000e+04
1.787900000000000000e+04 1.979600000000000000e+04
1.787700000000000000e+04 1.981600000000000000e+04
1.797000000000000000e+04 1.976700000000000000e+04
1.791200000000000000e+04 1.978900000000000000e+04
1.796800000000000000e+04 1.978700000000000000e+04
1.797700000000000000e+04 1.975300000000000000e+04
1.802600000000000000e+04 1.974600000000000000e+04
1.806700000000000000e+04 1.973800000000000000e+04
1.804700000000000000e+04 1.974000000000000000e+04
1.809900000000000000e+04 1.973000000000000000e+04
1.813100000000000000e+04 1.970300000000000000e+04
1.813400000000000000e+04 1.968900000000000000e+04
1.811600000000000000e+04 1.970600000000000000e+04
1.814100000000000000e+04 1.967700000000000000e+04
1.811800000000000000e+04 1.970500000000000000e+04
1.815700000000000000e+04 1.966700000000000000e+04
1.817500000000000000e+04 1.966500000000000000e+04
1.824000000000000000e+04 1.960500000000000000e+04
1.822400000000000000e+04 1.961700000000000000e+04
1.819600000000000000e+04 1.965200000000000000e+04
1.821400000000000000e+04 1.963400000000000000e+04
1.819800000000000000e+04 1.963500000000000000e+04
1.825300000000000000e+04 1.959900000000000000e+04
1.822100000000000000e+04 1.962600000000000000e+04
1.825400000000000000e+04 1.959200000000000000e+04
1.826600000000000000e+04 1.957100000000000000e+04
1.826200000000000000e+04 1.957900000000000000e+04
1.830500000000000000e+04 1.955900000000000000e+04
1.829500000000000000e+04 1.956800000000000000e+04
1.832500000000000000e+04 1.954300000000000000e+04
1.835800000000000000e+04 1.951200000000000000e+04
1.834300000000000000e+04 1.953000000000000000e+04
1.830700000000000000e+04 1.955400000000000000e+04
1.839500000000000000e+04 1.949100000000000000e+04
1.836900000000000000e+04 1.951000000000000000e+04
1.832100000000000000e+04 1.954800000000000000e+04
1.712200000000000000e+04 2.013000000000000000e+04
1.725900000000000000e+04 2.011000000000000000e+04
1.724600000000000000e+04 2.012600000000000000e+04
1.729300000000000000e+04 2.009100000000000000e+04
1.727100000000000000e+04 2.010100000000000000e+04
1.729200000000000000e+04 2.010000000000000000e+04
1.731300000000000000e+04 2.009000000000000000e+04
1.735400000000000000e+04 2.007900000000000000e+04
1.734400000000000000e+04 2.008500000000000000e+04
1.733000000000000000e+04 2.008800000000000000e+04
1.734800000000000000e+04 2.008200000000000000e+04
1.733400000000000000e+04 2.008700000000000000e+04
1.736800000000000000e+04 2.007700000000000000e+04
1.741500000000000000e+04 2.007300000000000000e+04
1.742500000000000000e+04 2.007200000000000000e+04
1.747800000000000000e+04 2.006100000000000000e+04
1.745900000000000000e+04 2.006200000000000000e+04
1.753800000000000000e+04 2.002300000000000000e+04
1.751500000000000000e+04 2.004600000000000000e+04
1.753400000000000000e+04 2.002400000000000000e+04
1.752300000000000000e+04 2.002800000000000000e+04
1.750100000000000000e+04 2.004700000000000000e+04
1.752800000000000000e+04 2.002600000000000000e+04
1.761300000000000000e+04 1.999100000000000000e+04
1.758300000000000000e+04 2.002000000000000000e+04
1.764200000000000000e+04 1.996100000000000000e+04
1.764100000000000000e+04 1.997200000000000000e+04
1.761900000000000000e+04 1.997900000000000000e+04
1.767700000000000000e+04 1.995400000000000000e+04
1.765300000000000000e+04 1.995900000000000000e+04
1.767800000000000000e+04 1.994200000000000000e+04
1.769500000000000000e+04 1.994000000000000000e+04
1.772300000000000000e+04 1.990100000000000000e+04
1.769800000000000000e+04 1.990900000000000000e+04
1.771200000000000000e+04 1.990200000000000000e+04
1.776900000000000000e+04 1.989800000000000000e+04
1.778600000000000000e+04 1.989100000000000000e+04
1.771100000000000000e+04 1.990300000000000000e+04
1.781600000000000000e+04 1.987300000000000000e+04
1.781700000000000000e+04 1.986200000000000000e+04
1.774900000000000000e+04 1.989900000000000000e+04
1.781800000000000000e+04 1.985700000000000000e+04
1.782500000000000000e+04 1.985100000000000000e+04
1.785000000000000000e+04 1.983600000000000000e+04
1.785900000000000000e+04 1.982200000000000000e+04
1.785600000000000000e+04 1.983500000000000000e+04
1.788900000000000000e+04 1.979500000000000000e+04
1.784000000000000000e+04 1.984800000000000000e+04
1.787900000000000000e+04 1.979600000000000000e+04
1.787700000000000000e+04 1.981600000000000000e+04
1.797000000000000000e+04 1.976700000000000000e+04
1.791200000000000000e+04 1.978900000000000000e+04
1.796800000000000000e+04 1.978700000000000000e+04
1.797700000000000000e+04 1.975300000000000000e+04
1.802600000000000000e+04 1.974600000000000000e+04
1.806700000000000000e+04 1.973800000000000000e+04
1.804700000000000000e+04 1.974000000000000000e+04
1.809900000000000000e+04 1.973000000000000000e+04
1.813100000000000000e+04 1.970300000000000000e+04
1.813400000000000000e+04 1.968900000000000000e+04
1.811600000000000000e+04 1.970600000000000000e+04
1.814100000000000000e+04 1.967700000000000000e+04
1.811800000000000000e+04 1.970500000000000000e+04
1.815700000000000000e+04 1.966700000000000000e+04
1.817500000000000000e+04 1.966500000000000000e+04
1.824000000000000000e+04 1.960500000000000000e+04
1.822400000000000000e+04 1.961700000000000000e+04
1.819600000000000000e+04 1.965200000000000000e+04
1.821400000000000000e+04 1.963400000000000000e+04
1.819800000000000000e+04 1.963500000000000000e+04
1.825300000000000000e+04 1.959900000000000000e+04
1.822100000000000000e+04 1.962600000000000000e+04
1.825400000000000000e+04 1.959200000000000000e+04
1.826600000000000000e+04 1.957100000000000000e+04
1.826200000000000000e+04 1.957900000000000000e+04
1.830500000000000000e+04 1.955900000000000000e+04
1.829500000000000000e+04 1.956800000000000000e+04
1.830700000000000000e+04 1.955400000000000000e+04
1.832100000000000000e+04 1.954800000000000000e+04
1.838000000000000000e+04 1.953400000000000000e+04
1.835800000000000000e+04 1.954400000000000000e+04
1.843300000000000000e+04 1.949400000000000000e+04
1.837100000000000000e+04 1.953500000000000000e+04
1.844500000000000000e+04 1.946300000000000000e+04
1.838200000000000000e+04 1.951700000000000000e+04
1.843400000000000000e+04 1.948600000000000000e+04
1.845700000000000000e+04 1.945900000000000000e+04
1.840300000000000000e+04 1.949900000000000000e+04
1.844000000000000000e+04 1.946700000000000000e+04
1.847500000000000000e+04 1.945000000000000000e+04
1.849800000000000000e+04 1.943100000000000000e+04
1.849700000000000000e+04 1.943900000000000000e+04
1.712200000000000000e+04 2.013000000000000000e+04
1.725900000000000000e+04 2.011000000000000000e+04
1.724600000000000000e+04 2.012600000000000000e+04
1.729300000000000000e+04 2.009100000000000000e+04
1.727100000000000000e+04 2.010100000000000000e+04
1.729200000000000000e+04 2.010000000000000000e+04
1.731300000000000000e+04 2.009000000000000000e+04
1.735400000000000000e+04 2.007900000000000000e+04
1.734400000000000000e+04 2.008500000000000000e+04
1.733000000000000000e+04 2.008800000000000000e+04
1.734800000000000000e+04 2.008200000000000000e+04
1.733400000000000000e+04 2.008700000000000000e+04
1.736800000000000000e+04 2.007700000000000000e+04
1.741500000000000000e+04 2.007300000000000000e+04
1.742500000000000000e+04 2.007200000000000000e+04
1.747800000000000000e+04 2.006100000000000000e+04
1.745900000000000000e+04 2.006200000000000000e+04
1.753800000000000000e+04 2.002300000000000000e+04
1.751500000000000000e+04 2.004600000000000000e+04
1.753400000000000000e+04 2.002400000000000000e+04
1.752300000000000000e+04 2.002800000000000000e+04
1.750100000000000000e+04 2.004700000000000000e+04
1.752800000000000000e+04 2.002600000000000000e+04
1.761300000000000000e+04 1.999100000000000000e+04
1.758300000000000000e+04 2.002000000000000000e+04
1.764200000000000000e+04 1.996100000000000000e+04
1.764100000000000000e+04 1.997200000000000000e+04
1.761900000000000000e+04 1.997900000000000000e+04
1.767700000000000000e+04 1.995400000000000000e+04
1.765300000000000000e+04 1.995900000000000000e+04
1.767800000000000000e+04 1.994200000000000000e+04
1.769500000000000000e+04 1.994000000000000000e+04
1.772300000000000000e+04 1.990100000000000000e+04
1.769800000000000000e+04 1.990900000000000000e+04
1.771200000000000000e+04 1.990200000000000000e+04
1.776900000000000000e+04 1.989800000000000000e+04
1.778600000000000000e+04 1.989100000000000000e+04
1.771100000000000000e+04 1.990300000000000000e+04
1.781600000000000000e+04 1.987300000000000000e+04
1.781700000000000000e+04 1.986200000000000000e+04
1.774900000000000000e+04 1.989900000000000000e+04
1.781800000000000000e+04 1.985700000000000000e+04
1.782500000000000000e+04 1.985100000000000000e+04
1.785000000000000000e+04 1.983600000000000000e+04
1.785900000000000000e+04 1.982200000000000000e+04
1.785600000000000000e+04 1.983500000000000000e+04
1.788900000000000000e+04 1.979500000000000000e+04
1.784000000000000000e+04 1.984800000000000000e+04
1.787900000000000000e+04 1.979600000000000000e+04
1.787700000000000000e+04 1.981600000000000000e+04
1.797000000000000000e+04 1.976700000000000000e+04
1.791200000000000000e+04 1.978900000000000000e+04
1.796800000000000000e+04 1.978700000000000000e+04
1.797700000000000000e+04 1.975300000000000000e+04
1.802600000000000000e+04 1.974600000000000000e+04
1.806700000000000000e+04 1.973800000000000000e+04
1.804700000000000000e+04 1.974000000000000000e+04
1.809900000000000000e+04 1.973000000000000000e+04
1.813100000000000000e+04 1.970300000000000000e+04
1.813400000000000000e+04 1.968900000000000000e+04
1.811600000000000000e+04 1.970600000000000000e+04
1.814100000000000000e+04 1.967700000000000000e+04
1.811800000000000000e+04 1.970500000000000000e+04
1.815700000000000000e+04 1.966700000000000000e+04
1.817500000000000000e+04 1.966500000000000000e+04
1.824000000000000000e+04 1.960500000000000000e+04
1.822400000000000000e+04 1.961700000000000000e+04
1.819600000000000000e+04 1.965200000000000000e+04
1.821400000000000000e+04 1.963400000000000000e+04
1.819800000000000000e+04 1.963500000000000000e+04
1.825300000000000000e+04 1.959900000000000000e+04
1.822100000000000000e+04 1.962600000000000000e+04
1.825400000000000000e+04 1.959200000000000000e+04
1.826600000000000000e+04 1.957100000000000000e+04
1.826200000000000000e+04 1.957900000000000000e+04
1.830500000000000000e+04 1.955900000000000000e+04
1.829500000000000000e+04 1.956800000000000000e+04
1.830700000000000000e+04 1.955400000000000000e+04
1.832100000000000000e+04 1.954800000000000000e+04
1.838000000000000000e+04 1.953400000000000000e+04
1.835800000000000000e+04 1.954400000000000000e+04
1.843300000000000000e+04 1.949400000000000000e+04
1.837100000000000000e+04 1.953500000000000000e+04
1.844500000000000000e+04 1.946300000000000000e+04
1.838200000000000000e+04 1.951700000000000000e+04
1.843400000000000000e+04 1.948600000000000000e+04
1.845700000000000000e+04 1.945900000000000000e+04
1.840300000000000000e+04 1.949900000000000000e+04
1.844000000000000000e+04 1.946700000000000000e+04
1.849800000000000000e+04 1.943100000000000000e+04
1.849700000000000000e+04 1.943900000000000000e+04
1.850400000000000000e+04 1.941600000000000000e+04
1.850000000000000000e+04 1.942200000000000000e+04
1.848800000000000000e+04 1.945100000000000000e+04
1.854400000000000000e+04 1.941000000000000000e+04
1.855700000000000000e+04 1.937900000000000000e+04
1.860700000000000000e+04 1.932500000000000000e+04
1.858300000000000000e+04 1.935600000000000000e+04
1.862200000000000000e+04 1.932100000000000000e+04
1.858100000000000000e+04 1.936800000000000000e+04
1.864600000000000000e+04 1.927900000000000000e+04
1.859400000000000000e+04 1.934700000000000000e+04
1.859900000000000000e+04 1.933600000000000000e+04
1.865000000000000000e+04 1.927800000000000000e+04
1.712200000000000000e+04 2.013000000000000000e+04
1.725900000000000000e+04 2.011000000000000000e+04
1.724600000000000000e+04 2.012600000000000000e+04
1.729300000000000000e+04 2.009100000000000000e+04
1.727100000000000000e+04 2.010100000000000000e+04
1.729200000000000000e+04 2.010000000000000000e+04
1.731300000000000000e+04 2.009000000000000000e+04
1.735400000000000000e+04 2.007900000000000000e+04
1.734400000000000000e+04 2.008500000000000000e+04
1.733000000000000000e+04 2.008800000000000000e+04
1.734800000000000000e+04 2.008200000000000000e+04
1.733400000000000000e+04 2.008700000000000000e+04
1.736800000000000000e+04 2.007700000000000000e+04
1.741500000000000000e+04 2.007300000000000000e+04
1.742500000000000000e+04 2.007200000000000000e+04
1.747800000000000000e+04 2.006100000000000000e+04
1.745900000000000000e+04 2.006200000000000000e+04
1.753800000000000000e+04 2.002300000000000000e+04
1.751500000000000000e+04 2.004600000000000000e+04
1.753400000000000000e+04 2.002400000000000000e+04
1.752300000000000000e+04 2.002800000000000000e+04
1.750100000000000000e+04 2.004700000000000000e+04
1.752800000000000000e+04 2.002600000000000000e+04
1.761300000000000000e+04 1.999100000000000000e+04
1.758300000000000000e+04 2.002000000000000000e+04
1.764200000000000000e+04 1.996100000000000000e+04
1.764100000000000000e+04 1.997200000000000000e+04
1.761900000000000000e+04 1.997900000000000000e+04
1.767700000000000000e+04 1.995400000000000000e+04
1.765300000000000000e+04 1.995900000000000000e+04
1.767800000000000000e+04 1.994200000000000000e+04
1.769500000000000000e+04 1.994000000000000000e+04
1.772300000000000000e+04 1.990100000000000000e+04
1.769800000000000000e+04 1.990900000000000000e+04
1.771200000000000000e+04 1.990200000000000000e+04
1.776900000000000000e+04 1.989800000000000000e+04
1.778600000000000000e+04 1.989100000000000000e+04
1.771100000000000000e+04 1.990300000000000000e+04
1.781600000000000000e+04 1.987300000000000000e+04
1.781700000000000000e+04 1.986200000000000000e+04
1.774900000000000000e+04 1.989900000000000000e+04
1.781800000000000000e+04 1.985700000000000000e+04
1.782500000000000000e+04 1.985100000000000000e+04
1.785000000000000000e+04 1.983600000000000000e+04
1.785900000000000000e+04 1.982200000000000000e+04
1.785600000000000000e+04 1.983500000000000000e+04
1.788900000000000000e+04 1.979500000000000000e+04
1.784000000000000000e+04 1.984800000000000000e+04
1.787900000000000000e+04 1.979600000000000000e+04
1.787700000000000000e+04 1.981600000000000000e+04
1.797000000000000000e+04 1.976700000000000000e+04
1.791200000000000000e+04 1.978900000000000000e+04
1.796800000000000000e+04 1.978700000000000000e+04
1.797700000000000000e+04 1.975300000000000000e+04
1.802600000000000000e+04 1.974600000000000000e+04
1.806700000000000000e+04 1.973800000000000000e+04
1.804700000000000000e+04 1.974000000000000000e+04
1.809900000000000000e+04 1.973000000000000000e+04
1.813100000000000000e+04 1.970300000000000000e+04
1.813400000000000000e+04 1.968900000000000000e+04
1.811600000000000000e+04 1.970600000000000000e+04
1.814100000000000000e+04 1.967700000000000000e+04
1.811800000000000000e+04 1.970500000000000000e+04
1.815700000000000000e+04 1.966700000000000000e+04
1.817500000000000000e+04 1.966500000000000000e+04
1.824000000000000000e+04 1.960500000000000000e+04
1.822400000000000000e+04 1.961700000000000000e+04
1.819600000000000000e+04 1.965200000000000000e+04
1.821400000000000000e+04 1.963400000000000000e+04
1.819800000000000000e+04 1.963500000000000000e+04
1.825300000000000000e+04 1.959900000000000000e+04
1.822100000000000000e+04 1.962600000000000000e+04
1.825400000000000000e+04 1.959200000000000000e+04
1.826600000000000000e+04 1.957100000000000000e+04
1.826200000000000000e+04 1.957900000000000000e+04
1.830500000000000000e+04 1.955900000000000000e+04
1.829500000000000000e+04 1.956800000000000000e+04
1.830700000000000000e+04 1.955400000000000000e+04
1.832100000000000000e+04 1.954800000000000000e+04
1.838000000000000000e+04 1.953400000000000000e+04
1.835800000000000000e+04 1.954400000000000000e+04
1.843300000000000000e+04 1.949400000000000000e+04
1.837100000000000000e+04 1.953500000000000000e+04
1.844500000000000000e+04 1.946300000000000000e+04
1.838200000000000000e+04 1.951700000000000000e+04
1.843400000000000000e+04 1.948600000000000000e+04
1.845700000000000000e+04 1.945900000000000000e+04
1.840300000000000000e+04 1.949900000000000000e+04
1.844000000000000000e+04 1.946700000000000000e+04
1.849800000000000000e+04 1.943100000000000000e+04
1.849700000000000000e+04 1.943900000000000000e+04
1.850400000000000000e+04 1.941600000000000000e+04
1.850000000000000000e+04 1.942200000000000000e+04
1.848800000000000000e+04 1.945100000000000000e+04
1.854400000000000000e+04 1.941000000000000000e+04
1.855700000000000000e+04 1.937900000000000000e+04
1.860700000000000000e+04 1.932500000000000000e+04
1.858300000000000000e+04 1.935600000000000000e+04
1.862200000000000000e+04 1.932100000000000000e+04
1.858100000000000000e+04 1.936800000000000000e+04
1.859400000000000000e+04 1.934700000000000000e+04
1.859900000000000000e+04 1.933600000000000000e+04
1.866000000000000000e+04 1.928000000000000000e+04
1.863900000000000000e+04 1.928900000000000000e+04
1.871800000000000000e+04 1.922900000000000000e+04
1.868500000000000000e+04 1.924000000000000000e+04
1.869100000000000000e+04 1.923900000000000000e+04
1.872500000000000000e+04 1.922000000000000000e+04
1.874300000000000000e+04 1.919500000000000000e+04
1.872100000000000000e+04 1.922500000000000000e+04
1.876300000000000000e+04 1.915800000000000000e+04
1.875500000000000000e+04 1.918100000000000000e+04
1.872800000000000000e+04 1.921900000000000000e+04
1.877300000000000000e+04 1.915200000000000000e+04
1.873000000000000000e+04 1.921300000000000000e+04
1.873200000000000000e+04 1.921000000000000000e+04
1.712200000000000000e+04 2.013000000000000000e+04
1.725900000000000000e+04 2.011000000000000000e+04
1.724600000000000000e+04 2.012600000000000000e+04
1.729300000000000000e+04 2.009100000000000000e+04
1.727100000000000000e+04 2.010100000000000000e+04
1.729200000000000000e+04 2.010000000000000000e+04
1.731300000000000000e+04 2.009000000000000000e+04
1.735400000000000000e+04 2.007900000000000000e+04
1.734400000000000000e+04 2.008500000000000000e+04
1.733000000000000000e+04 2.008800000000000000e+04
1.734800000000000000e+04 2.008200000000000000e+04
1.733400000000000000e+04 2.008700000000000000e+04
1.736800000000000000e+04 2.007700000000000000e+04
1.741500000000000000e+04 2.007300000000000000e+04
1.742500000000000000e+04 2.007200000000000000e+04
1.747800000000000000e+04 2.006100000000000000e+04
1.745900000000000000e+04 2.006200000000000000e+04
1.753800000000000000e+04 2.002300000000000000e+04
1.751500000000000000e+04 2.004600000000000000e+04
1.753400000000000000e+04 2.002400000000000000e+04
1.752300000000000000e+04 2.002800000000000000e+04
1.750100000000000000e+04 2.004700000000000000e+04
1.752800000000000000e+04 2.002600000000000000e+04
1.761300000000000000e+04 1.999100000000000000e+04
1.758300000000000000e+04 2.002000000000000000e+04
1.764200000000000000e+04 1.996100000000000000e+04
1.764100000000000000e+04 1.997200000000000000e+04
1.761900000000000000e+04 1.997900000000000000e+04
1.767700000000000000e+04 1.995400000000000000e+04
1.765300000000000000e+04 1.995900000000000000e+04
1.767800000000000000e+04 1.994200000000000000e+04
1.769500000000000000e+04 1.994000000000000000e+04
1.772300000000000000e+04 1.990100000000000000e+04
1.769800000000000000e+04 1.990900000000000000e+04
1.771200000000000000e+04 1.990200000000000000e+04
1.776900000000000000e+04 1.989800000000000000e+04
1.778600000000000000e+04 1.989100000000000000e+04
1.771100000000000000e+04 1.990300000000000000e+04
1.781600000000000000e+04 1.987300000000000000e+04
1.781700000000000000e+04 1.986200000000000000e+04
1.774900000000000000e+04 1.989900000000000000e+04
1.781800000000000000e+04 1.985700000000000000e+04
1.782500000000000000e+04 1.985100000000000000e+04
1.785000000000000000e+04 1.983600000000000000e+04
1.785900000000000000e+04 1.982200000000000000e+04
1.785600000000000000e+04 1.983500000000000000e+04
1.788900000000000000e+04 1.979500000000000000e+04
1.784000000000000000e+04 1.984800000000000000e+04
1.787900000000000000e+04 1.979600000000000000e+04
1.787700000000000000e+04 1.981600000000000000e+04
1.797000000000000000e+04 1.976700000000000000e+04
1.791200000000000000e+04 1.978900000000000000e+04
1.796800000000000000e+04 1.978700000000000000e+04
1.797700000000000000e+04 1.975300000000000000e+04
1.802600000000000000e+04 1.974600000000000000e+04
1.806700000000000000e+04 1.973800000000000000e+04
1.804700000000000000e+04 1.974000000000000000e+04
1.809900000000000000e+04 1.973000000000000000e+04
1.813100000000000000e+04 1.970300000000000000e+04
1.813400000000000000e+04 1.968900000000000000e+04
1.811600000000000000e+04 1.970600000000000000e+04
1.814100000000000000e+04 1.967700000000000000e+04
1.811800000000000000e+04 1.970500000000000000e+04
1.815700000000000000e+04 1.966700000000000000e+04
1.817500000000000000e+04 1.966500000000000000e+04
1.824000000000000000e+04 1.960500000000000000e+04
1.822400000000000000e+04 1.961700000000000000e+04
1.819600000000000000e+04 1.965200000000000000e+04
1.821400000000000000e+04 1.963400000000000000e+04
1.819800000000000000e+04 1.963500000000000000e+04
1.825300000000000000e+04 1.959900000000000000e+04
1.822100000000000000e+04 1.962600000000000000e+04
1.825400000000000000e+04 1.959200000000000000e+04
1.826600000000000000e+04 1.957100000000000000e+04
1.826200000000000000e+04 1.957900000000000000e+04
1.830500000000000000e+04 1.955900000000000000e+04
1.829500000000000000e+04 1.956800000000000000e+04
1.830700000000000000e+04 1.955400000000000000e+04
1.832100000000000000e+04 1.954800000000000000e+04
1.838000000000000000e+04 1.953400000000000000e+04
1.835800000000000000e+04 1.954400000000000000e+04
1.843300000000000000e+04 1.949400000000000000e+04
1.837100000000000000e+04 1.953500000000000000e+04
1.844500000000000000e+04 1.946300000000000000e+04
1.838200000000000000e+04 1.951700000000000000e+04
1.843400000000000000e+04 1.948600000000000000e+04
1.845700000000000000e+04 1.945900000000000000e+04
1.840300000000000000e+04 1.949900000000000000e+04
1.844000000000000000e+04 1.946700000000000000e+04
1.849800000000000000e+04 1.943100000000000000e+04
1.849700000000000000e+04 1.943900000000000000e+04
1.850400000000000000e+04 1.941600000000000000e+04
1.850000000000000000e+04 1.942200000000000000e+04
1.848800000000000000e+04 1.945100000000000000e+04
1.854400000000000000e+04 1.941000000000000000e+04
1.855700000000000000e+04 1.937900000000000000e+04
1.860700000000000000e+04 1.932500000000000000e+04
1.858300000000000000e+04 1.935600000000000000e+04
1.862200000000000000e+04 1.932100000000000000e+04
1.858100000000000000e+04 1.936800000000000000e+04
1.859400000000000000e+04 1.934700000000000000e+04
1.859900000000000000e+04 1.933600000000000000e+04
1.866000000000000000e+04 1.928000000000000000e+04
1.863900000000000000e+04 1.928900000000000000e+04
1.871800000000000000e+04 1.922900000000000000e+04
1.868500000000000000e+04 1.924000000000000000e+04
1.869100000000000000e+04 1.923900000000000000e+04
1.872500000000000000e+04 1.922000000000000000e+04
1.874300000000000000e+04 1.919500000000000000e+04
1.872100000000000000e+04 1.922500000000000000e+04
1.872800000000000000e+04 1.921900000000000000e+04
1.873000000000000000e+04 1.921300000000000000e+04
1.873200000000000000e+04 1.921000000000000000e+04
1.876400000000000000e+04 1.919000000000000000e+04
1.878300000000000000e+04 1.917200000000000000e+04
1.878800000000000000e+04 1.915400000000000000e+04
1.882800000000000000e+04 1.911400000000000000e+04
1.882300000000000000e+04 1.912200000000000000e+04
1.885700000000000000e+04 1.909100000000000000e+04
1.878900000000000000e+04 1.915100000000000000e+04
1.886200000000000000e+04 1.907900000000000000e+04
1.883900000000000000e+04 1.910800000000000000e+04
1.881900000000000000e+04 1.915000000000000000e+04
1.712200000000000000e+04 2.013000000000000000e+04
1.725900000000000000e+04 2.011000000000000000e+04
1.724600000000000000e+04 2.012600000000000000e+04
1.729300000000000000e+04 2.009100000000000000e+04
1.727100000000000000e+04 2.010100000000000000e+04
1.729200000000000000e+04 2.010000000000000000e+04
1.731300000000000000e+04 2.009000000000000000e+04
1.735400000000000000e+04 2.007900000000000000e+04
1.734400000000000000e+04 2.008500000000000000e+04
1.733000000000000000e+04 2.008800000000000000e+04
1.734800000000000000e+04 2.008200000000000000e+04
1.733400000000000000e+04 2.008700000000000000e+04
1.736800000000000000e+04 2.007700000000000000e+04
1.741500000000000000e+04 2.007300000000000000e+04
1.742500000000000000e+04 2.007200000000000000e+04
1.747800000000000000e+04 2.006100000000000000e+04
1.745900000000000000e+04 2.006200000000000000e+04
1.753800000000000000e+04 2.002300000000000000e+04
1.751500000000000000e+04 2.004600000000000000e+04
1.753400000000000000e+04 2.002400000000000000e+04
1.752300000000000000e+04 2.002800000000000000e+04
1.750100000000000000e+04 2.004700000000000000e+04
1.752800000000000000e+04 2.002600000000000000e+04
1.761300000000000000e+04 1.999100000000000000e+04
1.758300000000000000e+04 2.002000000000000000e+04
1.764200000000000000e+04 1.996100000000000000e+04
1.764100000000000000e+04 1.997200000000000000e+04
1.761900000000000000e+04 1.997900000000000000e+04
1.767700000000000000e+04 1.995400000000000000e+04
1.765300000000000000e+04 1.995900000000000000e+04
1.767800000000000000e+04 1.994200000000000000e+04
1.769500000000000000e+04 1.994000000000000000e+04
1.772300000000000000e+04 1.990100000000000000e+04
1.769800000000000000e+04 1.990900000000000000e+04
1.771200000000000000e+04 1.990200000000000000e+04
1.776900000000000000e+04 1.989800000000000000e+04
1.778600000000000000e+04 1.989100000000000000e+04
1.771100000000000000e+04 1.990300000000000000e+04
1.781600000000000000e+04 1.987300000000000000e+04
1.781700000000000000e+04 1.986200000000000000e+04
1.774900000000000000e+04 1.989900000000000000e+04
1.781800000000000000e+04 1.985700000000000000e+04
1.782500000000000000e+04 1.985100000000000000e+04
1.785000000000000000e+04 1.983600000000000000e+04
1.785900000000000000e+04 1.982200000000000000e+04
1.785600000000000000e+04 1.983500000000000000e+04
1.788900000000000000e+04 1.979500000000000000e+04
1.784000000000000000e+04 1.984800000000000000e+04
1.787900000000000000e+04 1.979600000000000000e+04
1.787700000000000000e+04 1.981600000000000000e+04
1.797000000000000000e+04 1.976700000000000000e+04
1.791200000000000000e+04 1.978900000000000000e+04
1.796800000000000000e+04 1.978700000000000000e+04
1.797700000000000000e+04 1.975300000000000000e+04
1.802600000000000000e+04 1.974600000000000000e+04
1.806700000000000000e+04 1.973800000000000000e+04
1.804700000000000000e+04 1.974000000000000000e+04
1.809900000000000000e+04 1.973000000000000000e+04
1.813100000000000000e+04 1.970300000000000000e+04
1.813400000000000000e+04 1.968900000000000000e+04
1.811600000000000000e+04 1.970600000000000000e+04
1.814100000000000000e+04 1.967700000000000000e+04
1.811800000000000000e+04 1.970500000000000000e+04
1.815700000000000000e+04 1.966700000000000000e+04
1.817500000000000000e+04 1.966500000000000000e+04
1.824000000000000000e+04 1.960500000000000000e+04
1.822400000000000000e+04 1.961700000000000000e+04
1.819600000000000000e+04 1.965200000000000000e+04
1.821400000000000000e+04 1.963400000000000000e+04
1.819800000000000000e+04 1.963500000000000000e+04
1.825300000000000000e+04 1.959900000000000000e+04
1.822100000000000000e+04 1.962600000000000000e+04
1.825400000000000000e+04 1.959200000000000000e+04
1.826600000000000000e+04 1.957100000000000000e+04
1.826200000000000000e+04 1.957900000000000000e+04
1.830500000000000000e+04 1.955900000000000000e+04
1.829500000000000000e+04 1.956800000000000000e+04
1.830700000000000000e+04 1.955400000000000000e+04
1.832100000000000000e+04 1.954800000000000000e+04
1.838000000000000000e+04 1.953400000000000000e+04
1.835800000000000000e+04 1.954400000000000000e+04
1.843300000000000000e+04 1.949400000000000000e+04
1.837100000000000000e+04 1.953500000000000000e+04
1.844500000000000000e+04 1.946300000000000000e+04
1.838200000000000000e+04 1.951700000000000000e+04
1.843400000000000000e+04 1.948600000000000000e+04
1.845700000000000000e+04 1.945900000000000000e+04
1.840300000000000000e+04 1.949900000000000000e+04
1.844000000000000000e+04 1.946700000000000000e+04
1.849800000000000000e+04 1.943100000000000000e+04
1.849700000000000000e+04 1.943900000000000000e+04
1.850400000000000000e+04 1.941600000000000000e+04
1.850000000000000000e+04 1.942200000000000000e+04
1.848800000000000000e+04 1.945100000000000000e+04
1.854400000000000000e+04 1.941000000000000000e+04
1.855700000000000000e+04 1.937900000000000000e+04
1.860700000000000000e+04 1.932500000000000000e+04
1.858300000000000000e+04 1.935600000000000000e+04
1.862200000000000000e+04 1.932100000000000000e+04
1.858100000000000000e+04 1.936800000000000000e+04
1.859400000000000000e+04 1.934700000000000000e+04
1.859900000000000000e+04 1.933600000000000000e+04
1.866000000000000000e+04 1.928000000000000000e+04
1.863900000000000000e+04 1.928900000000000000e+04
1.871800000000000000e+04 1.922900000000000000e+04
1.868500000000000000e+04 1.924000000000000000e+04
1.869100000000000000e+04 1.923900000000000000e+04
1.872500000000000000e+04 1.922000000000000000e+04
1.874300000000000000e+04 1.919500000000000000e+04
1.872100000000000000e+04 1.922500000000000000e+04
1.872800000000000000e+04 1.921900000000000000e+04
1.873000000000000000e+04 1.921300000000000000e+04
1.873200000000000000e+04 1.921000000000000000e+04
1.876400000000000000e+04 1.919000000000000000e+04
1.878300000000000000e+04 1.917200000000000000e+04
1.878800000000000000e+04 1.915400000000000000e+04
1.882800000000000000e+04 1.911400000000000000e+04
1.882300000000000000e+04 1.912200000000000000e+04
1.885700000000000000e+04 1.909100000000000000e+04
1.878900000000000000e+04 1.915100000000000000e+04
1.883900000000000000e+04 1.910800000000000000e+04
1.881900000000000000e+04 1.915000000000000000e+04
1.886700000000000000e+04 1.908200000000000000e+04
1.883100000000000000e+04 1.910900000000000000e+04
1.883000000000000000e+04 1.911000000000000000e+04
1.889100000000000000e+04 1.904200000000000000e+04
1.890100000000000000e+04 1.903300000000000000e+04
1.887800000000000000e+04 1.907400000000000000e+04
1.890300000000000000e+04 1.901800000000000000e+04
1.712200000000000000e+04 2.013000000000000000e+04
1.725900000000000000e+04 2.011000000000000000e+04
1.724600000000000000e+04 2.012600000000000000e+04
1.729300000000000000e+04 2.009100000000000000e+04
1.727100000000000000e+04 2.010100000000000000e+04
1.729200000000000000e+04 2.010000000000000000e+04
1.731300000000000000e+04 2.009000000000000000e+04
1.735400000000000000e+04 2.007900000000000000e+04
1.734400000000000000e+04 2.008500000000000000e+04
1.733000000000000000e+04 2.008800000000000000e+04
1.734800000000000000e+04 2.008200000000000000e+04
1.733400000000000000e+04 2.008700000000000000e+04
1.736800000000000000e+04 2.007700000000000000e+04
1.741500000000000000e+04 2.007300000000000000e+04
1.742500000000000000e+04 2.007200000000000000e+04
1.747800000000000000e+04 2.006100000000000000e+04
1.745900000000000000e+04 2.006200000000000000e+04
1.753800000000000000e+04 2.002300000000000000e+04
1.751500000000000000e+04 2.004600000000000000e+04
1.753400000000000000e+04 2.002400000000000000e+04
1.752300000000000000e+04 2.002800000000000000e+04
1.750100000000000000e+04 2.004700000000000000e+04
1.752800000000000000e+04 2.002600000000000000e+04
1.761300000000000000e+04 1.999100000000000000e+04
1.758300000000000000e+04 2.002000000000000000e+04
1.764200000000000000e+04 1.996100000000000000e+04
1.764100000000000000e+04 1.997200000000000000e+04
1.761900000000000000e+04 1.997900000000000000e+04
1.767700000000000000e+04 1.995400000000000000e+04
1.765300000000000000e+04 1.995900000000000000e+04
1.767800000000000000e+04 1.994200000000000000e+04
1.769500000000000000e+04 1.994000000000000000e+04
1.772300000000000000e+04 1.990100000000000000e+04
1.769800000000000000e+04 1.990900000000000000e+04
1.771200000000000000e+04 1.990200000000000000e+04
1.776900000000000000e+04 1.989800000000000000e+04
1.778600000000000000e+04 1.989100000000000000e+04
1.771100000000000000e+04 1.990300000000000000e+04
1.781600000000000000e+04 1.987300000000000000e+04
1.781700000000000000e+04 1.986200000000000000e+04
1.774900000000000000e+04 1.989900000000000000e+04
1.781800000000000000e+04 1.985700000000000000e+04
1.782500000000000000e+04 1.985100000000000000e+04
1.785000000000000000e+04 1.983600000000000000e+04
1.785900000000000000e+04 1.982200000000000000e+04
1.785600000000000000e+04 1.983500000000000000e+04
1.788900000000000000e+04 1.979500000000000000e+04
1.784000000000000000e+04 1.984800000000000000e+04
1.787900000000000000e+04 1.979600000000000000e+04
1.787700000000000000e+04 1.981600000000000000e+04
1.797000000000000000e+04 1.976700000000000000e+04
1.791200000000000000e+04 1.978900000000000000e+04
1.796800000000000000e+04 1.978700000000000000e+04
1.797700000000000000e+04 1.975300000000000000e+04
1.802600000000000000e+04 1.974600000000000000e+04
1.806700000000000000e+04 1.973800000000000000e+04
1.804700000000000000e+04 1.974000000000000000e+04
1.809900000000000000e+04 1.973000000000000000e+04
1.813100000000000000e+04 1.970300000000000000e+04
1.813400000000000000e+04 1.968900000000000000e+04
1.811600000000000000e+04 1.970600000000000000e+04
1.814100000000000000e+04 1.967700000000000000e+04
1.811800000000000000e+04 1.970500000000000000e+04
1.815700000000000000e+04 1.966700000000000000e+04
1.817500000000000000e+04 1.966500000000000000e+04
1.824000000000000000e+04 1.960500000000000000e+04
1.822400000000000000e+04 1.961700000000000000e+04
1.819600000000000000e+04 1.965200000000000000e+04
1.821400000000000000e+04 1.963400000000000000e+04
1.819800000000000000e+04 1.963500000000000000e+04
1.825300000000000000e+04 1.959900000000000000e+04
1.822100000000000000e+04 1.962600000000000000e+04
1.825400000000000000e+04 1.959200000000000000e+04
1.826600000000000000e+04 1.957100000000000000e+04
1.826200000000000000e+04 1.957900000000000000e+04
1.830500000000000000e+04 1.955900000000000000e+04
1.829500000000000000e+04 1.956800000000000000e+04
1.830700000000000000e+04 1.955400000000000000e+04
1.832100000000000000e+04 1.954800000000000000e+04
1.838000000000000000e+04 1.953400000000000000e+04
1.835800000000000000e+04 1.954400000000000000e+04
1.843300000000000000e+04 1.949400000000000000e+04
1.837100000000000000e+04 1.953500000000000000e+04
1.844500000000000000e+04 1.946300000000000000e+04
1.838200000000000000e+04 1.951700000000000000e+04
1.843400000000000000e+04 1.948600000000000000e+04
1.845700000000000000e+04 1.945900000000000000e+04
1.840300000000000000e+04 1.949900000000000000e+04
1.844000000000000000e+04 1.946700000000000000e+04
1.849800000000000000e+04 1.943100000000000000e+04
1.849700000000000000e+04 1.943900000000000000e+04
1.850400000000000000e+04 1.941600000000000000e+04
1.850000000000000000e+04 1.942200000000000000e+04
1.848800000000000000e+04 1.945100000000000000e+04
1.854400000000000000e+04 1.941000000000000000e+04
1.855700000000000000e+04 1.937900000000000000e+04
1.860700000000000000e+04 1.932500000000000000e+04
1.858300000000000000e+04 1.935600000000000000e+04
1.862200000000000000e+04 1.932100000000000000e+04
1.858100000000000000e+04 1.936800000000000000e+04
1.859400000000000000e+04 1.934700000000000000e+04
1.859900000000000000e+04 1.933600000000000000e+04
1.866000000000000000e+04 1.928000000000000000e+04
1.863900000000000000e+04 1.928900000000000000e+04
1.871800000000000000e+04 1.922900000000000000e+04
1.868500000000000000e+04 1.924000000000000000e+04
1.869100000000000000e+04 1.923900000000000000e+04
1.872500000000000000e+04 1.922000000000000000e+04
1.874300000000000000e+04 1.919500000000000000e+04
1.872100000000000000e+04 1.922500000000000000e+04
1.872800000000000000e+04 1.921900000000000000e+04
1.873000000000000000e+04 1.921300000000000000e+04
1.873200000000000000e+04 1.921000000000000000e+04
1.876400000000000000e+04 1.919000000000000000e+04
1.878300000000000000e+04 1.917200000000000000e+04
1.878800000000000000e+04 1.915400000000000000e+04
1.882800000000000000e+04 1.911400000000000000e+04
1.882300000000000000e+04 1.912200000000000000e+04
1.885700000000000000e+04 1.909100000000000000e+04
1.878900000000000000e+04 1.915100000000000000e+04
1.883900000000000000e+04 1.910800000000000000e+04
1.881900000000000000e+04 1.915000000000000000e+04
1.886700000000000000e+04 1.908200000000000000e+04
1.883100000000000000e+04 1.910900000000000000e+04
1.883000000000000000e+04 1.911000000000000000e+04
1.887800000000000000e+04 1.907400000000000000e+04
1.891300000000000000e+04 1.902300000000000000e+04
1.892900000000000000e+04 1.899600000000000000e+04
1.894000000000000000e+04 1.895800000000000000e+04
1.895200000000000000e+04 1.895000000000000000e+04
1.891600000000000000e+04 1.900300000000000000e+04
1.891200000000000000e+04 1.905300000000000000e+04
1.896200000000000000e+04 1.893800000000000000e+04
1.893500000000000000e+04 1.896700000000000000e+04
1.894600000000000000e+04 1.895600000000000000e+04
1.895900000000000000e+04 1.894400000000000000e+04
1.896400000000000000e+04 1.892800000000000000e+04
1.712200000000000000e+04 2.013000000000000000e+04
1.725900000000000000e+04 2.011000000000000000e+04
1.724600000000000000e+04 2.012600000000000000e+04
1.729300000000000000e+04 2.009100000000000000e+04
1.727100000000000000e+04 2.010100000000000000e+04
1.729200000000000000e+04 2.010000000000000000e+04
1.731300000000000000e+04 2.009000000000000000e+04
1.735400000000000000e+04 2.007900000000000000e+04
1.734400000000000000e+04 2.008500000000000000e+04
1.733000000000000000e+04 2.008800000000000000e+04
1.734800000000000000e+04 2.008200000000000000e+04
1.733400000000000000e+04 2.008700000000000000e+04
1.736800000000000000e+04 2.007700000000000000e+04
1.741500000000000000e+04 2.007300000000000000e+04
1.742500000000000000e+04 2.007200000000000000e+04
1.747800000000000000e+04 2.006100000000000000e+04
1.745900000000000000e+04 2.006200000000000000e+04
1.753800000000000000e+04 2.002300000000000000e+04
1.751500000000000000e+04 2.004600000000000000e+04
1.753400000000000000e+04 2.002400000000000000e+04
1.752300000000000000e+04 2.002800000000000000e+04
1.750100000000000000e+04 2.004700000000000000e+04
1.752800000000000000e+04 2.002600000000000000e+04
1.761300000000000000e+04 1.999100000000000000e+04
1.758300000000000000e+04 2.002000000000000000e+04
1.764200000000000000e+04 1.996100000000000000e+04
1.764100000000000000e+04 1.997200000000000000e+04
1.761900000000000000e+04 1.997900000000000000e+04
1.767700000000000000e+04 1.995400000000000000e+04
1.765300000000000000e+04 1.995900000000000000e+04
1.767800000000000000e+04 1.994200000000000000e+04
1.769500000000000000e+04 1.994000000000000000e+04
1.772300000000000000e+04 1.990100000000000000e+04
1.769800000000000000e+04 1.990900000000000000e+04
1.771200000000000000e+04 1.990200000000000000e+04
1.776900000000000000e+04 1.989800000000000000e+04
1.778600000000000000e+04 1.989100000000000000e+04
1.771100000000000000e+04 1.990300000000000000e+04
1.781600000000000000e+04 1.987300000000000000e+04
1.781700000000000000e+04 1.986200000000000000e+04
1.774900000000000000e+04 1.989900000000000000e+04
1.781800000000000000e+04 1.985700000000000000e+04
1.782500000000000000e+04 1.985100000000000000e+04
1.785000000000000000e+04 1.983600000000000000e+04
1.785900000000000000e+04 1.982200000000000000e+04
1.785600000000000000e+04 1.983500000000000000e+04
1.788900000000000000e+04 1.979500000000000000e+04
1.784000000000000000e+04 1.984800000000000000e+04
1.787900000000000000e+04 1.979600000000000000e+04
1.787700000000000000e+04 1.981600000000000000e+04
1.797000000000000000e+04 1.976700000000000000e+04
1.791200000000000000e+04 1.978900000000000000e+04
1.796800000000000000e+04 1.978700000000000000e+04
1.797700000000000000e+04 1.975300000000000000e+04
1.802600000000000000e+04 1.974600000000000000e+04
1.806700000000000000e+04 1.973800000000000000e+04
1.804700000000000000e+04 1.974000000000000000e+04
1.809900000000000000e+04 1.973000000000000000e+04
1.813100000000000000e+04 1.970300000000000000e+04
1.813400000000000000e+04 1.968900000000000000e+04
1.811600000000000000e+04 1.970600000000000000e+04
1.814100000000000000e+04 1.967700000000000000e+04
1.811800000000000000e+04 1.970500000000000000e+04
1.815700000000000000e+04 1.966700000000000000e+04
1.817500000000000000e+04 1.966500000000000000e+04
1.824000000000000000e+04 1.960500000000000000e+04
1.822400000000000000e+04 1.961700000000000000e+04
1.819600000000000000e+04 1.965200000000000000e+04
1.821400000000000000e+04 1.963400000000000000e+04
1.819800000000000000e+04 1.963500000000000000e+04
1.825300000000000000e+04 1.959900000000000000e+04
1.822100000000000000e+04 1.962600000000000000e+04
1.825400000000000000e+04 1.959200000000000000e+04
1.826600000000000000e+04 1.957100000000000000e+04
1.826200000000000000e+04 1.957900000000000000e+04
1.830500000000000000e+04 1.955900000000000000e+04
1.829500000000000000e+04 1.956800000000000000e+04
1.830700000000000000e+04 1.955400000000000000e+04
1.832100000000000000e+04 1.954800000000000000e+04
1.838000000000000000e+04 1.953400000000000000e+04
1.835800000000000000e+04 1.954400000000000000e+04
1.843300000000000000e+04 1.949400000000000000e+04
1.837100000000000000e+04 1.953500000000000000e+04
1.844500000000000000e+04 1.946300000000000000e+04
1.838200000000000000e+04 1.951700000000000000e+04
1.843400000000000000e+04 1.948600000000000000e+04
1.845700000000000000e+04 1.945900000000000000e+04
1.840300000000000000e+04 1.949900000000000000e+04
1.844000000000000000e+04 1.946700000000000000e+04
1.849800000000000000e+04 1.943100000000000000e+04
1.849700000000000000e+04 1.943900000000000000e+04
1.850400000000000000e+04 1.941600000000000000e+04
1.850000000000000000e+04 1.942200000000000000e+04
1.848800000000000000e+04 1.945100000000000000e+04
1.854400000000000000e+04 1.941000000000000000e+04
1.855700000000000000e+04 1.937900000000000000e+04
1.860700000000000000e+04 1.932500000000000000e+04
1.858300000000000000e+04 1.935600000000000000e+04
1.862200000000000000e+04 1.932100000000000000e+04
1.858100000000000000e+04 1.936800000000000000e+04
1.859400000000000000e+04 1.934700000000000000e+04
1.859900000000000000e+04 1.933600000000000000e+04
1.866000000000000000e+04 1.928000000000000000e+04
1.863900000000000000e+04 1.928900000000000000e+04
1.871800000000000000e+04 1.922900000000000000e+04
1.868500000000000000e+04 1.924000000000000000e+04
1.869100000000000000e+04 1.923900000000000000e+04
1.872500000000000000e+04 1.922000000000000000e+04
1.874300000000000000e+04 1.919500000000000000e+04
1.872100000000000000e+04 1.922500000000000000e+04
1.872800000000000000e+04 1.921900000000000000e+04
1.873000000000000000e+04 1.921300000000000000e+04
1.873200000000000000e+04 1.921000000000000000e+04
1.876400000000000000e+04 1.919000000000000000e+04
1.878300000000000000e+04 1.917200000000000000e+04
1.878800000000000000e+04 1.915400000000000000e+04
1.882800000000000000e+04 1.911400000000000000e+04
1.882300000000000000e+04 1.912200000000000000e+04
1.885700000000000000e+04 1.909100000000000000e+04
1.878900000000000000e+04 1.915100000000000000e+04
1.883900000000000000e+04 1.910800000000000000e+04
1.881900000000000000e+04 1.915000000000000000e+04
1.886700000000000000e+04 1.908200000000000000e+04
1.883100000000000000e+04 1.910900000000000000e+04
1.883000000000000000e+04 1.911000000000000000e+04
1.887800000000000000e+04 1.907400000000000000e+04
1.891300000000000000e+04 1.902300000000000000e+04
1.892900000000000000e+04 1.899600000000000000e+04
1.891600000000000000e+04 1.900300000000000000e+04
1.891200000000000000e+04 1.905300000000000000e+04
1.896500000000000000e+04 1.895500000000000000e+04
1.895700000000000000e+04 1.896300000000000000e+04
1.898100000000000000e+04 1.895400000000000000e+04
1.895400000000000000e+04 1.896900000000000000e+04
1.898500000000000000e+04 1.894800000000000000e+04
1.900700000000000000e+04 1.894300000000000000e+04
1.903600000000000000e+04 1.890500000000000000e+04
1.900900000000000000e+04 1.891400000000000000e+04
1.712200000000000000e+04 2.013000000000000000e+04
1.725900000000000000e+04 2.011000000000000000e+04
1.724600000000000000e+04 2.012600000000000000e+04
1.729300000000000000e+04 2.009100000000000000e+04
1.727100000000000000e+04 2.010100000000000000e+04
1.729200000000000000e+04 2.010000000000000000e+04
1.731300000000000000e+04 2.009000000000000000e+04
1.735400000000000000e+04 2.007900000000000000e+04
1.734400000000000000e+04 2.008500000000000000e+04
1.733000000000000000e+04 2.008800000000000000e+04
1.734800000000000000e+04 2.008200000000000000e+04
1.733400000000000000e+04 2.008700000000000000e+04
1.736800000000000000e+04 2.007700000000000000e+04
1.741500000000000000e+04 2.007300000000000000e+04
1.742500000000000000e+04 2.007200000000000000e+04
1.747800000000000000e+04 2.006100000000000000e+04
1.745900000000000000e+04 2.006200000000000000e+04
1.753800000000000000e+04 2.002300000000000000e+04
1.751500000000000000e+04 2.004600000000000000e+04
1.753400000000000000e+04 2.002400000000000000e+04
1.752300000000000000e+04 2.002800000000000000e+04
1.750100000000000000e+04 2.004700000000000000e+04
1.752800000000000000e+04 2.002600000000000000e+04
1.761300000000000000e+04 1.999100000000000000e+04
1.758300000000000000e+04 2.002000000000000000e+04
1.764200000000000000e+04 1.996100000000000000e+04
1.764100000000000000e+04 1.997200000000000000e+04
1.761900000000000000e+04 1.997900000000000000e+04
1.767700000000000000e+04 1.995400000000000000e+04
1.765300000000000000e+04 1.995900000000000000e+04
1.767800000000000000e+04 1.994200000000000000e+04
1.769500000000000000e+04 1.994000000000000000e+04
1.772300000000000000e+04 1.990100000000000000e+04
1.769800000000000000e+04 1.990900000000000000e+04
1.771200000000000000e+04 1.990200000000000000e+04
1.776900000000000000e+04 1.989800000000000000e+04
1.778600000000000000e+04 1.989100000000000000e+04
1.771100000000000000e+04 1.990300000000000000e+04
1.781600000000000000e+04 1.987300000000000000e+04
1.781700000000000000e+04 1.986200000000000000e+04
1.774900000000000000e+04 1.989900000000000000e+04
1.781800000000000000e+04 1.985700000000000000e+04
1.782500000000000000e+04 1.985100000000000000e+04
1.785000000000000000e+04 1.983600000000000000e+04
1.785900000000000000e+04 1.982200000000000000e+04
1.785600000000000000e+04 1.983500000000000000e+04
1.788900000000000000e+04 1.979500000000000000e+04
1.784000000000000000e+04 1.984800000000000000e+04
1.787900000000000000e+04 1.979600000000000000e+04
1.787700000000000000e+04 1.981600000000000000e+04
1.797000000000000000e+04 1.976700000000000000e+04
1.791200000000000000e+04 1.978900000000000000e+04
1.796800000000000000e+04 1.978700000000000000e+04
1.797700000000000000e+04 1.975300000000000000e+04
1.802600000000000000e+04 1.974600000000000000e+04
1.806700000000000000e+04 1.973800000000000000e+04
1.804700000000000000e+04 1.974000000000000000e+04
1.809900000000000000e+04 1.973000000000000000e+04
1.813100000000000000e+04 1.970300000000000000e+04
1.813400000000000000e+04 1.968900000000000000e+04
1.811600000000000000e+04 1.970600000000000000e+04
1.814100000000000000e+04 1.967700000000000000e+04
1.811800000000000000e+04 1.970500000000000000e+04
1.815700000000000000e+04 1.966700000000000000e+04
1.817500000000000000e+04 1.966500000000000000e+04
1.824000000000000000e+04 1.960500000000000000e+04
1.822400000000000000e+04 1.961700000000000000e+04
1.819600000000000000e+04 1.965200000000000000e+04
1.821400000000000000e+04 1.963400000000000000e+04
1.819800000000000000e+04 1.963500000000000000e+04
1.825300000000000000e+04 1.959900000000000000e+04
1.822100000000000000e+04 1.962600000000000000e+04
1.825400000000000000e+04 1.959200000000000000e+04
1.826600000000000000e+04 1.957100000000000000e+04
1.826200000000000000e+04 1.957900000000000000e+04
1.830500000000000000e+04 1.955900000000000000e+04
1.829500000000000000e+04 1.956800000000000000e+04
1.830700000000000000e+04 1.955400000000000000e+04
1.832100000000000000e+04 1.954800000000000000e+04
1.838000000000000000e+04 1.953400000000000000e+04
1.835800000000000000e+04 1.954400000000000000e+04
1.843300000000000000e+04 1.949400000000000000e+04
1.837100000000000000e+04 1.953500000000000000e+04
1.844500000000000000e+04 1.946300000000000000e+04
1.838200000000000000e+04 1.951700000000000000e+04
1.843400000000000000e+04 1.948600000000000000e+04
1.845700000000000000e+04 1.945900000000000000e+04
1.840300000000000000e+04 1.949900000000000000e+04
1.844000000000000000e+04 1.946700000000000000e+04
1.849800000000000000e+04 1.943100000000000000e+04
1.849700000000000000e+04 1.943900000000000000e+04
1.850400000000000000e+04 1.941600000000000000e+04
1.850000000000000000e+04 1.942200000000000000e+04
1.848800000000000000e+04 1.945100000000000000e+04
1.854400000000000000e+04 1.941000000000000000e+04
1.855700000000000000e+04 1.937900000000000000e+04
1.860700000000000000e+04 1.932500000000000000e+04
1.858300000000000000e+04 1.935600000000000000e+04
1.862200000000000000e+04 1.932100000000000000e+04
1.858100000000000000e+04 1.936800000000000000e+04
1.859400000000000000e+04 1.934700000000000000e+04
1.859900000000000000e+04 1.933600000000000000e+04
1.866000000000000000e+04 1.928000000000000000e+04
1.863900000000000000e+04 1.928900000000000000e+04
1.871800000000000000e+04 1.922900000000000000e+04
1.868500000000000000e+04 1.924000000000000000e+04
1.869100000000000000e+04 1.923900000000000000e+04
1.872500000000000000e+04 1.922000000000000000e+04
1.874300000000000000e+04 1.919500000000000000e+04
1.872100000000000000e+04 1.922500000000000000e+04
1.872800000000000000e+04 1.921900000000000000e+04
1.873000000000000000e+04 1.921300000000000000e+04
1.873200000000000000e+04 1.921000000000000000e+04
1.876400000000000000e+04 1.919000000000000000e+04
1.878300000000000000e+04 1.917200000000000000e+04
1.878800000000000000e+04 1.915400000000000000e+04
1.882800000000000000e+04 1.911400000000000000e+04
1.882300000000000000e+04 1.912200000000000000e+04
1.885700000000000000e+04 1.909100000000000000e+04
1.878900000000000000e+04 1.915100000000000000e+04
1.883900000000000000e+04 1.910800000000000000e+04
1.881900000000000000e+04 1.915000000000000000e+04
1.886700000000000000e+04 1.908200000000000000e+04
1.883100000000000000e+04 1.910900000000000000e+04
1.883000000000000000e+04 1.911000000000000000e+04
1.887800000000000000e+04 1.907400000000000000e+04
1.891300000000000000e+04 1.902300000000000000e+04
1.892900000000000000e+04 1.899600000000000000e+04
1.891600000000000000e+04 1.900300000000000000e+04
1.891200000000000000e+04 1.905300000000000000e+04
1.896500000000000000e+04 1.895500000000000000e+04
1.895700000000000000e+04 1.896300000000000000e+04
1.898100000000000000e+04 1.895400000000000000e+04
1.895400000000000000e+04 1.896900000000000000e+04
1.898500000000000000e+04 1.894800000000000000e+04
1.900700000000000000e+04 1.894300000000000000e+04
1.905600000000000000e+04 1.887700000000000000e+04
1.906900000000000000e+04 1.885600000000000000e+04
1.906200000000000000e+04 1.885700000000000000e+04
1.904200000000000000e+04 1.892700000000000000e+04
1.910500000000000000e+04 1.879900000000000000e+04
1.909900000000000000e+04 1.881100000000000000e+04
1.913800000000000000e+04 1.875600000000000000e+04
1.909000000000000000e+04 1.883500000000000000e+04
1.911700000000000000e+04 1.878300000000000000e+04
1.712200000000000000e+04 2.013000000000000000e+04
1.725900000000000000e+04 2.011000000000000000e+04
1.724600000000000000e+04 2.012600000000000000e+04
1.729300000000000000e+04 2.009100000000000000e+04
1.727100000000000000e+04 2.010100000000000000e+04
1.729200000000000000e+04 2.010000000000000000e+04
1.731300000000000000e+04 2.009000000000000000e+04
1.735400000000000000e+04 2.007900000000000000e+04
1.734400000000000000e+04 2.008500000000000000e+04
1.733000000000000000e+04 2.008800000000000000e+04
1.734800000000000000e+04 2.008200000000000000e+04
1.733400000000000000e+04 2.008700000000000000e+04
1.736800000000000000e+04 2.007700000000000000e+04
1.741500000000000000e+04 2.007300000000000000e+04
1.742500000000000000e+04 2.007200000000000000e+04
1.747800000000000000e+04 2.006100000000000000e+04
1.745900000000000000e+04 2.006200000000000000e+04
1.753800000000000000e+04 2.002300000000000000e+04
1.751500000000000000e+04 2.004600000000000000e+04
1.753400000000000000e+04 2.002400000000000000e+04
1.752300000000000000e+04 2.002800000000000000e+04
1.750100000000000000e+04 2.004700000000000000e+04
1.752800000000000000e+04 2.002600000000000000e+04
1.761300000000000000e+04 1.999100000000000000e+04
1.758300000000000000e+04 2.002000000000000000e+04
1.764200000000000000e+04 1.996100000000000000e+04
1.764100000000000000e+04 1.997200000000000000e+04
1.761900000000000000e+04 1.997900000000000000e+04
1.767700000000000000e+04 1.995400000000000000e+04
1.765300000000000000e+04 1.995900000000000000e+04
1.767800000000000000e+04 1.994200000000000000e+04
1.769500000000000000e+04 1.994000000000000000e+04
1.772300000000000000e+04 1.990100000000000000e+04
1.769800000000000000e+04 1.990900000000000000e+04
1.771200000000000000e+04 1.990200000000000000e+04
1.776900000000000000e+04 1.989800000000000000e+04
1.778600000000000000e+04 1.989100000000000000e+04
1.771100000000000000e+04 1.990300000000000000e+04
1.781600000000000000e+04 1.987300000000000000e+04
1.781700000000000000e+04 1.986200000000000000e+04
1.774900000000000000e+04 1.989900000000000000e+04
1.781800000000000000e+04 1.985700000000000000e+04
1.782500000000000000e+04 1.985100000000000000e+04
1.785000000000000000e+04 1.983600000000000000e+04
1.785900000000000000e+04 1.982200000000000000e+04
1.785600000000000000e+04 1.983500000000000000e+04
1.788900000000000000e+04 1.979500000000000000e+04
1.784000000000000000e+04 1.984800000000000000e+04
1.787900000000000000e+04 1.979600000000000000e+04
1.787700000000000000e+04 1.981600000000000000e+04
1.797000000000000000e+04 1.976700000000000000e+04
1.791200000000000000e+04 1.978900000000000000e+04
1.796800000000000000e+04 1.978700000000000000e+04
1.797700000000000000e+04 1.975300000000000000e+04
1.802600000000000000e+04 1.974600000000000000e+04
1.806700000000000000e+04 1.973800000000000000e+04
1.804700000000000000e+04 1.974000000000000000e+04
1.809900000000000000e+04 1.973000000000000000e+04
1.813100000000000000e+04 1.970300000000000000e+04
1.813400000000000000e+04 1.968900000000000000e+04
1.811600000000000000e+04 1.970600000000000000e+04
1.814100000000000000e+04 1.967700000000000000e+04
1.811800000000000000e+04 1.970500000000000000e+04
1.815700000000000000e+04 1.966700000000000000e+04
1.817500000000000000e+04 1.966500000000000000e+04
1.824000000000000000e+04 1.960500000000000000e+04
1.822400000000000000e+04 1.961700000000000000e+04
1.819600000000000000e+04 1.965200000000000000e+04
1.821400000000000000e+04 1.963400000000000000e+04
1.819800000000000000e+04 1.963500000000000000e+04
1.825300000000000000e+04 1.959900000000000000e+04
1.822100000000000000e+04 1.962600000000000000e+04
1.825400000000000000e+04 1.959200000000000000e+04
1.826600000000000000e+04 1.957100000000000000e+04
1.826200000000000000e+04 1.957900000000000000e+04
1.830500000000000000e+04 1.955900000000000000e+04
1.829500000000000000e+04 1.956800000000000000e+04
1.830700000000000000e+04 1.955400000000000000e+04
1.832100000000000000e+04 1.954800000000000000e+04
1.838000000000000000e+04 1.953400000000000000e+04
1.835800000000000000e+04 1.954400000000000000e+04
1.843300000000000000e+04 1.949400000000000000e+04
1.837100000000000000e+04 1.953500000000000000e+04
1.844500000000000000e+04 1.946300000000000000e+04
1.838200000000000000e+04 1.951700000000000000e+04
1.843400000000000000e+04 1.948600000000000000e+04
1.845700000000000000e+04 1.945900000000000000e+04
1.840300000000000000e+04 1.949900000000000000e+04
1.844000000000000000e+04 1.946700000000000000e+04
1.849800000000000000e+04 1.943100000000000000e+04
1.849700000000000000e+04 1.943900000000000000e+04
1.850400000000000000e+04 1.941600000000000000e+04
1.850000000000000000e+04 1.942200000000000000e+04
1.848800000000000000e+04 1.945100000000000000e+04
1.854400000000000000e+04 1.941000000000000000e+04
1.855700000000000000e+04 1.937900000000000000e+04
1.860700000000000000e+04 1.932500000000000000e+04
1.858300000000000000e+04 1.935600000000000000e+04
1.862200000000000000e+04 1.932100000000000000e+04
1.858100000000000000e+04 1.936800000000000000e+04
1.859400000000000000e+04 1.934700000000000000e+04
1.859900000000000000e+04 1.933600000000000000e+04
1.866000000000000000e+04 1.928000000000000000e+04
1.863900000000000000e+04 1.928900000000000000e+04
1.871800000000000000e+04 1.922900000000000000e+04
1.868500000000000000e+04 1.924000000000000000e+04
1.869100000000000000e+04 1.923900000000000000e+04
1.872500000000000000e+04 1.922000000000000000e+04
1.874300000000000000e+04 1.919500000000000000e+04
1.872100000000000000e+04 1.922500000000000000e+04
1.872800000000000000e+04 1.921900000000000000e+04
1.873000000000000000e+04 1.921300000000000000e+04
1.873200000000000000e+04 1.921000000000000000e+04
1.876400000000000000e+04 1.919000000000000000e+04
1.878300000000000000e+04 1.917200000000000000e+04
1.878800000000000000e+04 1.915400000000000000e+04
1.882800000000000000e+04 1.911400000000000000e+04
1.882300000000000000e+04 1.912200000000000000e+04
1.885700000000000000e+04 1.909100000000000000e+04
1.878900000000000000e+04 1.915100000000000000e+04
1.883900000000000000e+04 1.910800000000000000e+04
1.881900000000000000e+04 1.915000000000000000e+04
1.886700000000000000e+04 1.908200000000000000e+04
1.883100000000000000e+04 1.910900000000000000e+04
1.883000000000000000e+04 1.911000000000000000e+04
1.887800000000000000e+04 1.907400000000000000e+04
1.891300000000000000e+04 1.902300000000000000e+04
1.892900000000000000e+04 1.899600000000000000e+04
1.891600000000000000e+04 1.900300000000000000e+04
1.891200000000000000e+04 1.905300000000000000e+04
1.896500000000000000e+04 1.895500000000000000e+04
1.895700000000000000e+04 1.896300000000000000e+04
1.898100000000000000e+04 1.895400000000000000e+04
1.895400000000000000e+04 1.896900000000000000e+04
1.898500000000000000e+04 1.894800000000000000e+04
1.900700000000000000e+04 1.894300000000000000e+04
1.905600000000000000e+04 1.887700000000000000e+04
1.906900000000000000e+04 1.885600000000000000e+04
1.906200000000000000e+04 1.885700000000000000e+04
1.904200000000000000e+04 1.892700000000000000e+04
1.909900000000000000e+04 1.881100000000000000e+04
1.913800000000000000e+04 1.875600000000000000e+04
1.909000000000000000e+04 1.883500000000000000e+04
1.915500000000000000e+04 1.875300000000000000e+04
1.911800000000000000e+04 1.879900000000000000e+04
1.919100000000000000e+04 1.869900000000000000e+04
1.917100000000000000e+04 1.870000000000000000e+04
1.916300000000000000e+04 1.870500000000000000e+04
1.919800000000000000e+04 1.868100000000000000e+04
1.922200000000000000e+04 1.866300000000000000e+04
1.925000000000000000e+04 1.859500000000000000e+04
1.925800000000000000e+04 1.856900000000000000e+04
1.923100000000000000e+04 1.862700000000000000e+04
1.928100000000000000e+04 1.856700000000000000e+04
1.924200000000000000e+04 1.860600000000000000e+04
1.922500000000000000e+04 1.864700000000000000e+04
1.925700000000000000e+04 1.858700000000000000e+04
1.712200000000000000e+04 2.013000000000000000e+04
1.725900000000000000e+04 2.011000000000000000e+04
1.724600000000000000e+04 2.012600000000000000e+04
1.729300000000000000e+04 2.009100000000000000e+04
1.727100000000000000e+04 2.010100000000000000e+04
1.729200000000000000e+04 2.010000000000000000e+04
1.731300000000000000e+04 2.009000000000000000e+04
1.735400000000000000e+04 2.007900000000000000e+04
1.734400000000000000e+04 2.008500000000000000e+04
1.733000000000000000e+04 2.008800000000000000e+04
1.734800000000000000e+04 2.008200000000000000e+04
1.733400000000000000e+04 2.008700000000000000e+04
1.736800000000000000e+04 2.007700000000000000e+04
1.741500000000000000e+04 2.007300000000000000e+04
1.742500000000000000e+04 2.007200000000000000e+04
1.747800000000000000e+04 2.006100000000000000e+04
1.745900000000000000e+04 2.006200000000000000e+04
1.753800000000000000e+04 2.002300000000000000e+04
1.751500000000000000e+04 2.004600000000000000e+04
1.753400000000000000e+04 2.002400000000000000e+04
1.752300000000000000e+04 2.002800000000000000e+04
1.750100000000000000e+04 2.004700000000000000e+04
1.752800000000000000e+04 2.002600000000000000e+04
1.761300000000000000e+04 1.999100000000000000e+04
1.758300000000000000e+04 2.002000000000000000e+04
1.764200000000000000e+04 1.996100000000000000e+04
1.764100000000000000e+04 1.997200000000000000e+04
1.761900000000000000e+04 1.997900000000000000e+04
1.767700000000000000e+04 1.995400000000000000e+04
1.765300000000000000e+04 1.995900000000000000e+04
1.767800000000000000e+04 1.994200000000000000e+04
1.769500000000000000e+04 1.994000000000000000e+04
1.772300000000000000e+04 1.990100000000000000e+04
1.769800000000000000e+04 1.990900000000000000e+04
1.771200000000000000e+04 1.990200000000000000e+04
1.776900000000000000e+04 1.989800000000000000e+04
1.778600000000000000e+04 1.989100000000000000e+04
1.771100000000000000e+04 1.990300000000000000e+04
1.781600000000000000e+04 1.987300000000000000e+04
1.781700000000000000e+04 1.986200000000000000e+04
1.774900000000000000e+04 1.989900000000000000e+04
1.781800000000000000e+04 1.985700000000000000e+04
1.782500000000000000e+04 1.985100000000000000e+04
1.785000000000000000e+04 1.983600000000000000e+04
1.785900000000000000e+04 1.982200000000000000e+04
1.785600000000000000e+04 1.983500000000000000e+04
1.788900000000000000e+04 1.979500000000000000e+04
1.784000000000000000e+04 1.984800000000000000e+04
1.787900000000000000e+04 1.979600000000000000e+04
1.787700000000000000e+04 1.981600000000000000e+04
1.797000000000000000e+04 1.976700000000000000e+04
1.791200000000000000e+04 1.978900000000000000e+04
1.796800000000000000e+04 1.978700000000000000e+04
1.797700000000000000e+04 1.975300000000000000e+04
1.802600000000000000e+04 1.974600000000000000e+04
1.806700000000000000e+04 1.973800000000000000e+04
1.804700000000000000e+04 1.974000000000000000e+04
1.809900000000000000e+04 1.973000000000000000e+04
1.813100000000000000e+04 1.970300000000000000e+04
1.813400000000000000e+04 1.968900000000000000e+04
1.811600000000000000e+04 1.970600000000000000e+04
1.814100000000000000e+04 1.967700000000000000e+04
1.811800000000000000e+04 1.970500000000000000e+04
1.815700000000000000e+04 1.966700000000000000e+04
1.817500000000000000e+04 1.966500000000000000e+04
1.824000000000000000e+04 1.960500000000000000e+04
1.822400000000000000e+04 1.961700000000000000e+04
1.819600000000000000e+04 1.965200000000000000e+04
1.821400000000000000e+04 1.963400000000000000e+04
1.819800000000000000e+04 1.963500000000000000e+04
1.825300000000000000e+04 1.959900000000000000e+04
1.822100000000000000e+04 1.962600000000000000e+04
1.825400000000000000e+04 1.959200000000000000e+04
1.826600000000000000e+04 1.957100000000000000e+04
1.826200000000000000e+04 1.957900000000000000e+04
1.830500000000000000e+04 1.955900000000000000e+04
1.829500000000000000e+04 1.956800000000000000e+04
1.830700000000000000e+04 1.955400000000000000e+04
1.832100000000000000e+04 1.954800000000000000e+04
1.838000000000000000e+04 1.953400000000000000e+04
1.835800000000000000e+04 1.954400000000000000e+04
1.843300000000000000e+04 1.949400000000000000e+04
1.837100000000000000e+04 1.953500000000000000e+04
1.844500000000000000e+04 1.946300000000000000e+04
1.838200000000000000e+04 1.951700000000000000e+04
1.843400000000000000e+04 1.948600000000000000e+04
1.845700000000000000e+04 1.945900000000000000e+04
1.840300000000000000e+04 1.949900000000000000e+04
1.844000000000000000e+04 1.946700000000000000e+04
1.849800000000000000e+04 1.943100000000000000e+04
1.849700000000000000e+04 1.943900000000000000e+04
1.850400000000000000e+04 1.941600000000000000e+04
1.850000000000000000e+04 1.942200000000000000e+04
1.848800000000000000e+04 1.945100000000000000e+04
1.854400000000000000e+04 1.941000000000000000e+04
1.855700000000000000e+04 1.937900000000000000e+04
1.860700000000000000e+04 1.932500000000000000e+04
1.858300000000000000e+04 1.935600000000000000e+04
1.862200000000000000e+04 1.932100000000000000e+04
1.858100000000000000e+04 1.936800000000000000e+04
1.859400000000000000e+04 1.934700000000000000e+04
1.859900000000000000e+04 1.933600000000000000e+04
1.866000000000000000e+04 1.928000000000000000e+04
1.863900000000000000e+04 1.928900000000000000e+04
1.871800000000000000e+04 1.922900000000000000e+04
1.868500000000000000e+04 1.924000000000000000e+04
1.869100000000000000e+04 1.923900000000000000e+04
1.872500000000000000e+04 1.922000000000000000e+04
1.874300000000000000e+04 1.919500000000000000e+04
1.872100000000000000e+04 1.922500000000000000e+04
1.872800000000000000e+04 1.921900000000000000e+04
1.873000000000000000e+04 1.921300000000000000e+04
1.873200000000000000e+04 1.921000000000000000e+04
1.876400000000000000e+04 1.919000000000000000e+04
1.878300000000000000e+04 1.917200000000000000e+04
1.878800000000000000e+04 1.915400000000000000e+04
1.882800000000000000e+04 1.911400000000000000e+04
1.882300000000000000e+04 1.912200000000000000e+04
1.885700000000000000e+04 1.909100000000000000e+04
1.878900000000000000e+04 1.915100000000000000e+04
1.883900000000000000e+04 1.910800000000000000e+04
1.881900000000000000e+04 1.915000000000000000e+04
1.886700000000000000e+04 1.908200000000000000e+04
1.883100000000000000e+04 1.910900000000000000e+04
1.883000000000000000e+04 1.911000000000000000e+04
1.887800000000000000e+04 1.907400000000000000e+04
1.891300000000000000e+04 1.902300000000000000e+04
1.892900000000000000e+04 1.899600000000000000e+04
1.891600000000000000e+04 1.900300000000000000e+04
1.891200000000000000e+04 1.905300000000000000e+04
1.896500000000000000e+04 1.895500000000000000e+04
1.895700000000000000e+04 1.896300000000000000e+04
1.898100000000000000e+04 1.895400000000000000e+04
1.895400000000000000e+04 1.896900000000000000e+04
1.898500000000000000e+04 1.894800000000000000e+04
1.900700000000000000e+04 1.894300000000000000e+04
1.905600000000000000e+04 1.887700000000000000e+04
1.906900000000000000e+04 1.885600000000000000e+04
1.906200000000000000e+04 1.885700000000000000e+04
1.904200000000000000e+04 1.892700000000000000e+04
1.909900000000000000e+04 1.881100000000000000e+04
1.913800000000000000e+04 1.875600000000000000e+04
1.909000000000000000e+04 1.883500000000000000e+04
1.915500000000000000e+04 1.875300000000000000e+04
1.911800000000000000e+04 1.879900000000000000e+04
1.919100000000000000e+04 1.869900000000000000e+04
1.917100000000000000e+04 1.870000000000000000e+04
1.916300000000000000e+04 1.870500000000000000e+04
1.919800000000000000e+04 1.868100000000000000e+04
1.922200000000000000e+04 1.866300000000000000e+04
1.925000000000000000e+04 1.859500000000000000e+04
1.923100000000000000e+04 1.862700000000000000e+04
1.928100000000000000e+04 1.856700000000000000e+04
1.924200000000000000e+04 1.860600000000000000e+04
1.922500000000000000e+04 1.864700000000000000e+04
1.925700000000000000e+04 1.858700000000000000e+04
1.923600000000000000e+04 1.860700000000000000e+04
1.928300000000000000e+04 1.852100000000000000e+04
1.930400000000000000e+04 1.850100000000000000e+04
1.927300000000000000e+04 1.857100000000000000e+04
1.928600000000000000e+04 1.850900000000000000e+04
1.712200000000000000e+04 2.013000000000000000e+04
1.725900000000000000e+04 2.011000000000000000e+04
1.724600000000000000e+04 2.012600000000000000e+04
1.729300000000000000e+04 2.009100000000000000e+04
1.727100000000000000e+04 2.010100000000000000e+04
1.729200000000000000e+04 2.010000000000000000e+04
1.731300000000000000e+04 2.009000000000000000e+04
1.735400000000000000e+04 2.007900000000000000e+04
1.734400000000000000e+04 2.008500000000000000e+04
1.733000000000000000e+04 2.008800000000000000e+04
1.734800000000000000e+04 2.008200000000000000e+04
1.733400000000000000e+04 2.008700000000000000e+04
1.736800000000000000e+04 2.007700000000000000e+04
1.741500000000000000e+04 2.007300000000000000e+04
1.742500000000000000e+04 2.007200000000000000e+04
1.747800000000000000e+04 2.006100000000000000e+04
1.745900000000000000e+04 2.006200000000000000e+04
1.753800000000000000e+04 2.002300000000000000e+04
1.751500000000000000e+04 2.004600000000000000e+04
1.753400000000000000e+04 2.002400000000000000e+04
1.752300000000000000e+04 2.002800000000000000e+04
1.750100000000000000e+04 2.004700000000000000e+04
1.752800000000000000e+04 2.002600000000000000e+04
1.761300000000000000e+04 1.999100000000000000e+04
1.758300000000000000e+04 2.002000000000000000e+04
1.764200000000000000e+04 1.996100000000000000e+04
1.764100000000000000e+04 1.997200000000000000e+04
1.761900000000000000e+04 1.997900000000000000e+04
1.767700000000000000e+04 1.995400000000000000e+04
1.765300000000000000e+04 1.995900000000000000e+04
1.767800000000000000e+04 1.994200000000000000e+04
1.769500000000000000e+04 1.994000000000000000e+04
1.772300000000000000e+04 1.990100000000000000e+04
1.769800000000000000e+04 1.990900000000000000e+04
1.771200000000000000e+04 1.990200000000000000e+04
1.776900000000000000e+04 1.989800000000000000e+04
1.778600000000000000e+04 1.989100000000000000e+04
1.771100000000000000e+04 1.990300000000000000e+04
1.781600000000000000e+04 1.987300000000000000e+04
1.781700000000000000e+04 1.986200000000000000e+04
1.774900000000000000e+04 1.989900000000000000e+04
1.781800000000000000e+04 1.985700000000000000e+04
1.782500000000000000e+04 1.985100000000000000e+04
1.785000000000000000e+04 1.983600000000000000e+04
1.785900000000000000e+04 1.982200000000000000e+04
1.785600000000000000e+04 1.983500000000000000e+04
1.788900000000000000e+04 1.979500000000000000e+04
1.784000000000000000e+04 1.984800000000000000e+04
1.787900000000000000e+04 1.979600000000000000e+04
1.787700000000000000e+04 1.981600000000000000e+04
1.797000000000000000e+04 1.976700000000000000e+04
1.791200000000000000e+04 1.978900000000000000e+04
1.796800000000000000e+04 1.978700000000000000e+04
1.797700000000000000e+04 1.975300000000000000e+04
1.802600000000000000e+04 1.974600000000000000e+04
1.806700000000000000e+04 1.973800000000000000e+04
1.804700000000000000e+04 1.974000000000000000e+04
1.809900000000000000e+04 1.973000000000000000e+04
1.813100000000000000e+04 1.970300000000000000e+04
1.813400000000000000e+04 1.968900000000000000e+04
1.811600000000000000e+04 1.970600000000000000e+04
1.814100000000000000e+04 1.967700000000000000e+04
1.811800000000000000e+04 1.970500000000000000e+04
1.815700000000000000e+04 1.966700000000000000e+04
1.817500000000000000e+04 1.966500000000000000e+04
1.824000000000000000e+04 1.960500000000000000e+04
1.822400000000000000e+04 1.961700000000000000e+04
1.819600000000000000e+04 1.965200000000000000e+04
1.821400000000000000e+04 1.963400000000000000e+04
1.819800000000000000e+04 1.963500000000000000e+04
1.825300000000000000e+04 1.959900000000000000e+04
1.822100000000000000e+04 1.962600000000000000e+04
1.825400000000000000e+04 1.959200000000000000e+04
1.826600000000000000e+04 1.957100000000000000e+04
1.826200000000000000e+04 1.957900000000000000e+04
1.830500000000000000e+04 1.955900000000000000e+04
1.829500000000000000e+04 1.956800000000000000e+04
1.830700000000000000e+04 1.955400000000000000e+04
1.832100000000000000e+04 1.954800000000000000e+04
1.838000000000000000e+04 1.953400000000000000e+04
1.835800000000000000e+04 1.954400000000000000e+04
1.843300000000000000e+04 1.949400000000000000e+04
1.837100000000000000e+04 1.953500000000000000e+04
1.844500000000000000e+04 1.946300000000000000e+04
1.838200000000000000e+04 1.951700000000000000e+04
1.843400000000000000e+04 1.948600000000000000e+04
1.845700000000000000e+04 1.945900000000000000e+04
1.840300000000000000e+04 1.949900000000000000e+04
1.844000000000000000e+04 1.946700000000000000e+04
1.849800000000000000e+04 1.943100000000000000e+04
1.849700000000000000e+04 1.943900000000000000e+04
1.850400000000000000e+04 1.941600000000000000e+04
1.850000000000000000e+04 1.942200000000000000e+04
1.848800000000000000e+04 1.945100000000000000e+04
1.854400000000000000e+04 1.941000000000000000e+04
1.855700000000000000e+04 1.937900000000000000e+04
1.860700000000000000e+04 1.932500000000000000e+04
1.858300000000000000e+04 1.935600000000000000e+04
1.862200000000000000e+04 1.932100000000000000e+04
1.858100000000000000e+04 1.936800000000000000e+04
1.859400000000000000e+04 1.934700000000000000e+04
1.859900000000000000e+04 1.933600000000000000e+04
1.866000000000000000e+04 1.928000000000000000e+04
1.863900000000000000e+04 1.928900000000000000e+04
1.871800000000000000e+04 1.922900000000000000e+04
1.868500000000000000e+04 1.924000000000000000e+04
1.869100000000000000e+04 1.923900000000000000e+04
1.872500000000000000e+04 1.922000000000000000e+04
1.874300000000000000e+04 1.919500000000000000e+04
1.872100000000000000e+04 1.922500000000000000e+04
1.872800000000000000e+04 1.921900000000000000e+04
1.873000000000000000e+04 1.921300000000000000e+04
1.873200000000000000e+04 1.921000000000000000e+04
1.876400000000000000e+04 1.919000000000000000e+04
1.878300000000000000e+04 1.917200000000000000e+04
1.878800000000000000e+04 1.915400000000000000e+04
1.882800000000000000e+04 1.911400000000000000e+04
1.882300000000000000e+04 1.912200000000000000e+04
1.885700000000000000e+04 1.909100000000000000e+04
1.878900000000000000e+04 1.915100000000000000e+04
1.883900000000000000e+04 1.910800000000000000e+04
1.881900000000000000e+04 1.915000000000000000e+04
1.886700000000000000e+04 1.908200000000000000e+04
1.883100000000000000e+04 1.910900000000000000e+04
1.883000000000000000e+04 1.911000000000000000e+04
1.887800000000000000e+04 1.907400000000000000e+04
1.891300000000000000e+04 1.902300000000000000e+04
1.892900000000000000e+04 1.899600000000000000e+04
1.891600000000000000e+04 1.900300000000000000e+04
1.891200000000000000e+04 1.905300000000000000e+04
1.896500000000000000e+04 1.895500000000000000e+04
1.895700000000000000e+04 1.896300000000000000e+04
1.898100000000000000e+04 1.895400000000000000e+04
1.895400000000000000e+04 1.896900000000000000e+04
1.898500000000000000e+04 1.894800000000000000e+04
1.900700000000000000e+04 1.894300000000000000e+04
1.905600000000000000e+04 1.887700000000000000e+04
1.906900000000000000e+04 1.885600000000000000e+04
1.906200000000000000e+04 1.885700000000000000e+04
1.904200000000000000e+04 1.892700000000000000e+04
1.909900000000000000e+04 1.881100000000000000e+04
1.913800000000000000e+04 1.875600000000000000e+04
1.909000000000000000e+04 1.883500000000000000e+04
1.915500000000000000e+04 1.875300000000000000e+04
1.911800000000000000e+04 1.879900000000000000e+04
1.919100000000000000e+04 1.869900000000000000e+04
1.917100000000000000e+04 1.870000000000000000e+04
1.916300000000000000e+04 1.870500000000000000e+04
1.919800000000000000e+04 1.868100000000000000e+04
1.922200000000000000e+04 1.866300000000000000e+04
1.925000000000000000e+04 1.859500000000000000e+04
1.923100000000000000e+04 1.862700000000000000e+04
1.928100000000000000e+04 1.856700000000000000e+04
1.924200000000000000e+04 1.860600000000000000e+04
1.922500000000000000e+04 1.864700000000000000e+04
1.925700000000000000e+04 1.858700000000000000e+04
1.923600000000000000e+04 1.860700000000000000e+04
1.927300000000000000e+04 1.857100000000000000e+04
1.928600000000000000e+04 1.854400000000000000e+04
1.932600000000000000e+04 1.853400000000000000e+04
1.933000000000000000e+04 1.851000000000000000e+04
1.935800000000000000e+04 1.847500000000000000e+04
1.939200000000000000e+04 1.838900000000000000e+04
1.936600000000000000e+04 1.843300000000000000e+04
1.936000000000000000e+04 1.844200000000000000e+04
1.935700000000000000e+04 1.848200000000000000e+04
1.938000000000000000e+04 1.842900000000000000e+04
1.938500000000000000e+04 1.842500000000000000e+04
1.936800000000000000e+04 1.843200000000000000e+04
1.940300000000000000e+04 1.838000000000000000e+04
1.935900000000000000e+04 1.845100000000000000e+04
