1.624700000000000000e+04 2.044400000000000000e+04
1.625000000000000000e+04 2.044000000000000000e+04
1.629900000000000000e+04 2.043900000000000000e+04
1.634800000000000000e+04 2.043100000000000000e+04
1.637700000000000000e+04 2.042200000000000000e+04
1.633100000000000000e+04 2.043300000000000000e+04
1.650600000000000000e+04 2.040800000000000000e+04
1.641200000000000000e+04 2.041800000000000000e+04
1.645400000000000000e+04 2.041500000000000000e+04
1.654900000000000000e+04 2.040200000000000000e+04
1.664200000000000000e+04 2.036800000000000000e+04
1.662800000000000000e+04 2.037700000000000000e+04
1.667400000000000000e+04 2.036100000000000000e+04
1.658700000000000000e+04 2.037800000000000000e+04
1.665000000000000000e+04 2.036700000000000000e+04
1.666100000000000000e+04 2.036500000000000000e+04
1.663100000000000000e+04 2.037100000000000000e+04
1.664100000000000000e+04 2.036900000000000000e+04
1.667700000000000000e+04 2.035900000000000000e+04
1.671900000000000000e+04 2.035200000000000000e+04
1.668700000000000000e+04 2.035500000000000000e+04
1.670000000000000000e+04 2.035400000000000000e+04
1.676200000000000000e+04 2.033500000000000000e+04
1.676500000000000000e+04 2.033400000000000000e+04
1.675900000000000000e+04 2.033700000000000000e+04
1.672800000000000000e+04 2.034800000000000000e+04
1.678100000000000000e+04 2.033000000000000000e+04
1.677700000000000000e+04 2.033200000000000000e+04
1.677800000000000000e+04 2.033100000000000000e+04
1.682700000000000000e+04 2.032600000000000000e+04
1.679900000000000000e+04 2.032800000000000000e+04
1.685800000000000000e+04 2.031400000000000000e+04
1.692800000000000000e+04 2.030200000000000000e+04
1.683500000000000000e+04 2.031900000000000000e+04
1.687700000000000000e+04 2.031200000000000000e+04
1.693300000000000000e+04 2.029300000000000000e+04
1.694300000000000000e+04 2.028900000000000000e+04
1.691600000000000000e+04 2.031000000000000000e+04
1.694100000000000000e+04 2.029100000000000000e+04
1.699800000000000000e+04 2.027500000000000000e+04
1.702400000000000000e+04 2.027400000000000000e+04
1.707000000000000000e+04 2.026900000000000000e+04
1.707400000000000000e+04 2.026400000000000000e+04
1.708600000000000000e+04 2.026100000000000000e+04
1.713200000000000000e+04 2.024700000000000000e+04
1.712800000000000000e+04 2.024800000000000000e+04
1.710900000000000000e+04 2.025800000000000000e+04
1.711500000000000000e+04 2.025400000000000000e+04
1.716100000000000000e+04 2.024500000000000000e+04
1.717700000000000000e+04 2.023700000000000000e+04
1.723900000000000000e+04 2.022900000000000000e+04
1.719800000000000000e+04 2.023100000000000000e+04
1.724700000000000000e+04 2.021800000000000000e+04
1.727400000000000000e+04 2.020700000000000000e+04
1.726100000000000000e+04 2.021100000000000000e+04
1.729800000000000000e+04 2.020400000000000000e+04
1.725200000000000000e+04 2.021600000000000000e+04
1.724100000000000000e+04 2.022500000000000000e+04
1.730100000000000000e+04 2.019800000000000000e+04
1.730700000000000000e+04 2.018400000000000000e+04
1.731100000000000000e+04 2.018200000000000000e+04
1.739700000000000000e+04 2.016200000000000000e+04
1.734600000000000000e+04 2.017600000000000000e+04
1.732500000000000000e+04 2.017900000000000000e+04
1.742200000000000000e+04 2.015900000000000000e+04
1.737900000000000000e+04 2.017400000000000000e+04
1.738700000000000000e+04 2.016500000000000000e+04
1.742400000000000000e+04 2.014600000000000000e+04
1.743100000000000000e+04 2.014500000000000000e+04
1.745700000000000000e+04 2.014200000000000000e+04
1.743900000000000000e+04 2.014400000000000000e+04
1.747200000000000000e+04 2.013600000000000000e+04
1.749100000000000000e+04 2.013200000000000000e+04
1.752500000000000000e+04 2.010300000000000000e+04
1.757000000000000000e+04 2.009100000000000000e+04
1.755900000000000000e+04 2.009500000000000000e+04
1.752000000000000000e+04 2.011200000000000000e+04
1.754600000000000000e+04 2.009600000000000000e+04
1.754100000000000000e+04 2.010000000000000000e+04
1.759100000000000000e+04 2.007300000000000000e+04
1.763100000000000000e+04 2.006200000000000000e+04
1.760500000000000000e+04 2.007100000000000000e+04
1.768200000000000000e+04 2.003800000000000000e+04
1.767700000000000000e+04 2.004300000000000000e+04
1.767400000000000000e+04 2.004500000000000000e+04
1.765900000000000000e+04 2.005100000000000000e+04
1.769900000000000000e+04 2.003200000000000000e+04
1.766900000000000000e+04 2.004700000000000000e+04
1.765100000000000000e+04 2.005700000000000000e+04
1.764500000000000000e+04 2.005900000000000000e+04
1.770200000000000000e+04 2.002000000000000000e+04
1.771500000000000000e+04 2.001600000000000000e+04
1.774000000000000000e+04 2.000900000000000000e+04
1.771900000000000000e+04 2.001300000000000000e+04
1.769200000000000000e+04 2.003300000000000000e+04
1.774100000000000000e+04 2.000600000000000000e+04
1.779400000000000000e+04 2.000300000000000000e+04
1.780400000000000000e+04 1.998800000000000000e+04
1.783600000000000000e+04 1.997000000000000000e+04
1.782700000000000000e+04 1.997300000000000000e+04
1.786000000000000000e+04 1.995700000000000000e+04
1.784600000000000000e+04 1.996400000000000000e+04
1.781700000000000000e+04 1.997500000000000000e+04
1.784400000000000000e+04 1.996600000000000000e+04
1.781400000000000000e+04 1.998500000000000000e+04
1.786300000000000000e+04 1.995600000000000000e+04
1.789800000000000000e+04 1.992100000000000000e+04
1.788500000000000000e+04 1.993200000000000000e+04
1.786600000000000000e+04 1.993400000000000000e+04
1.790000000000000000e+04 1.991900000000000000e+04
1.790200000000000000e+04 1.991600000000000000e+04
1.790700000000000000e+04 1.991400000000000000e+04
1.793100000000000000e+04 1.990200000000000000e+04
1.789500000000000000e+04 1.992600000000000000e+04
1.792800000000000000e+04 1.991300000000000000e+04
1.793700000000000000e+04 1.990000000000000000e+04
1.796100000000000000e+04 1.988700000000000000e+04
1.794000000000000000e+04 1.989900000000000000e+04
1.792900000000000000e+04 1.990700000000000000e+04
1.795000000000000000e+04 1.989000000000000000e+04
1.801900000000000000e+04 1.984300000000000000e+04
1.801700000000000000e+04 1.985300000000000000e+04
1.830200000000000000e+04 1.968900000000000000e+04
1.831300000000000000e+04 1.968500000000000000e+04
1.834700000000000000e+04 1.966000000000000000e+04
1.833300000000000000e+04 1.966500000000000000e+04
1.835300000000000000e+04 1.965300000000000000e+04
1.836300000000000000e+04 1.964800000000000000e+04
1.835900000000000000e+04 1.964900000000000000e+04
1.838200000000000000e+04 1.964200000000000000e+04
1.843700000000000000e+04 1.961000000000000000e+04
1.841300000000000000e+04 1.961500000000000000e+04
1.838900000000000000e+04 1.964100000000000000e+04
1.840900000000000000e+04 1.961600000000000000e+04
1.851300000000000000e+04 1.953700000000000000e+04
1.852200000000000000e+04 1.952500000000000000e+04
1.854500000000000000e+04 1.949800000000000000e+04
1.852800000000000000e+04 1.952100000000000000e+04
1.851900000000000000e+04 1.953500000000000000e+04
1.853600000000000000e+04 1.951800000000000000e+04
1.854400000000000000e+04 1.950500000000000000e+04
1.857000000000000000e+04 1.948800000000000000e+04
1.854900000000000000e+04 1.949400000000000000e+04
1.856000000000000000e+04 1.948900000000000000e+04
1.855100000000000000e+04 1.949200000000000000e+04
1.858300000000000000e+04 1.945800000000000000e+04
1.858000000000000000e+04 1.946600000000000000e+04
1.858700000000000000e+04 1.945200000000000000e+04
1.858100000000000000e+04 1.946200000000000000e+04
1.860100000000000000e+04 1.945000000000000000e+04
1.859800000000000000e+04 1.945100000000000000e+04
1.862600000000000000e+04 1.943500000000000000e+04
1.866900000000000000e+04 1.940100000000000000e+04
1.863400000000000000e+04 1.943200000000000000e+04
1.865100000000000000e+04 1.941800000000000000e+04
1.865500000000000000e+04 1.940600000000000000e+04
1.868500000000000000e+04 1.937800000000000000e+04
1.867900000000000000e+04 1.938200000000000000e+04
1.867400000000000000e+04 1.938900000000000000e+04
1.867000000000000000e+04 1.939300000000000000e+04
1.869500000000000000e+04 1.936500000000000000e+04
1.869100000000000000e+04 1.937700000000000000e+04
1.870700000000000000e+04 1.935900000000000000e+04
1.870300000000000000e+04 1.936100000000000000e+04
1.871100000000000000e+04 1.935600000000000000e+04
1.872900000000000000e+04 1.935000000000000000e+04
1.871500000000000000e+04 1.935500000000000000e+04
1.876100000000000000e+04 1.931200000000000000e+04
1.874300000000000000e+04 1.934200000000000000e+04
1.874400000000000000e+04 1.932500000000000000e+04
1.875300000000000000e+04 1.932200000000000000e+04
1.880700000000000000e+04 1.926500000000000000e+04
1.879500000000000000e+04 1.926900000000000000e+04
1.881800000000000000e+04 1.924800000000000000e+04
1.881100000000000000e+04 1.925700000000000000e+04
1.881200000000000000e+04 1.924900000000000000e+04
1.884900000000000000e+04 1.922300000000000000e+04
1.898600000000000000e+04 1.908600000000000000e+04
1.899300000000000000e+04 1.907100000000000000e+04
1.911100000000000000e+04 1.892700000000000000e+04
1.907500000000000000e+04 1.895300000000000000e+04
1.907400000000000000e+04 1.895800000000000000e+04
1.912300000000000000e+04 1.891300000000000000e+04
1.911300000000000000e+04 1.892200000000000000e+04
1.913000000000000000e+04 1.890900000000000000e+04
1.917800000000000000e+04 1.885700000000000000e+04
1.913200000000000000e+04 1.890100000000000000e+04
1.914300000000000000e+04 1.889900000000000000e+04
1.918300000000000000e+04 1.884500000000000000e+04
1.916300000000000000e+04 1.888700000000000000e+04
1.917900000000000000e+04 1.885300000000000000e+04
1.917400000000000000e+04 1.886100000000000000e+04
1.918100000000000000e+04 1.884800000000000000e+04
1.919100000000000000e+04 1.884100000000000000e+04
1.922100000000000000e+04 1.880800000000000000e+04
1.925100000000000000e+04 1.877000000000000000e+04
1.922700000000000000e+04 1.880600000000000000e+04
1.927000000000000000e+04 1.874900000000000000e+04
1.924400000000000000e+04 1.879000000000000000e+04
1.927800000000000000e+04 1.872200000000000000e+04
1.925800000000000000e+04 1.876300000000000000e+04
1.928100000000000000e+04 1.872000000000000000e+04
1.927700000000000000e+04 1.873100000000000000e+04
1.926700000000000000e+04 1.876000000000000000e+04
1.931000000000000000e+04 1.871700000000000000e+04
1.931400000000000000e+04 1.868100000000000000e+04
1.933900000000000000e+04 1.866900000000000000e+04
1.936200000000000000e+04 1.863000000000000000e+04
1.938800000000000000e+04 1.859000000000000000e+04
1.936700000000000000e+04 1.860300000000000000e+04
1.937700000000000000e+04 1.859600000000000000e+04
1.936400000000000000e+04 1.861400000000000000e+04
1.937600000000000000e+04 1.860000000000000000e+04
1.939200000000000000e+04 1.857200000000000000e+04
1.941500000000000000e+04 1.856000000000000000e+04
1.943200000000000000e+04 1.851400000000000000e+04
1.943800000000000000e+04 1.851200000000000000e+04
1.945200000000000000e+04 1.849800000000000000e+04
1.943100000000000000e+04 1.853600000000000000e+04
1.945500000000000000e+04 1.847400000000000000e+04
1.947000000000000000e+04 1.845600000000000000e+04
1.945400000000000000e+04 1.847900000000000000e+04
1.947800000000000000e+04 1.843900000000000000e+04
1.946300000000000000e+04 1.847100000000000000e+04
1.948300000000000000e+04 1.841400000000000000e+04
1.947300000000000000e+04 1.844300000000000000e+04
1.946600000000000000e+04 1.846300000000000000e+04
1.948800000000000000e+04 1.841000000000000000e+04
1.948200000000000000e+04 1.842300000000000000e+04
1.947900000000000000e+04 1.842600000000000000e+04
1.951800000000000000e+04 1.835200000000000000e+04
1.950500000000000000e+04 1.836900000000000000e+04
1.951600000000000000e+04 1.835600000000000000e+04
1.954200000000000000e+04 1.831100000000000000e+04
1.956600000000000000e+04 1.827900000000000000e+04
1.955800000000000000e+04 1.828300000000000000e+04
1.957400000000000000e+04 1.824000000000000000e+04
1.956800000000000000e+04 1.824500000000000000e+04
1.958400000000000000e+04 1.823900000000000000e+04
1.959300000000000000e+04 1.821400000000000000e+04
1.961200000000000000e+04 1.819700000000000000e+04
1.959000000000000000e+04 1.823000000000000000e+04
1.961800000000000000e+04 1.818000000000000000e+04
1.962600000000000000e+04 1.817500000000000000e+04
1.959600000000000000e+04 1.821100000000000000e+04
1.961100000000000000e+04 1.820100000000000000e+04
1.960300000000000000e+04 1.820400000000000000e+04
1.961500000000000000e+04 1.819200000000000000e+04
1.963100000000000000e+04 1.815200000000000000e+04
1.967700000000000000e+04 1.808100000000000000e+04
1.965500000000000000e+04 1.811500000000000000e+04
1.964800000000000000e+04 1.811800000000000000e+04
1.966000000000000000e+04 1.809400000000000000e+04
1.964700000000000000e+04 1.814000000000000000e+04
1.968100000000000000e+04 1.804400000000000000e+04
1.966100000000000000e+04 1.808700000000000000e+04
1.969000000000000000e+04 1.802700000000000000e+04
1.970800000000000000e+04 1.800700000000000000e+04
1.973700000000000000e+04 1.791900000000000000e+04
1.973000000000000000e+04 1.792100000000000000e+04
1.972200000000000000e+04 1.798900000000000000e+04
1.974300000000000000e+04 1.791800000000000000e+04
1.975600000000000000e+04 1.789600000000000000e+04
1.977400000000000000e+04 1.782200000000000000e+04
1.976400000000000000e+04 1.785600000000000000e+04
1.978400000000000000e+04 1.779300000000000000e+04
1.977500000000000000e+04 1.781100000000000000e+04
1.977100000000000000e+04 1.782400000000000000e+04
1.978900000000000000e+04 1.777100000000000000e+04
1.972500000000000000e+04 1.793000000000000000e+04
1.978500000000000000e+04 1.779100000000000000e+04
1.982000000000000000e+04 1.766500000000000000e+04
1.981000000000000000e+04 1.769300000000000000e+04
1.981200000000000000e+04 1.767200000000000000e+04
1.982800000000000000e+04 1.762900000000000000e+04
1.982500000000000000e+04 1.765800000000000000e+04
1.982700000000000000e+04 1.763600000000000000e+04
1.983300000000000000e+04 1.761800000000000000e+04
1.986400000000000000e+04 1.756900000000000000e+04
1.987200000000000000e+04 1.754600000000000000e+04
1.984600000000000000e+04 1.761000000000000000e+04
1.985600000000000000e+04 1.758800000000000000e+04
1.987400000000000000e+04 1.751300000000000000e+04
1.987800000000000000e+04 1.749700000000000000e+04
1.987700000000000000e+04 1.749900000000000000e+04
1.988600000000000000e+04 1.745100000000000000e+04
1.988300000000000000e+04 1.746300000000000000e+04
1.989800000000000000e+04 1.741600000000000000e+04
1.988100000000000000e+04 1.748700000000000000e+04
1.987600000000000000e+04 1.751200000000000000e+04
1.989400000000000000e+04 1.743500000000000000e+04
1.989100000000000000e+04 1.743800000000000000e+04
1.990600000000000000e+04 1.739900000000000000e+04
1.992100000000000000e+04 1.736300000000000000e+04
1.990900000000000000e+04 1.736800000000000000e+04
1.992300000000000000e+04 1.734400000000000000e+04
1.992200000000000000e+04 1.735100000000000000e+04
1.992600000000000000e+04 1.733000000000000000e+04
1.993900000000000000e+04 1.727500000000000000e+04
1.995300000000000000e+04 1.725000000000000000e+04
1.994700000000000000e+04 1.727400000000000000e+04
1.993000000000000000e+04 1.730600000000000000e+04
1.998700000000000000e+04 1.714100000000000000e+04
1.997800000000000000e+04 1.718500000000000000e+04
1.998200000000000000e+04 1.714600000000000000e+04
1.997900000000000000e+04 1.716200000000000000e+04
1.999000000000000000e+04 1.710800000000000000e+04
1.997500000000000000e+04 1.719600000000000000e+04
1.997400000000000000e+04 1.721200000000000000e+04
1.999200000000000000e+04 1.710600000000000000e+04
2.001400000000000000e+04 1.704400000000000000e+04
1.998800000000000000e+04 1.712800000000000000e+04
2.001100000000000000e+04 1.705000000000000000e+04
2.000400000000000000e+04 1.709300000000000000e+04
2.000300000000000000e+04 1.710400000000000000e+04
2.002000000000000000e+04 1.703400000000000000e+04
2.001800000000000000e+04 1.704000000000000000e+04
2.002500000000000000e+04 1.694600000000000000e+04
2.001000000000000000e+04 1.708400000000000000e+04
2.002600000000000000e+04 1.693700000000000000e+04
2.002400000000000000e+04 1.702200000000000000e+04
2.001300000000000000e+04 1.704500000000000000e+04
2.003200000000000000e+04 1.690100000000000000e+04
2.002800000000000000e+04 1.690500000000000000e+04
2.003400000000000000e+04 1.688900000000000000e+04
2.004300000000000000e+04 1.682400000000000000e+04
2.003800000000000000e+04 1.682900000000000000e+04
2.004900000000000000e+04 1.674800000000000000e+04
2.003300000000000000e+04 1.689800000000000000e+04
2.004500000000000000e+04 1.677100000000000000e+04
2.003700000000000000e+04 1.687000000000000000e+04
2.005500000000000000e+04 1.654600000000000000e+04
2.005100000000000000e+04 1.659700000000000000e+04
2.005700000000000000e+04 1.648600000000000000e+04
2.005600000000000000e+04 1.650400000000000000e+04
2.005400000000000000e+04 1.657700000000000000e+04
2.006200000000000000e+04 1.645000000000000000e+04
1.816100000000000000e+04 1.978800000000000000e+04
1.813800000000000000e+04 1.980600000000000000e+04
1.815900000000000000e+04 1.980000000000000000e+04
1.814000000000000000e+04 1.980200000000000000e+04
1.810400000000000000e+04 1.982700000000000000e+04
1.809900000000000000e+04 1.983900000000000000e+04
1.809300000000000000e+04 1.984200000000000000e+04
1.813500000000000000e+04 1.980800000000000000e+04
1.813000000000000000e+04 1.982600000000000000e+04
1.820500000000000000e+04 1.977000000000000000e+04
1.821900000000000000e+04 1.975900000000000000e+04
1.818900000000000000e+04 1.978400000000000000e+04
1.820200000000000000e+04 1.977100000000000000e+04
1.822800000000000000e+04 1.975000000000000000e+04
1.821100000000000000e+04 1.976700000000000000e+04
1.819200000000000000e+04 1.977300000000000000e+04
1.820600000000000000e+04 1.976900000000000000e+04
1.822400000000000000e+04 1.975500000000000000e+04
1.827200000000000000e+04 1.971200000000000000e+04
1.828200000000000000e+04 1.971000000000000000e+04
1.824800000000000000e+04 1.973500000000000000e+04
1.823700000000000000e+04 1.974200000000000000e+04
1.825800000000000000e+04 1.973000000000000000e+04
1.825000000000000000e+04 1.973200000000000000e+04
1.826800000000000000e+04 1.971300000000000000e+04
1.826500000000000000e+04 1.972000000000000000e+04
1.828300000000000000e+04 1.970000000000000000e+04
1.921900000000000000e+04 1.880900000000000000e+04
1.923400000000000000e+04 1.880100000000000000e+04
1.921800000000000000e+04 1.881500000000000000e+04
1.924500000000000000e+04 1.878600000000000000e+04
1.923000000000000000e+04 1.880400000000000000e+04
1.924700000000000000e+04 1.878300000000000000e+04
1.921500000000000000e+04 1.882900000000000000e+04
1.933000000000000000e+04 1.868000000000000000e+04
1.934800000000000000e+04 1.864000000000000000e+04
1.935000000000000000e+04 1.863900000000000000e+04
1.933100000000000000e+04 1.867300000000000000e+04
1.972300000000000000e+04 1.795800000000000000e+04
1.968500000000000000e+04 1.803000000000000000e+04
1.828700000000000000e+04 1.969600000000000000e+04
1.832400000000000000e+04 1.966600000000000000e+04
1.829700000000000000e+04 1.969400000000000000e+04
1.836500000000000000e+04 1.964600000000000000e+04
1.832300000000000000e+04 1.968300000000000000e+04
1.840600000000000000e+04 1.963000000000000000e+04
1.845300000000000000e+04 1.958600000000000000e+04
1.839500000000000000e+04 1.963300000000000000e+04
1.845200000000000000e+04 1.959300000000000000e+04
1.848500000000000000e+04 1.957000000000000000e+04
1.846000000000000000e+04 1.957800000000000000e+04
1.845600000000000000e+04 1.958200000000000000e+04
1.847800000000000000e+04 1.957200000000000000e+04
1.849900000000000000e+04 1.955100000000000000e+04
1.846400000000000000e+04 1.957700000000000000e+04
1.850400000000000000e+04 1.954500000000000000e+04
1.849000000000000000e+04 1.955700000000000000e+04
1.934500000000000000e+04 1.866400000000000000e+04
1.935300000000000000e+04 1.863800000000000000e+04
1.934700000000000000e+04 1.864200000000000000e+04
1.924200000000000000e+04 1.879600000000000000e+04
1.857600000000000000e+04 1.946700000000000000e+04
1.860200000000000000e+04 1.943900000000000000e+04
1.877400000000000000e+04 1.928600000000000000e+04
1.878100000000000000e+04 1.927100000000000000e+04
1.877200000000000000e+04 1.929400000000000000e+04
1.877900000000000000e+04 1.928300000000000000e+04
1.880100000000000000e+04 1.926700000000000000e+04
1.883100000000000000e+04 1.924700000000000000e+04
1.884700000000000000e+04 1.924100000000000000e+04
1.888000000000000000e+04 1.919800000000000000e+04
1.887400000000000000e+04 1.920600000000000000e+04
1.886300000000000000e+04 1.921500000000000000e+04
1.888300000000000000e+04 1.918700000000000000e+04
1.888700000000000000e+04 1.918500000000000000e+04
1.892400000000000000e+04 1.915800000000000000e+04
1.889400000000000000e+04 1.917700000000000000e+04
1.891400000000000000e+04 1.915900000000000000e+04
1.890800000000000000e+04 1.917500000000000000e+04
1.893100000000000000e+04 1.914600000000000000e+04
1.896800000000000000e+04 1.909900000000000000e+04
1.893700000000000000e+04 1.914300000000000000e+04
1.895900000000000000e+04 1.910300000000000000e+04
1.898700000000000000e+04 1.907800000000000000e+04
1.895800000000000000e+04 1.911700000000000000e+04
1.897500000000000000e+04 1.908800000000000000e+04
1.895100000000000000e+04 1.913200000000000000e+04
1.900000000000000000e+04 1.906800000000000000e+04
1.899800000000000000e+04 1.906900000000000000e+04
1.897400000000000000e+04 1.909600000000000000e+04
1.901000000000000000e+04 1.905300000000000000e+04
1.900600000000000000e+04 1.906300000000000000e+04
1.898900000000000000e+04 1.907300000000000000e+04
1.906600000000000000e+04 1.898000000000000000e+04
1.907900000000000000e+04 1.895100000000000000e+04
1.908900000000000000e+04 1.894500000000000000e+04
1.911800000000000000e+04 1.891700000000000000e+04
1.911400000000000000e+04 1.892000000000000000e+04
1.911000000000000000e+04 1.893400000000000000e+04
1.904400000000000000e+04 1.898800000000000000e+04
1.904500000000000000e+04 1.898200000000000000e+04
1.904000000000000000e+04 1.902500000000000000e+04
1.909200000000000000e+04 1.893700000000000000e+04
1.908300000000000000e+04 1.895000000000000000e+04
1.912800000000000000e+04 1.891000000000000000e+04
1.949400000000000000e+04 1.839100000000000000e+04
1.950100000000000000e+04 1.837600000000000000e+04
1.953700000000000000e+04 1.831300000000000000e+04
1.953100000000000000e+04 1.834600000000000000e+04
1.954600000000000000e+04 1.829100000000000000e+04
1.954300000000000000e+04 1.829300000000000000e+04
1.610300000000000000e+04 2.046400000000000000e+04
1.613700000000000000e+04 2.044800000000000000e+04
1.616900000000000000e+04 2.044700000000000000e+04
1.620900000000000000e+04 2.044300000000000000e+04
1.612000000000000000e+04 2.045500000000000000e+04
1.613500000000000000e+04 2.045100000000000000e+04
1.624100000000000000e+04 2.043600000000000000e+04
1.621800000000000000e+04 2.043700000000000000e+04
1.629600000000000000e+04 2.043100000000000000e+04
1.628600000000000000e+04 2.043400000000000000e+04
1.629800000000000000e+04 2.042800000000000000e+04
1.637700000000000000e+04 2.041800000000000000e+04
1.638000000000000000e+04 2.041700000000000000e+04
1.638600000000000000e+04 2.041200000000000000e+04
1.636200000000000000e+04 2.042500000000000000e+04
1.653100000000000000e+04 2.040200000000000000e+04
1.652300000000000000e+04 2.041100000000000000e+04
1.659300000000000000e+04 2.039700000000000000e+04
1.652800000000000000e+04 2.040400000000000000e+04
1.653400000000000000e+04 2.039900000000000000e+04
1.660100000000000000e+04 2.037700000000000000e+04
1.661600000000000000e+04 2.037400000000000000e+04
1.664800000000000000e+04 2.037300000000000000e+04
1.667600000000000000e+04 2.037200000000000000e+04
1.671400000000000000e+04 2.037000000000000000e+04
1.677400000000000000e+04 2.035800000000000000e+04
1.675200000000000000e+04 2.036900000000000000e+04
1.678800000000000000e+04 2.035400000000000000e+04
1.677300000000000000e+04 2.036500000000000000e+04
1.682900000000000000e+04 2.033900000000000000e+04
1.683500000000000000e+04 2.033800000000000000e+04
1.680500000000000000e+04 2.034500000000000000e+04
1.686700000000000000e+04 2.033000000000000000e+04
1.688400000000000000e+04 2.032500000000000000e+04
1.686200000000000000e+04 2.033300000000000000e+04
1.689700000000000000e+04 2.032000000000000000e+04
1.682100000000000000e+04 2.034200000000000000e+04
1.688500000000000000e+04 2.032200000000000000e+04
1.693700000000000000e+04 2.031600000000000000e+04
1.702800000000000000e+04 2.028600000000000000e+04
1.699300000000000000e+04 2.030200000000000000e+04
1.702100000000000000e+04 2.029500000000000000e+04
1.720900000000000000e+04 2.022400000000000000e+04
1.716700000000000000e+04 2.022600000000000000e+04
1.715500000000000000e+04 2.022800000000000000e+04
1.715400000000000000e+04 2.023000000000000000e+04
1.714900000000000000e+04 2.024400000000000000e+04
1.726800000000000000e+04 2.020100000000000000e+04
1.726000000000000000e+04 2.020400000000000000e+04
1.723300000000000000e+04 2.020800000000000000e+04
1.721400000000000000e+04 2.021400000000000000e+04
1.723000000000000000e+04 2.021100000000000000e+04
1.721000000000000000e+04 2.022000000000000000e+04
1.731800000000000000e+04 2.018000000000000000e+04
1.778400000000000000e+04 1.996700000000000000e+04
1.780000000000000000e+04 1.996100000000000000e+04
1.783300000000000000e+04 1.994600000000000000e+04
1.785600000000000000e+04 1.993900000000000000e+04
1.781600000000000000e+04 1.995800000000000000e+04
1.787800000000000000e+04 1.993100000000000000e+04
1.784400000000000000e+04 1.994000000000000000e+04
1.788200000000000000e+04 1.992200000000000000e+04
1.782700000000000000e+04 1.995200000000000000e+04
1.786500000000000000e+04 1.993300000000000000e+04
1.789500000000000000e+04 1.991800000000000000e+04
1.794800000000000000e+04 1.990900000000000000e+04
1.798200000000000000e+04 1.988400000000000000e+04
1.798100000000000000e+04 1.990100000000000000e+04
1.799200000000000000e+04 1.987900000000000000e+04
1.800900000000000000e+04 1.987100000000000000e+04
1.800500000000000000e+04 1.987200000000000000e+04
1.802500000000000000e+04 1.986900000000000000e+04
1.800400000000000000e+04 1.987700000000000000e+04
1.805700000000000000e+04 1.984900000000000000e+04
1.806900000000000000e+04 1.983800000000000000e+04
1.810500000000000000e+04 1.982000000000000000e+04
1.809100000000000000e+04 1.982600000000000000e+04
1.809500000000000000e+04 1.982300000000000000e+04
1.811600000000000000e+04 1.981900000000000000e+04
1.815000000000000000e+04 1.979600000000000000e+04
1.808400000000000000e+04 1.983700000000000000e+04
1.812100000000000000e+04 1.980000000000000000e+04
1.816000000000000000e+04 1.979100000000000000e+04
1.818000000000000000e+04 1.978500000000000000e+04
1.820900000000000000e+04 1.977100000000000000e+04
1.821100000000000000e+04 1.976200000000000000e+04
1.823100000000000000e+04 1.975500000000000000e+04
1.827600000000000000e+04 1.972700000000000000e+04
1.828900000000000000e+04 1.972400000000000000e+04
1.825000000000000000e+04 1.974600000000000000e+04
1.826200000000000000e+04 1.972800000000000000e+04
1.825800000000000000e+04 1.973600000000000000e+04
1.829900000000000000e+04 1.970600000000000000e+04
1.829300000000000000e+04 1.971200000000000000e+04
1.830100000000000000e+04 1.970200000000000000e+04
1.832300000000000000e+04 1.968600000000000000e+04
1.831300000000000000e+04 1.969600000000000000e+04
1.830400000000000000e+04 1.969900000000000000e+04
1.829400000000000000e+04 1.971000000000000000e+04
1.832400000000000000e+04 1.968400000000000000e+04
1.833400000000000000e+04 1.965900000000000000e+04
1.836800000000000000e+04 1.964500000000000000e+04
1.835600000000000000e+04 1.965200000000000000e+04
1.833800000000000000e+04 1.965800000000000000e+04
1.841100000000000000e+04 1.964100000000000000e+04
1.844400000000000000e+04 1.960600000000000000e+04
1.845800000000000000e+04 1.959000000000000000e+04
1.844200000000000000e+04 1.961100000000000000e+04
1.848500000000000000e+04 1.958700000000000000e+04
1.842900000000000000e+04 1.962800000000000000e+04
1.843100000000000000e+04 1.962500000000000000e+04
1.846400000000000000e+04 1.958800000000000000e+04
1.843400000000000000e+04 1.961400000000000000e+04
1.845600000000000000e+04 1.959700000000000000e+04
1.848600000000000000e+04 1.955300000000000000e+04
1.849500000000000000e+04 1.954900000000000000e+04
1.849300000000000000e+04 1.955000000000000000e+04
1.852100000000000000e+04 1.954500000000000000e+04
1.852300000000000000e+04 1.953100000000000000e+04
1.856700000000000000e+04 1.950000000000000000e+04
1.856600000000000000e+04 1.950900000000000000e+04
1.855200000000000000e+04 1.951500000000000000e+04
1.856800000000000000e+04 1.949800000000000000e+04
1.854000000000000000e+04 1.952800000000000000e+04
1.854900000000000000e+04 1.952300000000000000e+04
1.852200000000000000e+04 1.953300000000000000e+04
1.858400000000000000e+04 1.947700000000000000e+04
1.857400000000000000e+04 1.948400000000000000e+04
1.860300000000000000e+04 1.945600000000000000e+04
1.862300000000000000e+04 1.943000000000000000e+04
1.862800000000000000e+04 1.942800000000000000e+04
1.865000000000000000e+04 1.942600000000000000e+04
1.862200000000000000e+04 1.944000000000000000e+04
1.867800000000000000e+04 1.940200000000000000e+04
1.869100000000000000e+04 1.939200000000000000e+04
1.865400000000000000e+04 1.942300000000000000e+04
1.869800000000000000e+04 1.938400000000000000e+04
1.871200000000000000e+04 1.937400000000000000e+04
1.867600000000000000e+04 1.941500000000000000e+04
1.873800000000000000e+04 1.932900000000000000e+04
1.872000000000000000e+04 1.934100000000000000e+04
1.871800000000000000e+04 1.934200000000000000e+04
1.871300000000000000e+04 1.934700000000000000e+04
1.879800000000000000e+04 1.926200000000000000e+04
1.882600000000000000e+04 1.921400000000000000e+04
1.881400000000000000e+04 1.923500000000000000e+04
1.881000000000000000e+04 1.923600000000000000e+04
1.884300000000000000e+04 1.919900000000000000e+04
1.884500000000000000e+04 1.919200000000000000e+04
1.886600000000000000e+04 1.917400000000000000e+04
1.885100000000000000e+04 1.918700000000000000e+04
1.886100000000000000e+04 1.918100000000000000e+04
1.891000000000000000e+04 1.915100000000000000e+04
1.887600000000000000e+04 1.917200000000000000e+04
1.889400000000000000e+04 1.916600000000000000e+04
1.891900000000000000e+04 1.913100000000000000e+04
1.892700000000000000e+04 1.913000000000000000e+04
1.892900000000000000e+04 1.911600000000000000e+04
1.891600000000000000e+04 1.913600000000000000e+04
1.896000000000000000e+04 1.910000000000000000e+04
1.894600000000000000e+04 1.910700000000000000e+04
1.894000000000000000e+04 1.911500000000000000e+04
1.897100000000000000e+04 1.909300000000000000e+04
1.898500000000000000e+04 1.908300000000000000e+04
1.898800000000000000e+04 1.905400000000000000e+04
1.898600000000000000e+04 1.907300000000000000e+04
1.899200000000000000e+04 1.904900000000000000e+04
1.899800000000000000e+04 1.904300000000000000e+04
1.902000000000000000e+04 1.901000000000000000e+04
1.901500000000000000e+04 1.901100000000000000e+04
1.916000000000000000e+04 1.888700000000000000e+04
1.918100000000000000e+04 1.886700000000000000e+04
1.920200000000000000e+04 1.884300000000000000e+04
1.918900000000000000e+04 1.884700000000000000e+04
1.924100000000000000e+04 1.880500000000000000e+04
1.921800000000000000e+04 1.882500000000000000e+04
1.920500000000000000e+04 1.883200000000000000e+04
1.922200000000000000e+04 1.881000000000000000e+04
1.921900000000000000e+04 1.881500000000000000e+04
1.922100000000000000e+04 1.881100000000000000e+04
1.927200000000000000e+04 1.871300000000000000e+04
1.926900000000000000e+04 1.871700000000000000e+04
1.926100000000000000e+04 1.874500000000000000e+04
1.928400000000000000e+04 1.870900000000000000e+04
1.929700000000000000e+04 1.868600000000000000e+04
1.929900000000000000e+04 1.867300000000000000e+04
1.930000000000000000e+04 1.866600000000000000e+04
1.929000000000000000e+04 1.870700000000000000e+04
1.929300000000000000e+04 1.869600000000000000e+04
1.931300000000000000e+04 1.866000000000000000e+04
1.927500000000000000e+04 1.871000000000000000e+04
1.929200000000000000e+04 1.869700000000000000e+04
1.933100000000000000e+04 1.863400000000000000e+04
1.932800000000000000e+04 1.864500000000000000e+04
1.932000000000000000e+04 1.864700000000000000e+04
1.933700000000000000e+04 1.863000000000000000e+04
1.934200000000000000e+04 1.862400000000000000e+04
1.938500000000000000e+04 1.856000000000000000e+04
1.936200000000000000e+04 1.860200000000000000e+04
1.937400000000000000e+04 1.859100000000000000e+04
1.935800000000000000e+04 1.861000000000000000e+04
1.938400000000000000e+04 1.856100000000000000e+04
1.938000000000000000e+04 1.856300000000000000e+04
1.937800000000000000e+04 1.857900000000000000e+04
1.939300000000000000e+04 1.855600000000000000e+04
1.942500000000000000e+04 1.852600000000000000e+04
1.940800000000000000e+04 1.855200000000000000e+04
1.941300000000000000e+04 1.853100000000000000e+04
1.944600000000000000e+04 1.850900000000000000e+04
1.946800000000000000e+04 1.849100000000000000e+04
1.947900000000000000e+04 1.846000000000000000e+04
1.946700000000000000e+04 1.849500000000000000e+04
1.946900000000000000e+04 1.847900000000000000e+04
1.947200000000000000e+04 1.846600000000000000e+04
1.945800000000000000e+04 1.849900000000000000e+04
1.950800000000000000e+04 1.838800000000000000e+04
1.948900000000000000e+04 1.844700000000000000e+04
1.949400000000000000e+04 1.841800000000000000e+04
1.949800000000000000e+04 1.841700000000000000e+04
1.950700000000000000e+04 1.841200000000000000e+04
1.951800000000000000e+04 1.837400000000000000e+04
1.951300000000000000e+04 1.838400000000000000e+04
1.956800000000000000e+04 1.829300000000000000e+04
1.953800000000000000e+04 1.837200000000000000e+04
1.954600000000000000e+04 1.834800000000000000e+04
1.955900000000000000e+04 1.831800000000000000e+04
1.955000000000000000e+04 1.832600000000000000e+04
1.956000000000000000e+04 1.831600000000000000e+04
1.956900000000000000e+04 1.828700000000000000e+04
1.956100000000000000e+04 1.830700000000000000e+04
1.956400000000000000e+04 1.829600000000000000e+04
1.957400000000000000e+04 1.827600000000000000e+04
1.959500000000000000e+04 1.823200000000000000e+04
1.958500000000000000e+04 1.823900000000000000e+04
1.959700000000000000e+04 1.822000000000000000e+04
1.960300000000000000e+04 1.819900000000000000e+04
1.958300000000000000e+04 1.824800000000000000e+04
1.959900000000000000e+04 1.821700000000000000e+04
1.960200000000000000e+04 1.821400000000000000e+04
1.961100000000000000e+04 1.818500000000000000e+04
1.959400000000000000e+04 1.823600000000000000e+04
1.960900000000000000e+04 1.819300000000000000e+04
1.960700000000000000e+04 1.819800000000000000e+04
1.961200000000000000e+04 1.817300000000000000e+04
1.962100000000000000e+04 1.816600000000000000e+04
1.963200000000000000e+04 1.816200000000000000e+04
1.963300000000000000e+04 1.815100000000000000e+04
1.965700000000000000e+04 1.809600000000000000e+04
1.963500000000000000e+04 1.814400000000000000e+04
1.964600000000000000e+04 1.812000000000000000e+04
1.966700000000000000e+04 1.808500000000000000e+04
1.965200000000000000e+04 1.811700000000000000e+04
1.964500000000000000e+04 1.812700000000000000e+04
1.966100000000000000e+04 1.809100000000000000e+04
1.964400000000000000e+04 1.814100000000000000e+04
1.968000000000000000e+04 1.805300000000000000e+04
1.965300000000000000e+04 1.810300000000000000e+04
1.967200000000000000e+04 1.806300000000000000e+04
1.970300000000000000e+04 1.801200000000000000e+04
1.970900000000000000e+04 1.800500000000000000e+04
1.970200000000000000e+04 1.802600000000000000e+04
1.971100000000000000e+04 1.799900000000000000e+04
1.970500000000000000e+04 1.801100000000000000e+04
1.971500000000000000e+04 1.799100000000000000e+04
1.972200000000000000e+04 1.794500000000000000e+04
1.971800000000000000e+04 1.798800000000000000e+04
1.974800000000000000e+04 1.790700000000000000e+04
1.973100000000000000e+04 1.793700000000000000e+04
1.973500000000000000e+04 1.792000000000000000e+04
1.973200000000000000e+04 1.793100000000000000e+04
1.976000000000000000e+04 1.786700000000000000e+04
1.974900000000000000e+04 1.789800000000000000e+04
1.976300000000000000e+04 1.785400000000000000e+04
1.976800000000000000e+04 1.782700000000000000e+04
1.978900000000000000e+04 1.779700000000000000e+04
1.975800000000000000e+04 1.789000000000000000e+04
1.976700000000000000e+04 1.784700000000000000e+04
1.980000000000000000e+04 1.776700000000000000e+04
1.979100000000000000e+04 1.779600000000000000e+04
1.977800000000000000e+04 1.782300000000000000e+04
1.977900000000000000e+04 1.779800000000000000e+04
1.980100000000000000e+04 1.775600000000000000e+04
1.980700000000000000e+04 1.775400000000000000e+04
1.979300000000000000e+04 1.777300000000000000e+04
1.985000000000000000e+04 1.763100000000000000e+04
1.987600000000000000e+04 1.751500000000000000e+04
1.986500000000000000e+04 1.758800000000000000e+04
1.988000000000000000e+04 1.751100000000000000e+04
1.987500000000000000e+04 1.753000000000000000e+04
1.986800000000000000e+04 1.757000000000000000e+04
1.987700000000000000e+04 1.751200000000000000e+04
1.987400000000000000e+04 1.754300000000000000e+04
1.988400000000000000e+04 1.749700000000000000e+04
1.987200000000000000e+04 1.756000000000000000e+04
1.988900000000000000e+04 1.747000000000000000e+04
1.989100000000000000e+04 1.743100000000000000e+04
1.989600000000000000e+04 1.743000000000000000e+04
1.989700000000000000e+04 1.742400000000000000e+04
1.996100000000000000e+04 1.723800000000000000e+04
1.997600000000000000e+04 1.717700000000000000e+04
1.995700000000000000e+04 1.725300000000000000e+04
1.995600000000000000e+04 1.727100000000000000e+04
1.999300000000000000e+04 1.714500000000000000e+04
1.998100000000000000e+04 1.716800000000000000e+04
1.998500000000000000e+04 1.715200000000000000e+04
1.999500000000000000e+04 1.709200000000000000e+04
1.999800000000000000e+04 1.707200000000000000e+04
1.999600000000000000e+04 1.707600000000000000e+04
2.001600000000000000e+04 1.700100000000000000e+04
2.000200000000000000e+04 1.702800000000000000e+04
2.000000000000000000e+04 1.705900000000000000e+04
2.000400000000000000e+04 1.702500000000000000e+04
2.000100000000000000e+04 1.703100000000000000e+04
2.002900000000000000e+04 1.691500000000000000e+04
2.004200000000000000e+04 1.685200000000000000e+04
2.002800000000000000e+04 1.693200000000000000e+04
2.002500000000000000e+04 1.697800000000000000e+04
2.004800000000000000e+04 1.674400000000000000e+04
2.004600000000000000e+04 1.677600000000000000e+04
2.003800000000000000e+04 1.686600000000000000e+04
2.003500000000000000e+04 1.688900000000000000e+04
2.004700000000000000e+04 1.675000000000000000e+04
2.004500000000000000e+04 1.680000000000000000e+04
2.005000000000000000e+04 1.671500000000000000e+04
2.005400000000000000e+04 1.671000000000000000e+04
2.006300000000000000e+04 1.663800000000000000e+04
2.005500000000000000e+04 1.670500000000000000e+04
2.006500000000000000e+04 1.659900000000000000e+04
2.006600000000000000e+04 1.659500000000000000e+04
2.005800000000000000e+04 1.666100000000000000e+04
2.007000000000000000e+04 1.659000000000000000e+04
2.005900000000000000e+04 1.664300000000000000e+04
2.006400000000000000e+04 1.660400000000000000e+04
2.007300000000000000e+04 1.651200000000000000e+04
2.007900000000000000e+04 1.643900000000000000e+04
2.007400000000000000e+04 1.644000000000000000e+04
1.743000000000000000e+04 2.014900000000000000e+04
1.739400000000000000e+04 2.016000000000000000e+04
1.735300000000000000e+04 2.016800000000000000e+04
1.735200000000000000e+04 2.017800000000000000e+04
1.777300000000000000e+04 1.997800000000000000e+04
1.776300000000000000e+04 1.998000000000000000e+04
1.775200000000000000e+04 1.998900000000000000e+04
1.775700000000000000e+04 1.998500000000000000e+04
1.774600000000000000e+04 1.999400000000000000e+04
1.737500000000000000e+04 2.016600000000000000e+04
1.739300000000000000e+04 2.016100000000000000e+04
1.739500000000000000e+04 2.015800000000000000e+04
1.742200000000000000e+04 2.015000000000000000e+04
1.741200000000000000e+04 2.015500000000000000e+04
1.744200000000000000e+04 2.014800000000000000e+04
1.746200000000000000e+04 2.014500000000000000e+04
1.744600000000000000e+04 2.014600000000000000e+04
1.747700000000000000e+04 2.013300000000000000e+04
1.882400000000000000e+04 1.922600000000000000e+04
1.883000000000000000e+04 1.921200000000000000e+04
1.883500000000000000e+04 1.921000000000000000e+04
1.880800000000000000e+04 1.924200000000000000e+04
1.746800000000000000e+04 2.013700000000000000e+04
1.748700000000000000e+04 2.011800000000000000e+04
1.750100000000000000e+04 2.011300000000000000e+04
1.753000000000000000e+04 2.011000000000000000e+04
1.748500000000000000e+04 2.012500000000000000e+04
1.753300000000000000e+04 2.009900000000000000e+04
1.912100000000000000e+04 1.893000000000000000e+04
1.911500000000000000e+04 1.893900000000000000e+04
1.907700000000000000e+04 1.897600000000000000e+04
1.759700000000000000e+04 2.007300000000000000e+04
1.761800000000000000e+04 2.006200000000000000e+04
1.760100000000000000e+04 2.006800000000000000e+04
1.760500000000000000e+04 2.006300000000000000e+04
1.758800000000000000e+04 2.007600000000000000e+04
1.765200000000000000e+04 2.005700000000000000e+04
1.768900000000000000e+04 2.003100000000000000e+04
1.769200000000000000e+04 2.002400000000000000e+04
1.770000000000000000e+04 2.002300000000000000e+04
1.768200000000000000e+04 2.004200000000000000e+04
1.773300000000000000e+04 2.001300000000000000e+04
1.773000000000000000e+04 2.001400000000000000e+04
1.768700000000000000e+04 2.004000000000000000e+04
1.771600000000000000e+04 2.001500000000000000e+04
1.771500000000000000e+04 2.002200000000000000e+04
1.773500000000000000e+04 1.999800000000000000e+04
1.910000000000000000e+04 1.896500000000000000e+04
1.907400000000000000e+04 1.899700000000000000e+04
1.909000000000000000e+04 1.897200000000000000e+04
1.906000000000000000e+04 1.899800000000000000e+04
1.905400000000000000e+04 1.900800000000000000e+04
1.883800000000000000e+04 1.920000000000000000e+04
1.911400000000000000e+04 1.894400000000000000e+04
1.912600000000000000e+04 1.892400000000000000e+04
1.913400000000000000e+04 1.892000000000000000e+04
1.858300000000000000e+04 1.948100000000000000e+04
1.861000000000000000e+04 1.945300000000000000e+04
1.861600000000000000e+04 1.944600000000000000e+04
1.859400000000000000e+04 1.946100000000000000e+04
1.908500000000000000e+04 1.897500000000000000e+04
1.909200000000000000e+04 1.897000000000000000e+04
1.911700000000000000e+04 1.893200000000000000e+04
1.911000000000000000e+04 1.895000000000000000e+04
1.911300000000000000e+04 1.894900000000000000e+04
1.914100000000000000e+04 1.891100000000000000e+04
1.913800000000000000e+04 1.891700000000000000e+04
1.913500000000000000e+04 1.891900000000000000e+04
1.912800000000000000e+04 1.892200000000000000e+04
1.914700000000000000e+04 1.889700000000000000e+04
1.914600000000000000e+04 1.890500000000000000e+04
1.914900000000000000e+04 1.888800000000000000e+04
1.917000000000000000e+04 1.888200000000000000e+04
1.996600000000000000e+04 1.722000000000000000e+04
1.996400000000000000e+04 1.722900000000000000e+04
1.997300000000000000e+04 1.721800000000000000e+04
1.993100000000000000e+04 1.736400000000000000e+04
1.995500000000000000e+04 1.731400000000000000e+04
1.994300000000000000e+04 1.734600000000000000e+04
1.994600000000000000e+04 1.731500000000000000e+04
1.992000000000000000e+04 1.739200000000000000e+04
1.993900000000000000e+04 1.735900000000000000e+04
1.993300000000000000e+04 1.736200000000000000e+04
1.992400000000000000e+04 1.737900000000000000e+04
1.986000000000000000e+04 1.759300000000000000e+04
1.985600000000000000e+04 1.762800000000000000e+04
1.983800000000000000e+04 1.768000000000000000e+04
1.984900000000000000e+04 1.764900000000000000e+04
1.984400000000000000e+04 1.767200000000000000e+04
1.924300000000000000e+04 1.878500000000000000e+04
1.991800000000000000e+04 1.740000000000000000e+04
1.992700000000000000e+04 1.737500000000000000e+04
1.991400000000000000e+04 1.741900000000000000e+04
1.982900000000000000e+04 1.770200000000000000e+04
1.983900000000000000e+04 1.767800000000000000e+04
1.982600000000000000e+04 1.774000000000000000e+04
1.983200000000000000e+04 1.768700000000000000e+04
1.982800000000000000e+04 1.772100000000000000e+04
1.926400000000000000e+04 1.872800000000000000e+04
1.926500000000000000e+04 1.871800000000000000e+04
1.639700000000000000e+04 2.041500000000000000e+04
1.645900000000000000e+04 2.040100000000000000e+04
1.651100000000000000e+04 2.039100000000000000e+04
1.652800000000000000e+04 2.039000000000000000e+04
1.653700000000000000e+04 2.038400000000000000e+04
1.650600000000000000e+04 2.039800000000000000e+04
1.662200000000000000e+04 2.037200000000000000e+04
1.659500000000000000e+04 2.037900000000000000e+04
1.652900000000000000e+04 2.038800000000000000e+04
1.657500000000000000e+04 2.038200000000000000e+04
1.658400000000000000e+04 2.038100000000000000e+04
1.663500000000000000e+04 2.036700000000000000e+04
1.667600000000000000e+04 2.035900000000000000e+04
1.671000000000000000e+04 2.035500000000000000e+04
1.674400000000000000e+04 2.035200000000000000e+04
1.678000000000000000e+04 2.034900000000000000e+04
1.679300000000000000e+04 2.034200000000000000e+04
1.683000000000000000e+04 2.033900000000000000e+04
1.678600000000000000e+04 2.034400000000000000e+04
1.685300000000000000e+04 2.033100000000000000e+04
1.684100000000000000e+04 2.033300000000000000e+04
1.693700000000000000e+04 2.030700000000000000e+04
1.688400000000000000e+04 2.032800000000000000e+04
1.689000000000000000e+04 2.031900000000000000e+04
1.693200000000000000e+04 2.031400000000000000e+04
1.688800000000000000e+04 2.032200000000000000e+04
1.695300000000000000e+04 2.029900000000000000e+04
1.689700000000000000e+04 2.031600000000000000e+04
1.695400000000000000e+04 2.029700000000000000e+04
1.702800000000000000e+04 2.026600000000000000e+04
1.700500000000000000e+04 2.027800000000000000e+04
1.702500000000000000e+04 2.027200000000000000e+04
1.713600000000000000e+04 2.024000000000000000e+04
1.708500000000000000e+04 2.026500000000000000e+04
1.710900000000000000e+04 2.024600000000000000e+04
1.713300000000000000e+04 2.024400000000000000e+04
1.708700000000000000e+04 2.026300000000000000e+04
1.710500000000000000e+04 2.026000000000000000e+04
1.710800000000000000e+04 2.025400000000000000e+04
1.717800000000000000e+04 2.023600000000000000e+04
1.719100000000000000e+04 2.021600000000000000e+04
1.718600000000000000e+04 2.021900000000000000e+04
1.725000000000000000e+04 2.019800000000000000e+04
1.722500000000000000e+04 2.021100000000000000e+04
1.722600000000000000e+04 2.020000000000000000e+04
1.726000000000000000e+04 2.019000000000000000e+04
1.725200000000000000e+04 2.019600000000000000e+04
1.735400000000000000e+04 2.016000000000000000e+04
1.734700000000000000e+04 2.016400000000000000e+04
1.731000000000000000e+04 2.018600000000000000e+04
1.733500000000000000e+04 2.016500000000000000e+04
1.739100000000000000e+04 2.015500000000000000e+04
1.732700000000000000e+04 2.018000000000000000e+04
1.736600000000000000e+04 2.015800000000000000e+04
1.745100000000000000e+04 2.013300000000000000e+04
1.746300000000000000e+04 2.012500000000000000e+04
1.743500000000000000e+04 2.014900000000000000e+04
1.744400000000000000e+04 2.014600000000000000e+04
1.744700000000000000e+04 2.013400000000000000e+04
1.747900000000000000e+04 2.012400000000000000e+04
1.745800000000000000e+04 2.013200000000000000e+04
1.750200000000000000e+04 2.012100000000000000e+04
1.756800000000000000e+04 2.009100000000000000e+04
1.756300000000000000e+04 2.010200000000000000e+04
1.756000000000000000e+04 2.010300000000000000e+04
1.760200000000000000e+04 2.008000000000000000e+04
1.759000000000000000e+04 2.008300000000000000e+04
1.761100000000000000e+04 2.007200000000000000e+04
1.767700000000000000e+04 2.004800000000000000e+04
1.764600000000000000e+04 2.005100000000000000e+04
1.770800000000000000e+04 2.003500000000000000e+04
1.771100000000000000e+04 2.002500000000000000e+04
1.771700000000000000e+04 2.001600000000000000e+04
1.764500000000000000e+04 2.006900000000000000e+04
1.782100000000000000e+04 1.997300000000000000e+04
1.777900000000000000e+04 1.998400000000000000e+04
1.777100000000000000e+04 2.001200000000000000e+04
1.777700000000000000e+04 1.999800000000000000e+04
1.779900000000000000e+04 1.998300000000000000e+04
1.786200000000000000e+04 1.995200000000000000e+04
1.780600000000000000e+04 1.997800000000000000e+04
1.783100000000000000e+04 1.996900000000000000e+04
1.787100000000000000e+04 1.995000000000000000e+04
1.786100000000000000e+04 1.996300000000000000e+04
1.789700000000000000e+04 1.994100000000000000e+04
1.792300000000000000e+04 1.992300000000000000e+04
1.789200000000000000e+04 1.994500000000000000e+04
1.790600000000000000e+04 1.993700000000000000e+04
1.795300000000000000e+04 1.990500000000000000e+04
1.798800000000000000e+04 1.988000000000000000e+04
1.799900000000000000e+04 1.987600000000000000e+04
1.796300000000000000e+04 1.989700000000000000e+04
1.800700000000000000e+04 1.986400000000000000e+04
1.797800000000000000e+04 1.988500000000000000e+04
1.802100000000000000e+04 1.986000000000000000e+04
1.797400000000000000e+04 1.989000000000000000e+04
1.806300000000000000e+04 1.985100000000000000e+04
1.810900000000000000e+04 1.981800000000000000e+04
1.808500000000000000e+04 1.982000000000000000e+04
1.814500000000000000e+04 1.979400000000000000e+04
1.813300000000000000e+04 1.979900000000000000e+04
1.815800000000000000e+04 1.978200000000000000e+04
1.815100000000000000e+04 1.978700000000000000e+04
1.818700000000000000e+04 1.977300000000000000e+04
1.818800000000000000e+04 1.976800000000000000e+04
1.817600000000000000e+04 1.977600000000000000e+04
1.817000000000000000e+04 1.978100000000000000e+04
1.819900000000000000e+04 1.976700000000000000e+04
1.821100000000000000e+04 1.975300000000000000e+04
1.821400000000000000e+04 1.974900000000000000e+04
1.820200000000000000e+04 1.975600000000000000e+04
1.821500000000000000e+04 1.973400000000000000e+04
1.825100000000000000e+04 1.972200000000000000e+04
1.824300000000000000e+04 1.972300000000000000e+04
1.823800000000000000e+04 1.972700000000000000e+04
1.821700000000000000e+04 1.973200000000000000e+04
1.823000000000000000e+04 1.973100000000000000e+04
1.826400000000000000e+04 1.970500000000000000e+04
1.826500000000000000e+04 1.970400000000000000e+04
1.825900000000000000e+04 1.970600000000000000e+04
1.834400000000000000e+04 1.964000000000000000e+04
1.835900000000000000e+04 1.963900000000000000e+04
1.838400000000000000e+04 1.962100000000000000e+04
1.837700000000000000e+04 1.963300000000000000e+04
1.839600000000000000e+04 1.961300000000000000e+04
1.840200000000000000e+04 1.960300000000000000e+04
1.839300000000000000e+04 1.961500000000000000e+04
1.840500000000000000e+04 1.959600000000000000e+04
1.838700000000000000e+04 1.961900000000000000e+04
1.841100000000000000e+04 1.958000000000000000e+04
1.844000000000000000e+04 1.956000000000000000e+04
1.845400000000000000e+04 1.955200000000000000e+04
1.843400000000000000e+04 1.957800000000000000e+04
1.844700000000000000e+04 1.955300000000000000e+04
1.843600000000000000e+04 1.956900000000000000e+04
1.846200000000000000e+04 1.953400000000000000e+04
1.848800000000000000e+04 1.953100000000000000e+04
1.864000000000000000e+04 1.937300000000000000e+04
1.869400000000000000e+04 1.933200000000000000e+04
1.866600000000000000e+04 1.936100000000000000e+04
1.868000000000000000e+04 1.934100000000000000e+04
1.872100000000000000e+04 1.930200000000000000e+04
1.870900000000000000e+04 1.931600000000000000e+04
1.872700000000000000e+04 1.929600000000000000e+04
1.876500000000000000e+04 1.927400000000000000e+04
1.875500000000000000e+04 1.929100000000000000e+04
1.876700000000000000e+04 1.925900000000000000e+04
1.878700000000000000e+04 1.925600000000000000e+04
1.879400000000000000e+04 1.923700000000000000e+04
1.878900000000000000e+04 1.924700000000000000e+04
1.879300000000000000e+04 1.923800000000000000e+04
1.880300000000000000e+04 1.923600000000000000e+04
1.881200000000000000e+04 1.923500000000000000e+04
1.885400000000000000e+04 1.922300000000000000e+04
1.893300000000000000e+04 1.913000000000000000e+04
1.893800000000000000e+04 1.912800000000000000e+04
1.894700000000000000e+04 1.911700000000000000e+04
1.895700000000000000e+04 1.910500000000000000e+04
1.895900000000000000e+04 1.910100000000000000e+04
1.894900000000000000e+04 1.911100000000000000e+04
1.896200000000000000e+04 1.909000000000000000e+04
1.897500000000000000e+04 1.908800000000000000e+04
1.903000000000000000e+04 1.901300000000000000e+04
1.900900000000000000e+04 1.903000000000000000e+04
1.900800000000000000e+04 1.903100000000000000e+04
1.903200000000000000e+04 1.900700000000000000e+04
1.903400000000000000e+04 1.899700000000000000e+04
1.904700000000000000e+04 1.899600000000000000e+04
1.905800000000000000e+04 1.899000000000000000e+04
1.908500000000000000e+04 1.897600000000000000e+04
1.907200000000000000e+04 1.897800000000000000e+04
1.910000000000000000e+04 1.895800000000000000e+04
1.906300000000000000e+04 1.898400000000000000e+04
1.913300000000000000e+04 1.890900000000000000e+04
1.912500000000000000e+04 1.891000000000000000e+04
1.914100000000000000e+04 1.890300000000000000e+04
1.913800000000000000e+04 1.890400000000000000e+04
1.914300000000000000e+04 1.889300000000000000e+04
1.917600000000000000e+04 1.886400000000000000e+04
1.915000000000000000e+04 1.888800000000000000e+04
1.918500000000000000e+04 1.885200000000000000e+04
1.918200000000000000e+04 1.885800000000000000e+04
1.915600000000000000e+04 1.888600000000000000e+04
1.916300000000000000e+04 1.887700000000000000e+04
1.917000000000000000e+04 1.886800000000000000e+04
1.915700000000000000e+04 1.887800000000000000e+04
1.918600000000000000e+04 1.883000000000000000e+04
1.923700000000000000e+04 1.879700000000000000e+04
1.922700000000000000e+04 1.882000000000000000e+04
1.924800000000000000e+04 1.879100000000000000e+04
1.925800000000000000e+04 1.877600000000000000e+04
1.926700000000000000e+04 1.877000000000000000e+04
1.925400000000000000e+04 1.878100000000000000e+04
1.927200000000000000e+04 1.876300000000000000e+04
1.928900000000000000e+04 1.875400000000000000e+04
1.925900000000000000e+04 1.877100000000000000e+04
1.929700000000000000e+04 1.872100000000000000e+04
1.929100000000000000e+04 1.873000000000000000e+04
1.930100000000000000e+04 1.871900000000000000e+04
1.931000000000000000e+04 1.870600000000000000e+04
1.929300000000000000e+04 1.872200000000000000e+04
1.933100000000000000e+04 1.867400000000000000e+04
1.931400000000000000e+04 1.868800000000000000e+04
1.932300000000000000e+04 1.867700000000000000e+04
1.934100000000000000e+04 1.864700000000000000e+04
1.937600000000000000e+04 1.861100000000000000e+04
1.934600000000000000e+04 1.863100000000000000e+04
1.935900000000000000e+04 1.862200000000000000e+04
1.935800000000000000e+04 1.862400000000000000e+04
1.936200000000000000e+04 1.861600000000000000e+04
1.938100000000000000e+04 1.859600000000000000e+04
1.938800000000000000e+04 1.859400000000000000e+04
1.940000000000000000e+04 1.858200000000000000e+04
1.939600000000000000e+04 1.859100000000000000e+04
1.942100000000000000e+04 1.854100000000000000e+04
1.940900000000000000e+04 1.857200000000000000e+04
1.942000000000000000e+04 1.855600000000000000e+04
1.940700000000000000e+04 1.857600000000000000e+04
1.943500000000000000e+04 1.852500000000000000e+04
1.941900000000000000e+04 1.856900000000000000e+04
1.942300000000000000e+04 1.852900000000000000e+04
1.944900000000000000e+04 1.851700000000000000e+04
1.945500000000000000e+04 1.849700000000000000e+04
1.950600000000000000e+04 1.846300000000000000e+04
1.949200000000000000e+04 1.848800000000000000e+04
1.951000000000000000e+04 1.843600000000000000e+04
1.952500000000000000e+04 1.840800000000000000e+04
1.952100000000000000e+04 1.843500000000000000e+04
1.954300000000000000e+04 1.836100000000000000e+04
1.953700000000000000e+04 1.839200000000000000e+04
1.954700000000000000e+04 1.835300000000000000e+04
1.952200000000000000e+04 1.842000000000000000e+04
1.953900000000000000e+04 1.836800000000000000e+04
1.949800000000000000e+04 1.846400000000000000e+04
1.952300000000000000e+04 1.841100000000000000e+04
1.955700000000000000e+04 1.833300000000000000e+04
1.955200000000000000e+04 1.833600000000000000e+04
1.954400000000000000e+04 1.836000000000000000e+04
1.955900000000000000e+04 1.830600000000000000e+04
1.955000000000000000e+04 1.834000000000000000e+04
1.960500000000000000e+04 1.823100000000000000e+04
1.959100000000000000e+04 1.826300000000000000e+04
1.958300000000000000e+04 1.829300000000000000e+04
1.957600000000000000e+04 1.830300000000000000e+04
1.960400000000000000e+04 1.823900000000000000e+04
1.962100000000000000e+04 1.819200000000000000e+04
1.960800000000000000e+04 1.821000000000000000e+04
1.960700000000000000e+04 1.821700000000000000e+04
1.964100000000000000e+04 1.811100000000000000e+04
1.966100000000000000e+04 1.808100000000000000e+04
1.964600000000000000e+04 1.809900000000000000e+04
1.975900000000000000e+04 1.782100000000000000e+04
1.975200000000000000e+04 1.783800000000000000e+04
1.976400000000000000e+04 1.780700000000000000e+04
1.976800000000000000e+04 1.779500000000000000e+04
1.976600000000000000e+04 1.779900000000000000e+04
1.976300000000000000e+04 1.780800000000000000e+04
1.977900000000000000e+04 1.779400000000000000e+04
1.975400000000000000e+04 1.782400000000000000e+04
1.979000000000000000e+04 1.775200000000000000e+04
1.978500000000000000e+04 1.775900000000000000e+04
1.981700000000000000e+04 1.766800000000000000e+04
1.979200000000000000e+04 1.774100000000000000e+04
1.980500000000000000e+04 1.769500000000000000e+04
1.980300000000000000e+04 1.771700000000000000e+04
1.979800000000000000e+04 1.773800000000000000e+04
1.981300000000000000e+04 1.767600000000000000e+04
1.982000000000000000e+04 1.765800000000000000e+04
1.982600000000000000e+04 1.764400000000000000e+04
1.981000000000000000e+04 1.768700000000000000e+04
1.985900000000000000e+04 1.756800000000000000e+04
1.982800000000000000e+04 1.762900000000000000e+04
1.984100000000000000e+04 1.761600000000000000e+04
1.982900000000000000e+04 1.762200000000000000e+04
1.984300000000000000e+04 1.761000000000000000e+04
1.985300000000000000e+04 1.758900000000000000e+04
1.984200000000000000e+04 1.761500000000000000e+04
1.985600000000000000e+04 1.756900000000000000e+04
1.986600000000000000e+04 1.754700000000000000e+04
1.987100000000000000e+04 1.753700000000000000e+04
1.984700000000000000e+04 1.759800000000000000e+04
1.989000000000000000e+04 1.746700000000000000e+04
1.989600000000000000e+04 1.741600000000000000e+04
1.990500000000000000e+04 1.741100000000000000e+04
1.990600000000000000e+04 1.738700000000000000e+04
1.991400000000000000e+04 1.735400000000000000e+04
1.993100000000000000e+04 1.729200000000000000e+04
1.992600000000000000e+04 1.729900000000000000e+04
1.991100000000000000e+04 1.737300000000000000e+04
1.992500000000000000e+04 1.730100000000000000e+04
1.992000000000000000e+04 1.731500000000000000e+04
1.991700000000000000e+04 1.732800000000000000e+04
1.992400000000000000e+04 1.730600000000000000e+04
1.994000000000000000e+04 1.724300000000000000e+04
1.993500000000000000e+04 1.725600000000000000e+04
1.994900000000000000e+04 1.718100000000000000e+04
1.994600000000000000e+04 1.720200000000000000e+04
1.994300000000000000e+04 1.721600000000000000e+04
1.994500000000000000e+04 1.720800000000000000e+04
1.995900000000000000e+04 1.715000000000000000e+04
1.996700000000000000e+04 1.711900000000000000e+04
1.996800000000000000e+04 1.711800000000000000e+04
1.995600000000000000e+04 1.716900000000000000e+04
1.997300000000000000e+04 1.708800000000000000e+04
2.001600000000000000e+04 1.691800000000000000e+04
1.999700000000000000e+04 1.704800000000000000e+04
1.999000000000000000e+04 1.707500000000000000e+04
2.000800000000000000e+04 1.701300000000000000e+04
2.001000000000000000e+04 1.700700000000000000e+04
2.001700000000000000e+04 1.690500000000000000e+04
2.002000000000000000e+04 1.686600000000000000e+04
2.004100000000000000e+04 1.678400000000000000e+04
2.003700000000000000e+04 1.679800000000000000e+04
2.004400000000000000e+04 1.677500000000000000e+04
2.004800000000000000e+04 1.671800000000000000e+04
2.003600000000000000e+04 1.681100000000000000e+04
2.003100000000000000e+04 1.686400000000000000e+04
2.004700000000000000e+04 1.673200000000000000e+04
2.005400000000000000e+04 1.671700000000000000e+04
2.003800000000000000e+04 1.679700000000000000e+04
2.005900000000000000e+04 1.668100000000000000e+04
2.006100000000000000e+04 1.662500000000000000e+04
2.006500000000000000e+04 1.660100000000000000e+04
2.006600000000000000e+04 1.657800000000000000e+04
1.623500000000000000e+04 2.042300000000000000e+04
1.624800000000000000e+04 2.041600000000000000e+04
1.620300000000000000e+04 2.042400000000000000e+04
1.611300000000000000e+04 2.043400000000000000e+04
1.614100000000000000e+04 2.043000000000000000e+04
1.645100000000000000e+04 2.040500000000000000e+04
1.787800000000000000e+04 1.994800000000000000e+04
1.898700000000000000e+04 1.903700000000000000e+04
1.901200000000000000e+04 1.902500000000000000e+04
1.897100000000000000e+04 1.908900000000000000e+04
1.898600000000000000e+04 1.906900000000000000e+04
1.890000000000000000e+04 1.917900000000000000e+04
1.887200000000000000e+04 1.920100000000000000e+04
1.888500000000000000e+04 1.918900000000000000e+04
1.887700000000000000e+04 1.919500000000000000e+04
1.886800000000000000e+04 1.920300000000000000e+04
1.889900000000000000e+04 1.918500000000000000e+04
1.886100000000000000e+04 1.920800000000000000e+04
1.887900000000000000e+04 1.919000000000000000e+04
1.854000000000000000e+04 1.951800000000000000e+04
1.859400000000000000e+04 1.948200000000000000e+04
1.855800000000000000e+04 1.950300000000000000e+04
1.857100000000000000e+04 1.949400000000000000e+04
1.856500000000000000e+04 1.949600000000000000e+04
1.856100000000000000e+04 1.949900000000000000e+04
1.892300000000000000e+04 1.914700000000000000e+04
1.892900000000000000e+04 1.913900000000000000e+04
1.892200000000000000e+04 1.915400000000000000e+04
1.890800000000000000e+04 1.917200000000000000e+04
1.891500000000000000e+04 1.916100000000000000e+04
1.978400000000000000e+04 1.777700000000000000e+04
1.974800000000000000e+04 1.786600000000000000e+04
1.974700000000000000e+04 1.786700000000000000e+04
1.967800000000000000e+04 1.805300000000000000e+04
1.966300000000000000e+04 1.806800000000000000e+04
1.965900000000000000e+04 1.809800000000000000e+04
1.966000000000000000e+04 1.809700000000000000e+04
1.964000000000000000e+04 1.812500000000000000e+04
1.964500000000000000e+04 1.810500000000000000e+04
1.962800000000000000e+04 1.818500000000000000e+04
1.963900000000000000e+04 1.815900000000000000e+04
1.961600000000000000e+04 1.820000000000000000e+04
1.961300000000000000e+04 1.820700000000000000e+04
1.861300000000000000e+04 1.945500000000000000e+04
1.860300000000000000e+04 1.946500000000000000e+04
1.861900000000000000e+04 1.943200000000000000e+04
1.862700000000000000e+04 1.942900000000000000e+04
1.861700000000000000e+04 1.943600000000000000e+04
1.969100000000000000e+04 1.802400000000000000e+04
1.968600000000000000e+04 1.803300000000000000e+04
1.966200000000000000e+04 1.807300000000000000e+04
1.969200000000000000e+04 1.802300000000000000e+04
1.969400000000000000e+04 1.801900000000000000e+04
1.968200000000000000e+04 1.804900000000000000e+04
1.966900000000000000e+04 1.806500000000000000e+04
1.972500000000000000e+04 1.795500000000000000e+04
1.974100000000000000e+04 1.793600000000000000e+04
1.972400000000000000e+04 1.796200000000000000e+04
1.972300000000000000e+04 1.797500000000000000e+04
1.972200000000000000e+04 1.798900000000000000e+04
1.973800000000000000e+04 1.794600000000000000e+04
1.971600000000000000e+04 1.800700000000000000e+04
1.973200000000000000e+04 1.795100000000000000e+04
1.988500000000000000e+04 1.749600000000000000e+04
1.987400000000000000e+04 1.751400000000000000e+04
1.987800000000000000e+04 1.750400000000000000e+04
1.989500000000000000e+04 1.745800000000000000e+04
1.620500000000000000e+04 2.044400000000000000e+04
1.617200000000000000e+04 2.045500000000000000e+04
1.624500000000000000e+04 2.043200000000000000e+04
1.621200000000000000e+04 2.044000000000000000e+04
1.621300000000000000e+04 2.043600000000000000e+04
1.734700000000000000e+04 2.016400000000000000e+04
1.731700000000000000e+04 2.017000000000000000e+04
1.736300000000000000e+04 2.015800000000000000e+04
1.732400000000000000e+04 2.016900000000000000e+04
1.738700000000000000e+04 2.015400000000000000e+04
1.735300000000000000e+04 2.016100000000000000e+04
1.739200000000000000e+04 2.015300000000000000e+04
1.744900000000000000e+04 2.014000000000000000e+04
1.737000000000000000e+04 2.015600000000000000e+04
1.741500000000000000e+04 2.014800000000000000e+04
1.740200000000000000e+04 2.015000000000000000e+04
1.745500000000000000e+04 2.013400000000000000e+04
1.742800000000000000e+04 2.014500000000000000e+04
1.749400000000000000e+04 2.012200000000000000e+04
1.752100000000000000e+04 2.010900000000000000e+04
1.747700000000000000e+04 2.012900000000000000e+04
1.751100000000000000e+04 2.011400000000000000e+04
1.753300000000000000e+04 2.008800000000000000e+04
1.753600000000000000e+04 2.008700000000000000e+04
1.753200000000000000e+04 2.009600000000000000e+04
1.760700000000000000e+04 2.006400000000000000e+04
1.759700000000000000e+04 2.008300000000000000e+04
1.766100000000000000e+04 2.004400000000000000e+04
1.762900000000000000e+04 2.006200000000000000e+04
1.760200000000000000e+04 2.006900000000000000e+04
1.773100000000000000e+04 2.002800000000000000e+04
1.763700000000000000e+04 2.005200000000000000e+04
1.765200000000000000e+04 2.004500000000000000e+04
1.764100000000000000e+04 2.004700000000000000e+04
1.767500000000000000e+04 2.003600000000000000e+04
1.766800000000000000e+04 2.003800000000000000e+04
1.767900000000000000e+04 2.003500000000000000e+04
1.768200000000000000e+04 2.002900000000000000e+04
1.774000000000000000e+04 2.001100000000000000e+04
1.779900000000000000e+04 1.997500000000000000e+04
1.777400000000000000e+04 2.000200000000000000e+04
1.780000000000000000e+04 1.996800000000000000e+04
1.777500000000000000e+04 1.999200000000000000e+04
1.784100000000000000e+04 1.996400000000000000e+04
1.779300000000000000e+04 1.997800000000000000e+04
1.779100000000000000e+04 1.998300000000000000e+04
1.781600000000000000e+04 1.996700000000000000e+04
1.783100000000000000e+04 1.996600000000000000e+04
1.787200000000000000e+04 1.993300000000000000e+04
1.787400000000000000e+04 1.992900000000000000e+04
1.786900000000000000e+04 1.995000000000000000e+04
1.795300000000000000e+04 1.990100000000000000e+04
1.797600000000000000e+04 1.988600000000000000e+04
1.798900000000000000e+04 1.987100000000000000e+04
1.823200000000000000e+04 1.973300000000000000e+04
1.819100000000000000e+04 1.976200000000000000e+04
1.823100000000000000e+04 1.973500000000000000e+04
1.821900000000000000e+04 1.973700000000000000e+04
1.824400000000000000e+04 1.971900000000000000e+04
1.821700000000000000e+04 1.974700000000000000e+04
1.840200000000000000e+04 1.958600000000000000e+04
1.853900000000000000e+04 1.950200000000000000e+04
1.854100000000000000e+04 1.949300000000000000e+04
1.855700000000000000e+04 1.948900000000000000e+04
1.856600000000000000e+04 1.948300000000000000e+04
1.857700000000000000e+04 1.948000000000000000e+04
1.861500000000000000e+04 1.944700000000000000e+04
1.858800000000000000e+04 1.946500000000000000e+04
1.860700000000000000e+04 1.945400000000000000e+04
1.858700000000000000e+04 1.947100000000000000e+04
1.908100000000000000e+04 1.898900000000000000e+04
1.908600000000000000e+04 1.896300000000000000e+04
1.910000000000000000e+04 1.894300000000000000e+04
1.914700000000000000e+04 1.890200000000000000e+04
1.916300000000000000e+04 1.886400000000000000e+04
1.914600000000000000e+04 1.890400000000000000e+04
1.914800000000000000e+04 1.889600000000000000e+04
1.918400000000000000e+04 1.885600000000000000e+04
1.920000000000000000e+04 1.882900000000000000e+04
1.916600000000000000e+04 1.886300000000000000e+04
1.919800000000000000e+04 1.883300000000000000e+04
1.917500000000000000e+04 1.886200000000000000e+04
1.920200000000000000e+04 1.882500000000000000e+04
1.919500000000000000e+04 1.883500000000000000e+04
1.923800000000000000e+04 1.879000000000000000e+04
1.924500000000000000e+04 1.877000000000000000e+04
1.925500000000000000e+04 1.876700000000000000e+04
1.927600000000000000e+04 1.874100000000000000e+04
1.926400000000000000e+04 1.874900000000000000e+04
1.928600000000000000e+04 1.872600000000000000e+04
1.930900000000000000e+04 1.868300000000000000e+04
1.931100000000000000e+04 1.867800000000000000e+04
1.929700000000000000e+04 1.871500000000000000e+04
1.930100000000000000e+04 1.868900000000000000e+04
1.931700000000000000e+04 1.867400000000000000e+04
1.932200000000000000e+04 1.866000000000000000e+04
1.931200000000000000e+04 1.867700000000000000e+04
1.933400000000000000e+04 1.864300000000000000e+04
1.933000000000000000e+04 1.865100000000000000e+04
1.935900000000000000e+04 1.860700000000000000e+04
1.940500000000000000e+04 1.855600000000000000e+04
1.942400000000000000e+04 1.850300000000000000e+04
1.942200000000000000e+04 1.850500000000000000e+04
1.944200000000000000e+04 1.850100000000000000e+04
1.946000000000000000e+04 1.846200000000000000e+04
1.945400000000000000e+04 1.847300000000000000e+04
1.945000000000000000e+04 1.847500000000000000e+04
1.946400000000000000e+04 1.844400000000000000e+04
1.942100000000000000e+04 1.853900000000000000e+04
1.942800000000000000e+04 1.850200000000000000e+04
1.944500000000000000e+04 1.848200000000000000e+04
1.948300000000000000e+04 1.843500000000000000e+04
1.946200000000000000e+04 1.846000000000000000e+04
1.949100000000000000e+04 1.842400000000000000e+04
1.949200000000000000e+04 1.841600000000000000e+04
1.949500000000000000e+04 1.840700000000000000e+04
1.949900000000000000e+04 1.840600000000000000e+04
1.952600000000000000e+04 1.834300000000000000e+04
1.953500000000000000e+04 1.833500000000000000e+04
1.953000000000000000e+04 1.833900000000000000e+04
1.951700000000000000e+04 1.836100000000000000e+04
1.956500000000000000e+04 1.828600000000000000e+04
1.953600000000000000e+04 1.832100000000000000e+04
1.955900000000000000e+04 1.829600000000000000e+04
1.955200000000000000e+04 1.830600000000000000e+04
1.954100000000000000e+04 1.832000000000000000e+04
1.957700000000000000e+04 1.823300000000000000e+04
1.957900000000000000e+04 1.822600000000000000e+04
1.958900000000000000e+04 1.822500000000000000e+04
1.960500000000000000e+04 1.819700000000000000e+04
1.961800000000000000e+04 1.815000000000000000e+04
1.961900000000000000e+04 1.814700000000000000e+04
1.962500000000000000e+04 1.814300000000000000e+04
1.961200000000000000e+04 1.816800000000000000e+04
1.962700000000000000e+04 1.813700000000000000e+04
1.964400000000000000e+04 1.811700000000000000e+04
1.963800000000000000e+04 1.811800000000000000e+04
1.963500000000000000e+04 1.812600000000000000e+04
1.964600000000000000e+04 1.809300000000000000e+04
1.966200000000000000e+04 1.806900000000000000e+04
1.966900000000000000e+04 1.806000000000000000e+04
1.967000000000000000e+04 1.804500000000000000e+04
1.968100000000000000e+04 1.803200000000000000e+04
1.965700000000000000e+04 1.809100000000000000e+04
1.966300000000000000e+04 1.806600000000000000e+04
1.969300000000000000e+04 1.799500000000000000e+04
1.973500000000000000e+04 1.798000000000000000e+04
1.974600000000000000e+04 1.795200000000000000e+04
1.976500000000000000e+04 1.789100000000000000e+04
1.975300000000000000e+04 1.793900000000000000e+04
1.977900000000000000e+04 1.784700000000000000e+04
1.977600000000000000e+04 1.787100000000000000e+04
1.976600000000000000e+04 1.787400000000000000e+04
1.976100000000000000e+04 1.790500000000000000e+04
1.976300000000000000e+04 1.790400000000000000e+04
1.978700000000000000e+04 1.781300000000000000e+04
1.977700000000000000e+04 1.787000000000000000e+04
1.979000000000000000e+04 1.780400000000000000e+04
1.980100000000000000e+04 1.780300000000000000e+04
1.978300000000000000e+04 1.782200000000000000e+04
1.980500000000000000e+04 1.776700000000000000e+04
1.980800000000000000e+04 1.775000000000000000e+04
1.980400000000000000e+04 1.777000000000000000e+04
1.980900000000000000e+04 1.773300000000000000e+04
1.982800000000000000e+04 1.767300000000000000e+04
1.981200000000000000e+04 1.773100000000000000e+04
1.982600000000000000e+04 1.771600000000000000e+04
1.982700000000000000e+04 1.769900000000000000e+04
1.983100000000000000e+04 1.766300000000000000e+04
1.982900000000000000e+04 1.767200000000000000e+04
1.981700000000000000e+04 1.772300000000000000e+04
1.983900000000000000e+04 1.765200000000000000e+04
1.983700000000000000e+04 1.765800000000000000e+04
1.984500000000000000e+04 1.764400000000000000e+04
1.985200000000000000e+04 1.761500000000000000e+04
1.986600000000000000e+04 1.758800000000000000e+04
1.986700000000000000e+04 1.758700000000000000e+04
1.986300000000000000e+04 1.758900000000000000e+04
1.984900000000000000e+04 1.762200000000000000e+04
1.985600000000000000e+04 1.761200000000000000e+04
1.985800000000000000e+04 1.759900000000000000e+04
1.985100000000000000e+04 1.761800000000000000e+04
1.987400000000000000e+04 1.754200000000000000e+04
1.988100000000000000e+04 1.752900000000000000e+04
1.989100000000000000e+04 1.748300000000000000e+04
1.988300000000000000e+04 1.750600000000000000e+04
1.990100000000000000e+04 1.746400000000000000e+04
1.989000000000000000e+04 1.749500000000000000e+04
1.991600000000000000e+04 1.741000000000000000e+04
1.992000000000000000e+04 1.738400000000000000e+04
1.994000000000000000e+04 1.731400000000000000e+04
1.994400000000000000e+04 1.730600000000000000e+04
1.993000000000000000e+04 1.737700000000000000e+04
1.994800000000000000e+04 1.728700000000000000e+04
1.993700000000000000e+04 1.733500000000000000e+04
1.995000000000000000e+04 1.728000000000000000e+04
1.990900000000000000e+04 1.741200000000000000e+04
1.989600000000000000e+04 1.747600000000000000e+04
1.988900000000000000e+04 1.749600000000000000e+04
1.990500000000000000e+04 1.742800000000000000e+04
1.989900000000000000e+04 1.746800000000000000e+04
1.991700000000000000e+04 1.738600000000000000e+04
1.996200000000000000e+04 1.725600000000000000e+04
1.995200000000000000e+04 1.726100000000000000e+04
1.995500000000000000e+04 1.725800000000000000e+04
1.995600000000000000e+04 1.725700000000000000e+04
1.997700000000000000e+04 1.719700000000000000e+04
1.997300000000000000e+04 1.720200000000000000e+04
1.997100000000000000e+04 1.723500000000000000e+04
1.998200000000000000e+04 1.715900000000000000e+04
1.999800000000000000e+04 1.711500000000000000e+04
2.001700000000000000e+04 1.704500000000000000e+04
2.000200000000000000e+04 1.710900000000000000e+04
1.999500000000000000e+04 1.714100000000000000e+04
2.000600000000000000e+04 1.708300000000000000e+04
2.002000000000000000e+04 1.697100000000000000e+04
2.002200000000000000e+04 1.695300000000000000e+04
2.001200000000000000e+04 1.705200000000000000e+04
2.002700000000000000e+04 1.693900000000000000e+04
2.002300000000000000e+04 1.694400000000000000e+04
2.001800000000000000e+04 1.698500000000000000e+04
2.004100000000000000e+04 1.687400000000000000e+04
2.002800000000000000e+04 1.690100000000000000e+04
2.003000000000000000e+04 1.688100000000000000e+04
2.004200000000000000e+04 1.676800000000000000e+04
2.004500000000000000e+04 1.675300000000000000e+04
2.005300000000000000e+04 1.669400000000000000e+04
2.004300000000000000e+04 1.675500000000000000e+04
2.005400000000000000e+04 1.667000000000000000e+04
2.004700000000000000e+04 1.675000000000000000e+04
2.005100000000000000e+04 1.674500000000000000e+04
2.005500000000000000e+04 1.662600000000000000e+04
2.006200000000000000e+04 1.645400000000000000e+04
2.006100000000000000e+04 1.658800000000000000e+04
2.005800000000000000e+04 1.659400000000000000e+04
1.638200000000000000e+04 2.041100000000000000e+04
1.632800000000000000e+04 2.041900000000000000e+04
1.641700000000000000e+04 2.040400000000000000e+04
1.633500000000000000e+04 2.041400000000000000e+04
1.681300000000000000e+04 2.028600000000000000e+04
1.686300000000000000e+04 2.027900000000000000e+04
1.680700000000000000e+04 2.028700000000000000e+04
1.686800000000000000e+04 2.027700000000000000e+04
1.679200000000000000e+04 2.031400000000000000e+04
1.675800000000000000e+04 2.034000000000000000e+04
1.675400000000000000e+04 2.034600000000000000e+04
1.674200000000000000e+04 2.035100000000000000e+04
1.678800000000000000e+04 2.033700000000000000e+04
1.678400000000000000e+04 2.033800000000000000e+04
1.710000000000000000e+04 2.025100000000000000e+04
1.707600000000000000e+04 2.026300000000000000e+04
1.714900000000000000e+04 2.024700000000000000e+04
1.708900000000000000e+04 2.026200000000000000e+04
1.709500000000000000e+04 2.025700000000000000e+04
1.711600000000000000e+04 2.024800000000000000e+04
1.706800000000000000e+04 2.026600000000000000e+04
1.795500000000000000e+04 1.989800000000000000e+04
1.795400000000000000e+04 1.990000000000000000e+04
1.794500000000000000e+04 1.991200000000000000e+04
1.794900000000000000e+04 1.990200000000000000e+04
1.794000000000000000e+04 1.991900000000000000e+04
1.791500000000000000e+04 1.992200000000000000e+04
1.796100000000000000e+04 1.989600000000000000e+04
1.790300000000000000e+04 1.992700000000000000e+04
1.794100000000000000e+04 1.991500000000000000e+04
1.853000000000000000e+04 1.951300000000000000e+04
1.848900000000000000e+04 1.955800000000000000e+04
1.851200000000000000e+04 1.951900000000000000e+04
1.849800000000000000e+04 1.954100000000000000e+04
1.847700000000000000e+04 1.955900000000000000e+04
1.846900000000000000e+04 1.957000000000000000e+04
1.844700000000000000e+04 1.958400000000000000e+04
1.846300000000000000e+04 1.957100000000000000e+04
1.845300000000000000e+04 1.957300000000000000e+04
1.913200000000000000e+04 1.891300000000000000e+04
1.915100000000000000e+04 1.888200000000000000e+04
1.915000000000000000e+04 1.888800000000000000e+04
1.911700000000000000e+04 1.892900000000000000e+04
1.909700000000000000e+04 1.895300000000000000e+04
1.906100000000000000e+04 1.899800000000000000e+04
1.788700000000000000e+04 1.992800000000000000e+04
1.798000000000000000e+04 1.987600000000000000e+04
1.799000000000000000e+04 1.986800000000000000e+04
1.803200000000000000e+04 1.986700000000000000e+04
1.803600000000000000e+04 1.985200000000000000e+04
1.804600000000000000e+04 1.984100000000000000e+04
1.804800000000000000e+04 1.983900000000000000e+04
1.804300000000000000e+04 1.984200000000000000e+04
1.833100000000000000e+04 1.966800000000000000e+04
1.837600000000000000e+04 1.965400000000000000e+04
1.838200000000000000e+04 1.963300000000000000e+04
1.837800000000000000e+04 1.963800000000000000e+04
1.835000000000000000e+04 1.966500000000000000e+04
1.838700000000000000e+04 1.962800000000000000e+04
1.838300000000000000e+04 1.962900000000000000e+04
1.839600000000000000e+04 1.962000000000000000e+04
1.807400000000000000e+04 1.983100000000000000e+04
1.809500000000000000e+04 1.980000000000000000e+04
1.806300000000000000e+04 1.983600000000000000e+04
1.811100000000000000e+04 1.979700000000000000e+04
1.809100000000000000e+04 1.981500000000000000e+04
1.813600000000000000e+04 1.979500000000000000e+04
1.816200000000000000e+04 1.976800000000000000e+04
1.814700000000000000e+04 1.978800000000000000e+04
1.816100000000000000e+04 1.977500000000000000e+04
1.817600000000000000e+04 1.976500000000000000e+04
1.823800000000000000e+04 1.972700000000000000e+04
1.831300000000000000e+04 1.967100000000000000e+04
1.829900000000000000e+04 1.970100000000000000e+04
1.831000000000000000e+04 1.967300000000000000e+04
1.833400000000000000e+04 1.966700000000000000e+04
1.830600000000000000e+04 1.968100000000000000e+04
1.827500000000000000e+04 1.970600000000000000e+04
1.854400000000000000e+04 1.949200000000000000e+04
1.862200000000000000e+04 1.944100000000000000e+04
1.863600000000000000e+04 1.943700000000000000e+04
1.860300000000000000e+04 1.946300000000000000e+04
1.866700000000000000e+04 1.940700000000000000e+04
1.866900000000000000e+04 1.939700000000000000e+04
1.865300000000000000e+04 1.941000000000000000e+04
1.865900000000000000e+04 1.940800000000000000e+04
1.864200000000000000e+04 1.942000000000000000e+04
1.868800000000000000e+04 1.938900000000000000e+04
1.869000000000000000e+04 1.938300000000000000e+04
1.868100000000000000e+04 1.939100000000000000e+04
1.873800000000000000e+04 1.935300000000000000e+04
1.873200000000000000e+04 1.936900000000000000e+04
1.871400000000000000e+04 1.937500000000000000e+04
1.873500000000000000e+04 1.936000000000000000e+04
1.874400000000000000e+04 1.934700000000000000e+04
1.877700000000000000e+04 1.932000000000000000e+04
1.874500000000000000e+04 1.934400000000000000e+04
1.875000000000000000e+04 1.933800000000000000e+04
1.876000000000000000e+04 1.933400000000000000e+04
1.876600000000000000e+04 1.932200000000000000e+04
1.878400000000000000e+04 1.930200000000000000e+04
1.878100000000000000e+04 1.931500000000000000e+04
1.878900000000000000e+04 1.930100000000000000e+04
1.884500000000000000e+04 1.924900000000000000e+04
1.887400000000000000e+04 1.921300000000000000e+04
1.887200000000000000e+04 1.922400000000000000e+04
1.888500000000000000e+04 1.920700000000000000e+04
1.889800000000000000e+04 1.920200000000000000e+04
1.886700000000000000e+04 1.923400000000000000e+04
1.888200000000000000e+04 1.920800000000000000e+04
1.879200000000000000e+04 1.929600000000000000e+04
1.880600000000000000e+04 1.927500000000000000e+04
1.880500000000000000e+04 1.927800000000000000e+04
1.881000000000000000e+04 1.927100000000000000e+04
1.883800000000000000e+04 1.925300000000000000e+04
1.881200000000000000e+04 1.926900000000000000e+04
1.885700000000000000e+04 1.923800000000000000e+04
1.883200000000000000e+04 1.926500000000000000e+04
1.885000000000000000e+04 1.924700000000000000e+04
1.890500000000000000e+04 1.918100000000000000e+04
1.890400000000000000e+04 1.918200000000000000e+04
1.893600000000000000e+04 1.915400000000000000e+04
1.892100000000000000e+04 1.916000000000000000e+04
1.892000000000000000e+04 1.917400000000000000e+04
1.894900000000000000e+04 1.913000000000000000e+04
1.894300000000000000e+04 1.913500000000000000e+04
1.894500000000000000e+04 1.913300000000000000e+04
1.892300000000000000e+04 1.915900000000000000e+04
1.894200000000000000e+04 1.913700000000000000e+04
1.895300000000000000e+04 1.912100000000000000e+04
1.896100000000000000e+04 1.911700000000000000e+04
1.897000000000000000e+04 1.910100000000000000e+04
1.897400000000000000e+04 1.907500000000000000e+04
1.899700000000000000e+04 1.905900000000000000e+04
1.899800000000000000e+04 1.904100000000000000e+04
1.898200000000000000e+04 1.907200000000000000e+04
1.899400000000000000e+04 1.906500000000000000e+04
1.902300000000000000e+04 1.903200000000000000e+04
1.904100000000000000e+04 1.900500000000000000e+04
1.902900000000000000e+04 1.902300000000000000e+04
1.904000000000000000e+04 1.901000000000000000e+04
1.906900000000000000e+04 1.899400000000000000e+04
1.909300000000000000e+04 1.896100000000000000e+04
1.908300000000000000e+04 1.896600000000000000e+04
1.913400000000000000e+04 1.891200000000000000e+04
1.913000000000000000e+04 1.892300000000000000e+04
1.911600000000000000e+04 1.894200000000000000e+04
1.912000000000000000e+04 1.892400000000000000e+04
1.916200000000000000e+04 1.886700000000000000e+04
1.915800000000000000e+04 1.888000000000000000e+04
1.918800000000000000e+04 1.884900000000000000e+04
1.919300000000000000e+04 1.884800000000000000e+04
1.921800000000000000e+04 1.881500000000000000e+04
1.924100000000000000e+04 1.878000000000000000e+04
1.921300000000000000e+04 1.882300000000000000e+04
1.922000000000000000e+04 1.879100000000000000e+04
1.921900000000000000e+04 1.880000000000000000e+04
1.926000000000000000e+04 1.876600000000000000e+04
1.932700000000000000e+04 1.865800000000000000e+04
1.929300000000000000e+04 1.871700000000000000e+04
1.931900000000000000e+04 1.866500000000000000e+04
1.935100000000000000e+04 1.861500000000000000e+04
1.934900000000000000e+04 1.863400000000000000e+04
1.935700000000000000e+04 1.861300000000000000e+04
1.939400000000000000e+04 1.856700000000000000e+04
1.936100000000000000e+04 1.860400000000000000e+04
1.936500000000000000e+04 1.860000000000000000e+04
1.937300000000000000e+04 1.859100000000000000e+04
1.941000000000000000e+04 1.854300000000000000e+04
1.937500000000000000e+04 1.858400000000000000e+04
1.938600000000000000e+04 1.857100000000000000e+04
1.940600000000000000e+04 1.854600000000000000e+04
1.938000000000000000e+04 1.858200000000000000e+04
1.950100000000000000e+04 1.838200000000000000e+04
1.952200000000000000e+04 1.835400000000000000e+04
1.951400000000000000e+04 1.836800000000000000e+04
1.951500000000000000e+04 1.836700000000000000e+04
1.954700000000000000e+04 1.830700000000000000e+04
1.955300000000000000e+04 1.830400000000000000e+04
1.954500000000000000e+04 1.831200000000000000e+04
1.611900000000000000e+04 2.044700000000000000e+04
1.618600000000000000e+04 2.043900000000000000e+04
1.614000000000000000e+04 2.044300000000000000e+04
1.620900000000000000e+04 2.043600000000000000e+04
1.632000000000000000e+04 2.042900000000000000e+04
1.633900000000000000e+04 2.041500000000000000e+04
1.632600000000000000e+04 2.042000000000000000e+04
1.624300000000000000e+04 2.043300000000000000e+04
1.633400000000000000e+04 2.041800000000000000e+04
1.643700000000000000e+04 2.040000000000000000e+04
1.640100000000000000e+04 2.040700000000000000e+04
1.641500000000000000e+04 2.040200000000000000e+04
1.638000000000000000e+04 2.041200000000000000e+04
1.639800000000000000e+04 2.040800000000000000e+04
1.642100000000000000e+04 2.040100000000000000e+04
1.640900000000000000e+04 2.040600000000000000e+04
1.646400000000000000e+04 2.039500000000000000e+04
1.645900000000000000e+04 2.039700000000000000e+04
1.651200000000000000e+04 2.039300000000000000e+04
1.652700000000000000e+04 2.038600000000000000e+04
1.653200000000000000e+04 2.038300000000000000e+04
1.654500000000000000e+04 2.037800000000000000e+04
1.658000000000000000e+04 2.037400000000000000e+04
1.666100000000000000e+04 2.036800000000000000e+04
1.670200000000000000e+04 2.035300000000000000e+04
1.666400000000000000e+04 2.035700000000000000e+04
1.666800000000000000e+04 2.035400000000000000e+04
1.675300000000000000e+04 2.035200000000000000e+04
1.677500000000000000e+04 2.034400000000000000e+04
1.677900000000000000e+04 2.033900000000000000e+04
1.680500000000000000e+04 2.033400000000000000e+04
1.682700000000000000e+04 2.031900000000000000e+04
1.682200000000000000e+04 2.032000000000000000e+04
1.681000000000000000e+04 2.032200000000000000e+04
1.698300000000000000e+04 2.029300000000000000e+04
1.698900000000000000e+04 2.029100000000000000e+04
1.692900000000000000e+04 2.031200000000000000e+04
1.695800000000000000e+04 2.030200000000000000e+04
1.694700000000000000e+04 2.030600000000000000e+04
1.692100000000000000e+04 2.031800000000000000e+04
1.693500000000000000e+04 2.030800000000000000e+04
1.702300000000000000e+04 2.027200000000000000e+04
1.703200000000000000e+04 2.026600000000000000e+04
1.704400000000000000e+04 2.026400000000000000e+04
1.705900000000000000e+04 2.026100000000000000e+04
1.700200000000000000e+04 2.027900000000000000e+04
1.702600000000000000e+04 2.027000000000000000e+04
1.710200000000000000e+04 2.024500000000000000e+04
1.713400000000000000e+04 2.023600000000000000e+04
1.719700000000000000e+04 2.021800000000000000e+04
1.715800000000000000e+04 2.022400000000000000e+04
1.720200000000000000e+04 2.021200000000000000e+04
1.724700000000000000e+04 2.020400000000000000e+04
1.723800000000000000e+04 2.021000000000000000e+04
1.730400000000000000e+04 2.018600000000000000e+04
1.728000000000000000e+04 2.019800000000000000e+04
1.729600000000000000e+04 2.018800000000000000e+04
1.728600000000000000e+04 2.019700000000000000e+04
1.731300000000000000e+04 2.018500000000000000e+04
1.732700000000000000e+04 2.017800000000000000e+04
1.736600000000000000e+04 2.017400000000000000e+04
1.740700000000000000e+04 2.014900000000000000e+04
1.740400000000000000e+04 2.015000000000000000e+04
1.749500000000000000e+04 2.011900000000000000e+04
1.748700000000000000e+04 2.012400000000000000e+04
1.747000000000000000e+04 2.014500000000000000e+04
1.749100000000000000e+04 2.012100000000000000e+04
1.752100000000000000e+04 2.010200000000000000e+04
1.750800000000000000e+04 2.011500000000000000e+04
1.752600000000000000e+04 2.009700000000000000e+04
1.751000000000000000e+04 2.010800000000000000e+04
1.752300000000000000e+04 2.010000000000000000e+04
1.758500000000000000e+04 2.006700000000000000e+04
1.758300000000000000e+04 2.007100000000000000e+04
1.760600000000000000e+04 2.006000000000000000e+04
1.753500000000000000e+04 2.008700000000000000e+04
1.756500000000000000e+04 2.008500000000000000e+04
1.764900000000000000e+04 2.004200000000000000e+04
1.762300000000000000e+04 2.005600000000000000e+04
1.759500000000000000e+04 2.006600000000000000e+04
1.764000000000000000e+04 2.005300000000000000e+04
1.772200000000000000e+04 2.002300000000000000e+04
1.776100000000000000e+04 2.000400000000000000e+04
1.780900000000000000e+04 1.997500000000000000e+04
1.779900000000000000e+04 1.998800000000000000e+04
1.778000000000000000e+04 1.999200000000000000e+04
1.777200000000000000e+04 2.000200000000000000e+04
1.783800000000000000e+04 1.994100000000000000e+04
1.781700000000000000e+04 1.994700000000000000e+04
1.783500000000000000e+04 1.994500000000000000e+04
1.786200000000000000e+04 1.993800000000000000e+04
1.787900000000000000e+04 1.993500000000000000e+04
1.789000000000000000e+04 1.991900000000000000e+04
1.766000000000000000e+04 2.002400000000000000e+04
1.781500000000000000e+04 1.995800000000000000e+04
1.789500000000000000e+04 1.991400000000000000e+04
1.796200000000000000e+04 1.987800000000000000e+04
1.792100000000000000e+04 1.990300000000000000e+04
1.799300000000000000e+04 1.986800000000000000e+04
1.794100000000000000e+04 1.990100000000000000e+04
1.795500000000000000e+04 1.989600000000000000e+04
1.798100000000000000e+04 1.987200000000000000e+04
1.796800000000000000e+04 1.987700000000000000e+04
1.801400000000000000e+04 1.985500000000000000e+04
1.805300000000000000e+04 1.983100000000000000e+04
1.804200000000000000e+04 1.983600000000000000e+04
1.808700000000000000e+04 1.980800000000000000e+04
1.807700000000000000e+04 1.982500000000000000e+04
1.809800000000000000e+04 1.980400000000000000e+04
1.808100000000000000e+04 1.981400000000000000e+04
1.810500000000000000e+04 1.980300000000000000e+04
1.810600000000000000e+04 1.980000000000000000e+04
1.814300000000000000e+04 1.978900000000000000e+04
1.812500000000000000e+04 1.979300000000000000e+04
1.815200000000000000e+04 1.977200000000000000e+04
1.814900000000000000e+04 1.978300000000000000e+04
1.815700000000000000e+04 1.977100000000000000e+04
1.815800000000000000e+04 1.976300000000000000e+04
1.824200000000000000e+04 1.968700000000000000e+04
1.821200000000000000e+04 1.972000000000000000e+04
1.826900000000000000e+04 1.966300000000000000e+04
1.826500000000000000e+04 1.968000000000000000e+04
1.826700000000000000e+04 1.967500000000000000e+04
1.823800000000000000e+04 1.971300000000000000e+04
1.827200000000000000e+04 1.966100000000000000e+04
1.829400000000000000e+04 1.965800000000000000e+04
1.830700000000000000e+04 1.965700000000000000e+04
1.834300000000000000e+04 1.964100000000000000e+04
1.833300000000000000e+04 1.964800000000000000e+04
1.837100000000000000e+04 1.963200000000000000e+04
1.843100000000000000e+04 1.959000000000000000e+04
1.844100000000000000e+04 1.958800000000000000e+04
1.844200000000000000e+04 1.958300000000000000e+04
1.847100000000000000e+04 1.958000000000000000e+04
1.849500000000000000e+04 1.955000000000000000e+04
1.849200000000000000e+04 1.956100000000000000e+04
1.851400000000000000e+04 1.953400000000000000e+04
1.862500000000000000e+04 1.944800000000000000e+04
1.864100000000000000e+04 1.943000000000000000e+04
1.868100000000000000e+04 1.940700000000000000e+04
1.872500000000000000e+04 1.935800000000000000e+04
1.873400000000000000e+04 1.935400000000000000e+04
1.870200000000000000e+04 1.936500000000000000e+04
1.871000000000000000e+04 1.935900000000000000e+04
1.873600000000000000e+04 1.934500000000000000e+04
1.875500000000000000e+04 1.931500000000000000e+04
1.875300000000000000e+04 1.933700000000000000e+04
1.877000000000000000e+04 1.931000000000000000e+04
1.876100000000000000e+04 1.931300000000000000e+04
1.878000000000000000e+04 1.930600000000000000e+04
1.878500000000000000e+04 1.928000000000000000e+04
1.879200000000000000e+04 1.927000000000000000e+04
1.881000000000000000e+04 1.926300000000000000e+04
1.881300000000000000e+04 1.926200000000000000e+04
1.881700000000000000e+04 1.925700000000000000e+04
1.882400000000000000e+04 1.925300000000000000e+04
1.881800000000000000e+04 1.925500000000000000e+04
1.883900000000000000e+04 1.924400000000000000e+04
1.886200000000000000e+04 1.923900000000000000e+04
1.887800000000000000e+04 1.920600000000000000e+04
1.885200000000000000e+04 1.924300000000000000e+04
1.886400000000000000e+04 1.923000000000000000e+04
1.888600000000000000e+04 1.919400000000000000e+04
1.887300000000000000e+04 1.921800000000000000e+04
1.892300000000000000e+04 1.915000000000000000e+04
1.893200000000000000e+04 1.914300000000000000e+04
1.893300000000000000e+04 1.913600000000000000e+04
1.894700000000000000e+04 1.912300000000000000e+04
1.894800000000000000e+04 1.912000000000000000e+04
1.894300000000000000e+04 1.913500000000000000e+04
1.895100000000000000e+04 1.911800000000000000e+04
1.898700000000000000e+04 1.909300000000000000e+04
1.897000000000000000e+04 1.911600000000000000e+04
1.897900000000000000e+04 1.911000000000000000e+04
1.898100000000000000e+04 1.909400000000000000e+04
1.899200000000000000e+04 1.907400000000000000e+04
1.898800000000000000e+04 1.908400000000000000e+04
1.900000000000000000e+04 1.907100000000000000e+04
1.901500000000000000e+04 1.905100000000000000e+04
1.901100000000000000e+04 1.906600000000000000e+04
1.901700000000000000e+04 1.904400000000000000e+04
1.905500000000000000e+04 1.901200000000000000e+04
1.903200000000000000e+04 1.903300000000000000e+04
1.903100000000000000e+04 1.903700000000000000e+04
1.902300000000000000e+04 1.903800000000000000e+04
1.905300000000000000e+04 1.901500000000000000e+04
1.903500000000000000e+04 1.902900000000000000e+04
1.904500000000000000e+04 1.902200000000000000e+04
1.904800000000000000e+04 1.901700000000000000e+04
1.906800000000000000e+04 1.899200000000000000e+04
1.910800000000000000e+04 1.895500000000000000e+04
1.951700000000000000e+04 1.834700000000000000e+04
1.951100000000000000e+04 1.835400000000000000e+04
1.951800000000000000e+04 1.833800000000000000e+04
1.952900000000000000e+04 1.833500000000000000e+04
1.953000000000000000e+04 1.832100000000000000e+04
1.953100000000000000e+04 1.831900000000000000e+04
1.956400000000000000e+04 1.829100000000000000e+04
1.955200000000000000e+04 1.829500000000000000e+04
1.954900000000000000e+04 1.831400000000000000e+04
1.956900000000000000e+04 1.827800000000000000e+04
1.957600000000000000e+04 1.826000000000000000e+04
1.955000000000000000e+04 1.829700000000000000e+04
1.955100000000000000e+04 1.829600000000000000e+04
1.955300000000000000e+04 1.829200000000000000e+04
1.957900000000000000e+04 1.824800000000000000e+04
1.957300000000000000e+04 1.826100000000000000e+04
1.957000000000000000e+04 1.827200000000000000e+04
1.959900000000000000e+04 1.821600000000000000e+04
1.958500000000000000e+04 1.824700000000000000e+04
1.958700000000000000e+04 1.823100000000000000e+04
1.963200000000000000e+04 1.813600000000000000e+04
1.964700000000000000e+04 1.811000000000000000e+04
1.962800000000000000e+04 1.815100000000000000e+04
1.963800000000000000e+04 1.813000000000000000e+04
1.965700000000000000e+04 1.810000000000000000e+04
1.959100000000000000e+04 1.822300000000000000e+04
1.960600000000000000e+04 1.820000000000000000e+04
1.962100000000000000e+04 1.815500000000000000e+04
1.961800000000000000e+04 1.815600000000000000e+04
1.961700000000000000e+04 1.817000000000000000e+04
1.960800000000000000e+04 1.818200000000000000e+04
1.960300000000000000e+04 1.821100000000000000e+04
1.966500000000000000e+04 1.806200000000000000e+04
1.967500000000000000e+04 1.803300000000000000e+04
1.966400000000000000e+04 1.808400000000000000e+04
1.966800000000000000e+04 1.804000000000000000e+04
1.967800000000000000e+04 1.802800000000000000e+04
1.967100000000000000e+04 1.803600000000000000e+04
1.968900000000000000e+04 1.800700000000000000e+04
1.968600000000000000e+04 1.801800000000000000e+04
1.970100000000000000e+04 1.797100000000000000e+04
1.969400000000000000e+04 1.799400000000000000e+04
1.969700000000000000e+04 1.798400000000000000e+04
1.970000000000000000e+04 1.797800000000000000e+04
1.972000000000000000e+04 1.794100000000000000e+04
1.970500000000000000e+04 1.794400000000000000e+04
1.970200000000000000e+04 1.794900000000000000e+04
1.972900000000000000e+04 1.792600000000000000e+04
1.973600000000000000e+04 1.791800000000000000e+04
1.975800000000000000e+04 1.788800000000000000e+04
1.976400000000000000e+04 1.786800000000000000e+04
1.974400000000000000e+04 1.791500000000000000e+04
1.976800000000000000e+04 1.784600000000000000e+04
1.975000000000000000e+04 1.790700000000000000e+04
1.976100000000000000e+04 1.787900000000000000e+04
1.976500000000000000e+04 1.786000000000000000e+04
1.977600000000000000e+04 1.782200000000000000e+04
1.978000000000000000e+04 1.780000000000000000e+04
1.978100000000000000e+04 1.777100000000000000e+04
1.979300000000000000e+04 1.777000000000000000e+04
1.977700000000000000e+04 1.781200000000000000e+04
1.979400000000000000e+04 1.774500000000000000e+04
1.980300000000000000e+04 1.773500000000000000e+04
1.980600000000000000e+04 1.771800000000000000e+04
1.983800000000000000e+04 1.765700000000000000e+04
1.980900000000000000e+04 1.771200000000000000e+04
1.985600000000000000e+04 1.758200000000000000e+04
1.984700000000000000e+04 1.760900000000000000e+04
1.985800000000000000e+04 1.758000000000000000e+04
1.984500000000000000e+04 1.761600000000000000e+04
1.984200000000000000e+04 1.763500000000000000e+04
1.985000000000000000e+04 1.760400000000000000e+04
1.985400000000000000e+04 1.759000000000000000e+04
1.985500000000000000e+04 1.758400000000000000e+04
1.986200000000000000e+04 1.756800000000000000e+04
1.989100000000000000e+04 1.751500000000000000e+04
1.987900000000000000e+04 1.756600000000000000e+04
1.990600000000000000e+04 1.745300000000000000e+04
1.991500000000000000e+04 1.744800000000000000e+04
1.989300000000000000e+04 1.751100000000000000e+04
1.989500000000000000e+04 1.748400000000000000e+04
1.989900000000000000e+04 1.747400000000000000e+04
1.990100000000000000e+04 1.746700000000000000e+04
1.990300000000000000e+04 1.746200000000000000e+04
1.992400000000000000e+04 1.739900000000000000e+04
1.991800000000000000e+04 1.742400000000000000e+04
1.992800000000000000e+04 1.737100000000000000e+04
1.993400000000000000e+04 1.734800000000000000e+04
1.992700000000000000e+04 1.737200000000000000e+04
1.993200000000000000e+04 1.735200000000000000e+04
1.994000000000000000e+04 1.731200000000000000e+04
1.993900000000000000e+04 1.733500000000000000e+04
1.997200000000000000e+04 1.721400000000000000e+04
1.996200000000000000e+04 1.725100000000000000e+04
1.997300000000000000e+04 1.717700000000000000e+04
1.995500000000000000e+04 1.728200000000000000e+04
1.995000000000000000e+04 1.729500000000000000e+04
1.994500000000000000e+04 1.730800000000000000e+04
1.996100000000000000e+04 1.725500000000000000e+04
1.997000000000000000e+04 1.724900000000000000e+04
1.995700000000000000e+04 1.725900000000000000e+04
1.998300000000000000e+04 1.714000000000000000e+04
1.998200000000000000e+04 1.714200000000000000e+04
1.998000000000000000e+04 1.715300000000000000e+04
1.997900000000000000e+04 1.716700000000000000e+04
2.000700000000000000e+04 1.707700000000000000e+04
2.000300000000000000e+04 1.708200000000000000e+04
1.998700000000000000e+04 1.710600000000000000e+04
1.999200000000000000e+04 1.710500000000000000e+04
2.001600000000000000e+04 1.699500000000000000e+04
2.001800000000000000e+04 1.695400000000000000e+04
1.999700000000000000e+04 1.708400000000000000e+04
2.001100000000000000e+04 1.701000000000000000e+04
2.002400000000000000e+04 1.691700000000000000e+04
2.002800000000000000e+04 1.687700000000000000e+04
2.002100000000000000e+04 1.693400000000000000e+04
2.003200000000000000e+04 1.684100000000000000e+04
2.004400000000000000e+04 1.679700000000000000e+04
2.004600000000000000e+04 1.678600000000000000e+04
2.006000000000000000e+04 1.669600000000000000e+04
2.005900000000000000e+04 1.670900000000000000e+04
2.003300000000000000e+04 1.682000000000000000e+04
2.004200000000000000e+04 1.681200000000000000e+04
2.005000000000000000e+04 1.674800000000000000e+04
2.006300000000000000e+04 1.666300000000000000e+04
2.006500000000000000e+04 1.651200000000000000e+04
2.006400000000000000e+04 1.655000000000000000e+04
2.005600000000000000e+04 1.671700000000000000e+04
1.714400000000000000e+04 2.022600000000000000e+04
1.707600000000000000e+04 2.025000000000000000e+04
1.736800000000000000e+04 2.015100000000000000e+04
1.798300000000000000e+04 1.987000000000000000e+04
1.790600000000000000e+04 1.990900000000000000e+04
1.843000000000000000e+04 1.959800000000000000e+04
1.844900000000000000e+04 1.958200000000000000e+04
1.838500000000000000e+04 1.962500000000000000e+04
1.841900000000000000e+04 1.960700000000000000e+04
1.839600000000000000e+04 1.962400000000000000e+04
1.932500000000000000e+04 1.867900000000000000e+04
1.912800000000000000e+04 1.893700000000000000e+04
1.909600000000000000e+04 1.895900000000000000e+04
1.847500000000000000e+04 1.956900000000000000e+04
1.850300000000000000e+04 1.954300000000000000e+04
1.852800000000000000e+04 1.952800000000000000e+04
1.853500000000000000e+04 1.951300000000000000e+04
1.850100000000000000e+04 1.954600000000000000e+04
1.851000000000000000e+04 1.954000000000000000e+04
1.927900000000000000e+04 1.874800000000000000e+04
1.929000000000000000e+04 1.872300000000000000e+04
1.928900000000000000e+04 1.873700000000000000e+04
1.931200000000000000e+04 1.872200000000000000e+04
1.855900000000000000e+04 1.950200000000000000e+04
1.856700000000000000e+04 1.949300000000000000e+04
1.857000000000000000e+04 1.948900000000000000e+04
1.862100000000000000e+04 1.945200000000000000e+04
1.860400000000000000e+04 1.948200000000000000e+04
1.862000000000000000e+04 1.945500000000000000e+04
1.863700000000000000e+04 1.943900000000000000e+04
1.860500000000000000e+04 1.945600000000000000e+04
1.862800000000000000e+04 1.944700000000000000e+04
1.865900000000000000e+04 1.942200000000000000e+04
1.864700000000000000e+04 1.942800000000000000e+04
1.870100000000000000e+04 1.938100000000000000e+04
1.869400000000000000e+04 1.939400000000000000e+04
1.867800000000000000e+04 1.941900000000000000e+04
1.867500000000000000e+04 1.942100000000000000e+04
1.868300000000000000e+04 1.940200000000000000e+04
1.868800000000000000e+04 1.939600000000000000e+04
1.869900000000000000e+04 1.938200000000000000e+04
1.911500000000000000e+04 1.894400000000000000e+04
1.915300000000000000e+04 1.890500000000000000e+04
1.913900000000000000e+04 1.891100000000000000e+04
1.915800000000000000e+04 1.889200000000000000e+04
1.915700000000000000e+04 1.889700000000000000e+04
1.916400000000000000e+04 1.888300000000000000e+04
1.914200000000000000e+04 1.891000000000000000e+04
1.913800000000000000e+04 1.892300000000000000e+04
1.915900000000000000e+04 1.888800000000000000e+04
1.927300000000000000e+04 1.875100000000000000e+04
1.926900000000000000e+04 1.875500000000000000e+04
1.928800000000000000e+04 1.874200000000000000e+04
1.916500000000000000e+04 1.887800000000000000e+04
1.919000000000000000e+04 1.886400000000000000e+04
1.920800000000000000e+04 1.884900000000000000e+04
1.918700000000000000e+04 1.887500000000000000e+04
1.919300000000000000e+04 1.885000000000000000e+04
1.921300000000000000e+04 1.883300000000000000e+04
1.922900000000000000e+04 1.881600000000000000e+04
1.923600000000000000e+04 1.880100000000000000e+04
1.923800000000000000e+04 1.880000000000000000e+04
1.924100000000000000e+04 1.878800000000000000e+04
1.924400000000000000e+04 1.878100000000000000e+04
1.925000000000000000e+04 1.877000000000000000e+04
1.933200000000000000e+04 1.867600000000000000e+04
1.935100000000000000e+04 1.865300000000000000e+04
1.934000000000000000e+04 1.866700000000000000e+04
1.935800000000000000e+04 1.863000000000000000e+04
1.934400000000000000e+04 1.865400000000000000e+04
1.935500000000000000e+04 1.863800000000000000e+04
1.936700000000000000e+04 1.861800000000000000e+04
1.935200000000000000e+04 1.864700000000000000e+04
1.936600000000000000e+04 1.862200000000000000e+04
1.935700000000000000e+04 1.863400000000000000e+04
1.938100000000000000e+04 1.859800000000000000e+04
1.939200000000000000e+04 1.858200000000000000e+04
1.937600000000000000e+04 1.861200000000000000e+04
1.936900000000000000e+04 1.861700000000000000e+04
1.937900000000000000e+04 1.860100000000000000e+04
1.982100000000000000e+04 1.768700000000000000e+04
1.983100000000000000e+04 1.767100000000000000e+04
1.981800000000000000e+04 1.770800000000000000e+04
1.982800000000000000e+04 1.767300000000000000e+04
1.982200000000000000e+04 1.768000000000000000e+04
1.989000000000000000e+04 1.751600000000000000e+04
1.988900000000000000e+04 1.754500000000000000e+04
1.941400000000000000e+04 1.852700000000000000e+04
1.940000000000000000e+04 1.855000000000000000e+04
1.939600000000000000e+04 1.855500000000000000e+04
1.941600000000000000e+04 1.851700000000000000e+04
1.941700000000000000e+04 1.851500000000000000e+04
1.941900000000000000e+04 1.851100000000000000e+04
1.940600000000000000e+04 1.854200000000000000e+04
1.940700000000000000e+04 1.854000000000000000e+04
1.941100000000000000e+04 1.852800000000000000e+04
1.945000000000000000e+04 1.849200000000000000e+04
1.944400000000000000e+04 1.851000000000000000e+04
1.944700000000000000e+04 1.849900000000000000e+04
1.948700000000000000e+04 1.843900000000000000e+04
1.945800000000000000e+04 1.848000000000000000e+04
1.948300000000000000e+04 1.844100000000000000e+04
1.945900000000000000e+04 1.847600000000000000e+04
1.945600000000000000e+04 1.848500000000000000e+04
1.947700000000000000e+04 1.847300000000000000e+04
1.948200000000000000e+04 1.845300000000000000e+04
1.949000000000000000e+04 1.842100000000000000e+04
1.948900000000000000e+04 1.843000000000000000e+04
1.950900000000000000e+04 1.840300000000000000e+04
1.949800000000000000e+04 1.840500000000000000e+04
1.949200000000000000e+04 1.841700000000000000e+04
1.643400000000000000e+04 2.042000000000000000e+04
1.640700000000000000e+04 2.042200000000000000e+04
1.636100000000000000e+04 2.042300000000000000e+04
1.650500000000000000e+04 2.039900000000000000e+04
1.653600000000000000e+04 2.039000000000000000e+04
1.650900000000000000e+04 2.039700000000000000e+04
1.651500000000000000e+04 2.039400000000000000e+04
1.652400000000000000e+04 2.039200000000000000e+04
1.655500000000000000e+04 2.038700000000000000e+04
1.649200000000000000e+04 2.040600000000000000e+04
1.653900000000000000e+04 2.038900000000000000e+04
1.661300000000000000e+04 2.037700000000000000e+04
1.658200000000000000e+04 2.038000000000000000e+04
1.663500000000000000e+04 2.037300000000000000e+04
1.667100000000000000e+04 2.036700000000000000e+04
1.671600000000000000e+04 2.035400000000000000e+04
1.671700000000000000e+04 2.035000000000000000e+04
1.676900000000000000e+04 2.034600000000000000e+04
1.668500000000000000e+04 2.036400000000000000e+04
1.677100000000000000e+04 2.034200000000000000e+04
1.674900000000000000e+04 2.034800000000000000e+04
1.680600000000000000e+04 2.033800000000000000e+04
1.685600000000000000e+04 2.032300000000000000e+04
1.686200000000000000e+04 2.031300000000000000e+04
1.681500000000000000e+04 2.033200000000000000e+04
1.681900000000000000e+04 2.032700000000000000e+04
1.685800000000000000e+04 2.031700000000000000e+04
1.694500000000000000e+04 2.030500000000000000e+04
1.696400000000000000e+04 2.029800000000000000e+04
1.696100000000000000e+04 2.029900000000000000e+04
1.692100000000000000e+04 2.031100000000000000e+04
1.694700000000000000e+04 2.030300000000000000e+04
1.700500000000000000e+04 2.028500000000000000e+04
1.699000000000000000e+04 2.029200000000000000e+04
1.700100000000000000e+04 2.028600000000000000e+04
1.704300000000000000e+04 2.027700000000000000e+04
1.703800000000000000e+04 2.028400000000000000e+04
1.707300000000000000e+04 2.025400000000000000e+04
1.704000000000000000e+04 2.027900000000000000e+04
1.704700000000000000e+04 2.027500000000000000e+04
1.707000000000000000e+04 2.026400000000000000e+04
1.705400000000000000e+04 2.026700000000000000e+04
1.705100000000000000e+04 2.026800000000000000e+04
1.709200000000000000e+04 2.025300000000000000e+04
1.707100000000000000e+04 2.025800000000000000e+04
1.713800000000000000e+04 2.023400000000000000e+04
1.713500000000000000e+04 2.023500000000000000e+04
1.719700000000000000e+04 2.022700000000000000e+04
1.712900000000000000e+04 2.025200000000000000e+04
1.722800000000000000e+04 2.021600000000000000e+04
1.719100000000000000e+04 2.022900000000000000e+04
1.722400000000000000e+04 2.021700000000000000e+04
1.721200000000000000e+04 2.022200000000000000e+04
1.726500000000000000e+04 2.021200000000000000e+04
1.732900000000000000e+04 2.019500000000000000e+04
1.735500000000000000e+04 2.017100000000000000e+04
1.734100000000000000e+04 2.018500000000000000e+04
1.734900000000000000e+04 2.017600000000000000e+04
1.736500000000000000e+04 2.017000000000000000e+04
1.738400000000000000e+04 2.016000000000000000e+04
1.739500000000000000e+04 2.015300000000000000e+04
1.737800000000000000e+04 2.016400000000000000e+04
1.747400000000000000e+04 2.013200000000000000e+04
1.742300000000000000e+04 2.014400000000000000e+04
1.740900000000000000e+04 2.015100000000000000e+04
1.747600000000000000e+04 2.012200000000000000e+04
1.745100000000000000e+04 2.013400000000000000e+04
1.750600000000000000e+04 2.011100000000000000e+04
1.751900000000000000e+04 2.010100000000000000e+04
1.751800000000000000e+04 2.010600000000000000e+04
1.753400000000000000e+04 2.009900000000000000e+04
1.748700000000000000e+04 2.012100000000000000e+04
1.755800000000000000e+04 2.008100000000000000e+04
1.753900000000000000e+04 2.009000000000000000e+04
1.756400000000000000e+04 2.007600000000000000e+04
1.755200000000000000e+04 2.008600000000000000e+04
1.761900000000000000e+04 2.004700000000000000e+04
1.757200000000000000e+04 2.007400000000000000e+04
1.760900000000000000e+04 2.006400000000000000e+04
1.761600000000000000e+04 2.006000000000000000e+04
1.758600000000000000e+04 2.007200000000000000e+04
1.768700000000000000e+04 2.003600000000000000e+04
1.763500000000000000e+04 2.004300000000000000e+04
1.768600000000000000e+04 2.003900000000000000e+04
1.766900000000000000e+04 2.004200000000000000e+04
1.770400000000000000e+04 2.003300000000000000e+04
1.776300000000000000e+04 2.000100000000000000e+04
1.770800000000000000e+04 2.002800000000000000e+04
1.775100000000000000e+04 2.000700000000000000e+04
1.770900000000000000e+04 2.002000000000000000e+04
1.772600000000000000e+04 2.001600000000000000e+04
1.777100000000000000e+04 1.998600000000000000e+04
1.792600000000000000e+04 1.991800000000000000e+04
1.785300000000000000e+04 1.993600000000000000e+04
1.790500000000000000e+04 1.992000000000000000e+04
1.788700000000000000e+04 1.993500000000000000e+04
1.796600000000000000e+04 1.990100000000000000e+04
1.797900000000000000e+04 1.989200000000000000e+04
1.801300000000000000e+04 1.987500000000000000e+04
1.797400000000000000e+04 1.990000000000000000e+04
1.796300000000000000e+04 1.991500000000000000e+04
1.801900000000000000e+04 1.987000000000000000e+04
1.799700000000000000e+04 1.988800000000000000e+04
1.803400000000000000e+04 1.986400000000000000e+04
1.803000000000000000e+04 1.986700000000000000e+04
1.800300000000000000e+04 1.988100000000000000e+04
1.806400000000000000e+04 1.985600000000000000e+04
1.814600000000000000e+04 1.979400000000000000e+04
1.818100000000000000e+04 1.978600000000000000e+04
1.823500000000000000e+04 1.974500000000000000e+04
1.820600000000000000e+04 1.976900000000000000e+04
1.822700000000000000e+04 1.974700000000000000e+04
1.812900000000000000e+04 1.979900000000000000e+04
1.814200000000000000e+04 1.979800000000000000e+04
1.812600000000000000e+04 1.981100000000000000e+04
1.815500000000000000e+04 1.979000000000000000e+04
1.815200000000000000e+04 1.979100000000000000e+04
1.821500000000000000e+04 1.976700000000000000e+04
1.822300000000000000e+04 1.975700000000000000e+04
1.819600000000000000e+04 1.977500000000000000e+04
1.819700000000000000e+04 1.977000000000000000e+04
1.811200000000000000e+04 1.982100000000000000e+04
1.816700000000000000e+04 1.978900000000000000e+04
1.825000000000000000e+04 1.972600000000000000e+04
1.824900000000000000e+04 1.973100000000000000e+04
1.826000000000000000e+04 1.971800000000000000e+04
1.825200000000000000e+04 1.972300000000000000e+04
1.824100000000000000e+04 1.973600000000000000e+04
1.829200000000000000e+04 1.970800000000000000e+04
1.828300000000000000e+04 1.971100000000000000e+04
1.827900000000000000e+04 1.971400000000000000e+04
1.832100000000000000e+04 1.968800000000000000e+04
1.834000000000000000e+04 1.968200000000000000e+04
1.832800000000000000e+04 1.968300000000000000e+04
1.831900000000000000e+04 1.969800000000000000e+04
1.839800000000000000e+04 1.965300000000000000e+04
1.837400000000000000e+04 1.965400000000000000e+04
1.836700000000000000e+04 1.966400000000000000e+04
1.836400000000000000e+04 1.967500000000000000e+04
1.840000000000000000e+04 1.964100000000000000e+04
1.836500000000000000e+04 1.966800000000000000e+04
1.840200000000000000e+04 1.961300000000000000e+04
1.842200000000000000e+04 1.959900000000000000e+04
1.842000000000000000e+04 1.961000000000000000e+04
1.842800000000000000e+04 1.959800000000000000e+04
1.847300000000000000e+04 1.958000000000000000e+04
1.847400000000000000e+04 1.956400000000000000e+04
1.851200000000000000e+04 1.953700000000000000e+04
1.852300000000000000e+04 1.953400000000000000e+04
1.852100000000000000e+04 1.953500000000000000e+04
1.850800000000000000e+04 1.953800000000000000e+04
1.852500000000000000e+04 1.952900000000000000e+04
1.849200000000000000e+04 1.956100000000000000e+04
1.848200000000000000e+04 1.956300000000000000e+04
1.849700000000000000e+04 1.954800000000000000e+04
1.846800000000000000e+04 1.959400000000000000e+04
1.850500000000000000e+04 1.953900000000000000e+04
1.849400000000000000e+04 1.955900000000000000e+04
1.852800000000000000e+04 1.952100000000000000e+04
1.849900000000000000e+04 1.954700000000000000e+04
1.853000000000000000e+04 1.951900000000000000e+04
1.854300000000000000e+04 1.950000000000000000e+04
1.853300000000000000e+04 1.951500000000000000e+04
1.853700000000000000e+04 1.950300000000000000e+04
1.853500000000000000e+04 1.950800000000000000e+04
1.858700000000000000e+04 1.946900000000000000e+04
1.856700000000000000e+04 1.949000000000000000e+04
1.857300000000000000e+04 1.947500000000000000e+04
1.858000000000000000e+04 1.947300000000000000e+04
1.861500000000000000e+04 1.946000000000000000e+04
1.862000000000000000e+04 1.945300000000000000e+04
1.865000000000000000e+04 1.942400000000000000e+04
1.867100000000000000e+04 1.940200000000000000e+04
1.862400000000000000e+04 1.945200000000000000e+04
1.865700000000000000e+04 1.941800000000000000e+04
1.863700000000000000e+04 1.944200000000000000e+04
1.866200000000000000e+04 1.941500000000000000e+04
1.869700000000000000e+04 1.938800000000000000e+04
1.870600000000000000e+04 1.937100000000000000e+04
1.870100000000000000e+04 1.937700000000000000e+04
1.871600000000000000e+04 1.936500000000000000e+04
1.875700000000000000e+04 1.933800000000000000e+04
1.872400000000000000e+04 1.936300000000000000e+04
1.872700000000000000e+04 1.935400000000000000e+04
1.874400000000000000e+04 1.933900000000000000e+04
1.873100000000000000e+04 1.935300000000000000e+04
1.874000000000000000e+04 1.934300000000000000e+04
1.873200000000000000e+04 1.934400000000000000e+04
1.878500000000000000e+04 1.928300000000000000e+04
1.877100000000000000e+04 1.930100000000000000e+04
1.879300000000000000e+04 1.927000000000000000e+04
1.884700000000000000e+04 1.923600000000000000e+04
1.881300000000000000e+04 1.925600000000000000e+04
1.883800000000000000e+04 1.923700000000000000e+04
1.887500000000000000e+04 1.919600000000000000e+04
1.887100000000000000e+04 1.920600000000000000e+04
1.888200000000000000e+04 1.918400000000000000e+04
1.888100000000000000e+04 1.918500000000000000e+04
1.887600000000000000e+04 1.919400000000000000e+04
1.887800000000000000e+04 1.918700000000000000e+04
1.888800000000000000e+04 1.917700000000000000e+04
1.880800000000000000e+04 1.926800000000000000e+04
1.883000000000000000e+04 1.925000000000000000e+04
1.886100000000000000e+04 1.921600000000000000e+04
1.886300000000000000e+04 1.921500000000000000e+04
1.885100000000000000e+04 1.921900000000000000e+04
1.888500000000000000e+04 1.917800000000000000e+04
1.889900000000000000e+04 1.916600000000000000e+04
1.889200000000000000e+04 1.917200000000000000e+04
1.890100000000000000e+04 1.916500000000000000e+04
1.892200000000000000e+04 1.916100000000000000e+04
1.894800000000000000e+04 1.913000000000000000e+04
1.896200000000000000e+04 1.910600000000000000e+04
1.895600000000000000e+04 1.912500000000000000e+04
1.894300000000000000e+04 1.914200000000000000e+04
1.897200000000000000e+04 1.909700000000000000e+04
1.895900000000000000e+04 1.911600000000000000e+04
1.896600000000000000e+04 1.909900000000000000e+04
1.901300000000000000e+04 1.902900000000000000e+04
1.901800000000000000e+04 1.902200000000000000e+04
1.901100000000000000e+04 1.903500000000000000e+04
1.900400000000000000e+04 1.905800000000000000e+04
1.900700000000000000e+04 1.903700000000000000e+04
1.903800000000000000e+04 1.902000000000000000e+04
1.905700000000000000e+04 1.900200000000000000e+04
1.906800000000000000e+04 1.898800000000000000e+04
1.905200000000000000e+04 1.900800000000000000e+04
1.906300000000000000e+04 1.899600000000000000e+04
1.908400000000000000e+04 1.897400000000000000e+04
1.909000000000000000e+04 1.897300000000000000e+04
1.907800000000000000e+04 1.898300000000000000e+04
1.910100000000000000e+04 1.896700000000000000e+04
1.910400000000000000e+04 1.894700000000000000e+04
1.912300000000000000e+04 1.892200000000000000e+04
1.913800000000000000e+04 1.891500000000000000e+04
1.911900000000000000e+04 1.893200000000000000e+04
1.911400000000000000e+04 1.894300000000000000e+04
1.912500000000000000e+04 1.891800000000000000e+04
1.915100000000000000e+04 1.888200000000000000e+04
1.916100000000000000e+04 1.887300000000000000e+04
1.915400000000000000e+04 1.887700000000000000e+04
1.915600000000000000e+04 1.887400000000000000e+04
1.920900000000000000e+04 1.885200000000000000e+04
1.921300000000000000e+04 1.882800000000000000e+04
1.927600000000000000e+04 1.872800000000000000e+04
1.927200000000000000e+04 1.873600000000000000e+04
1.929100000000000000e+04 1.869400000000000000e+04
1.931100000000000000e+04 1.868800000000000000e+04
1.932100000000000000e+04 1.865000000000000000e+04
1.934400000000000000e+04 1.863000000000000000e+04
1.931500000000000000e+04 1.865900000000000000e+04
1.931700000000000000e+04 1.865500000000000000e+04
1.934800000000000000e+04 1.862500000000000000e+04
1.934000000000000000e+04 1.863200000000000000e+04
1.936300000000000000e+04 1.861400000000000000e+04
1.939800000000000000e+04 1.855500000000000000e+04
1.941700000000000000e+04 1.852600000000000000e+04
1.943000000000000000e+04 1.850300000000000000e+04
1.942900000000000000e+04 1.851800000000000000e+04
1.943700000000000000e+04 1.849600000000000000e+04
1.944200000000000000e+04 1.848900000000000000e+04
1.943500000000000000e+04 1.849900000000000000e+04
1.945700000000000000e+04 1.848100000000000000e+04
1.946700000000000000e+04 1.844800000000000000e+04
1.946600000000000000e+04 1.846800000000000000e+04
1.950100000000000000e+04 1.841500000000000000e+04
1.950600000000000000e+04 1.839400000000000000e+04
1.951500000000000000e+04 1.837500000000000000e+04
1.952400000000000000e+04 1.836700000000000000e+04
1.951400000000000000e+04 1.839300000000000000e+04
1.953000000000000000e+04 1.836100000000000000e+04
1.954600000000000000e+04 1.832200000000000000e+04
1.954100000000000000e+04 1.833500000000000000e+04
1.955800000000000000e+04 1.830700000000000000e+04
1.958900000000000000e+04 1.821200000000000000e+04
1.959900000000000000e+04 1.820400000000000000e+04
1.956300000000000000e+04 1.829800000000000000e+04
1.956700000000000000e+04 1.828000000000000000e+04
1.958400000000000000e+04 1.825000000000000000e+04
1.958700000000000000e+04 1.822500000000000000e+04
1.957600000000000000e+04 1.827400000000000000e+04
1.959300000000000000e+04 1.820700000000000000e+04
1.960200000000000000e+04 1.819700000000000000e+04
1.965200000000000000e+04 1.811200000000000000e+04
1.965500000000000000e+04 1.811100000000000000e+04
1.969600000000000000e+04 1.803100000000000000e+04
1.969100000000000000e+04 1.806700000000000000e+04
1.968300000000000000e+04 1.809100000000000000e+04
1.970000000000000000e+04 1.802400000000000000e+04
1.970900000000000000e+04 1.799700000000000000e+04
1.972800000000000000e+04 1.794700000000000000e+04
1.973600000000000000e+04 1.792800000000000000e+04
1.980600000000000000e+04 1.776600000000000000e+04
1.979200000000000000e+04 1.778500000000000000e+04
1.979500000000000000e+04 1.778200000000000000e+04
1.979100000000000000e+04 1.780500000000000000e+04
1.978800000000000000e+04 1.781100000000000000e+04
1.979800000000000000e+04 1.777400000000000000e+04
1.981100000000000000e+04 1.774800000000000000e+04
1.987100000000000000e+04 1.753800000000000000e+04
1.986100000000000000e+04 1.757800000000000000e+04
1.986700000000000000e+04 1.756500000000000000e+04
1.987200000000000000e+04 1.751600000000000000e+04
1.991100000000000000e+04 1.743900000000000000e+04
1.990100000000000000e+04 1.746900000000000000e+04
1.989000000000000000e+04 1.751500000000000000e+04
1.991600000000000000e+04 1.742100000000000000e+04
1.992900000000000000e+04 1.735900000000000000e+04
1.992300000000000000e+04 1.741700000000000000e+04
1.994100000000000000e+04 1.732900000000000000e+04
1.992700000000000000e+04 1.736700000000000000e+04
1.994300000000000000e+04 1.730100000000000000e+04
1.993200000000000000e+04 1.734100000000000000e+04
1.995000000000000000e+04 1.726700000000000000e+04
1.994700000000000000e+04 1.729600000000000000e+04
1.997300000000000000e+04 1.718800000000000000e+04
1.996800000000000000e+04 1.721900000000000000e+04
1.997900000000000000e+04 1.713500000000000000e+04
1.998100000000000000e+04 1.711600000000000000e+04
1.996100000000000000e+04 1.726100000000000000e+04
1.996500000000000000e+04 1.723600000000000000e+04
1.997700000000000000e+04 1.715200000000000000e+04
1.998300000000000000e+04 1.709900000000000000e+04
1.997400000000000000e+04 1.716300000000000000e+04
1.998400000000000000e+04 1.708100000000000000e+04
1.999200000000000000e+04 1.706900000000000000e+04
1.999700000000000000e+04 1.703500000000000000e+04
2.000500000000000000e+04 1.700400000000000000e+04
2.000900000000000000e+04 1.697900000000000000e+04
2.002600000000000000e+04 1.691800000000000000e+04
2.001400000000000000e+04 1.694900000000000000e+04
2.003100000000000000e+04 1.689100000000000000e+04
2.002700000000000000e+04 1.689300000000000000e+04
2.004900000000000000e+04 1.673300000000000000e+04
2.003500000000000000e+04 1.688600000000000000e+04
2.004600000000000000e+04 1.675400000000000000e+04
2.004000000000000000e+04 1.683000000000000000e+04
2.004400000000000000e+04 1.682500000000000000e+04
2.005100000000000000e+04 1.672500000000000000e+04
2.005200000000000000e+04 1.668600000000000000e+04
2.006200000000000000e+04 1.653800000000000000e+04
2.006700000000000000e+04 1.645000000000000000e+04
2.006300000000000000e+04 1.651900000000000000e+04
2.005900000000000000e+04 1.657700000000000000e+04
2.006400000000000000e+04 1.647000000000000000e+04
2.005700000000000000e+04 1.664100000000000000e+04
1.614500000000000000e+04 2.043900000000000000e+04
1.616100000000000000e+04 2.043300000000000000e+04
1.617800000000000000e+04 2.043000000000000000e+04
1.628700000000000000e+04 2.042900000000000000e+04
1.644800000000000000e+04 2.041000000000000000e+04
1.806900000000000000e+04 1.982200000000000000e+04
1.806500000000000000e+04 1.982400000000000000e+04
1.897500000000000000e+04 1.907000000000000000e+04
1.898800000000000000e+04 1.906600000000000000e+04
1.928600000000000000e+04 1.871900000000000000e+04
1.917100000000000000e+04 1.885600000000000000e+04
1.917300000000000000e+04 1.885500000000000000e+04
1.916300000000000000e+04 1.886500000000000000e+04
1.914600000000000000e+04 1.889100000000000000e+04
1.914000000000000000e+04 1.889200000000000000e+04
1.933500000000000000e+04 1.863300000000000000e+04
1.929000000000000000e+04 1.870700000000000000e+04
1.931300000000000000e+04 1.867300000000000000e+04
1.927000000000000000e+04 1.873700000000000000e+04
1.926600000000000000e+04 1.878400000000000000e+04
1.922100000000000000e+04 1.882400000000000000e+04
1.924000000000000000e+04 1.880400000000000000e+04
1.923100000000000000e+04 1.881100000000000000e+04
1.923000000000000000e+04 1.881600000000000000e+04
1.923400000000000000e+04 1.880700000000000000e+04
1.948800000000000000e+04 1.843300000000000000e+04
1.948300000000000000e+04 1.844300000000000000e+04
1.946800000000000000e+04 1.844500000000000000e+04
1.963000000000000000e+04 1.815600000000000000e+04
1.970700000000000000e+04 1.800000000000000000e+04
1.971400000000000000e+04 1.797500000000000000e+04
1.972200000000000000e+04 1.796000000000000000e+04
1.970300000000000000e+04 1.800600000000000000e+04
1.961200000000000000e+04 1.818900000000000000e+04
1.960800000000000000e+04 1.819400000000000000e+04
1.977100000000000000e+04 1.787900000000000000e+04
1.976200000000000000e+04 1.789000000000000000e+04
1.976500000000000000e+04 1.788300000000000000e+04
1.978200000000000000e+04 1.786000000000000000e+04
1.978600000000000000e+04 1.783100000000000000e+04
1.977400000000000000e+04 1.787400000000000000e+04
1.984600000000000000e+04 1.765300000000000000e+04
1.982800000000000000e+04 1.771400000000000000e+04
1.983900000000000000e+04 1.768400000000000000e+04
1.984300000000000000e+04 1.767600000000000000e+04
1.983700000000000000e+04 1.769100000000000000e+04
1.983400000000000000e+04 1.769200000000000000e+04
1.983200000000000000e+04 1.769500000000000000e+04
1.982900000000000000e+04 1.771000000000000000e+04
1.964000000000000000e+04 1.815200000000000000e+04
1.962900000000000000e+04 1.816100000000000000e+04
1.963300000000000000e+04 1.815400000000000000e+04
1.962200000000000000e+04 1.817800000000000000e+04
1.961800000000000000e+04 1.817900000000000000e+04
1.961700000000000000e+04 1.818300000000000000e+04
1.982500000000000000e+04 1.774400000000000000e+04
1.981300000000000000e+04 1.774600000000000000e+04
1.975300000000000000e+04 1.791900000000000000e+04
1.974000000000000000e+04 1.792100000000000000e+04
1.936800000000000000e+04 1.859600000000000000e+04
1.939100000000000000e+04 1.858800000000000000e+04
1.939300000000000000e+04 1.856000000000000000e+04
1.941000000000000000e+04 1.853700000000000000e+04
1.939200000000000000e+04 1.857300000000000000e+04
1.940500000000000000e+04 1.854600000000000000e+04
1.940100000000000000e+04 1.854800000000000000e+04
1.940000000000000000e+04 1.855100000000000000e+04
1.940600000000000000e+04 1.854500000000000000e+04
1.965000000000000000e+04 1.811700000000000000e+04
1.964700000000000000e+04 1.812800000000000000e+04
1.966500000000000000e+04 1.810500000000000000e+04
1.964600000000000000e+04 1.814400000000000000e+04
1.951800000000000000e+04 1.837400000000000000e+04
1.984800000000000000e+04 1.763800000000000000e+04
1.984900000000000000e+04 1.763100000000000000e+04
1.984700000000000000e+04 1.765200000000000000e+04
1.985500000000000000e+04 1.763000000000000000e+04
