2.331200000000000000e+04 2.358000000000000000e+04 3.030200000000000000e+04
2.338900000000000000e+04 2.380000000000000000e+04 3.027400000000000000e+04
2.338900000000000000e+04 2.382400000000000000e+04 3.027200000000000000e+04
2.339400000000000000e+04 2.358900000000000000e+04 3.030200000000000000e+04
2.341100000000000000e+04 2.369600000000000000e+04 3.029600000000000000e+04
2.341500000000000000e+04 2.355800000000000000e+04 3.030100000000000000e+04
2.343100000000000000e+04 2.354400000000000000e+04 3.031500000000000000e+04
2.343700000000000000e+04 2.380100000000000000e+04 3.027300000000000000e+04
2.344500000000000000e+04 2.363400000000000000e+04 3.029200000000000000e+04
2.344500000000000000e+04 2.372000000000000000e+04 3.028100000000000000e+04
2.344600000000000000e+04 2.357100000000000000e+04 3.030000000000000000e+04
2.344700000000000000e+04 2.353200000000000000e+04 3.031800000000000000e+04
2.344700000000000000e+04 2.379800000000000000e+04 3.027600000000000000e+04
2.345300000000000000e+04 2.383400000000000000e+04 3.027000000000000000e+04
2.347400000000000000e+04 2.359100000000000000e+04 3.029100000000000000e+04
2.347900000000000000e+04 2.370900000000000000e+04 3.028400000000000000e+04
2.348200000000000000e+04 2.358600000000000000e+04 3.028100000000000000e+04
2.348200000000000000e+04 2.360000000000000000e+04 3.028100000000000000e+04
2.348200000000000000e+04 2.423400000000000000e+04 3.017900000000000000e+04
2.348700000000000000e+04 2.355800000000000000e+04 3.029500000000000000e+04
2.348800000000000000e+04 2.384000000000000000e+04 3.026700000000000000e+04
2.348900000000000000e+04 2.358000000000000000e+04 3.028300000000000000e+04
2.350400000000000000e+04 2.380200000000000000e+04 3.027000000000000000e+04
2.351400000000000000e+04 2.393000000000000000e+04 3.024100000000000000e+04
2.351400000000000000e+04 2.429300000000000000e+04 3.015100000000000000e+04
2.351700000000000000e+04 2.392900000000000000e+04 3.024200000000000000e+04
2.351800000000000000e+04 2.354100000000000000e+04 3.028400000000000000e+04
2.352000000000000000e+04 2.422400000000000000e+04 3.018700000000000000e+04
2.352200000000000000e+04 2.422400000000000000e+04 3.018100000000000000e+04
2.352200000000000000e+04 2.430200000000000000e+04 3.014000000000000000e+04
2.352500000000000000e+04 2.382200000000000000e+04 3.026800000000000000e+04
2.352700000000000000e+04 2.429100000000000000e+04 3.015000000000000000e+04
2.353000000000000000e+04 2.352500000000000000e+04 3.030500000000000000e+04
2.353000000000000000e+04 2.430400000000000000e+04 3.013100000000000000e+04
2.353600000000000000e+04 2.345800000000000000e+04 3.031500000000000000e+04
2.353900000000000000e+04 2.357300000000000000e+04 3.028000000000000000e+04
2.354000000000000000e+04 2.434600000000000000e+04 3.012000000000000000e+04
2.354100000000000000e+04 2.427100000000000000e+04 3.016600000000000000e+04
2.354600000000000000e+04 2.402300000000000000e+04 3.023200000000000000e+04
2.354600000000000000e+04 2.427500000000000000e+04 3.016100000000000000e+04
2.354600000000000000e+04 2.428300000000000000e+04 3.015600000000000000e+04
2.354800000000000000e+04 2.290500000000000000e+04 3.038800000000000000e+04
2.355100000000000000e+04 2.362500000000000000e+04 3.027300000000000000e+04
2.355100000000000000e+04 2.364200000000000000e+04 3.027600000000000000e+04
2.355700000000000000e+04 2.392600000000000000e+04 3.025300000000000000e+04
2.355800000000000000e+04 2.358400000000000000e+04 3.027600000000000000e+04
2.355800000000000000e+04 2.397700000000000000e+04 3.023900000000000000e+04
2.355900000000000000e+04 2.433700000000000000e+04 3.013000000000000000e+04
2.356100000000000000e+04 2.428900000000000000e+04 3.014500000000000000e+04
2.356300000000000000e+04 2.424900000000000000e+04 3.016500000000000000e+04
2.356300000000000000e+04 2.425900000000000000e+04 3.015800000000000000e+04
2.356600000000000000e+04 2.374000000000000000e+04 3.026000000000000000e+04
2.356600000000000000e+04 2.400700000000000000e+04 3.023600000000000000e+04
2.356700000000000000e+04 2.430100000000000000e+04 3.013500000000000000e+04
2.356900000000000000e+04 2.391900000000000000e+04 3.023800000000000000e+04
2.357000000000000000e+04 2.425200000000000000e+04 3.016100000000000000e+04
2.358700000000000000e+04 2.364900000000000000e+04 3.026900000000000000e+04
2.359600000000000000e+04 2.429500000000000000e+04 3.013300000000000000e+04
2.359700000000000000e+04 2.405800000000000000e+04 3.022800000000000000e+04
2.360300000000000000e+04 2.296300000000000000e+04 3.037800000000000000e+04
2.360800000000000000e+04 2.302800000000000000e+04 3.037100000000000000e+04
2.361200000000000000e+04 2.364300000000000000e+04 3.026600000000000000e+04
2.361800000000000000e+04 2.287500000000000000e+04 3.039200000000000000e+04
2.362600000000000000e+04 2.451500000000000000e+04 3.004900000000000000e+04
2.362700000000000000e+04 2.369400000000000000e+04 3.026500000000000000e+04
2.363200000000000000e+04 2.425000000000000000e+04 3.016300000000000000e+04
2.363400000000000000e+04 2.301500000000000000e+04 3.036000000000000000e+04
2.364100000000000000e+04 2.366700000000000000e+04 3.026400000000000000e+04
2.365000000000000000e+04 2.410800000000000000e+04 3.021300000000000000e+04
2.365600000000000000e+04 2.353400000000000000e+04 3.029200000000000000e+04
2.365600000000000000e+04 2.422300000000000000e+04 3.018300000000000000e+04
2.365700000000000000e+04 2.362000000000000000e+04 3.026400000000000000e+04
2.365800000000000000e+04 2.333200000000000000e+04 3.034000000000000000e+04
2.366400000000000000e+04 2.295300000000000000e+04 3.037600000000000000e+04
2.366600000000000000e+04 2.283000000000000000e+04 3.038800000000000000e+04
2.367200000000000000e+04 2.296500000000000000e+04 3.037300000000000000e+04
2.367300000000000000e+04 2.352900000000000000e+04 3.027800000000000000e+04
2.367400000000000000e+04 2.328800000000000000e+04 3.035900000000000000e+04
2.367600000000000000e+04 2.335400000000000000e+04 3.033800000000000000e+04
2.367900000000000000e+04 2.362700000000000000e+04 3.026200000000000000e+04
2.368100000000000000e+04 2.421800000000000000e+04 3.020100000000000000e+04
2.368500000000000000e+04 2.360500000000000000e+04 3.026900000000000000e+04
2.368600000000000000e+04 2.292100000000000000e+04 3.037800000000000000e+04
2.368700000000000000e+04 2.377900000000000000e+04 3.025900000000000000e+04
2.368800000000000000e+04 2.305700000000000000e+04 3.035400000000000000e+04
2.369100000000000000e+04 2.409800000000000000e+04 3.022400000000000000e+04
2.369200000000000000e+04 2.417200000000000000e+04 3.019900000000000000e+04
2.369300000000000000e+04 2.302800000000000000e+04 3.035300000000000000e+04
2.369400000000000000e+04 2.352200000000000000e+04 3.027700000000000000e+04
2.369500000000000000e+04 2.416900000000000000e+04 3.019300000000000000e+04
2.369700000000000000e+04 2.310800000000000000e+04 3.035000000000000000e+04
2.369800000000000000e+04 2.334600000000000000e+04 3.033500000000000000e+04
2.370100000000000000e+04 2.379800000000000000e+04 3.024500000000000000e+04
2.370100000000000000e+04 2.381100000000000000e+04 3.025300000000000000e+04
2.370100000000000000e+04 2.410000000000000000e+04 3.020200000000000000e+04
2.370200000000000000e+04 2.350800000000000000e+04 3.031100000000000000e+04
2.370300000000000000e+04 2.352000000000000000e+04 3.027100000000000000e+04
2.370300000000000000e+04 2.385600000000000000e+04 3.022900000000000000e+04
2.371100000000000000e+04 2.297500000000000000e+04 3.036800000000000000e+04
2.371300000000000000e+04 2.360300000000000000e+04 3.026800000000000000e+04
2.371600000000000000e+04 2.343900000000000000e+04 3.031900000000000000e+04
2.371700000000000000e+04 2.310600000000000000e+04 3.035000000000000000e+04
2.371900000000000000e+04 2.335800000000000000e+04 3.033300000000000000e+04
2.372000000000000000e+04 2.343600000000000000e+04 3.032500000000000000e+04
2.372100000000000000e+04 2.360500000000000000e+04 3.025800000000000000e+04
2.372100000000000000e+04 2.384200000000000000e+04 3.023900000000000000e+04
2.372600000000000000e+04 2.416700000000000000e+04 3.019800000000000000e+04
2.372700000000000000e+04 2.410600000000000000e+04 3.020100000000000000e+04
2.372800000000000000e+04 2.382900000000000000e+04 3.023700000000000000e+04
2.373000000000000000e+04 2.349800000000000000e+04 3.027900000000000000e+04
2.373000000000000000e+04 2.441400000000000000e+04 3.006800000000000000e+04
2.373100000000000000e+04 2.366600000000000000e+04 3.025600000000000000e+04
2.373900000000000000e+04 2.381300000000000000e+04 3.024100000000000000e+04
2.373900000000000000e+04 2.381700000000000000e+04 3.023500000000000000e+04
2.373900000000000000e+04 2.385300000000000000e+04 3.023600000000000000e+04
2.374000000000000000e+04 2.340000000000000000e+04 3.032800000000000000e+04
2.374100000000000000e+04 2.344700000000000000e+04 3.031800000000000000e+04
2.374100000000000000e+04 2.381200000000000000e+04 3.023800000000000000e+04
2.374100000000000000e+04 2.550500000000000000e+04 2.961100000000000000e+04
2.374400000000000000e+04 2.369700000000000000e+04 3.024700000000000000e+04
2.374500000000000000e+04 2.380800000000000000e+04 3.024500000000000000e+04
2.374900000000000000e+04 2.355000000000000000e+04 3.026300000000000000e+04
2.375000000000000000e+04 2.414500000000000000e+04 3.019100000000000000e+04
2.375100000000000000e+04 2.395100000000000000e+04 3.021300000000000000e+04
2.375300000000000000e+04 2.549900000000000000e+04 2.961600000000000000e+04
2.375300000000000000e+04 2.550600000000000000e+04 2.961000000000000000e+04
2.375600000000000000e+04 2.549800000000000000e+04 2.960400000000000000e+04
2.376600000000000000e+04 2.251200000000000000e+04 3.030700000000000000e+04
2.376600000000000000e+04 2.330200000000000000e+04 3.034500000000000000e+04
2.376900000000000000e+04 2.299100000000000000e+04 3.027400000000000000e+04
2.377200000000000000e+04 2.353700000000000000e+04 3.026400000000000000e+04
2.377400000000000000e+04 2.355100000000000000e+04 3.024600000000000000e+04
2.377500000000000000e+04 2.342000000000000000e+04 3.025100000000000000e+04
2.377600000000000000e+04 2.443900000000000000e+04 3.006100000000000000e+04
2.377800000000000000e+04 2.424900000000000000e+04 3.011900000000000000e+04
2.377900000000000000e+04 2.303400000000000000e+04 3.026800000000000000e+04
2.378300000000000000e+04 2.394800000000000000e+04 3.021400000000000000e+04
2.378400000000000000e+04 2.379500000000000000e+04 3.024500000000000000e+04
2.378600000000000000e+04 2.379200000000000000e+04 3.022600000000000000e+04
2.378800000000000000e+04 2.414600000000000000e+04 3.016100000000000000e+04
2.379000000000000000e+04 2.536000000000000000e+04 2.972100000000000000e+04
2.379100000000000000e+04 2.337500000000000000e+04 3.025300000000000000e+04
2.379100000000000000e+04 2.537500000000000000e+04 2.972000000000000000e+04
2.379400000000000000e+04 2.533700000000000000e+04 2.972800000000000000e+04
2.379600000000000000e+04 2.535300000000000000e+04 2.971900000000000000e+04
2.379700000000000000e+04 2.392900000000000000e+04 3.021800000000000000e+04
2.379700000000000000e+04 2.428500000000000000e+04 3.010400000000000000e+04
2.379900000000000000e+04 2.403600000000000000e+04 3.020000000000000000e+04
2.380200000000000000e+04 2.391300000000000000e+04 3.022600000000000000e+04
2.380400000000000000e+04 2.391900000000000000e+04 3.021500000000000000e+04
2.380900000000000000e+04 2.535700000000000000e+04 2.970800000000000000e+04
2.381100000000000000e+04 2.551400000000000000e+04 2.960100000000000000e+04
2.381200000000000000e+04 2.394100000000000000e+04 3.020700000000000000e+04
2.381200000000000000e+04 2.399300000000000000e+04 3.020000000000000000e+04
2.381400000000000000e+04 2.431900000000000000e+04 3.010000000000000000e+04
2.381500000000000000e+04 2.371700000000000000e+04 3.022900000000000000e+04
2.381500000000000000e+04 2.455400000000000000e+04 3.002800000000000000e+04
2.381600000000000000e+04 2.335000000000000000e+04 3.026100000000000000e+04
2.381700000000000000e+04 2.362200000000000000e+04 3.023900000000000000e+04
2.381700000000000000e+04 2.488100000000000000e+04 2.991100000000000000e+04
2.382100000000000000e+04 2.442400000000000000e+04 3.005700000000000000e+04
2.382200000000000000e+04 2.344200000000000000e+04 3.024300000000000000e+04
2.382200000000000000e+04 2.364800000000000000e+04 3.022400000000000000e+04
2.382700000000000000e+04 2.429600000000000000e+04 3.009800000000000000e+04
2.382900000000000000e+04 2.362600000000000000e+04 3.023200000000000000e+04
2.383100000000000000e+04 2.342900000000000000e+04 3.024900000000000000e+04
2.383100000000000000e+04 2.382800000000000000e+04 3.020100000000000000e+04
2.383100000000000000e+04 2.401600000000000000e+04 3.018600000000000000e+04
2.383100000000000000e+04 2.420300000000000000e+04 3.015500000000000000e+04
2.383300000000000000e+04 2.413100000000000000e+04 3.016100000000000000e+04
2.383300000000000000e+04 2.510100000000000000e+04 2.981400000000000000e+04
2.383400000000000000e+04 2.586400000000000000e+04 2.940100000000000000e+04
2.383500000000000000e+04 2.454200000000000000e+04 3.004200000000000000e+04
2.383600000000000000e+04 2.335000000000000000e+04 3.025200000000000000e+04
2.383600000000000000e+04 2.533500000000000000e+04 2.972800000000000000e+04
2.383600000000000000e+04 2.540700000000000000e+04 2.968300000000000000e+04
2.383900000000000000e+04 2.540400000000000000e+04 2.967800000000000000e+04
2.384000000000000000e+04 2.361700000000000000e+04 3.022600000000000000e+04
2.384100000000000000e+04 2.337600000000000000e+04 3.024200000000000000e+04
2.384200000000000000e+04 2.452200000000000000e+04 3.004600000000000000e+04
2.384300000000000000e+04 2.537800000000000000e+04 2.970000000000000000e+04
2.384500000000000000e+04 2.362400000000000000e+04 3.022400000000000000e+04
2.384500000000000000e+04 2.535100000000000000e+04 2.972300000000000000e+04
2.384800000000000000e+04 2.429000000000000000e+04 3.010000000000000000e+04
2.384900000000000000e+04 2.382300000000000000e+04 3.020900000000000000e+04
2.385100000000000000e+04 2.435400000000000000e+04 3.009600000000000000e+04
2.385200000000000000e+04 2.448900000000000000e+04 3.004400000000000000e+04
2.385300000000000000e+04 2.486900000000000000e+04 2.993600000000000000e+04
2.385400000000000000e+04 2.450000000000000000e+04 3.003700000000000000e+04
2.385500000000000000e+04 2.305600000000000000e+04 3.026500000000000000e+04
2.385500000000000000e+04 2.439100000000000000e+04 3.008300000000000000e+04
2.385500000000000000e+04 2.532100000000000000e+04 2.971600000000000000e+04
2.385500000000000000e+04 2.535500000000000000e+04 2.970000000000000000e+04
2.385900000000000000e+04 2.428600000000000000e+04 3.009800000000000000e+04
2.386000000000000000e+04 2.313800000000000000e+04 3.023700000000000000e+04
2.386200000000000000e+04 2.396500000000000000e+04 3.020000000000000000e+04
2.386200000000000000e+04 2.478500000000000000e+04 2.995800000000000000e+04
2.386200000000000000e+04 2.492900000000000000e+04 2.990200000000000000e+04
2.386700000000000000e+04 2.530700000000000000e+04 2.973800000000000000e+04
2.386800000000000000e+04 2.292700000000000000e+04 3.024400000000000000e+04
2.387000000000000000e+04 2.323200000000000000e+04 3.022700000000000000e+04
2.387000000000000000e+04 2.419900000000000000e+04 3.015100000000000000e+04
2.387200000000000000e+04 2.432500000000000000e+04 3.009700000000000000e+04
2.387500000000000000e+04 2.441200000000000000e+04 3.006900000000000000e+04
2.387600000000000000e+04 2.529800000000000000e+04 2.971600000000000000e+04
2.387600000000000000e+04 2.532700000000000000e+04 2.971400000000000000e+04
2.387900000000000000e+04 2.484900000000000000e+04 2.993200000000000000e+04
2.387900000000000000e+04 2.518500000000000000e+04 2.977300000000000000e+04
2.388000000000000000e+04 2.431700000000000000e+04 3.009800000000000000e+04
2.388100000000000000e+04 2.448300000000000000e+04 3.005600000000000000e+04
2.388200000000000000e+04 2.480000000000000000e+04 2.994900000000000000e+04
2.388200000000000000e+04 2.515800000000000000e+04 2.980200000000000000e+04
2.388300000000000000e+04 2.453900000000000000e+04 3.002500000000000000e+04
2.388400000000000000e+04 2.436100000000000000e+04 3.008900000000000000e+04
2.388400000000000000e+04 2.523300000000000000e+04 2.975700000000000000e+04
2.388600000000000000e+04 2.380900000000000000e+04 3.020600000000000000e+04
2.388800000000000000e+04 2.524100000000000000e+04 2.975600000000000000e+04
2.389000000000000000e+04 2.539800000000000000e+04 2.969600000000000000e+04
2.389600000000000000e+04 2.321700000000000000e+04 3.022600000000000000e+04
2.389600000000000000e+04 2.381200000000000000e+04 3.020200000000000000e+04
2.389600000000000000e+04 2.424200000000000000e+04 3.014000000000000000e+04
2.389800000000000000e+04 2.321400000000000000e+04 3.021300000000000000e+04
2.389800000000000000e+04 2.431600000000000000e+04 3.009800000000000000e+04
2.389800000000000000e+04 2.509900000000000000e+04 2.982700000000000000e+04
2.389800000000000000e+04 2.568800000000000000e+04 2.949900000000000000e+04
2.389900000000000000e+04 2.522600000000000000e+04 2.975600000000000000e+04
2.390200000000000000e+04 2.309800000000000000e+04 3.024000000000000000e+04
2.390300000000000000e+04 2.464600000000000000e+04 3.000700000000000000e+04
2.390600000000000000e+04 2.478500000000000000e+04 2.994500000000000000e+04
2.390700000000000000e+04 2.418800000000000000e+04 3.015200000000000000e+04
2.390900000000000000e+04 2.421500000000000000e+04 3.014900000000000000e+04
2.390900000000000000e+04 2.453100000000000000e+04 3.003400000000000000e+04
2.391100000000000000e+04 2.449800000000000000e+04 3.003100000000000000e+04
2.391100000000000000e+04 2.488200000000000000e+04 2.990500000000000000e+04
2.391300000000000000e+04 2.385300000000000000e+04 3.019600000000000000e+04
2.391300000000000000e+04 2.535200000000000000e+04 2.970600000000000000e+04
2.391500000000000000e+04 2.525600000000000000e+04 2.975100000000000000e+04
2.391600000000000000e+04 2.441900000000000000e+04 3.005800000000000000e+04
2.391800000000000000e+04 2.286600000000000000e+04 3.023200000000000000e+04
2.391800000000000000e+04 2.523500000000000000e+04 2.974700000000000000e+04
2.392100000000000000e+04 2.423600000000000000e+04 3.013400000000000000e+04
2.392100000000000000e+04 2.493900000000000000e+04 2.989300000000000000e+04
2.392200000000000000e+04 2.324100000000000000e+04 3.020900000000000000e+04
2.392200000000000000e+04 2.453600000000000000e+04 3.002700000000000000e+04
2.392300000000000000e+04 2.422400000000000000e+04 3.014300000000000000e+04
2.392300000000000000e+04 2.496300000000000000e+04 2.988300000000000000e+04
2.392500000000000000e+04 2.409200000000000000e+04 3.018600000000000000e+04
2.392500000000000000e+04 2.440800000000000000e+04 3.006700000000000000e+04
2.392700000000000000e+04 2.507600000000000000e+04 2.983600000000000000e+04
2.392900000000000000e+04 2.506700000000000000e+04 2.984200000000000000e+04
2.393200000000000000e+04 2.493500000000000000e+04 2.989600000000000000e+04
2.393300000000000000e+04 2.481900000000000000e+04 2.994100000000000000e+04
2.393400000000000000e+04 2.321200000000000000e+04 3.021800000000000000e+04
2.393400000000000000e+04 2.515100000000000000e+04 2.978400000000000000e+04
2.393500000000000000e+04 2.478500000000000000e+04 2.994400000000000000e+04
2.393600000000000000e+04 2.493300000000000000e+04 2.989700000000000000e+04
2.393800000000000000e+04 2.437800000000000000e+04 3.007600000000000000e+04
2.393900000000000000e+04 2.491000000000000000e+04 2.990300000000000000e+04
2.393900000000000000e+04 2.542100000000000000e+04 2.966900000000000000e+04
2.394100000000000000e+04 2.423300000000000000e+04 3.014200000000000000e+04
2.394100000000000000e+04 2.440100000000000000e+04 3.007300000000000000e+04
2.394100000000000000e+04 2.463300000000000000e+04 3.002000000000000000e+04
2.394200000000000000e+04 2.569400000000000000e+04 2.949200000000000000e+04
2.394400000000000000e+04 2.480300000000000000e+04 2.993900000000000000e+04
2.394600000000000000e+04 2.492400000000000000e+04 2.989500000000000000e+04
2.394700000000000000e+04 2.547100000000000000e+04 2.960800000000000000e+04
2.394800000000000000e+04 2.405800000000000000e+04 3.017600000000000000e+04
2.394900000000000000e+04 2.509000000000000000e+04 2.981600000000000000e+04
2.394900000000000000e+04 2.518400000000000000e+04 2.976800000000000000e+04
2.395000000000000000e+04 2.409900000000000000e+04 3.017400000000000000e+04
2.395000000000000000e+04 2.514100000000000000e+04 2.978000000000000000e+04
2.395000000000000000e+04 2.521800000000000000e+04 2.976700000000000000e+04
2.395400000000000000e+04 2.461100000000000000e+04 3.000500000000000000e+04
2.395400000000000000e+04 2.502600000000000000e+04 2.986200000000000000e+04
2.395500000000000000e+04 2.458900000000000000e+04 3.002300000000000000e+04
2.395500000000000000e+04 2.512800000000000000e+04 2.980900000000000000e+04
2.395600000000000000e+04 2.421300000000000000e+04 3.014700000000000000e+04
2.395600000000000000e+04 2.471400000000000000e+04 2.996800000000000000e+04
2.395700000000000000e+04 2.280700000000000000e+04 3.023700000000000000e+04
2.395700000000000000e+04 2.424700000000000000e+04 3.012100000000000000e+04
2.395800000000000000e+04 2.445000000000000000e+04 3.005700000000000000e+04
2.395800000000000000e+04 2.513500000000000000e+04 2.980400000000000000e+04
2.396100000000000000e+04 2.508400000000000000e+04 2.982800000000000000e+04
2.396300000000000000e+04 2.496700000000000000e+04 2.987700000000000000e+04
2.396400000000000000e+04 2.526600000000000000e+04 2.973000000000000000e+04
2.396500000000000000e+04 2.533100000000000000e+04 2.970800000000000000e+04
2.396800000000000000e+04 2.418700000000000000e+04 3.016000000000000000e+04
2.396900000000000000e+04 2.473700000000000000e+04 2.996600000000000000e+04
2.397100000000000000e+04 2.471000000000000000e+04 2.997500000000000000e+04
2.397100000000000000e+04 2.547000000000000000e+04 2.960900000000000000e+04
2.397200000000000000e+04 2.494800000000000000e+04 2.988600000000000000e+04
2.397400000000000000e+04 2.525100000000000000e+04 2.974200000000000000e+04
2.397500000000000000e+04 2.437400000000000000e+04 3.008200000000000000e+04
2.397600000000000000e+04 2.562500000000000000e+04 2.952000000000000000e+04
2.397800000000000000e+04 2.488300000000000000e+04 2.990000000000000000e+04
2.397800000000000000e+04 2.519300000000000000e+04 2.975700000000000000e+04
2.398100000000000000e+04 2.493800000000000000e+04 2.988300000000000000e+04
2.398400000000000000e+04 2.283500000000000000e+04 3.023600000000000000e+04
2.398500000000000000e+04 2.520100000000000000e+04 2.975600000000000000e+04
2.398700000000000000e+04 2.440700000000000000e+04 3.007100000000000000e+04
2.398900000000000000e+04 2.444100000000000000e+04 3.005400000000000000e+04
2.399000000000000000e+04 2.441400000000000000e+04 3.006500000000000000e+04
2.399000000000000000e+04 2.470100000000000000e+04 2.999800000000000000e+04
2.399000000000000000e+04 2.470900000000000000e+04 2.998000000000000000e+04
2.399000000000000000e+04 2.514100000000000000e+04 2.978800000000000000e+04
2.399400000000000000e+04 2.412000000000000000e+04 3.016800000000000000e+04
2.399600000000000000e+04 2.561500000000000000e+04 2.953700000000000000e+04
2.399700000000000000e+04 2.556600000000000000e+04 2.955800000000000000e+04
2.399800000000000000e+04 2.440600000000000000e+04 3.006200000000000000e+04
2.400000000000000000e+04 2.493400000000000000e+04 2.988700000000000000e+04
2.400400000000000000e+04 2.401100000000000000e+04 3.018300000000000000e+04
2.400500000000000000e+04 2.435600000000000000e+04 3.009400000000000000e+04
2.400500000000000000e+04 2.447200000000000000e+04 3.004500000000000000e+04
2.400600000000000000e+04 2.422100000000000000e+04 3.013800000000000000e+04
2.400600000000000000e+04 2.562300000000000000e+04 2.952000000000000000e+04
2.400700000000000000e+04 2.405700000000000000e+04 3.017800000000000000e+04
2.400700000000000000e+04 2.464600000000000000e+04 2.999500000000000000e+04
2.400700000000000000e+04 2.512300000000000000e+04 2.980000000000000000e+04
2.400700000000000000e+04 2.560900000000000000e+04 2.954200000000000000e+04
2.401000000000000000e+04 2.627600000000000000e+04 2.916100000000000000e+04
2.401200000000000000e+04 2.522500000000000000e+04 2.974800000000000000e+04
2.401200000000000000e+04 2.637100000000000000e+04 2.908000000000000000e+04
2.401300000000000000e+04 2.470300000000000000e+04 2.998200000000000000e+04
2.401500000000000000e+04 2.470500000000000000e+04 2.998000000000000000e+04
2.401600000000000000e+04 2.411100000000000000e+04 3.017000000000000000e+04
2.401700000000000000e+04 2.561300000000000000e+04 2.953000000000000000e+04
2.401700000000000000e+04 2.562300000000000000e+04 2.951900000000000000e+04
2.401700000000000000e+04 2.570900000000000000e+04 2.947900000000000000e+04
2.401900000000000000e+04 2.424700000000000000e+04 3.008000000000000000e+04
2.402000000000000000e+04 2.445000000000000000e+04 3.004200000000000000e+04
2.402100000000000000e+04 2.439800000000000000e+04 3.006400000000000000e+04
2.402200000000000000e+04 2.286500000000000000e+04 3.018700000000000000e+04
2.402200000000000000e+04 2.629300000000000000e+04 2.914300000000000000e+04
2.402600000000000000e+04 2.423500000000000000e+04 3.013200000000000000e+04
2.402800000000000000e+04 2.526800000000000000e+04 2.972700000000000000e+04
2.403100000000000000e+04 2.421700000000000000e+04 3.012700000000000000e+04
2.403100000000000000e+04 2.565900000000000000e+04 2.950200000000000000e+04
2.403200000000000000e+04 2.568600000000000000e+04 2.948900000000000000e+04
2.403600000000000000e+04 2.478400000000000000e+04 2.996400000000000000e+04
2.403900000000000000e+04 2.561000000000000000e+04 2.952500000000000000e+04
2.403900000000000000e+04 2.564800000000000000e+04 2.951300000000000000e+04
2.404300000000000000e+04 2.473300000000000000e+04 2.996700000000000000e+04
2.404300000000000000e+04 2.560500000000000000e+04 2.954000000000000000e+04
2.404300000000000000e+04 2.631100000000000000e+04 2.912700000000000000e+04
2.404400000000000000e+04 2.402800000000000000e+04 3.009700000000000000e+04
2.404400000000000000e+04 2.492300000000000000e+04 2.989800000000000000e+04
2.404600000000000000e+04 2.636400000000000000e+04 2.908000000000000000e+04
2.404700000000000000e+04 2.458300000000000000e+04 3.001900000000000000e+04
2.404700000000000000e+04 2.560500000000000000e+04 2.952500000000000000e+04
2.404800000000000000e+04 2.522100000000000000e+04 2.975600000000000000e+04
2.405000000000000000e+04 2.505700000000000000e+04 2.984800000000000000e+04
2.405000000000000000e+04 2.510100000000000000e+04 2.981100000000000000e+04
2.405100000000000000e+04 2.567600000000000000e+04 2.949000000000000000e+04
2.405200000000000000e+04 2.504100000000000000e+04 2.985500000000000000e+04
2.405400000000000000e+04 2.512200000000000000e+04 2.977900000000000000e+04
2.405600000000000000e+04 2.567500000000000000e+04 2.948200000000000000e+04
2.405700000000000000e+04 2.511200000000000000e+04 2.979300000000000000e+04
2.405900000000000000e+04 2.465000000000000000e+04 2.998800000000000000e+04
2.405900000000000000e+04 2.497300000000000000e+04 2.987200000000000000e+04
2.405900000000000000e+04 2.524200000000000000e+04 2.973700000000000000e+04
2.405900000000000000e+04 2.561800000000000000e+04 2.952400000000000000e+04
2.405900000000000000e+04 2.586100000000000000e+04 2.940300000000000000e+04
2.406100000000000000e+04 2.628800000000000000e+04 2.915500000000000000e+04
2.406300000000000000e+04 2.565400000000000000e+04 2.949300000000000000e+04
2.406400000000000000e+04 2.522400000000000000e+04 2.974500000000000000e+04
2.406500000000000000e+04 2.509800000000000000e+04 2.979700000000000000e+04
2.406500000000000000e+04 2.525700000000000000e+04 2.973400000000000000e+04
2.406500000000000000e+04 2.526700000000000000e+04 2.972800000000000000e+04
2.406500000000000000e+04 2.527900000000000000e+04 2.972100000000000000e+04
2.406500000000000000e+04 2.568800000000000000e+04 2.947900000000000000e+04
2.406700000000000000e+04 2.523900000000000000e+04 2.973900000000000000e+04
2.406900000000000000e+04 2.402200000000000000e+04 3.010200000000000000e+04
2.406900000000000000e+04 2.518000000000000000e+04 2.977900000000000000e+04
2.407000000000000000e+04 2.456500000000000000e+04 3.002100000000000000e+04
2.407000000000000000e+04 2.526600000000000000e+04 2.972000000000000000e+04
2.407200000000000000e+04 2.559800000000000000e+04 2.953500000000000000e+04
2.407400000000000000e+04 2.529900000000000000e+04 2.970200000000000000e+04
2.407500000000000000e+04 2.460600000000000000e+04 3.000700000000000000e+04
2.407500000000000000e+04 2.520600000000000000e+04 2.975400000000000000e+04
2.407700000000000000e+04 2.630800000000000000e+04 2.913500000000000000e+04
2.407800000000000000e+04 2.500900000000000000e+04 2.985700000000000000e+04
2.407900000000000000e+04 2.493500000000000000e+04 2.985200000000000000e+04
2.408000000000000000e+04 2.436600000000000000e+04 3.007900000000000000e+04
2.408000000000000000e+04 2.577600000000000000e+04 2.945100000000000000e+04
2.408100000000000000e+04 2.564800000000000000e+04 2.950900000000000000e+04
2.408200000000000000e+04 2.565900000000000000e+04 2.949200000000000000e+04
2.408300000000000000e+04 2.508100000000000000e+04 2.983300000000000000e+04
2.408400000000000000e+04 2.588800000000000000e+04 2.940000000000000000e+04
2.408500000000000000e+04 2.454900000000000000e+04 3.002500000000000000e+04
2.409000000000000000e+04 2.497100000000000000e+04 2.984200000000000000e+04
2.409000000000000000e+04 2.532900000000000000e+04 2.967300000000000000e+04
2.409100000000000000e+04 2.565400000000000000e+04 2.948600000000000000e+04
2.409100000000000000e+04 2.620100000000000000e+04 2.919500000000000000e+04
2.409200000000000000e+04 2.630900000000000000e+04 2.912400000000000000e+04
2.409300000000000000e+04 2.490600000000000000e+04 2.984900000000000000e+04
2.409500000000000000e+04 2.586100000000000000e+04 2.939100000000000000e+04
2.409600000000000000e+04 2.645300000000000000e+04 2.902300000000000000e+04
2.409700000000000000e+04 2.532400000000000000e+04 2.967500000000000000e+04
2.409800000000000000e+04 2.638100000000000000e+04 2.907500000000000000e+04
2.410100000000000000e+04 2.503400000000000000e+04 2.984200000000000000e+04
2.410200000000000000e+04 2.523300000000000000e+04 2.973600000000000000e+04
2.410200000000000000e+04 2.627500000000000000e+04 2.916300000000000000e+04
2.410300000000000000e+04 2.525300000000000000e+04 2.973400000000000000e+04
2.410400000000000000e+04 2.435200000000000000e+04 3.007500000000000000e+04
2.410400000000000000e+04 2.531900000000000000e+04 2.967700000000000000e+04
2.410400000000000000e+04 2.576300000000000000e+04 2.947200000000000000e+04
2.410400000000000000e+04 2.583400000000000000e+04 2.942000000000000000e+04
2.410500000000000000e+04 2.508900000000000000e+04 2.982200000000000000e+04
2.410500000000000000e+04 2.536400000000000000e+04 2.965100000000000000e+04
2.410700000000000000e+04 2.520000000000000000e+04 2.975200000000000000e+04
2.410700000000000000e+04 2.523000000000000000e+04 2.974100000000000000e+04
2.410800000000000000e+04 2.517100000000000000e+04 2.977000000000000000e+04
2.410800000000000000e+04 2.565100000000000000e+04 2.950700000000000000e+04
2.410900000000000000e+04 2.503600000000000000e+04 2.979900000000000000e+04
2.410900000000000000e+04 2.529700000000000000e+04 2.970400000000000000e+04
2.410900000000000000e+04 2.599900000000000000e+04 2.933600000000000000e+04
2.411000000000000000e+04 2.565900000000000000e+04 2.948600000000000000e+04
2.411000000000000000e+04 2.603300000000000000e+04 2.931500000000000000e+04
2.411100000000000000e+04 2.567300000000000000e+04 2.948300000000000000e+04
2.411300000000000000e+04 2.575600000000000000e+04 2.947800000000000000e+04
2.411300000000000000e+04 2.582500000000000000e+04 2.943400000000000000e+04
2.411300000000000000e+04 2.630500000000000000e+04 2.913800000000000000e+04
2.411400000000000000e+04 2.527100000000000000e+04 2.971700000000000000e+04
2.411500000000000000e+04 2.489300000000000000e+04 2.985300000000000000e+04
2.411500000000000000e+04 2.511800000000000000e+04 2.979300000000000000e+04
2.411500000000000000e+04 2.565000000000000000e+04 2.948900000000000000e+04
2.411600000000000000e+04 2.555700000000000000e+04 2.957500000000000000e+04
2.411600000000000000e+04 2.631600000000000000e+04 2.911700000000000000e+04
2.411900000000000000e+04 2.545900000000000000e+04 2.962500000000000000e+04
2.411900000000000000e+04 2.584300000000000000e+04 2.941200000000000000e+04
2.412000000000000000e+04 2.488900000000000000e+04 2.985100000000000000e+04
2.412300000000000000e+04 2.509800000000000000e+04 2.978400000000000000e+04
2.412300000000000000e+04 2.531400000000000000e+04 2.968800000000000000e+04
2.412300000000000000e+04 2.578200000000000000e+04 2.944400000000000000e+04
2.412400000000000000e+04 2.522300000000000000e+04 2.974900000000000000e+04
2.412400000000000000e+04 2.526800000000000000e+04 2.970300000000000000e+04
2.412500000000000000e+04 2.576200000000000000e+04 2.946400000000000000e+04
2.412500000000000000e+04 2.582200000000000000e+04 2.942000000000000000e+04
2.412600000000000000e+04 2.635700000000000000e+04 2.908700000000000000e+04
2.412800000000000000e+04 2.583200000000000000e+04 2.940000000000000000e+04
2.413200000000000000e+04 2.518200000000000000e+04 2.975300000000000000e+04
2.413700000000000000e+04 2.580800000000000000e+04 2.942100000000000000e+04
2.414100000000000000e+04 2.521300000000000000e+04 2.974200000000000000e+04
2.414300000000000000e+04 2.536300000000000000e+04 2.964300000000000000e+04
2.414300000000000000e+04 2.593600000000000000e+04 2.934600000000000000e+04
2.414400000000000000e+04 2.509600000000000000e+04 2.978900000000000000e+04
2.414400000000000000e+04 2.543300000000000000e+04 2.962400000000000000e+04
2.414500000000000000e+04 2.643300000000000000e+04 2.903300000000000000e+04
2.414700000000000000e+04 2.487700000000000000e+04 2.985700000000000000e+04
2.414800000000000000e+04 2.563100000000000000e+04 2.950600000000000000e+04
2.414800000000000000e+04 2.566000000000000000e+04 2.948600000000000000e+04
2.414900000000000000e+04 2.525100000000000000e+04 2.972200000000000000e+04
2.415200000000000000e+04 2.536000000000000000e+04 2.967300000000000000e+04
2.415200000000000000e+04 2.567200000000000000e+04 2.948100000000000000e+04
2.415300000000000000e+04 2.635000000000000000e+04 2.911100000000000000e+04
2.415400000000000000e+04 2.577200000000000000e+04 2.944800000000000000e+04
2.415500000000000000e+04 2.524000000000000000e+04 2.972400000000000000e+04
2.415500000000000000e+04 2.556600000000000000e+04 2.956800000000000000e+04
2.415500000000000000e+04 2.559800000000000000e+04 2.952600000000000000e+04
2.415600000000000000e+04 2.635600000000000000e+04 2.908700000000000000e+04
2.415700000000000000e+04 2.487400000000000000e+04 2.985000000000000000e+04
2.415800000000000000e+04 2.538600000000000000e+04 2.963500000000000000e+04
2.415800000000000000e+04 2.554600000000000000e+04 2.959500000000000000e+04
2.416100000000000000e+04 2.517600000000000000e+04 2.973500000000000000e+04
2.416100000000000000e+04 2.576000000000000000e+04 2.945300000000000000e+04
2.416200000000000000e+04 2.589500000000000000e+04 2.937500000000000000e+04
2.416400000000000000e+04 2.454900000000000000e+04 3.002400000000000000e+04
2.416500000000000000e+04 2.525800000000000000e+04 2.971600000000000000e+04
2.416500000000000000e+04 2.552900000000000000e+04 2.957000000000000000e+04
2.416600000000000000e+04 2.579900000000000000e+04 2.944100000000000000e+04
2.416800000000000000e+04 2.636200000000000000e+04 2.908000000000000000e+04
2.416900000000000000e+04 2.587500000000000000e+04 2.938500000000000000e+04
2.417000000000000000e+04 2.556000000000000000e+04 2.956500000000000000e+04
2.417200000000000000e+04 2.579500000000000000e+04 2.940300000000000000e+04
2.417300000000000000e+04 2.634000000000000000e+04 2.910800000000000000e+04
2.417400000000000000e+04 2.635500000000000000e+04 2.910400000000000000e+04
2.417900000000000000e+04 2.586400000000000000e+04 2.938800000000000000e+04
2.418000000000000000e+04 2.550900000000000000e+04 2.960300000000000000e+04
2.418200000000000000e+04 2.602100000000000000e+04 2.933400000000000000e+04
2.418300000000000000e+04 2.564600000000000000e+04 2.950300000000000000e+04
2.418300000000000000e+04 2.575900000000000000e+04 2.946200000000000000e+04
2.418300000000000000e+04 2.593200000000000000e+04 2.936000000000000000e+04
2.418400000000000000e+04 2.604400000000000000e+04 2.929900000000000000e+04
2.418400000000000000e+04 2.950600000000000000e+04 2.420900000000000000e+04
2.418700000000000000e+04 2.586100000000000000e+04 2.937600000000000000e+04
2.418900000000000000e+04 2.602000000000000000e+04 2.931300000000000000e+04
2.419100000000000000e+04 2.465200000000000000e+04 2.995900000000000000e+04
2.419100000000000000e+04 2.599800000000000000e+04 2.933400000000000000e+04
2.419200000000000000e+04 2.557300000000000000e+04 2.953500000000000000e+04
2.419200000000000000e+04 2.602200000000000000e+04 2.930900000000000000e+04
2.419700000000000000e+04 2.525100000000000000e+04 2.971800000000000000e+04
2.419700000000000000e+04 2.585800000000000000e+04 2.939700000000000000e+04
2.419700000000000000e+04 2.588400000000000000e+04 2.937300000000000000e+04
2.419700000000000000e+04 2.643600000000000000e+04 2.903000000000000000e+04
2.419800000000000000e+04 2.569500000000000000e+04 2.947900000000000000e+04
2.419800000000000000e+04 2.575200000000000000e+04 2.945500000000000000e+04
2.419800000000000000e+04 2.579500000000000000e+04 2.939500000000000000e+04
2.419900000000000000e+04 2.533400000000000000e+04 2.966200000000000000e+04
2.419900000000000000e+04 2.534100000000000000e+04 2.966000000000000000e+04
2.420000000000000000e+04 2.575000000000000000e+04 2.945500000000000000e+04
2.420000000000000000e+04 2.601700000000000000e+04 2.930800000000000000e+04
2.420100000000000000e+04 2.621400000000000000e+04 2.917700000000000000e+04
2.420200000000000000e+04 2.621000000000000000e+04 2.917200000000000000e+04
2.420200000000000000e+04 2.644600000000000000e+04 2.902100000000000000e+04
2.420500000000000000e+04 2.527300000000000000e+04 2.970100000000000000e+04
2.420500000000000000e+04 2.559700000000000000e+04 2.951600000000000000e+04
2.420600000000000000e+04 2.525600000000000000e+04 2.971400000000000000e+04
2.420700000000000000e+04 2.559800000000000000e+04 2.951200000000000000e+04
2.421000000000000000e+04 2.525600000000000000e+04 2.970600000000000000e+04
2.421000000000000000e+04 2.559600000000000000e+04 2.952600000000000000e+04
2.421200000000000000e+04 2.551900000000000000e+04 2.959300000000000000e+04
2.421200000000000000e+04 2.948300000000000000e+04 2.436700000000000000e+04
2.421300000000000000e+04 2.599900000000000000e+04 2.931000000000000000e+04
2.421300000000000000e+04 2.665400000000000000e+04 2.891800000000000000e+04
2.421500000000000000e+04 2.609900000000000000e+04 2.927600000000000000e+04
2.421500000000000000e+04 2.617900000000000000e+04 2.919600000000000000e+04
2.421600000000000000e+04 2.530400000000000000e+04 2.970000000000000000e+04
2.421600000000000000e+04 2.565900000000000000e+04 2.947500000000000000e+04
2.422200000000000000e+04 2.649800000000000000e+04 2.901400000000000000e+04
2.422500000000000000e+04 2.556700000000000000e+04 2.953400000000000000e+04
2.422900000000000000e+04 2.602600000000000000e+04 2.930200000000000000e+04
2.422900000000000000e+04 2.665100000000000000e+04 2.891100000000000000e+04
2.423300000000000000e+04 2.616000000000000000e+04 2.924200000000000000e+04
2.423300000000000000e+04 2.651400000000000000e+04 2.901000000000000000e+04
2.423600000000000000e+04 2.611100000000000000e+04 2.924400000000000000e+04
2.423700000000000000e+04 2.559900000000000000e+04 2.951000000000000000e+04
2.423700000000000000e+04 2.620800000000000000e+04 2.919400000000000000e+04
2.423900000000000000e+04 2.517600000000000000e+04 2.976800000000000000e+04
2.423900000000000000e+04 2.618300000000000000e+04 2.919200000000000000e+04
2.424000000000000000e+04 2.533000000000000000e+04 2.966000000000000000e+04
2.424100000000000000e+04 2.534300000000000000e+04 2.965800000000000000e+04
2.424100000000000000e+04 2.617000000000000000e+04 2.921000000000000000e+04
2.424100000000000000e+04 2.649900000000000000e+04 2.901000000000000000e+04
2.424200000000000000e+04 2.538200000000000000e+04 2.964300000000000000e+04
2.424200000000000000e+04 2.650400000000000000e+04 2.900000000000000000e+04
2.424300000000000000e+04 2.531100000000000000e+04 2.968400000000000000e+04
2.424700000000000000e+04 2.592900000000000000e+04 2.935400000000000000e+04
2.424800000000000000e+04 2.524800000000000000e+04 2.970900000000000000e+04
2.424800000000000000e+04 2.526300000000000000e+04 2.970200000000000000e+04
2.424900000000000000e+04 2.532400000000000000e+04 2.967200000000000000e+04
2.424900000000000000e+04 2.592600000000000000e+04 2.936900000000000000e+04
2.425100000000000000e+04 2.527700000000000000e+04 2.969600000000000000e+04
2.425100000000000000e+04 2.559500000000000000e+04 2.951000000000000000e+04
2.425100000000000000e+04 2.598100000000000000e+04 2.931300000000000000e+04
2.425100000000000000e+04 2.650700000000000000e+04 2.899900000000000000e+04
2.425600000000000000e+04 2.947600000000000000e+04 2.441100000000000000e+04
2.425700000000000000e+04 2.611000000000000000e+04 2.925500000000000000e+04
2.425700000000000000e+04 2.950500000000000000e+04 2.420900000000000000e+04
2.425800000000000000e+04 2.609000000000000000e+04 2.927300000000000000e+04
2.426000000000000000e+04 2.593900000000000000e+04 2.934500000000000000e+04
2.426100000000000000e+04 2.533700000000000000e+04 2.966000000000000000e+04
2.426200000000000000e+04 2.524500000000000000e+04 2.970100000000000000e+04
2.426200000000000000e+04 2.537000000000000000e+04 2.964300000000000000e+04
2.426400000000000000e+04 2.628100000000000000e+04 2.914400000000000000e+04
2.426400000000000000e+04 2.630100000000000000e+04 2.911200000000000000e+04
2.426500000000000000e+04 2.577700000000000000e+04 2.944300000000000000e+04
2.426600000000000000e+04 2.517600000000000000e+04 2.975100000000000000e+04
2.426700000000000000e+04 2.670200000000000000e+04 2.886400000000000000e+04
2.426700000000000000e+04 2.954300000000000000e+04 2.412300000000000000e+04
2.426800000000000000e+04 2.651800000000000000e+04 2.899800000000000000e+04
2.427000000000000000e+04 2.953000000000000000e+04 2.413700000000000000e+04
2.427100000000000000e+04 2.456700000000000000e+04 3.000000000000000000e+04
2.427200000000000000e+04 2.521500000000000000e+04 2.973200000000000000e+04
2.427300000000000000e+04 2.571100000000000000e+04 2.945500000000000000e+04
2.427400000000000000e+04 2.568600000000000000e+04 2.946700000000000000e+04
2.427500000000000000e+04 2.565400000000000000e+04 2.948400000000000000e+04
2.427500000000000000e+04 2.650800000000000000e+04 2.899100000000000000e+04
2.427600000000000000e+04 2.947900000000000000e+04 2.433000000000000000e+04
2.427700000000000000e+04 2.566000000000000000e+04 2.947200000000000000e+04
2.427700000000000000e+04 2.604600000000000000e+04 2.928500000000000000e+04
2.427800000000000000e+04 2.563900000000000000e+04 2.949800000000000000e+04
2.427800000000000000e+04 2.946100000000000000e+04 2.446200000000000000e+04
2.428100000000000000e+04 2.461200000000000000e+04 2.999100000000000000e+04
2.428200000000000000e+04 2.530500000000000000e+04 2.967600000000000000e+04
2.428200000000000000e+04 2.620700000000000000e+04 2.917900000000000000e+04
2.428300000000000000e+04 2.507300000000000000e+04 2.979500000000000000e+04
2.428300000000000000e+04 2.528300000000000000e+04 2.968800000000000000e+04
2.428300000000000000e+04 2.638200000000000000e+04 2.906500000000000000e+04
2.428400000000000000e+04 2.649500000000000000e+04 2.902000000000000000e+04
2.428400000000000000e+04 2.656300000000000000e+04 2.898200000000000000e+04
2.428500000000000000e+04 2.506800000000000000e+04 2.979100000000000000e+04
2.428600000000000000e+04 2.533000000000000000e+04 2.965800000000000000e+04
2.428600000000000000e+04 2.945700000000000000e+04 2.443600000000000000e+04
2.428700000000000000e+04 2.666700000000000000e+04 2.891000000000000000e+04
2.428800000000000000e+04 2.635300000000000000e+04 2.908900000000000000e+04
2.429000000000000000e+04 2.506000000000000000e+04 2.979800000000000000e+04
2.429100000000000000e+04 2.529000000000000000e+04 2.968200000000000000e+04
2.429200000000000000e+04 2.619700000000000000e+04 2.918800000000000000e+04
2.429600000000000000e+04 2.528800000000000000e+04 2.967700000000000000e+04
2.429800000000000000e+04 2.576500000000000000e+04 2.945300000000000000e+04
2.429900000000000000e+04 2.455700000000000000e+04 3.001000000000000000e+04
2.430200000000000000e+04 2.532100000000000000e+04 2.967300000000000000e+04
2.430300000000000000e+04 2.664700000000000000e+04 2.893100000000000000e+04
2.430400000000000000e+04 2.462300000000000000e+04 2.998600000000000000e+04
2.430500000000000000e+04 2.626800000000000000e+04 2.915200000000000000e+04
2.430800000000000000e+04 2.528600000000000000e+04 2.968200000000000000e+04
2.430800000000000000e+04 2.560900000000000000e+04 2.949500000000000000e+04
2.430900000000000000e+04 2.547000000000000000e+04 2.959000000000000000e+04
2.430900000000000000e+04 2.648300000000000000e+04 2.900200000000000000e+04
2.431000000000000000e+04 2.664000000000000000e+04 2.893500000000000000e+04
2.431000000000000000e+04 2.945400000000000000e+04 2.447500000000000000e+04
2.431100000000000000e+04 2.506300000000000000e+04 2.979400000000000000e+04
2.431200000000000000e+04 2.520900000000000000e+04 2.972600000000000000e+04
2.431200000000000000e+04 2.564800000000000000e+04 2.947400000000000000e+04
2.431400000000000000e+04 2.664400000000000000e+04 2.890900000000000000e+04
2.431600000000000000e+04 2.634500000000000000e+04 2.908900000000000000e+04
2.431700000000000000e+04 2.456200000000000000e+04 2.999600000000000000e+04
2.431800000000000000e+04 2.528000000000000000e+04 2.969400000000000000e+04
2.431900000000000000e+04 2.455300000000000000e+04 2.999800000000000000e+04
2.431900000000000000e+04 2.657100000000000000e+04 2.895500000000000000e+04
2.432000000000000000e+04 2.656400000000000000e+04 2.896800000000000000e+04
2.432500000000000000e+04 2.608800000000000000e+04 2.926900000000000000e+04
2.432700000000000000e+04 2.651500000000000000e+04 2.897500000000000000e+04
2.433000000000000000e+04 2.535700000000000000e+04 2.965400000000000000e+04
2.433100000000000000e+04 2.645200000000000000e+04 2.900000000000000000e+04
2.433400000000000000e+04 2.644500000000000000e+04 2.902800000000000000e+04
2.433700000000000000e+04 2.628600000000000000e+04 2.912300000000000000e+04
2.433700000000000000e+04 2.784800000000000000e+04 2.777400000000000000e+04
2.433800000000000000e+04 2.507700000000000000e+04 2.978300000000000000e+04
2.433800000000000000e+04 2.657300000000000000e+04 2.893500000000000000e+04
2.433900000000000000e+04 2.544600000000000000e+04 2.960900000000000000e+04
2.433900000000000000e+04 2.653200000000000000e+04 2.894300000000000000e+04
2.434100000000000000e+04 2.617600000000000000e+04 2.919600000000000000e+04
2.434100000000000000e+04 2.627200000000000000e+04 2.912700000000000000e+04
2.434100000000000000e+04 2.643500000000000000e+04 2.902800000000000000e+04
2.434200000000000000e+04 2.503000000000000000e+04 2.981900000000000000e+04
2.434400000000000000e+04 2.530300000000000000e+04 2.967700000000000000e+04
2.434400000000000000e+04 2.532800000000000000e+04 2.966900000000000000e+04
2.434400000000000000e+04 2.634300000000000000e+04 2.910000000000000000e+04
2.434600000000000000e+04 2.513400000000000000e+04 2.972400000000000000e+04
2.434600000000000000e+04 2.553000000000000000e+04 2.955300000000000000e+04
2.434700000000000000e+04 2.646900000000000000e+04 2.899300000000000000e+04
2.434800000000000000e+04 2.481800000000000000e+04 2.988600000000000000e+04
2.435000000000000000e+04 2.531100000000000000e+04 2.967300000000000000e+04
2.435100000000000000e+04 2.646000000000000000e+04 2.898900000000000000e+04
2.435100000000000000e+04 2.647100000000000000e+04 2.897700000000000000e+04
2.435200000000000000e+04 2.655200000000000000e+04 2.893400000000000000e+04
2.435400000000000000e+04 2.946400000000000000e+04 2.442300000000000000e+04
2.435500000000000000e+04 2.502000000000000000e+04 2.981300000000000000e+04
2.435500000000000000e+04 2.545500000000000000e+04 2.958300000000000000e+04
2.435500000000000000e+04 2.655800000000000000e+04 2.891500000000000000e+04
2.435800000000000000e+04 2.628500000000000000e+04 2.911600000000000000e+04
2.436100000000000000e+04 2.924300000000000000e+04 2.517300000000000000e+04
2.436400000000000000e+04 2.786400000000000000e+04 2.775600000000000000e+04
2.436500000000000000e+04 2.613400000000000000e+04 2.919600000000000000e+04
2.436600000000000000e+04 2.587500000000000000e+04 2.935800000000000000e+04
2.436600000000000000e+04 2.654200000000000000e+04 2.893700000000000000e+04
2.436600000000000000e+04 2.673100000000000000e+04 2.884400000000000000e+04
2.436600000000000000e+04 2.686400000000000000e+04 2.874100000000000000e+04
2.436700000000000000e+04 2.687200000000000000e+04 2.872400000000000000e+04
2.436800000000000000e+04 2.504700000000000000e+04 2.979800000000000000e+04
2.437000000000000000e+04 2.675200000000000000e+04 2.884000000000000000e+04
2.437200000000000000e+04 2.630100000000000000e+04 2.911500000000000000e+04
2.437300000000000000e+04 2.638700000000000000e+04 2.904800000000000000e+04
2.437700000000000000e+04 2.662700000000000000e+04 2.891500000000000000e+04
2.437800000000000000e+04 2.652700000000000000e+04 2.893700000000000000e+04
2.437900000000000000e+04 2.542500000000000000e+04 2.963200000000000000e+04
2.438000000000000000e+04 2.545200000000000000e+04 2.960500000000000000e+04
2.438100000000000000e+04 2.528200000000000000e+04 2.968800000000000000e+04
2.438100000000000000e+04 2.550400000000000000e+04 2.957600000000000000e+04
2.438200000000000000e+04 2.479100000000000000e+04 2.993000000000000000e+04
2.438200000000000000e+04 2.521800000000000000e+04 2.967000000000000000e+04
2.438400000000000000e+04 2.481100000000000000e+04 2.991500000000000000e+04
2.438500000000000000e+04 2.646100000000000000e+04 2.898200000000000000e+04
2.438800000000000000e+04 2.479900000000000000e+04 2.992700000000000000e+04
2.438900000000000000e+04 2.506900000000000000e+04 2.979000000000000000e+04
2.439000000000000000e+04 2.645100000000000000e+04 2.899600000000000000e+04
2.439000000000000000e+04 2.645100000000000000e+04 2.901700000000000000e+04
2.439100000000000000e+04 2.939200000000000000e+04 2.470000000000000000e+04
2.439200000000000000e+04 2.504700000000000000e+04 2.978500000000000000e+04
2.439200000000000000e+04 2.627600000000000000e+04 2.911900000000000000e+04
2.439200000000000000e+04 2.651800000000000000e+04 2.896800000000000000e+04
2.439600000000000000e+04 2.647400000000000000e+04 2.897500000000000000e+04
2.439900000000000000e+04 2.637600000000000000e+04 2.907900000000000000e+04
2.440100000000000000e+04 2.497500000000000000e+04 2.976700000000000000e+04
2.440200000000000000e+04 2.551600000000000000e+04 2.956500000000000000e+04
2.440400000000000000e+04 2.643700000000000000e+04 2.902300000000000000e+04
2.440500000000000000e+04 2.628700000000000000e+04 2.911400000000000000e+04
2.440700000000000000e+04 2.544800000000000000e+04 2.958600000000000000e+04
2.440900000000000000e+04 2.776300000000000000e+04 2.789300000000000000e+04
2.441000000000000000e+04 2.476500000000000000e+04 2.993400000000000000e+04
2.441000000000000000e+04 2.478200000000000000e+04 2.993300000000000000e+04
2.441100000000000000e+04 2.635300000000000000e+04 2.908300000000000000e+04
2.441100000000000000e+04 2.658300000000000000e+04 2.890300000000000000e+04
2.441200000000000000e+04 2.636200000000000000e+04 2.907500000000000000e+04
2.441300000000000000e+04 2.643600000000000000e+04 2.902400000000000000e+04
2.441500000000000000e+04 2.576000000000000000e+04 2.942000000000000000e+04
2.441800000000000000e+04 2.551300000000000000e+04 2.957300000000000000e+04
2.441800000000000000e+04 2.783500000000000000e+04 2.781700000000000000e+04
2.441900000000000000e+04 2.655400000000000000e+04 2.893300000000000000e+04
2.442100000000000000e+04 2.602800000000000000e+04 2.929900000000000000e+04
2.442200000000000000e+04 2.558800000000000000e+04 2.953200000000000000e+04
2.442200000000000000e+04 2.777000000000000000e+04 2.786200000000000000e+04
2.442400000000000000e+04 2.647500000000000000e+04 2.895900000000000000e+04
2.442400000000000000e+04 2.653700000000000000e+04 2.892400000000000000e+04
2.442400000000000000e+04 2.805100000000000000e+04 2.744400000000000000e+04
2.442400000000000000e+04 2.805800000000000000e+04 2.742900000000000000e+04
2.442600000000000000e+04 2.641000000000000000e+04 2.902200000000000000e+04
2.442700000000000000e+04 2.643600000000000000e+04 2.901500000000000000e+04
2.442700000000000000e+04 2.785100000000000000e+04 2.776300000000000000e+04
2.443100000000000000e+04 2.808200000000000000e+04 2.741900000000000000e+04
2.443300000000000000e+04 2.474600000000000000e+04 2.994600000000000000e+04
2.443300000000000000e+04 2.647600000000000000e+04 2.895700000000000000e+04
2.443500000000000000e+04 2.356000000000000000e+04 3.018600000000000000e+04
2.443500000000000000e+04 2.684600000000000000e+04 2.876000000000000000e+04
2.443500000000000000e+04 2.782400000000000000e+04 2.782700000000000000e+04
2.443500000000000000e+04 2.809800000000000000e+04 2.737700000000000000e+04
2.443700000000000000e+04 2.383500000000000000e+04 3.014400000000000000e+04
2.443700000000000000e+04 2.649200000000000000e+04 2.895100000000000000e+04
2.443700000000000000e+04 2.649300000000000000e+04 2.893900000000000000e+04
2.443800000000000000e+04 2.627000000000000000e+04 2.913600000000000000e+04
2.444000000000000000e+04 2.581900000000000000e+04 2.938600000000000000e+04
2.444300000000000000e+04 2.373000000000000000e+04 3.017400000000000000e+04
2.444300000000000000e+04 2.570600000000000000e+04 2.945600000000000000e+04
2.444400000000000000e+04 2.628000000000000000e+04 2.911800000000000000e+04
2.444400000000000000e+04 2.635900000000000000e+04 2.906000000000000000e+04
2.444500000000000000e+04 2.556500000000000000e+04 2.954600000000000000e+04
2.444500000000000000e+04 2.690100000000000000e+04 2.871700000000000000e+04
2.444500000000000000e+04 2.783500000000000000e+04 2.780000000000000000e+04
2.444700000000000000e+04 2.589200000000000000e+04 2.935700000000000000e+04
2.444700000000000000e+04 2.634200000000000000e+04 2.910700000000000000e+04
2.444800000000000000e+04 2.552100000000000000e+04 2.954900000000000000e+04
2.445000000000000000e+04 2.552200000000000000e+04 2.954200000000000000e+04
2.445000000000000000e+04 2.758200000000000000e+04 2.805300000000000000e+04
2.445100000000000000e+04 2.605700000000000000e+04 2.927100000000000000e+04
2.445100000000000000e+04 2.782000000000000000e+04 2.784000000000000000e+04
2.445400000000000000e+04 2.755700000000000000e+04 2.803600000000000000e+04
2.445600000000000000e+04 2.375300000000000000e+04 3.015800000000000000e+04
2.445600000000000000e+04 2.378400000000000000e+04 3.014600000000000000e+04
2.445600000000000000e+04 2.474400000000000000e+04 2.994800000000000000e+04
2.445600000000000000e+04 2.635100000000000000e+04 2.905800000000000000e+04
2.445700000000000000e+04 2.782800000000000000e+04 2.782300000000000000e+04
2.445800000000000000e+04 2.354300000000000000e+04 3.017700000000000000e+04
2.445900000000000000e+04 2.575000000000000000e+04 2.943200000000000000e+04
2.446500000000000000e+04 2.781800000000000000e+04 2.782200000000000000e+04
2.446600000000000000e+04 2.609100000000000000e+04 2.926800000000000000e+04
2.446700000000000000e+04 2.356600000000000000e+04 3.017200000000000000e+04
2.446700000000000000e+04 2.569100000000000000e+04 2.946600000000000000e+04
2.446800000000000000e+04 2.956500000000000000e+04 2.383100000000000000e+04
2.446900000000000000e+04 2.811200000000000000e+04 2.737300000000000000e+04
2.447000000000000000e+04 2.354600000000000000e+04 3.017300000000000000e+04
2.447000000000000000e+04 2.686300000000000000e+04 2.874300000000000000e+04
2.447300000000000000e+04 2.557900000000000000e+04 2.952500000000000000e+04
2.447300000000000000e+04 2.627200000000000000e+04 2.910200000000000000e+04
2.447300000000000000e+04 2.685600000000000000e+04 2.875000000000000000e+04
2.447600000000000000e+04 2.685800000000000000e+04 2.874000000000000000e+04
2.447600000000000000e+04 2.757700000000000000e+04 2.803300000000000000e+04
2.447700000000000000e+04 2.362500000000000000e+04 3.016500000000000000e+04
2.447800000000000000e+04 2.775500000000000000e+04 2.791000000000000000e+04
2.448100000000000000e+04 2.557700000000000000e+04 2.953200000000000000e+04
2.448100000000000000e+04 2.655400000000000000e+04 2.892100000000000000e+04
2.448200000000000000e+04 2.389000000000000000e+04 3.013000000000000000e+04
2.448200000000000000e+04 2.627200000000000000e+04 2.910700000000000000e+04
2.448500000000000000e+04 2.558800000000000000e+04 2.952100000000000000e+04
2.448500000000000000e+04 2.781100000000000000e+04 2.785400000000000000e+04
2.448700000000000000e+04 2.776800000000000000e+04 2.788800000000000000e+04
2.448700000000000000e+04 2.783800000000000000e+04 2.777900000000000000e+04
2.448800000000000000e+04 2.357100000000000000e+04 3.017000000000000000e+04
2.448900000000000000e+04 2.783100000000000000e+04 2.781500000000000000e+04
2.449100000000000000e+04 2.381500000000000000e+04 3.014500000000000000e+04
2.449100000000000000e+04 2.568800000000000000e+04 2.946100000000000000e+04
2.449100000000000000e+04 2.783200000000000000e+04 2.779000000000000000e+04
2.449200000000000000e+04 2.355200000000000000e+04 3.016800000000000000e+04
2.449400000000000000e+04 2.569700000000000000e+04 2.944500000000000000e+04
2.449400000000000000e+04 2.689000000000000000e+04 2.872100000000000000e+04
2.449500000000000000e+04 2.450000000000000000e+04 2.995500000000000000e+04
2.449500000000000000e+04 2.634500000000000000e+04 2.905300000000000000e+04
2.449500000000000000e+04 2.648600000000000000e+04 2.894200000000000000e+04
2.449500000000000000e+04 2.689100000000000000e+04 2.871500000000000000e+04
2.449900000000000000e+04 2.479800000000000000e+04 2.992600000000000000e+04
2.449900000000000000e+04 2.803700000000000000e+04 2.746800000000000000e+04
2.450100000000000000e+04 2.692700000000000000e+04 2.870500000000000000e+04
2.450200000000000000e+04 2.376100000000000000e+04 3.015700000000000000e+04
2.450200000000000000e+04 2.627000000000000000e+04 2.912600000000000000e+04
2.450200000000000000e+04 2.785900000000000000e+04 2.775500000000000000e+04
2.450300000000000000e+04 2.634800000000000000e+04 2.905200000000000000e+04
2.450500000000000000e+04 2.782500000000000000e+04 2.781100000000000000e+04
2.450700000000000000e+04 2.691700000000000000e+04 2.870700000000000000e+04
2.450700000000000000e+04 2.774000000000000000e+04 2.791700000000000000e+04
2.450900000000000000e+04 2.757400000000000000e+04 2.802800000000000000e+04
2.451000000000000000e+04 2.634300000000000000e+04 2.908200000000000000e+04
2.451200000000000000e+04 2.773800000000000000e+04 2.792000000000000000e+04
2.451400000000000000e+04 2.361800000000000000e+04 3.016400000000000000e+04
2.451400000000000000e+04 2.446000000000000000e+04 2.998100000000000000e+04
2.451400000000000000e+04 2.689200000000000000e+04 2.870500000000000000e+04
2.451500000000000000e+04 2.775400000000000000e+04 2.787200000000000000e+04
2.451600000000000000e+04 2.381800000000000000e+04 3.014100000000000000e+04
2.451700000000000000e+04 2.772500000000000000e+04 2.795400000000000000e+04
2.451800000000000000e+04 2.386000000000000000e+04 3.013400000000000000e+04
2.451800000000000000e+04 2.556800000000000000e+04 2.952000000000000000e+04
2.452000000000000000e+04 2.384900000000000000e+04 3.013600000000000000e+04
2.452000000000000000e+04 2.698000000000000000e+04 2.866600000000000000e+04
2.452100000000000000e+04 2.605500000000000000e+04 2.927900000000000000e+04
2.452100000000000000e+04 2.774800000000000000e+04 2.790300000000000000e+04
2.452100000000000000e+04 2.947400000000000000e+04 2.435000000000000000e+04
2.452300000000000000e+04 2.605300000000000000e+04 2.928500000000000000e+04
2.452300000000000000e+04 2.702400000000000000e+04 2.861600000000000000e+04
2.452300000000000000e+04 2.770300000000000000e+04 2.796200000000000000e+04
2.452300000000000000e+04 2.947900000000000000e+04 2.433400000000000000e+04
2.452400000000000000e+04 2.378000000000000000e+04 3.015300000000000000e+04
2.452500000000000000e+04 2.610100000000000000e+04 2.926200000000000000e+04
2.452700000000000000e+04 2.444500000000000000e+04 2.998100000000000000e+04
2.452700000000000000e+04 2.669900000000000000e+04 2.888000000000000000e+04
2.452700000000000000e+04 2.784900000000000000e+04 2.773200000000000000e+04
2.452800000000000000e+04 2.606800000000000000e+04 2.926800000000000000e+04
2.452800000000000000e+04 2.685500000000000000e+04 2.870600000000000000e+04
2.453100000000000000e+04 2.913100000000000000e+04 2.550100000000000000e+04
2.453200000000000000e+04 2.773700000000000000e+04 2.791300000000000000e+04
2.453300000000000000e+04 2.953600000000000000e+04 2.410500000000000000e+04
2.453400000000000000e+04 2.698400000000000000e+04 2.864500000000000000e+04
2.453500000000000000e+04 2.608700000000000000e+04 2.926600000000000000e+04
2.453700000000000000e+04 2.947100000000000000e+04 2.438700000000000000e+04
2.453900000000000000e+04 2.376600000000000000e+04 3.014000000000000000e+04
2.454400000000000000e+04 2.770200000000000000e+04 2.796500000000000000e+04
2.454600000000000000e+04 2.633400000000000000e+04 2.906100000000000000e+04
2.454700000000000000e+04 2.447000000000000000e+04 2.997600000000000000e+04
2.454800000000000000e+04 2.716700000000000000e+04 2.846900000000000000e+04
2.454800000000000000e+04 2.763600000000000000e+04 2.801000000000000000e+04
2.454900000000000000e+04 2.773400000000000000e+04 2.791000000000000000e+04
2.455000000000000000e+04 2.383300000000000000e+04 3.013100000000000000e+04
2.455000000000000000e+04 2.716600000000000000e+04 2.847900000000000000e+04
2.455100000000000000e+04 2.754800000000000000e+04 2.806100000000000000e+04
2.455300000000000000e+04 2.383200000000000000e+04 3.013900000000000000e+04
2.455300000000000000e+04 2.696900000000000000e+04 2.866900000000000000e+04
2.455400000000000000e+04 2.684500000000000000e+04 2.872000000000000000e+04
2.455400000000000000e+04 2.763900000000000000e+04 2.800400000000000000e+04
2.455500000000000000e+04 2.755300000000000000e+04 2.803900000000000000e+04
2.455500000000000000e+04 2.769700000000000000e+04 2.798700000000000000e+04
2.455700000000000000e+04 2.445900000000000000e+04 2.998000000000000000e+04
2.455700000000000000e+04 2.680400000000000000e+04 2.882700000000000000e+04
2.455700000000000000e+04 2.763500000000000000e+04 2.799700000000000000e+04
2.455700000000000000e+04 2.939600000000000000e+04 2.469900000000000000e+04
2.455800000000000000e+04 2.695900000000000000e+04 2.866900000000000000e+04
2.455900000000000000e+04 2.693200000000000000e+04 2.869700000000000000e+04
2.455900000000000000e+04 2.706800000000000000e+04 2.856300000000000000e+04
2.455900000000000000e+04 2.772500000000000000e+04 2.793900000000000000e+04
2.456000000000000000e+04 2.388300000000000000e+04 3.012600000000000000e+04
2.456300000000000000e+04 2.717400000000000000e+04 2.846700000000000000e+04
2.456400000000000000e+04 2.387000000000000000e+04 3.012800000000000000e+04
2.456400000000000000e+04 2.756200000000000000e+04 2.802900000000000000e+04
2.456500000000000000e+04 2.606500000000000000e+04 2.926500000000000000e+04
2.456600000000000000e+04 2.604700000000000000e+04 2.926800000000000000e+04
2.456600000000000000e+04 2.940400000000000000e+04 2.468800000000000000e+04
2.456700000000000000e+04 2.697500000000000000e+04 2.864100000000000000e+04
2.456700000000000000e+04 2.927700000000000000e+04 2.513600000000000000e+04
2.456800000000000000e+04 2.607600000000000000e+04 2.925400000000000000e+04
2.456800000000000000e+04 2.669900000000000000e+04 2.886800000000000000e+04
2.456800000000000000e+04 2.762000000000000000e+04 2.802100000000000000e+04
2.457400000000000000e+04 2.952600000000000000e+04 2.407700000000000000e+04
2.457400000000000000e+04 2.955300000000000000e+04 2.404700000000000000e+04
2.457500000000000000e+04 2.773000000000000000e+04 2.792100000000000000e+04
2.457500000000000000e+04 2.910900000000000000e+04 2.558300000000000000e+04
2.457600000000000000e+04 2.754500000000000000e+04 2.803800000000000000e+04
2.457800000000000000e+04 2.669800000000000000e+04 2.889700000000000000e+04
2.458100000000000000e+04 2.671800000000000000e+04 2.886400000000000000e+04
2.458400000000000000e+04 2.373900000000000000e+04 3.015000000000000000e+04
2.458400000000000000e+04 2.742600000000000000e+04 2.821900000000000000e+04
2.458500000000000000e+04 2.684100000000000000e+04 2.880100000000000000e+04
2.458500000000000000e+04 2.716500000000000000e+04 2.850300000000000000e+04
2.458600000000000000e+04 2.587300000000000000e+04 2.935900000000000000e+04
2.458600000000000000e+04 2.679100000000000000e+04 2.881200000000000000e+04
2.458600000000000000e+04 2.951000000000000000e+04 2.417600000000000000e+04
2.458700000000000000e+04 2.954400000000000000e+04 2.406900000000000000e+04
2.458800000000000000e+04 2.931800000000000000e+04 2.502000000000000000e+04
2.459100000000000000e+04 2.716800000000000000e+04 2.846600000000000000e+04
2.459300000000000000e+04 2.769000000000000000e+04 2.799200000000000000e+04
2.459300000000000000e+04 2.914100000000000000e+04 2.547100000000000000e+04
2.459500000000000000e+04 2.704500000000000000e+04 2.857900000000000000e+04
2.459500000000000000e+04 2.915400000000000000e+04 2.540100000000000000e+04
2.459700000000000000e+04 2.696300000000000000e+04 2.865400000000000000e+04
2.459800000000000000e+04 2.671500000000000000e+04 2.886100000000000000e+04
2.459800000000000000e+04 2.901400000000000000e+04 2.578600000000000000e+04
2.459900000000000000e+04 2.944900000000000000e+04 2.444500000000000000e+04
2.460100000000000000e+04 2.680900000000000000e+04 2.878600000000000000e+04
2.460200000000000000e+04 2.704800000000000000e+04 2.857900000000000000e+04
2.460200000000000000e+04 2.922900000000000000e+04 2.520900000000000000e+04
2.460200000000000000e+04 2.940800000000000000e+04 2.466800000000000000e+04
2.460200000000000000e+04 2.941200000000000000e+04 2.468300000000000000e+04
2.460500000000000000e+04 2.754300000000000000e+04 2.804500000000000000e+04
2.460600000000000000e+04 2.626700000000000000e+04 2.916700000000000000e+04
2.460600000000000000e+04 2.928500000000000000e+04 2.512800000000000000e+04
2.460600000000000000e+04 2.939200000000000000e+04 2.469700000000000000e+04
2.460700000000000000e+04 2.685600000000000000e+04 2.870400000000000000e+04
2.460700000000000000e+04 2.700400000000000000e+04 2.862800000000000000e+04
2.460800000000000000e+04 2.391300000000000000e+04 3.012000000000000000e+04
2.460900000000000000e+04 2.956100000000000000e+04 2.403900000000000000e+04
2.461100000000000000e+04 2.763200000000000000e+04 2.800200000000000000e+04
2.461100000000000000e+04 2.769700000000000000e+04 2.796200000000000000e+04
2.461200000000000000e+04 2.635000000000000000e+04 2.904600000000000000e+04
2.461200000000000000e+04 2.713700000000000000e+04 2.851500000000000000e+04
2.461200000000000000e+04 2.811900000000000000e+04 2.732800000000000000e+04
2.461200000000000000e+04 2.914400000000000000e+04 2.544500000000000000e+04
2.461300000000000000e+04 2.670900000000000000e+04 2.886300000000000000e+04
2.461300000000000000e+04 2.914400000000000000e+04 2.543800000000000000e+04
2.461300000000000000e+04 2.955200000000000000e+04 2.399800000000000000e+04
2.461400000000000000e+04 2.685000000000000000e+04 2.871100000000000000e+04
2.461800000000000000e+04 2.950500000000000000e+04 2.420700000000000000e+04
2.461800000000000000e+04 2.955300000000000000e+04 2.390700000000000000e+04
2.461900000000000000e+04 2.709400000000000000e+04 2.855500000000000000e+04
2.462000000000000000e+04 2.672900000000000000e+04 2.885300000000000000e+04
2.462000000000000000e+04 2.722300000000000000e+04 2.840900000000000000e+04
2.462000000000000000e+04 2.947500000000000000e+04 2.434400000000000000e+04
2.462100000000000000e+04 2.709200000000000000e+04 2.854700000000000000e+04
2.462100000000000000e+04 2.902400000000000000e+04 2.575200000000000000e+04
2.462200000000000000e+04 2.668800000000000000e+04 2.890300000000000000e+04
2.462200000000000000e+04 2.671800000000000000e+04 2.886000000000000000e+04
2.462200000000000000e+04 2.699200000000000000e+04 2.862400000000000000e+04
2.462300000000000000e+04 2.385500000000000000e+04 3.012200000000000000e+04
2.462300000000000000e+04 2.763100000000000000e+04 2.799700000000000000e+04
2.462400000000000000e+04 2.741900000000000000e+04 2.823900000000000000e+04
2.462500000000000000e+04 2.914200000000000000e+04 2.546600000000000000e+04
2.462500000000000000e+04 2.921800000000000000e+04 2.531600000000000000e+04
2.462800000000000000e+04 2.684400000000000000e+04 2.877400000000000000e+04
2.462800000000000000e+04 2.904000000000000000e+04 2.572000000000000000e+04
2.462900000000000000e+04 2.707700000000000000e+04 2.856300000000000000e+04
2.462900000000000000e+04 2.707900000000000000e+04 2.854700000000000000e+04
2.462900000000000000e+04 2.769500000000000000e+04 2.796300000000000000e+04
2.462900000000000000e+04 2.920300000000000000e+04 2.531400000000000000e+04
2.462900000000000000e+04 2.924900000000000000e+04 2.517000000000000000e+04
2.463000000000000000e+04 2.681500000000000000e+04 2.878300000000000000e+04
2.463100000000000000e+04 2.723900000000000000e+04 2.840000000000000000e+04
2.463200000000000000e+04 2.701400000000000000e+04 2.862000000000000000e+04
2.463400000000000000e+04 2.673000000000000000e+04 2.885100000000000000e+04
2.463400000000000000e+04 2.912900000000000000e+04 2.550600000000000000e+04
2.463500000000000000e+04 2.926100000000000000e+04 2.516700000000000000e+04
2.463600000000000000e+04 2.769200000000000000e+04 2.798900000000000000e+04
2.463600000000000000e+04 2.922000000000000000e+04 2.526200000000000000e+04
2.463700000000000000e+04 2.922000000000000000e+04 2.527100000000000000e+04
2.463800000000000000e+04 2.530200000000000000e+04 2.963000000000000000e+04
2.463800000000000000e+04 2.706900000000000000e+04 2.854800000000000000e+04
2.463800000000000000e+04 2.720800000000000000e+04 2.844100000000000000e+04
2.463800000000000000e+04 2.947400000000000000e+04 2.438200000000000000e+04
2.463900000000000000e+04 2.769400000000000000e+04 2.796700000000000000e+04
2.464000000000000000e+04 2.933200000000000000e+04 2.499000000000000000e+04
2.464100000000000000e+04 2.680300000000000000e+04 2.880900000000000000e+04
2.464100000000000000e+04 2.695300000000000000e+04 2.868100000000000000e+04
2.464100000000000000e+04 2.932300000000000000e+04 2.501600000000000000e+04
2.464100000000000000e+04 2.950300000000000000e+04 2.422000000000000000e+04
2.464300000000000000e+04 2.742400000000000000e+04 2.821600000000000000e+04
2.464300000000000000e+04 2.839300000000000000e+04 2.691800000000000000e+04
2.464500000000000000e+04 2.761700000000000000e+04 2.802600000000000000e+04
2.464500000000000000e+04 2.909100000000000000e+04 2.556800000000000000e+04
2.464600000000000000e+04 2.375800000000000000e+04 3.013600000000000000e+04
2.464600000000000000e+04 2.482600000000000000e+04 2.987600000000000000e+04
2.464600000000000000e+04 2.912500000000000000e+04 2.550100000000000000e+04
2.464600000000000000e+04 2.952400000000000000e+04 2.412100000000000000e+04
2.464600000000000000e+04 2.955200000000000000e+04 2.397400000000000000e+04
2.464700000000000000e+04 2.704400000000000000e+04 2.859600000000000000e+04
2.464800000000000000e+04 2.747500000000000000e+04 2.811900000000000000e+04
2.464800000000000000e+04 2.902200000000000000e+04 2.577700000000000000e+04
2.464800000000000000e+04 2.921400000000000000e+04 2.525800000000000000e+04
2.464800000000000000e+04 2.948700000000000000e+04 2.432600000000000000e+04
2.464900000000000000e+04 2.467500000000000000e+04 2.990300000000000000e+04
2.464900000000000000e+04 2.839000000000000000e+04 2.692500000000000000e+04
2.464900000000000000e+04 2.914100000000000000e+04 2.544500000000000000e+04
2.465000000000000000e+04 2.694600000000000000e+04 2.868700000000000000e+04
2.465000000000000000e+04 2.723100000000000000e+04 2.840000000000000000e+04
2.465000000000000000e+04 2.752000000000000000e+04 2.810500000000000000e+04
2.465000000000000000e+04 2.752300000000000000e+04 2.808800000000000000e+04
2.465100000000000000e+04 2.908700000000000000e+04 2.560500000000000000e+04
2.465100000000000000e+04 2.950600000000000000e+04 2.420500000000000000e+04
2.465100000000000000e+04 2.954700000000000000e+04 2.393100000000000000e+04
2.465200000000000000e+04 2.455300000000000000e+04 2.993700000000000000e+04
2.465200000000000000e+04 2.711100000000000000e+04 2.854200000000000000e+04
2.465200000000000000e+04 2.734300000000000000e+04 2.830700000000000000e+04
2.465200000000000000e+04 2.903000000000000000e+04 2.572800000000000000e+04
2.465300000000000000e+04 2.738400000000000000e+04 2.829800000000000000e+04
2.465300000000000000e+04 2.942400000000000000e+04 2.463700000000000000e+04
2.465400000000000000e+04 2.733800000000000000e+04 2.830500000000000000e+04
2.465400000000000000e+04 2.734300000000000000e+04 2.827400000000000000e+04
2.465400000000000000e+04 2.947000000000000000e+04 2.437800000000000000e+04
2.465500000000000000e+04 2.698700000000000000e+04 2.862100000000000000e+04
2.465600000000000000e+04 2.373500000000000000e+04 3.016400000000000000e+04
2.465600000000000000e+04 2.704000000000000000e+04 2.861400000000000000e+04
2.465600000000000000e+04 2.740100000000000000e+04 2.825700000000000000e+04
2.465600000000000000e+04 2.922600000000000000e+04 2.520800000000000000e+04
2.465600000000000000e+04 2.939200000000000000e+04 2.474200000000000000e+04
2.465700000000000000e+04 2.680400000000000000e+04 2.879200000000000000e+04
2.465700000000000000e+04 2.732000000000000000e+04 2.833200000000000000e+04
2.465700000000000000e+04 2.907500000000000000e+04 2.563500000000000000e+04
2.465700000000000000e+04 2.950300000000000000e+04 2.418700000000000000e+04
2.465800000000000000e+04 2.704000000000000000e+04 2.858000000000000000e+04
2.465900000000000000e+04 2.932000000000000000e+04 2.499100000000000000e+04
2.465900000000000000e+04 2.937700000000000000e+04 2.478900000000000000e+04
2.466000000000000000e+04 2.728900000000000000e+04 2.835900000000000000e+04
2.466100000000000000e+04 2.427500000000000000e+04 3.004700000000000000e+04
2.466100000000000000e+04 2.695800000000000000e+04 2.866800000000000000e+04
2.466100000000000000e+04 2.712600000000000000e+04 2.849600000000000000e+04
2.466100000000000000e+04 2.914000000000000000e+04 2.542900000000000000e+04
2.466100000000000000e+04 2.921300000000000000e+04 2.526300000000000000e+04
2.466300000000000000e+04 2.680000000000000000e+04 2.878600000000000000e+04
2.466300000000000000e+04 2.722200000000000000e+04 2.839800000000000000e+04
2.466300000000000000e+04 2.903900000000000000e+04 2.571300000000000000e+04
2.466400000000000000e+04 2.538900000000000000e+04 2.959500000000000000e+04
2.466400000000000000e+04 2.669600000000000000e+04 2.887200000000000000e+04
2.466400000000000000e+04 2.722100000000000000e+04 2.842700000000000000e+04
2.466400000000000000e+04 2.888200000000000000e+04 2.610700000000000000e+04
2.466600000000000000e+04 2.935200000000000000e+04 2.493700000000000000e+04
2.466800000000000000e+04 2.443500000000000000e+04 2.998100000000000000e+04
2.466800000000000000e+04 2.942800000000000000e+04 2.463200000000000000e+04
2.466800000000000000e+04 2.943700000000000000e+04 2.457500000000000000e+04
2.466800000000000000e+04 2.947100000000000000e+04 2.436500000000000000e+04
2.466900000000000000e+04 2.772700000000000000e+04 2.791900000000000000e+04
2.466900000000000000e+04 2.939000000000000000e+04 2.471600000000000000e+04
2.467000000000000000e+04 2.372500000000000000e+04 3.014900000000000000e+04
2.467000000000000000e+04 2.510800000000000000e+04 2.971800000000000000e+04
2.467000000000000000e+04 2.728400000000000000e+04 2.836200000000000000e+04
2.467000000000000000e+04 2.778100000000000000e+04 2.777600000000000000e+04
2.467000000000000000e+04 2.932800000000000000e+04 2.494200000000000000e+04
2.467100000000000000e+04 2.932100000000000000e+04 2.496700000000000000e+04
2.467200000000000000e+04 2.843800000000000000e+04 2.687500000000000000e+04
2.467200000000000000e+04 2.903400000000000000e+04 2.571500000000000000e+04
2.467200000000000000e+04 2.924500000000000000e+04 2.516800000000000000e+04
2.467200000000000000e+04 2.950300000000000000e+04 2.418300000000000000e+04
2.467300000000000000e+04 2.531900000000000000e+04 2.962300000000000000e+04
2.467300000000000000e+04 2.741800000000000000e+04 2.825400000000000000e+04
2.467500000000000000e+04 2.371100000000000000e+04 3.016100000000000000e+04
2.467500000000000000e+04 2.948500000000000000e+04 2.431600000000000000e+04
2.467600000000000000e+04 2.703900000000000000e+04 2.858800000000000000e+04
2.467600000000000000e+04 2.886800000000000000e+04 2.612300000000000000e+04
2.467600000000000000e+04 2.938700000000000000e+04 2.471400000000000000e+04
2.467600000000000000e+04 2.952000000000000000e+04 2.414600000000000000e+04
2.467700000000000000e+04 2.684200000000000000e+04 2.877100000000000000e+04
2.467700000000000000e+04 2.719700000000000000e+04 2.846200000000000000e+04
2.467700000000000000e+04 2.931700000000000000e+04 2.498900000000000000e+04
2.467800000000000000e+04 2.702400000000000000e+04 2.860700000000000000e+04
2.467800000000000000e+04 2.761700000000000000e+04 2.800700000000000000e+04
2.467900000000000000e+04 2.375500000000000000e+04 3.013200000000000000e+04
2.467900000000000000e+04 2.701000000000000000e+04 2.859900000000000000e+04
2.467900000000000000e+04 2.887100000000000000e+04 2.610700000000000000e+04
2.467900000000000000e+04 2.907000000000000000e+04 2.568200000000000000e+04
2.468000000000000000e+04 2.383100000000000000e+04 3.011000000000000000e+04
2.468000000000000000e+04 2.408800000000000000e+04 3.008800000000000000e+04
2.468000000000000000e+04 2.473000000000000000e+04 2.987300000000000000e+04
2.468000000000000000e+04 2.509700000000000000e+04 2.971500000000000000e+04
2.468000000000000000e+04 2.521600000000000000e+04 2.970600000000000000e+04
2.468000000000000000e+04 2.722000000000000000e+04 2.842100000000000000e+04
2.468000000000000000e+04 2.931900000000000000e+04 2.497000000000000000e+04
2.468100000000000000e+04 2.733100000000000000e+04 2.832600000000000000e+04
2.468100000000000000e+04 2.923500000000000000e+04 2.518800000000000000e+04
2.468200000000000000e+04 2.701000000000000000e+04 2.860300000000000000e+04
2.468200000000000000e+04 2.718900000000000000e+04 2.845000000000000000e+04
2.468200000000000000e+04 2.906900000000000000e+04 2.567400000000000000e+04
2.468300000000000000e+04 2.402200000000000000e+04 3.010000000000000000e+04
2.468300000000000000e+04 2.740200000000000000e+04 2.824200000000000000e+04
2.468300000000000000e+04 2.921100000000000000e+04 2.526500000000000000e+04
2.468400000000000000e+04 2.770600000000000000e+04 2.796100000000000000e+04
2.468500000000000000e+04 2.402300000000000000e+04 3.009700000000000000e+04
2.468500000000000000e+04 2.509500000000000000e+04 2.971600000000000000e+04
2.468600000000000000e+04 2.395900000000000000e+04 3.010900000000000000e+04
2.468600000000000000e+04 2.540200000000000000e+04 2.956800000000000000e+04
2.468600000000000000e+04 2.540900000000000000e+04 2.956300000000000000e+04
2.468600000000000000e+04 2.703500000000000000e+04 2.858100000000000000e+04
2.468600000000000000e+04 2.934900000000000000e+04 2.490200000000000000e+04
2.468700000000000000e+04 2.694800000000000000e+04 2.867300000000000000e+04
2.468900000000000000e+04 2.507300000000000000e+04 2.973300000000000000e+04
2.468900000000000000e+04 2.930100000000000000e+04 2.504700000000000000e+04
2.468900000000000000e+04 2.930500000000000000e+04 2.504600000000000000e+04
2.468900000000000000e+04 2.932700000000000000e+04 2.495200000000000000e+04
2.469000000000000000e+04 2.732500000000000000e+04 2.832400000000000000e+04
2.469000000000000000e+04 2.954100000000000000e+04 2.404800000000000000e+04
2.469100000000000000e+04 2.426800000000000000e+04 3.005300000000000000e+04
2.469100000000000000e+04 2.467100000000000000e+04 2.990200000000000000e+04
2.469100000000000000e+04 2.700800000000000000e+04 2.858200000000000000e+04
2.469200000000000000e+04 2.698500000000000000e+04 2.860900000000000000e+04
2.469200000000000000e+04 2.938700000000000000e+04 2.469800000000000000e+04
2.469300000000000000e+04 2.922300000000000000e+04 2.525700000000000000e+04
2.469400000000000000e+04 2.716600000000000000e+04 2.849100000000000000e+04
2.469400000000000000e+04 2.732700000000000000e+04 2.831100000000000000e+04
2.469500000000000000e+04 2.711700000000000000e+04 2.850000000000000000e+04
2.469500000000000000e+04 2.898200000000000000e+04 2.589800000000000000e+04
2.469600000000000000e+04 2.435900000000000000e+04 3.003500000000000000e+04
2.469600000000000000e+04 2.929700000000000000e+04 2.506500000000000000e+04
2.469700000000000000e+04 2.448900000000000000e+04 2.997100000000000000e+04
2.469700000000000000e+04 2.719600000000000000e+04 2.843700000000000000e+04
2.469700000000000000e+04 2.727600000000000000e+04 2.838600000000000000e+04
2.469800000000000000e+04 2.713800000000000000e+04 2.848100000000000000e+04
2.469900000000000000e+04 2.706800000000000000e+04 2.854600000000000000e+04
2.469900000000000000e+04 2.713700000000000000e+04 2.847700000000000000e+04
2.469900000000000000e+04 2.743400000000000000e+04 2.821300000000000000e+04
2.469900000000000000e+04 2.937500000000000000e+04 2.480300000000000000e+04
2.470000000000000000e+04 2.938600000000000000e+04 2.475600000000000000e+04
2.470100000000000000e+04 2.539900000000000000e+04 2.957900000000000000e+04
2.470100000000000000e+04 2.705800000000000000e+04 2.856800000000000000e+04
2.470100000000000000e+04 2.728100000000000000e+04 2.836800000000000000e+04
2.470100000000000000e+04 2.731000000000000000e+04 2.835600000000000000e+04
2.470100000000000000e+04 2.952400000000000000e+04 2.414000000000000000e+04
2.470200000000000000e+04 2.722100000000000000e+04 2.841900000000000000e+04
2.470300000000000000e+04 2.406900000000000000e+04 3.009400000000000000e+04
2.470300000000000000e+04 2.444100000000000000e+04 2.997100000000000000e+04
2.470300000000000000e+04 2.507400000000000000e+04 2.972900000000000000e+04
2.470400000000000000e+04 2.696300000000000000e+04 2.865100000000000000e+04
2.470400000000000000e+04 2.711100000000000000e+04 2.854200000000000000e+04
2.470400000000000000e+04 2.711500000000000000e+04 2.852800000000000000e+04
2.470400000000000000e+04 2.740000000000000000e+04 2.827400000000000000e+04
2.470400000000000000e+04 2.928100000000000000e+04 2.511500000000000000e+04
2.470600000000000000e+04 2.436500000000000000e+04 3.003200000000000000e+04
2.470600000000000000e+04 2.440000000000000000e+04 3.000500000000000000e+04
2.470600000000000000e+04 2.721700000000000000e+04 2.841200000000000000e+04
2.470600000000000000e+04 2.771500000000000000e+04 2.785000000000000000e+04
2.470700000000000000e+04 2.502200000000000000e+04 2.975800000000000000e+04
2.470800000000000000e+04 2.906700000000000000e+04 2.563000000000000000e+04
2.470900000000000000e+04 2.374900000000000000e+04 3.012200000000000000e+04
2.471000000000000000e+04 2.378600000000000000e+04 3.011900000000000000e+04
2.471000000000000000e+04 2.503700000000000000e+04 2.973800000000000000e+04
2.471000000000000000e+04 2.783600000000000000e+04 2.773200000000000000e+04
2.471000000000000000e+04 2.937300000000000000e+04 2.478700000000000000e+04
2.471100000000000000e+04 2.731300000000000000e+04 2.832700000000000000e+04
2.471100000000000000e+04 2.930800000000000000e+04 2.504200000000000000e+04
2.471300000000000000e+04 2.400400000000000000e+04 3.009500000000000000e+04
2.471300000000000000e+04 2.509500000000000000e+04 2.971500000000000000e+04
2.471300000000000000e+04 2.929400000000000000e+04 2.504900000000000000e+04
2.471400000000000000e+04 2.497200000000000000e+04 2.976900000000000000e+04
2.471400000000000000e+04 2.699900000000000000e+04 2.858400000000000000e+04
2.471400000000000000e+04 2.922900000000000000e+04 2.518400000000000000e+04
2.471400000000000000e+04 2.954100000000000000e+04 2.401800000000000000e+04
2.471500000000000000e+04 2.538900000000000000e+04 2.960200000000000000e+04
2.471600000000000000e+04 2.405000000000000000e+04 3.008500000000000000e+04
2.471600000000000000e+04 2.469700000000000000e+04 2.990000000000000000e+04
2.471600000000000000e+04 2.729100000000000000e+04 2.834500000000000000e+04
2.471600000000000000e+04 2.737100000000000000e+04 2.825700000000000000e+04
2.471600000000000000e+04 2.746500000000000000e+04 2.818600000000000000e+04
2.471600000000000000e+04 2.921400000000000000e+04 2.524200000000000000e+04
2.471700000000000000e+04 2.672900000000000000e+04 2.875900000000000000e+04
2.471700000000000000e+04 2.681500000000000000e+04 2.878100000000000000e+04
2.471700000000000000e+04 2.765000000000000000e+04 2.795700000000000000e+04
2.471700000000000000e+04 2.947700000000000000e+04 2.433400000000000000e+04
2.471800000000000000e+04 2.459800000000000000e+04 2.990900000000000000e+04
2.471800000000000000e+04 2.470700000000000000e+04 2.988500000000000000e+04
2.471900000000000000e+04 2.426300000000000000e+04 3.007900000000000000e+04
2.472100000000000000e+04 2.472000000000000000e+04 2.988000000000000000e+04
2.472100000000000000e+04 2.523100000000000000e+04 2.966500000000000000e+04
2.472100000000000000e+04 2.953000000000000000e+04 2.402300000000000000e+04
2.472200000000000000e+04 2.372800000000000000e+04 3.011600000000000000e+04
2.472200000000000000e+04 2.715200000000000000e+04 2.847300000000000000e+04
2.472300000000000000e+04 2.494300000000000000e+04 2.983400000000000000e+04
2.472300000000000000e+04 2.716600000000000000e+04 2.846100000000000000e+04
2.472300000000000000e+04 2.908300000000000000e+04 2.561600000000000000e+04
2.472400000000000000e+04 2.408600000000000000e+04 3.007700000000000000e+04
2.472500000000000000e+04 2.522400000000000000e+04 2.966800000000000000e+04
2.472500000000000000e+04 2.728900000000000000e+04 2.834100000000000000e+04
2.472500000000000000e+04 2.931300000000000000e+04 2.504100000000000000e+04
2.472600000000000000e+04 2.769600000000000000e+04 2.795000000000000000e+04
2.472600000000000000e+04 2.953800000000000000e+04 2.394400000000000000e+04
2.472700000000000000e+04 2.453700000000000000e+04 2.994600000000000000e+04
2.472700000000000000e+04 2.472800000000000000e+04 2.987300000000000000e+04
2.472700000000000000e+04 2.927400000000000000e+04 2.516200000000000000e+04
2.472700000000000000e+04 2.950900000000000000e+04 2.418000000000000000e+04
2.472700000000000000e+04 2.952900000000000000e+04 2.402200000000000000e+04
2.472800000000000000e+04 2.470000000000000000e+04 2.987400000000000000e+04
2.472800000000000000e+04 2.901900000000000000e+04 2.577400000000000000e+04
2.472800000000000000e+04 2.929000000000000000e+04 2.507800000000000000e+04
2.472900000000000000e+04 2.728300000000000000e+04 2.834300000000000000e+04
2.472900000000000000e+04 2.929500000000000000e+04 2.502100000000000000e+04
2.473000000000000000e+04 2.737500000000000000e+04 2.825300000000000000e+04
2.473000000000000000e+04 2.918600000000000000e+04 2.536700000000000000e+04
2.473100000000000000e+04 2.423100000000000000e+04 3.006500000000000000e+04
2.473100000000000000e+04 2.496800000000000000e+04 2.978800000000000000e+04
2.473100000000000000e+04 2.729000000000000000e+04 2.831900000000000000e+04
2.473100000000000000e+04 2.913100000000000000e+04 2.545400000000000000e+04
2.473200000000000000e+04 2.923200000000000000e+04 2.518100000000000000e+04
2.473200000000000000e+04 2.940400000000000000e+04 2.462700000000000000e+04
2.473200000000000000e+04 2.942100000000000000e+04 2.465100000000000000e+04
2.473300000000000000e+04 2.697600000000000000e+04 2.863200000000000000e+04
2.473400000000000000e+04 2.718800000000000000e+04 2.843800000000000000e+04
2.473400000000000000e+04 2.928900000000000000e+04 2.508000000000000000e+04
2.473400000000000000e+04 2.931800000000000000e+04 2.495700000000000000e+04
2.473500000000000000e+04 2.399900000000000000e+04 3.010600000000000000e+04
2.473500000000000000e+04 2.492600000000000000e+04 2.982900000000000000e+04
2.473500000000000000e+04 2.744600000000000000e+04 2.817000000000000000e+04
2.473500000000000000e+04 2.900300000000000000e+04 2.582100000000000000e+04
2.473500000000000000e+04 2.901400000000000000e+04 2.576800000000000000e+04
2.473500000000000000e+04 2.930800000000000000e+04 2.500600000000000000e+04
2.473600000000000000e+04 2.499700000000000000e+04 2.975000000000000000e+04
2.473600000000000000e+04 2.951300000000000000e+04 2.415400000000000000e+04
2.473700000000000000e+04 2.753300000000000000e+04 2.805900000000000000e+04
2.473700000000000000e+04 2.938500000000000000e+04 2.478600000000000000e+04
2.473700000000000000e+04 2.940100000000000000e+04 2.468700000000000000e+04
2.473800000000000000e+04 2.509100000000000000e+04 2.972200000000000000e+04
2.473800000000000000e+04 2.696000000000000000e+04 2.865700000000000000e+04
2.473800000000000000e+04 2.712500000000000000e+04 2.846600000000000000e+04
2.473800000000000000e+04 2.953300000000000000e+04 2.393400000000000000e+04
2.473900000000000000e+04 2.508300000000000000e+04 2.972300000000000000e+04
2.473900000000000000e+04 2.908000000000000000e+04 2.562500000000000000e+04
2.473900000000000000e+04 2.928200000000000000e+04 2.508100000000000000e+04
2.474000000000000000e+04 2.754900000000000000e+04 2.803400000000000000e+04
2.474100000000000000e+04 2.370900000000000000e+04 3.015900000000000000e+04
2.474100000000000000e+04 2.449600000000000000e+04 2.996700000000000000e+04
2.474200000000000000e+04 2.742300000000000000e+04 2.823300000000000000e+04
2.474200000000000000e+04 2.907100000000000000e+04 2.562400000000000000e+04
2.474200000000000000e+04 2.920200000000000000e+04 2.534600000000000000e+04
2.474200000000000000e+04 2.944300000000000000e+04 2.455300000000000000e+04
2.474300000000000000e+04 2.434100000000000000e+04 3.004400000000000000e+04
2.474300000000000000e+04 2.925000000000000000e+04 2.515300000000000000e+04
2.474300000000000000e+04 2.938500000000000000e+04 2.468600000000000000e+04
2.474400000000000000e+04 2.352400000000000000e+04 3.011400000000000000e+04
2.474400000000000000e+04 2.494700000000000000e+04 2.982800000000000000e+04
2.474400000000000000e+04 2.520200000000000000e+04 2.967500000000000000e+04
2.474500000000000000e+04 2.433000000000000000e+04 3.003700000000000000e+04
2.474500000000000000e+04 2.949100000000000000e+04 2.431600000000000000e+04
2.474500000000000000e+04 2.953100000000000000e+04 2.391500000000000000e+04
2.474600000000000000e+04 2.407100000000000000e+04 3.008300000000000000e+04
2.474600000000000000e+04 2.412200000000000000e+04 3.006900000000000000e+04
2.474600000000000000e+04 2.471900000000000000e+04 2.987000000000000000e+04
2.474700000000000000e+04 2.454700000000000000e+04 2.994200000000000000e+04
2.474700000000000000e+04 2.727900000000000000e+04 2.835000000000000000e+04
2.474700000000000000e+04 2.763200000000000000e+04 2.799300000000000000e+04
2.474700000000000000e+04 2.902700000000000000e+04 2.575200000000000000e+04
2.474700000000000000e+04 2.938100000000000000e+04 2.477500000000000000e+04
2.474800000000000000e+04 2.411600000000000000e+04 3.007000000000000000e+04
2.474800000000000000e+04 2.420700000000000000e+04 3.004600000000000000e+04
2.474800000000000000e+04 2.432800000000000000e+04 3.004300000000000000e+04
2.474800000000000000e+04 2.442900000000000000e+04 2.999100000000000000e+04
2.474800000000000000e+04 2.533000000000000000e+04 2.961600000000000000e+04
2.474900000000000000e+04 2.741600000000000000e+04 2.822400000000000000e+04
2.474900000000000000e+04 2.895500000000000000e+04 2.594400000000000000e+04
2.474900000000000000e+04 2.943500000000000000e+04 2.462000000000000000e+04
2.475000000000000000e+04 2.396400000000000000e+04 3.010800000000000000e+04
2.475000000000000000e+04 2.453400000000000000e+04 2.994400000000000000e+04
2.475000000000000000e+04 2.898700000000000000e+04 2.589700000000000000e+04
2.475100000000000000e+04 2.398500000000000000e+04 3.009600000000000000e+04
2.475100000000000000e+04 2.434000000000000000e+04 3.003400000000000000e+04
2.475100000000000000e+04 2.900300000000000000e+04 2.582100000000000000e+04
2.475100000000000000e+04 2.920800000000000000e+04 2.530500000000000000e+04
2.475200000000000000e+04 2.420500000000000000e+04 3.004500000000000000e+04
2.475200000000000000e+04 2.492400000000000000e+04 2.983000000000000000e+04
2.475200000000000000e+04 2.505600000000000000e+04 2.973400000000000000e+04
2.475200000000000000e+04 2.710000000000000000e+04 2.853000000000000000e+04
2.475300000000000000e+04 2.484000000000000000e+04 2.986200000000000000e+04
2.475300000000000000e+04 2.747200000000000000e+04 2.814300000000000000e+04
2.475400000000000000e+04 2.935500000000000000e+04 2.486300000000000000e+04
2.475500000000000000e+04 2.439500000000000000e+04 3.001300000000000000e+04
2.475500000000000000e+04 2.486900000000000000e+04 2.985500000000000000e+04
2.475500000000000000e+04 2.494900000000000000e+04 2.982600000000000000e+04
2.475500000000000000e+04 2.496300000000000000e+04 2.980000000000000000e+04
2.475500000000000000e+04 2.736900000000000000e+04 2.826800000000000000e+04
2.475500000000000000e+04 2.928000000000000000e+04 2.513200000000000000e+04
2.475600000000000000e+04 2.938900000000000000e+04 2.468500000000000000e+04
2.475700000000000000e+04 2.352800000000000000e+04 3.011000000000000000e+04
2.475700000000000000e+04 2.440500000000000000e+04 2.999800000000000000e+04
2.475700000000000000e+04 2.862100000000000000e+04 2.663400000000000000e+04
2.475800000000000000e+04 2.933200000000000000e+04 2.493200000000000000e+04
2.475900000000000000e+04 2.431800000000000000e+04 3.003900000000000000e+04
2.475900000000000000e+04 2.448400000000000000e+04 2.996300000000000000e+04
2.475900000000000000e+04 2.488000000000000000e+04 2.984000000000000000e+04
2.475900000000000000e+04 2.920700000000000000e+04 2.524500000000000000e+04
2.475900000000000000e+04 2.942500000000000000e+04 2.458000000000000000e+04
2.476000000000000000e+04 2.458800000000000000e+04 2.989600000000000000e+04
2.476000000000000000e+04 2.485600000000000000e+04 2.985400000000000000e+04
2.476000000000000000e+04 2.494300000000000000e+04 2.982200000000000000e+04
2.476100000000000000e+04 2.350200000000000000e+04 3.012900000000000000e+04
2.476100000000000000e+04 2.929100000000000000e+04 2.506900000000000000e+04
2.476100000000000000e+04 2.945200000000000000e+04 2.443100000000000000e+04
2.476100000000000000e+04 2.956100000000000000e+04 2.380500000000000000e+04
2.476200000000000000e+04 2.937900000000000000e+04 2.467200000000000000e+04
2.476300000000000000e+04 2.408400000000000000e+04 3.008100000000000000e+04
2.476300000000000000e+04 2.503500000000000000e+04 2.974400000000000000e+04
2.476400000000000000e+04 2.461900000000000000e+04 2.989600000000000000e+04
2.476400000000000000e+04 2.955800000000000000e+04 2.386600000000000000e+04
2.476500000000000000e+04 2.715100000000000000e+04 2.846500000000000000e+04
2.476600000000000000e+04 2.475300000000000000e+04 2.984700000000000000e+04
2.476600000000000000e+04 2.729300000000000000e+04 2.831800000000000000e+04
2.476600000000000000e+04 2.930800000000000000e+04 2.496900000000000000e+04
2.476600000000000000e+04 2.944400000000000000e+04 2.454000000000000000e+04
2.476700000000000000e+04 2.715700000000000000e+04 2.846400000000000000e+04
2.476900000000000000e+04 2.937700000000000000e+04 2.472200000000000000e+04
2.477000000000000000e+04 2.918800000000000000e+04 2.531900000000000000e+04
2.477100000000000000e+04 2.325100000000000000e+04 3.010400000000000000e+04
2.477100000000000000e+04 2.952800000000000000e+04 2.406400000000000000e+04
2.477200000000000000e+04 2.901300000000000000e+04 2.581100000000000000e+04
2.477200000000000000e+04 2.929300000000000000e+04 2.505800000000000000e+04
2.477200000000000000e+04 2.944700000000000000e+04 2.447800000000000000e+04
2.477200000000000000e+04 2.952700000000000000e+04 2.385000000000000000e+04
2.477300000000000000e+04 2.322600000000000000e+04 3.011100000000000000e+04
2.477300000000000000e+04 2.711400000000000000e+04 2.852000000000000000e+04
2.477300000000000000e+04 2.912100000000000000e+04 2.552200000000000000e+04
2.477400000000000000e+04 2.396500000000000000e+04 3.009500000000000000e+04
2.477400000000000000e+04 2.410900000000000000e+04 3.006800000000000000e+04
2.477400000000000000e+04 2.736400000000000000e+04 2.826700000000000000e+04
2.477500000000000000e+04 2.729900000000000000e+04 2.831600000000000000e+04
2.477500000000000000e+04 2.730600000000000000e+04 2.831500000000000000e+04
2.477500000000000000e+04 2.918700000000000000e+04 2.535200000000000000e+04
2.477500000000000000e+04 2.944100000000000000e+04 2.447600000000000000e+04
2.477700000000000000e+04 2.401800000000000000e+04 3.008700000000000000e+04
2.477700000000000000e+04 2.402200000000000000e+04 3.006700000000000000e+04
2.477700000000000000e+04 2.898600000000000000e+04 2.588500000000000000e+04
2.477800000000000000e+04 2.728600000000000000e+04 2.833300000000000000e+04
2.477800000000000000e+04 2.936700000000000000e+04 2.485600000000000000e+04
2.477800000000000000e+04 2.940300000000000000e+04 2.466700000000000000e+04
2.477900000000000000e+04 2.358500000000000000e+04 3.009400000000000000e+04
2.477900000000000000e+04 2.862200000000000000e+04 2.662700000000000000e+04
2.477900000000000000e+04 2.908400000000000000e+04 2.561300000000000000e+04
2.477900000000000000e+04 2.920000000000000000e+04 2.528400000000000000e+04
2.477900000000000000e+04 2.946300000000000000e+04 2.442900000000000000e+04
2.477900000000000000e+04 2.946400000000000000e+04 2.441200000000000000e+04
2.478000000000000000e+04 2.374200000000000000e+04 3.006300000000000000e+04
2.478000000000000000e+04 2.921500000000000000e+04 2.521100000000000000e+04
2.478000000000000000e+04 2.931500000000000000e+04 2.491500000000000000e+04
2.478100000000000000e+04 2.776000000000000000e+04 2.782300000000000000e+04
2.478100000000000000e+04 2.919700000000000000e+04 2.527300000000000000e+04
2.478200000000000000e+04 2.728600000000000000e+04 2.831800000000000000e+04
2.478300000000000000e+04 2.327100000000000000e+04 3.010200000000000000e+04
2.478300000000000000e+04 2.508600000000000000e+04 2.971500000000000000e+04
2.478300000000000000e+04 2.521800000000000000e+04 2.967000000000000000e+04
2.478300000000000000e+04 2.944300000000000000e+04 2.447500000000000000e+04
2.478400000000000000e+04 2.386700000000000000e+04 3.005300000000000000e+04
2.478400000000000000e+04 2.407300000000000000e+04 3.004600000000000000e+04
2.478400000000000000e+04 2.412100000000000000e+04 3.004400000000000000e+04
2.478400000000000000e+04 2.744200000000000000e+04 2.820000000000000000e+04
2.478500000000000000e+04 2.366700000000000000e+04 3.008100000000000000e+04
2.478500000000000000e+04 2.430300000000000000e+04 3.003700000000000000e+04
2.478500000000000000e+04 2.486100000000000000e+04 2.984500000000000000e+04
2.478500000000000000e+04 2.861600000000000000e+04 2.665300000000000000e+04
2.478500000000000000e+04 2.907900000000000000e+04 2.559700000000000000e+04
2.478600000000000000e+04 2.952300000000000000e+04 2.402700000000000000e+04
2.478700000000000000e+04 2.442200000000000000e+04 2.999100000000000000e+04
2.478700000000000000e+04 2.893400000000000000e+04 2.603500000000000000e+04
2.478800000000000000e+04 2.745800000000000000e+04 2.814800000000000000e+04
2.478800000000000000e+04 2.956000000000000000e+04 2.381100000000000000e+04
2.478900000000000000e+04 2.936900000000000000e+04 2.468000000000000000e+04
2.479000000000000000e+04 2.493500000000000000e+04 2.981700000000000000e+04
2.479000000000000000e+04 2.927900000000000000e+04 2.511800000000000000e+04
2.479000000000000000e+04 2.935300000000000000e+04 2.487800000000000000e+04
2.479000000000000000e+04 2.944700000000000000e+04 2.446000000000000000e+04
2.479100000000000000e+04 2.422300000000000000e+04 3.003900000000000000e+04
2.479100000000000000e+04 2.900000000000000000e+04 2.584500000000000000e+04
2.479200000000000000e+04 2.433500000000000000e+04 3.003000000000000000e+04
2.479200000000000000e+04 2.450400000000000000e+04 2.995300000000000000e+04
2.479200000000000000e+04 2.884100000000000000e+04 2.621400000000000000e+04
2.479200000000000000e+04 2.906300000000000000e+04 2.567100000000000000e+04
2.479200000000000000e+04 2.937000000000000000e+04 2.464200000000000000e+04
2.479300000000000000e+04 2.453200000000000000e+04 2.994900000000000000e+04
2.479300000000000000e+04 2.726900000000000000e+04 2.839200000000000000e+04
2.479300000000000000e+04 2.904900000000000000e+04 2.571000000000000000e+04
2.479400000000000000e+04 2.739900000000000000e+04 2.824800000000000000e+04
2.479500000000000000e+04 2.520100000000000000e+04 2.967200000000000000e+04
2.479600000000000000e+04 2.927700000000000000e+04 2.510600000000000000e+04
2.479600000000000000e+04 2.942100000000000000e+04 2.456800000000000000e+04
2.479600000000000000e+04 2.948600000000000000e+04 2.427600000000000000e+04
2.479700000000000000e+04 2.354800000000000000e+04 3.010000000000000000e+04
2.479700000000000000e+04 2.776300000000000000e+04 2.779500000000000000e+04
2.479700000000000000e+04 2.944600000000000000e+04 2.443400000000000000e+04
2.479800000000000000e+04 2.519200000000000000e+04 2.969000000000000000e+04
2.479800000000000000e+04 2.917100000000000000e+04 2.538500000000000000e+04
2.480000000000000000e+04 2.376700000000000000e+04 3.005700000000000000e+04
2.480000000000000000e+04 2.895000000000000000e+04 2.597400000000000000e+04
2.480000000000000000e+04 2.928100000000000000e+04 2.507700000000000000e+04
2.480000000000000000e+04 2.934800000000000000e+04 2.477700000000000000e+04
2.480000000000000000e+04 2.940500000000000000e+04 2.460000000000000000e+04
2.480100000000000000e+04 2.401100000000000000e+04 3.004000000000000000e+04
2.480100000000000000e+04 2.930400000000000000e+04 2.495300000000000000e+04
2.480200000000000000e+04 2.930000000000000000e+04 2.500200000000000000e+04
2.480200000000000000e+04 2.945200000000000000e+04 2.442400000000000000e+04
2.480300000000000000e+04 2.753100000000000000e+04 2.804600000000000000e+04
2.480300000000000000e+04 2.936700000000000000e+04 2.462800000000000000e+04
2.480400000000000000e+04 2.467200000000000000e+04 2.988300000000000000e+04
2.480400000000000000e+04 2.732100000000000000e+04 2.831000000000000000e+04
2.480400000000000000e+04 2.764700000000000000e+04 2.794100000000000000e+04
2.480400000000000000e+04 2.935700000000000000e+04 2.473800000000000000e+04
2.480500000000000000e+04 2.898200000000000000e+04 2.588500000000000000e+04
2.480600000000000000e+04 2.493800000000000000e+04 2.981600000000000000e+04
2.480600000000000000e+04 2.738100000000000000e+04 2.825200000000000000e+04
2.480600000000000000e+04 2.898500000000000000e+04 2.587700000000000000e+04
2.480600000000000000e+04 2.917900000000000000e+04 2.530700000000000000e+04
2.480700000000000000e+04 2.452200000000000000e+04 2.994000000000000000e+04
2.480700000000000000e+04 2.926900000000000000e+04 2.510600000000000000e+04
2.480700000000000000e+04 2.928200000000000000e+04 2.507400000000000000e+04
2.480800000000000000e+04 2.898000000000000000e+04 2.590700000000000000e+04
2.480900000000000000e+04 2.492300000000000000e+04 2.980900000000000000e+04
2.480900000000000000e+04 2.899600000000000000e+04 2.583500000000000000e+04
2.480900000000000000e+04 2.901000000000000000e+04 2.576900000000000000e+04
2.480900000000000000e+04 2.910600000000000000e+04 2.554900000000000000e+04
2.480900000000000000e+04 2.955200000000000000e+04 2.385000000000000000e+04
2.481000000000000000e+04 2.394700000000000000e+04 3.005100000000000000e+04
2.481000000000000000e+04 2.397900000000000000e+04 3.004800000000000000e+04
2.481100000000000000e+04 2.432800000000000000e+04 3.003500000000000000e+04
2.481100000000000000e+04 2.452700000000000000e+04 2.993700000000000000e+04
2.481100000000000000e+04 2.908800000000000000e+04 2.555300000000000000e+04
2.481100000000000000e+04 2.909300000000000000e+04 2.554600000000000000e+04
2.481100000000000000e+04 2.928900000000000000e+04 2.505600000000000000e+04
2.481200000000000000e+04 2.907900000000000000e+04 2.558600000000000000e+04
2.481200000000000000e+04 2.934900000000000000e+04 2.473800000000000000e+04
2.481300000000000000e+04 2.481400000000000000e+04 2.982800000000000000e+04
2.481300000000000000e+04 2.918700000000000000e+04 2.530200000000000000e+04
2.481400000000000000e+04 2.555400000000000000e+04 2.952400000000000000e+04
2.481400000000000000e+04 2.739800000000000000e+04 2.824000000000000000e+04
2.481400000000000000e+04 2.811200000000000000e+04 2.732300000000000000e+04
2.481500000000000000e+04 2.361200000000000000e+04 3.008100000000000000e+04
2.481500000000000000e+04 2.530200000000000000e+04 2.964100000000000000e+04
2.481500000000000000e+04 2.929500000000000000e+04 2.494400000000000000e+04
2.481600000000000000e+04 2.374000000000000000e+04 3.005900000000000000e+04
2.481600000000000000e+04 2.890300000000000000e+04 2.609300000000000000e+04
2.481600000000000000e+04 2.913100000000000000e+04 2.547400000000000000e+04
2.481700000000000000e+04 2.846000000000000000e+04 2.687100000000000000e+04
2.481800000000000000e+04 2.326500000000000000e+04 3.010300000000000000e+04
2.481800000000000000e+04 2.684800000000000000e+04 2.865800000000000000e+04
2.481800000000000000e+04 2.930000000000000000e+04 2.491600000000000000e+04
2.481900000000000000e+04 2.421600000000000000e+04 3.003600000000000000e+04
2.481900000000000000e+04 2.741500000000000000e+04 2.822300000000000000e+04
2.482000000000000000e+04 2.553200000000000000e+04 2.953700000000000000e+04
2.482100000000000000e+04 2.549200000000000000e+04 2.954800000000000000e+04
2.482100000000000000e+04 2.785900000000000000e+04 2.771500000000000000e+04
2.482100000000000000e+04 2.897700000000000000e+04 2.593800000000000000e+04
2.482100000000000000e+04 2.897900000000000000e+04 2.589200000000000000e+04
2.482100000000000000e+04 2.906100000000000000e+04 2.570700000000000000e+04
2.482100000000000000e+04 2.907000000000000000e+04 2.561700000000000000e+04
2.482100000000000000e+04 2.923600000000000000e+04 2.517300000000000000e+04
2.482200000000000000e+04 2.399500000000000000e+04 3.004600000000000000e+04
2.482200000000000000e+04 2.533100000000000000e+04 2.959900000000000000e+04
2.482200000000000000e+04 2.906100000000000000e+04 2.565000000000000000e+04
2.482200000000000000e+04 2.952200000000000000e+04 2.398900000000000000e+04
2.482200000000000000e+04 2.955400000000000000e+04 2.384500000000000000e+04
2.482300000000000000e+04 2.933100000000000000e+04 2.483000000000000000e+04
2.482500000000000000e+04 2.445000000000000000e+04 2.993100000000000000e+04
2.482500000000000000e+04 2.469300000000000000e+04 2.986000000000000000e+04
2.482500000000000000e+04 2.489700000000000000e+04 2.979900000000000000e+04
2.482500000000000000e+04 2.621100000000000000e+04 2.914900000000000000e+04
2.482500000000000000e+04 2.744400000000000000e+04 2.816900000000000000e+04
2.482500000000000000e+04 2.895300000000000000e+04 2.595900000000000000e+04
2.482500000000000000e+04 2.902200000000000000e+04 2.574900000000000000e+04
2.482500000000000000e+04 2.924600000000000000e+04 2.512300000000000000e+04
2.482600000000000000e+04 2.443600000000000000e+04 2.996800000000000000e+04
2.482600000000000000e+04 2.593600000000000000e+04 2.934500000000000000e+04
2.482600000000000000e+04 2.895500000000000000e+04 2.590200000000000000e+04
2.482700000000000000e+04 2.491100000000000000e+04 2.979200000000000000e+04
2.482700000000000000e+04 2.551500000000000000e+04 2.954600000000000000e+04
2.482700000000000000e+04 2.744100000000000000e+04 2.818700000000000000e+04
2.482800000000000000e+04 2.331000000000000000e+04 3.010000000000000000e+04
2.482800000000000000e+04 2.447200000000000000e+04 2.993100000000000000e+04
2.482800000000000000e+04 2.729400000000000000e+04 2.827000000000000000e+04
2.482800000000000000e+04 2.898000000000000000e+04 2.588400000000000000e+04
2.482800000000000000e+04 2.937100000000000000e+04 2.461300000000000000e+04
2.482900000000000000e+04 2.618500000000000000e+04 2.916300000000000000e+04
2.482900000000000000e+04 2.743100000000000000e+04 2.819200000000000000e+04
2.482900000000000000e+04 2.898900000000000000e+04 2.586000000000000000e+04
2.482900000000000000e+04 2.931600000000000000e+04 2.487400000000000000e+04
2.483000000000000000e+04 2.741900000000000000e+04 2.820900000000000000e+04
2.483100000000000000e+04 2.928100000000000000e+04 2.507600000000000000e+04
2.483200000000000000e+04 2.368200000000000000e+04 3.007800000000000000e+04
2.483200000000000000e+04 2.616200000000000000e+04 2.917800000000000000e+04
2.483200000000000000e+04 2.952200000000000000e+04 2.412000000000000000e+04
2.483200000000000000e+04 2.956500000000000000e+04 2.379300000000000000e+04
2.483300000000000000e+04 2.480300000000000000e+04 2.983300000000000000e+04
2.483300000000000000e+04 2.929500000000000000e+04 2.492400000000000000e+04
2.483300000000000000e+04 2.955100000000000000e+04 2.384700000000000000e+04
2.483400000000000000e+04 2.882500000000000000e+04 2.628500000000000000e+04
2.483400000000000000e+04 2.882800000000000000e+04 2.627400000000000000e+04
2.483500000000000000e+04 2.365100000000000000e+04 3.007300000000000000e+04
2.483500000000000000e+04 2.442900000000000000e+04 2.994600000000000000e+04
2.483500000000000000e+04 2.934300000000000000e+04 2.471400000000000000e+04
2.483600000000000000e+04 2.597800000000000000e+04 2.933400000000000000e+04
2.483700000000000000e+04 2.604600000000000000e+04 2.925900000000000000e+04
2.483800000000000000e+04 2.718200000000000000e+04 2.845900000000000000e+04
2.483900000000000000e+04 2.382700000000000000e+04 3.004300000000000000e+04
2.483900000000000000e+04 2.538100000000000000e+04 2.959100000000000000e+04
2.484000000000000000e+04 2.484100000000000000e+04 2.981500000000000000e+04
2.484000000000000000e+04 2.882100000000000000e+04 2.623700000000000000e+04
2.484000000000000000e+04 2.894100000000000000e+04 2.594400000000000000e+04
2.484100000000000000e+04 2.905500000000000000e+04 2.569300000000000000e+04
2.484100000000000000e+04 2.932000000000000000e+04 2.485200000000000000e+04
2.484100000000000000e+04 2.942300000000000000e+04 2.450600000000000000e+04
2.484200000000000000e+04 2.334800000000000000e+04 3.009700000000000000e+04
2.484200000000000000e+04 2.915000000000000000e+04 2.541900000000000000e+04
2.484300000000000000e+04 2.529500000000000000e+04 2.963100000000000000e+04
2.484300000000000000e+04 2.613400000000000000e+04 2.919600000000000000e+04
2.484300000000000000e+04 2.886100000000000000e+04 2.611900000000000000e+04
2.484300000000000000e+04 2.934200000000000000e+04 2.478200000000000000e+04
2.484400000000000000e+04 2.391800000000000000e+04 3.004200000000000000e+04
2.484400000000000000e+04 2.555000000000000000e+04 2.953200000000000000e+04
2.484500000000000000e+04 2.906400000000000000e+04 2.562600000000000000e+04
2.484500000000000000e+04 2.930200000000000000e+04 2.488400000000000000e+04
2.484600000000000000e+04 2.442700000000000000e+04 2.997600000000000000e+04
2.484600000000000000e+04 2.843500000000000000e+04 2.687000000000000000e+04
2.484600000000000000e+04 2.922500000000000000e+04 2.520700000000000000e+04
2.484700000000000000e+04 2.465800000000000000e+04 2.987700000000000000e+04
2.484700000000000000e+04 2.742900000000000000e+04 2.820700000000000000e+04
2.484800000000000000e+04 2.404700000000000000e+04 3.003600000000000000e+04
2.484900000000000000e+04 2.463500000000000000e+04 2.989300000000000000e+04
2.484900000000000000e+04 2.529400000000000000e+04 2.962400000000000000e+04
2.484900000000000000e+04 2.896600000000000000e+04 2.587300000000000000e+04
2.484900000000000000e+04 2.956900000000000000e+04 2.372300000000000000e+04
2.485000000000000000e+04 2.928900000000000000e+04 2.492700000000000000e+04
2.485000000000000000e+04 2.928900000000000000e+04 2.505400000000000000e+04
2.485100000000000000e+04 2.614600000000000000e+04 2.918300000000000000e+04
2.485100000000000000e+04 2.690700000000000000e+04 2.861900000000000000e+04
2.485100000000000000e+04 2.885900000000000000e+04 2.614100000000000000e+04
2.485100000000000000e+04 2.903300000000000000e+04 2.570500000000000000e+04
2.485100000000000000e+04 2.943700000000000000e+04 2.449200000000000000e+04
2.485100000000000000e+04 2.951900000000000000e+04 2.394800000000000000e+04
2.485200000000000000e+04 2.382300000000000000e+04 3.004000000000000000e+04
2.485200000000000000e+04 2.604000000000000000e+04 2.926700000000000000e+04
2.485200000000000000e+04 2.743300000000000000e+04 2.818800000000000000e+04
2.485300000000000000e+04 2.901900000000000000e+04 2.572900000000000000e+04
2.485400000000000000e+04 2.476600000000000000e+04 2.984200000000000000e+04
2.485400000000000000e+04 2.897100000000000000e+04 2.584500000000000000e+04
2.485400000000000000e+04 2.956800000000000000e+04 2.368500000000000000e+04
2.485500000000000000e+04 2.372800000000000000e+04 3.005700000000000000e+04
2.485500000000000000e+04 2.594000000000000000e+04 2.933100000000000000e+04
2.485500000000000000e+04 2.777200000000000000e+04 2.778500000000000000e+04
2.485500000000000000e+04 2.928500000000000000e+04 2.502600000000000000e+04
2.485600000000000000e+04 2.347800000000000000e+04 3.009600000000000000e+04
2.485700000000000000e+04 2.555500000000000000e+04 2.951700000000000000e+04
2.485700000000000000e+04 2.609800000000000000e+04 2.924100000000000000e+04
2.485700000000000000e+04 2.907700000000000000e+04 2.556800000000000000e+04
2.485700000000000000e+04 2.913700000000000000e+04 2.539100000000000000e+04
2.485800000000000000e+04 2.838300000000000000e+04 2.694500000000000000e+04
2.485800000000000000e+04 2.909200000000000000e+04 2.550600000000000000e+04
2.485900000000000000e+04 2.435800000000000000e+04 3.002900000000000000e+04
2.485900000000000000e+04 2.596900000000000000e+04 2.932300000000000000e+04
2.485900000000000000e+04 2.672600000000000000e+04 2.874100000000000000e+04
2.485900000000000000e+04 2.687000000000000000e+04 2.863800000000000000e+04
2.485900000000000000e+04 2.892600000000000000e+04 2.601200000000000000e+04
2.486000000000000000e+04 2.387700000000000000e+04 3.003500000000000000e+04
2.486000000000000000e+04 2.420800000000000000e+04 3.000500000000000000e+04
2.486100000000000000e+04 2.430200000000000000e+04 2.997200000000000000e+04
2.486100000000000000e+04 2.556800000000000000e+04 2.947300000000000000e+04
2.486100000000000000e+04 2.885900000000000000e+04 2.611900000000000000e+04
2.486100000000000000e+04 2.940700000000000000e+04 2.452800000000000000e+04
2.486100000000000000e+04 2.955900000000000000e+04 2.373400000000000000e+04
2.486200000000000000e+04 2.444000000000000000e+04 2.993400000000000000e+04
2.486300000000000000e+04 2.602900000000000000e+04 2.926800000000000000e+04
2.486400000000000000e+04 2.419000000000000000e+04 2.999100000000000000e+04
2.486500000000000000e+04 2.356500000000000000e+04 3.008400000000000000e+04
2.486500000000000000e+04 2.364400000000000000e+04 3.007100000000000000e+04
2.486500000000000000e+04 2.600500000000000000e+04 2.927100000000000000e+04
2.486500000000000000e+04 2.742800000000000000e+04 2.819300000000000000e+04
2.486500000000000000e+04 2.941500000000000000e+04 2.452400000000000000e+04
2.486600000000000000e+04 2.464700000000000000e+04 2.987200000000000000e+04
2.486600000000000000e+04 2.470400000000000000e+04 2.985400000000000000e+04
2.486600000000000000e+04 2.907600000000000000e+04 2.561600000000000000e+04
2.486700000000000000e+04 2.863800000000000000e+04 2.662300000000000000e+04
2.486800000000000000e+04 2.507400000000000000e+04 2.972600000000000000e+04
2.486800000000000000e+04 2.527800000000000000e+04 2.964700000000000000e+04
2.486800000000000000e+04 2.882600000000000000e+04 2.617800000000000000e+04
2.486800000000000000e+04 2.884400000000000000e+04 2.620100000000000000e+04
2.486800000000000000e+04 2.893800000000000000e+04 2.591300000000000000e+04
2.486800000000000000e+04 2.900900000000000000e+04 2.572900000000000000e+04
2.486900000000000000e+04 2.612600000000000000e+04 2.919300000000000000e+04
2.486900000000000000e+04 2.927600000000000000e+04 2.510600000000000000e+04
2.487000000000000000e+04 2.602300000000000000e+04 2.926700000000000000e+04
2.487000000000000000e+04 2.893400000000000000e+04 2.596400000000000000e+04
2.487100000000000000e+04 2.481400000000000000e+04 2.982000000000000000e+04
2.487100000000000000e+04 2.599700000000000000e+04 2.929400000000000000e+04
2.487200000000000000e+04 2.390700000000000000e+04 3.002500000000000000e+04
2.487300000000000000e+04 2.491100000000000000e+04 2.979100000000000000e+04
2.487300000000000000e+04 2.645300000000000000e+04 2.895800000000000000e+04
2.487300000000000000e+04 2.900800000000000000e+04 2.577300000000000000e+04
2.487400000000000000e+04 2.838000000000000000e+04 2.696400000000000000e+04
2.487500000000000000e+04 2.417800000000000000e+04 3.001800000000000000e+04
2.487500000000000000e+04 2.861300000000000000e+04 2.665300000000000000e+04
2.487500000000000000e+04 2.922100000000000000e+04 2.517000000000000000e+04
2.487700000000000000e+04 2.466900000000000000e+04 2.986400000000000000e+04
2.487700000000000000e+04 2.475300000000000000e+04 2.985300000000000000e+04
2.487700000000000000e+04 2.593000000000000000e+04 2.933600000000000000e+04
2.487700000000000000e+04 2.913100000000000000e+04 2.544000000000000000e+04
2.487800000000000000e+04 2.360600000000000000e+04 3.005900000000000000e+04
2.487800000000000000e+04 2.474900000000000000e+04 2.984700000000000000e+04
2.487800000000000000e+04 2.476700000000000000e+04 2.982900000000000000e+04
2.487800000000000000e+04 2.480700000000000000e+04 2.981900000000000000e+04
2.487800000000000000e+04 2.868800000000000000e+04 2.655900000000000000e+04
2.487800000000000000e+04 2.936300000000000000e+04 2.468900000000000000e+04
2.487900000000000000e+04 2.351200000000000000e+04 3.008700000000000000e+04
2.487900000000000000e+04 2.421700000000000000e+04 2.997600000000000000e+04
2.488000000000000000e+04 2.391400000000000000e+04 3.002400000000000000e+04
2.488000000000000000e+04 2.417600000000000000e+04 2.999200000000000000e+04
2.488000000000000000e+04 2.420800000000000000e+04 2.998500000000000000e+04
2.488000000000000000e+04 2.858600000000000000e+04 2.668600000000000000e+04
2.488000000000000000e+04 2.904400000000000000e+04 2.567300000000000000e+04
2.488000000000000000e+04 2.935400000000000000e+04 2.471200000000000000e+04
2.488100000000000000e+04 2.371500000000000000e+04 3.004600000000000000e+04
2.488100000000000000e+04 2.883900000000000000e+04 2.616300000000000000e+04
2.488200000000000000e+04 2.521300000000000000e+04 2.966600000000000000e+04
2.488200000000000000e+04 2.566400000000000000e+04 2.945100000000000000e+04
2.488200000000000000e+04 2.859800000000000000e+04 2.667600000000000000e+04
2.488200000000000000e+04 2.899500000000000000e+04 2.583300000000000000e+04
2.488300000000000000e+04 2.480700000000000000e+04 2.981700000000000000e+04
2.488300000000000000e+04 2.529800000000000000e+04 2.961800000000000000e+04
2.488300000000000000e+04 2.549700000000000000e+04 2.954000000000000000e+04
2.488300000000000000e+04 2.854800000000000000e+04 2.672200000000000000e+04
2.488400000000000000e+04 2.601900000000000000e+04 2.926900000000000000e+04
2.488400000000000000e+04 2.956600000000000000e+04 2.366400000000000000e+04
2.488500000000000000e+04 2.462700000000000000e+04 2.987100000000000000e+04
2.488500000000000000e+04 2.476000000000000000e+04 2.983200000000000000e+04
2.488600000000000000e+04 2.861100000000000000e+04 2.667500000000000000e+04
2.488600000000000000e+04 2.892500000000000000e+04 2.606200000000000000e+04
2.488700000000000000e+04 2.443800000000000000e+04 2.993600000000000000e+04
2.488700000000000000e+04 2.865600000000000000e+04 2.658500000000000000e+04
2.488700000000000000e+04 2.904000000000000000e+04 2.565600000000000000e+04
2.488700000000000000e+04 2.911300000000000000e+04 2.550400000000000000e+04
2.488800000000000000e+04 2.593400000000000000e+04 2.933300000000000000e+04
2.488800000000000000e+04 2.593800000000000000e+04 2.933100000000000000e+04
2.488800000000000000e+04 2.889600000000000000e+04 2.610100000000000000e+04
2.488900000000000000e+04 2.368400000000000000e+04 3.004700000000000000e+04
2.488900000000000000e+04 2.444700000000000000e+04 2.993200000000000000e+04
2.488900000000000000e+04 2.485900000000000000e+04 2.981100000000000000e+04
2.488900000000000000e+04 2.494700000000000000e+04 2.977400000000000000e+04
2.488900000000000000e+04 2.577700000000000000e+04 2.941700000000000000e+04
2.488900000000000000e+04 2.878000000000000000e+04 2.632400000000000000e+04
2.488900000000000000e+04 2.899700000000000000e+04 2.578700000000000000e+04
2.488900000000000000e+04 2.951500000000000000e+04 2.396600000000000000e+04
2.489000000000000000e+04 2.458200000000000000e+04 2.990900000000000000e+04
2.489000000000000000e+04 2.536300000000000000e+04 2.959400000000000000e+04
2.489000000000000000e+04 2.553800000000000000e+04 2.951400000000000000e+04
2.489000000000000000e+04 2.606900000000000000e+04 2.924900000000000000e+04
2.489000000000000000e+04 2.917500000000000000e+04 2.536200000000000000e+04
2.489100000000000000e+04 2.465100000000000000e+04 2.986700000000000000e+04
2.489200000000000000e+04 2.422500000000000000e+04 2.997400000000000000e+04
2.489200000000000000e+04 2.481100000000000000e+04 2.981000000000000000e+04
2.489200000000000000e+04 2.592400000000000000e+04 2.933500000000000000e+04
2.489200000000000000e+04 2.955600000000000000e+04 2.376500000000000000e+04
2.489300000000000000e+04 2.408200000000000000e+04 3.001900000000000000e+04
2.489300000000000000e+04 2.519700000000000000e+04 2.968600000000000000e+04
2.489300000000000000e+04 2.553300000000000000e+04 2.953600000000000000e+04
2.489300000000000000e+04 2.609300000000000000e+04 2.922900000000000000e+04
2.489300000000000000e+04 2.918600000000000000e+04 2.524000000000000000e+04
2.489400000000000000e+04 2.593800000000000000e+04 2.932800000000000000e+04
2.489500000000000000e+04 2.553500000000000000e+04 2.952600000000000000e+04
2.489500000000000000e+04 2.579300000000000000e+04 2.940800000000000000e+04
2.489500000000000000e+04 2.588700000000000000e+04 2.934900000000000000e+04
2.489500000000000000e+04 2.928000000000000000e+04 2.503600000000000000e+04
2.489600000000000000e+04 2.398100000000000000e+04 3.002400000000000000e+04
2.489600000000000000e+04 2.494600000000000000e+04 2.977400000000000000e+04
2.489600000000000000e+04 2.884200000000000000e+04 2.612100000000000000e+04
2.489700000000000000e+04 2.414600000000000000e+04 3.001100000000000000e+04
2.489700000000000000e+04 2.531600000000000000e+04 2.961800000000000000e+04
2.489700000000000000e+04 2.535600000000000000e+04 2.959300000000000000e+04
2.489700000000000000e+04 2.912400000000000000e+04 2.540000000000000000e+04
2.489700000000000000e+04 2.950300000000000000e+04 2.425200000000000000e+04
2.489800000000000000e+04 2.353000000000000000e+04 3.007800000000000000e+04
2.489800000000000000e+04 2.470500000000000000e+04 2.985100000000000000e+04
2.489800000000000000e+04 2.614500000000000000e+04 2.918400000000000000e+04
2.489800000000000000e+04 2.872600000000000000e+04 2.646600000000000000e+04
2.489800000000000000e+04 2.892300000000000000e+04 2.603100000000000000e+04
2.489900000000000000e+04 2.361500000000000000e+04 3.005200000000000000e+04
2.489900000000000000e+04 2.475100000000000000e+04 2.984200000000000000e+04
2.489900000000000000e+04 2.554400000000000000e+04 2.950800000000000000e+04
2.489900000000000000e+04 2.853900000000000000e+04 2.673600000000000000e+04
2.489900000000000000e+04 2.860000000000000000e+04 2.665900000000000000e+04
2.490000000000000000e+04 2.480500000000000000e+04 2.982100000000000000e+04
2.490000000000000000e+04 2.504300000000000000e+04 2.973700000000000000e+04
2.490000000000000000e+04 2.566100000000000000e+04 2.944700000000000000e+04
2.490000000000000000e+04 2.588000000000000000e+04 2.935300000000000000e+04
2.490000000000000000e+04 2.591300000000000000e+04 2.934300000000000000e+04
2.490100000000000000e+04 2.597900000000000000e+04 2.931600000000000000e+04
2.490100000000000000e+04 2.599100000000000000e+04 2.928100000000000000e+04
2.490100000000000000e+04 2.853400000000000000e+04 2.673100000000000000e+04
2.490100000000000000e+04 2.925400000000000000e+04 2.505900000000000000e+04
2.490200000000000000e+04 2.488800000000000000e+04 2.980000000000000000e+04
2.490200000000000000e+04 2.956000000000000000e+04 2.365900000000000000e+04
2.490300000000000000e+04 2.530800000000000000e+04 2.961400000000000000e+04
2.490300000000000000e+04 2.597300000000000000e+04 2.931200000000000000e+04
2.490300000000000000e+04 2.617000000000000000e+04 2.914300000000000000e+04
2.490300000000000000e+04 2.673600000000000000e+04 2.873400000000000000e+04
2.490300000000000000e+04 2.887900000000000000e+04 2.609100000000000000e+04
2.490400000000000000e+04 2.395200000000000000e+04 3.002300000000000000e+04
2.490400000000000000e+04 2.493400000000000000e+04 2.979000000000000000e+04
2.490400000000000000e+04 2.502400000000000000e+04 2.973200000000000000e+04
2.490400000000000000e+04 2.553000000000000000e+04 2.950900000000000000e+04
2.490400000000000000e+04 2.645900000000000000e+04 2.895000000000000000e+04
2.490500000000000000e+04 2.395100000000000000e+04 3.001300000000000000e+04
2.490500000000000000e+04 2.443100000000000000e+04 2.993100000000000000e+04
2.490500000000000000e+04 2.862000000000000000e+04 2.662800000000000000e+04
2.490500000000000000e+04 2.873300000000000000e+04 2.642300000000000000e+04
2.490500000000000000e+04 2.899400000000000000e+04 2.579800000000000000e+04
2.490600000000000000e+04 2.360200000000000000e+04 3.005700000000000000e+04
2.490600000000000000e+04 2.609000000000000000e+04 2.922800000000000000e+04
2.490600000000000000e+04 2.912300000000000000e+04 2.541900000000000000e+04
2.490700000000000000e+04 2.396600000000000000e+04 3.000700000000000000e+04
2.490700000000000000e+04 2.547300000000000000e+04 2.953600000000000000e+04
2.490700000000000000e+04 2.573200000000000000e+04 2.943800000000000000e+04
2.490700000000000000e+04 2.940500000000000000e+04 2.459200000000000000e+04
2.490800000000000000e+04 2.463500000000000000e+04 2.986900000000000000e+04
2.490800000000000000e+04 2.486800000000000000e+04 2.979700000000000000e+04
2.490800000000000000e+04 2.520500000000000000e+04 2.966600000000000000e+04
2.490800000000000000e+04 2.530600000000000000e+04 2.961100000000000000e+04
2.490800000000000000e+04 2.836800000000000000e+04 2.699100000000000000e+04
2.490900000000000000e+04 2.457000000000000000e+04 2.993100000000000000e+04
2.490900000000000000e+04 2.490400000000000000e+04 2.979100000000000000e+04
2.490900000000000000e+04 2.553300000000000000e+04 2.950400000000000000e+04
2.490900000000000000e+04 2.643900000000000000e+04 2.899700000000000000e+04
2.491000000000000000e+04 2.471800000000000000e+04 2.982700000000000000e+04
2.491000000000000000e+04 2.499300000000000000e+04 2.976500000000000000e+04
2.491000000000000000e+04 2.858500000000000000e+04 2.670000000000000000e+04
2.491000000000000000e+04 2.896700000000000000e+04 2.585000000000000000e+04
2.491000000000000000e+04 2.913500000000000000e+04 2.537300000000000000e+04
2.491000000000000000e+04 2.941300000000000000e+04 2.449900000000000000e+04
2.491000000000000000e+04 2.942500000000000000e+04 2.447700000000000000e+04
2.491100000000000000e+04 2.566000000000000000e+04 2.946900000000000000e+04
2.491100000000000000e+04 2.614300000000000000e+04 2.919100000000000000e+04
2.491200000000000000e+04 2.465800000000000000e+04 2.986200000000000000e+04
2.491200000000000000e+04 2.645400000000000000e+04 2.895700000000000000e+04
2.491200000000000000e+04 2.891400000000000000e+04 2.606400000000000000e+04
2.491200000000000000e+04 2.919500000000000000e+04 2.522900000000000000e+04
2.491300000000000000e+04 2.460200000000000000e+04 2.989200000000000000e+04
2.491300000000000000e+04 2.552000000000000000e+04 2.951200000000000000e+04
2.491300000000000000e+04 2.553200000000000000e+04 2.949800000000000000e+04
2.491300000000000000e+04 2.882300000000000000e+04 2.623400000000000000e+04
2.491400000000000000e+04 2.354100000000000000e+04 3.007700000000000000e+04
2.491400000000000000e+04 2.502200000000000000e+04 2.974300000000000000e+04
2.491400000000000000e+04 2.538400000000000000e+04 2.958700000000000000e+04
2.491400000000000000e+04 2.567800000000000000e+04 2.944500000000000000e+04
2.491400000000000000e+04 2.588700000000000000e+04 2.934300000000000000e+04
2.491400000000000000e+04 2.890200000000000000e+04 2.603300000000000000e+04
2.491600000000000000e+04 2.360300000000000000e+04 3.005500000000000000e+04
2.491600000000000000e+04 2.536300000000000000e+04 2.958800000000000000e+04
2.491600000000000000e+04 2.614900000000000000e+04 2.917000000000000000e+04
2.491700000000000000e+04 2.470600000000000000e+04 2.982700000000000000e+04
2.491700000000000000e+04 2.868800000000000000e+04 2.655800000000000000e+04
2.491700000000000000e+04 2.907400000000000000e+04 2.560000000000000000e+04
2.491800000000000000e+04 2.349700000000000000e+04 3.009100000000000000e+04
2.491800000000000000e+04 2.446000000000000000e+04 2.992700000000000000e+04
2.491800000000000000e+04 2.565300000000000000e+04 2.947300000000000000e+04
2.491800000000000000e+04 2.605600000000000000e+04 2.925700000000000000e+04
2.491800000000000000e+04 2.612400000000000000e+04 2.918800000000000000e+04
2.491900000000000000e+04 2.369100000000000000e+04 3.004200000000000000e+04
2.491900000000000000e+04 2.861300000000000000e+04 2.663100000000000000e+04
2.492000000000000000e+04 2.588400000000000000e+04 2.934100000000000000e+04
2.492000000000000000e+04 2.846000000000000000e+04 2.686000000000000000e+04
2.492000000000000000e+04 2.893100000000000000e+04 2.599300000000000000e+04
2.492000000000000000e+04 2.947300000000000000e+04 2.433600000000000000e+04
2.492100000000000000e+04 2.894400000000000000e+04 2.591000000000000000e+04
2.492100000000000000e+04 2.939100000000000000e+04 2.461200000000000000e+04
2.492200000000000000e+04 2.535000000000000000e+04 2.958400000000000000e+04
2.492200000000000000e+04 2.645000000000000000e+04 2.895400000000000000e+04
2.492200000000000000e+04 2.917700000000000000e+04 2.529300000000000000e+04
2.492300000000000000e+04 2.429700000000000000e+04 2.997100000000000000e+04
2.492300000000000000e+04 2.881300000000000000e+04 2.625600000000000000e+04
2.492300000000000000e+04 2.883400000000000000e+04 2.612900000000000000e+04
2.492400000000000000e+04 2.418600000000000000e+04 2.999100000000000000e+04
2.492400000000000000e+04 2.445100000000000000e+04 2.992000000000000000e+04
2.492400000000000000e+04 2.501900000000000000e+04 2.972900000000000000e+04
2.492400000000000000e+04 2.891600000000000000e+04 2.597300000000000000e+04
2.492500000000000000e+04 2.359100000000000000e+04 3.005400000000000000e+04
2.492500000000000000e+04 2.457500000000000000e+04 2.990100000000000000e+04
2.492500000000000000e+04 2.493300000000000000e+04 2.977600000000000000e+04
2.492500000000000000e+04 2.835400000000000000e+04 2.700700000000000000e+04
2.492500000000000000e+04 2.850400000000000000e+04 2.682300000000000000e+04
2.492500000000000000e+04 2.940700000000000000e+04 2.454200000000000000e+04
2.492600000000000000e+04 2.593600000000000000e+04 2.928200000000000000e+04
2.492600000000000000e+04 2.608200000000000000e+04 2.923400000000000000e+04
2.492600000000000000e+04 2.677800000000000000e+04 2.873000000000000000e+04
2.492600000000000000e+04 2.917100000000000000e+04 2.525900000000000000e+04
2.492600000000000000e+04 2.931100000000000000e+04 2.477500000000000000e+04
2.492700000000000000e+04 2.433200000000000000e+04 2.996100000000000000e+04
2.492700000000000000e+04 2.507300000000000000e+04 2.972000000000000000e+04
2.492700000000000000e+04 2.517600000000000000e+04 2.970600000000000000e+04
2.492700000000000000e+04 2.519600000000000000e+04 2.966400000000000000e+04
2.492700000000000000e+04 2.899100000000000000e+04 2.581800000000000000e+04
2.492700000000000000e+04 2.920200000000000000e+04 2.521400000000000000e+04
2.492700000000000000e+04 2.926400000000000000e+04 2.498900000000000000e+04
2.492800000000000000e+04 2.441800000000000000e+04 2.993300000000000000e+04
2.492800000000000000e+04 2.612200000000000000e+04 2.922300000000000000e+04
2.492800000000000000e+04 2.898300000000000000e+04 2.579900000000000000e+04
2.492800000000000000e+04 2.916600000000000000e+04 2.527000000000000000e+04
2.492900000000000000e+04 2.430400000000000000e+04 2.996600000000000000e+04
2.492900000000000000e+04 2.443800000000000000e+04 2.991800000000000000e+04
2.492900000000000000e+04 2.555600000000000000e+04 2.947800000000000000e+04
2.493000000000000000e+04 2.556100000000000000e+04 2.945900000000000000e+04
2.493000000000000000e+04 2.892000000000000000e+04 2.597200000000000000e+04
2.493000000000000000e+04 2.905000000000000000e+04 2.564100000000000000e+04
2.493000000000000000e+04 2.936000000000000000e+04 2.464700000000000000e+04
2.493100000000000000e+04 2.888100000000000000e+04 2.604400000000000000e+04
2.493200000000000000e+04 2.350800000000000000e+04 3.004800000000000000e+04
2.493200000000000000e+04 2.611900000000000000e+04 2.919700000000000000e+04
2.493200000000000000e+04 2.903200000000000000e+04 2.569200000000000000e+04
2.493300000000000000e+04 2.505200000000000000e+04 2.972300000000000000e+04
2.493300000000000000e+04 2.541500000000000000e+04 2.955800000000000000e+04
2.493300000000000000e+04 2.568900000000000000e+04 2.944100000000000000e+04
2.493300000000000000e+04 2.694300000000000000e+04 2.861600000000000000e+04
2.493300000000000000e+04 2.852000000000000000e+04 2.678200000000000000e+04
2.493400000000000000e+04 2.537100000000000000e+04 2.957300000000000000e+04
2.493400000000000000e+04 2.812200000000000000e+04 2.731900000000000000e+04
2.493400000000000000e+04 2.935700000000000000e+04 2.462500000000000000e+04
2.493400000000000000e+04 2.947900000000000000e+04 2.424100000000000000e+04
2.493500000000000000e+04 2.342400000000000000e+04 3.006900000000000000e+04
2.493500000000000000e+04 2.520800000000000000e+04 2.966200000000000000e+04
2.493500000000000000e+04 2.551900000000000000e+04 2.953400000000000000e+04
2.493600000000000000e+04 2.594400000000000000e+04 2.927700000000000000e+04
2.493600000000000000e+04 2.924200000000000000e+04 2.503100000000000000e+04
2.493600000000000000e+04 2.941000000000000000e+04 2.452600000000000000e+04
2.493700000000000000e+04 2.390500000000000000e+04 3.001000000000000000e+04
2.493700000000000000e+04 2.551800000000000000e+04 2.951700000000000000e+04
2.493700000000000000e+04 2.913500000000000000e+04 2.540000000000000000e+04
2.493700000000000000e+04 2.947600000000000000e+04 2.430200000000000000e+04
2.493800000000000000e+04 2.413700000000000000e+04 2.999000000000000000e+04
2.493800000000000000e+04 2.600500000000000000e+04 2.926100000000000000e+04
2.493900000000000000e+04 2.846600000000000000e+04 2.685400000000000000e+04
2.493900000000000000e+04 2.887000000000000000e+04 2.611000000000000000e+04
2.494000000000000000e+04 2.345500000000000000e+04 3.006200000000000000e+04
2.494000000000000000e+04 2.489500000000000000e+04 2.978800000000000000e+04
2.494000000000000000e+04 2.532200000000000000e+04 2.960800000000000000e+04
2.494000000000000000e+04 2.684800000000000000e+04 2.869600000000000000e+04
2.494000000000000000e+04 2.899100000000000000e+04 2.575500000000000000e+04
2.494100000000000000e+04 2.897000000000000000e+04 2.584900000000000000e+04
2.494100000000000000e+04 2.946100000000000000e+04 2.439500000000000000e+04
2.494200000000000000e+04 2.549200000000000000e+04 2.952900000000000000e+04
2.494200000000000000e+04 2.919000000000000000e+04 2.518700000000000000e+04
2.494200000000000000e+04 2.941400000000000000e+04 2.447100000000000000e+04
2.494300000000000000e+04 2.516900000000000000e+04 2.970200000000000000e+04
2.494300000000000000e+04 2.542800000000000000e+04 2.954500000000000000e+04
2.494300000000000000e+04 2.601100000000000000e+04 2.925500000000000000e+04
2.494400000000000000e+04 2.408300000000000000e+04 3.000200000000000000e+04
2.494500000000000000e+04 2.468800000000000000e+04 2.981300000000000000e+04
2.494500000000000000e+04 2.860900000000000000e+04 2.664900000000000000e+04
2.494500000000000000e+04 2.918700000000000000e+04 2.523700000000000000e+04
2.494700000000000000e+04 2.461800000000000000e+04 2.988300000000000000e+04
2.494700000000000000e+04 2.600100000000000000e+04 2.926800000000000000e+04
2.494700000000000000e+04 2.935900000000000000e+04 2.460700000000000000e+04
2.494800000000000000e+04 2.904500000000000000e+04 2.562300000000000000e+04
2.494800000000000000e+04 2.940200000000000000e+04 2.450700000000000000e+04
2.494900000000000000e+04 2.342800000000000000e+04 3.005600000000000000e+04
2.494900000000000000e+04 2.455700000000000000e+04 2.989400000000000000e+04
2.494900000000000000e+04 2.945100000000000000e+04 2.439300000000000000e+04
2.495000000000000000e+04 2.407900000000000000e+04 3.000600000000000000e+04
2.495000000000000000e+04 2.416400000000000000e+04 2.998700000000000000e+04
2.495000000000000000e+04 2.546800000000000000e+04 2.953800000000000000e+04
2.495000000000000000e+04 2.916200000000000000e+04 2.529700000000000000e+04
2.495000000000000000e+04 2.921500000000000000e+04 2.510300000000000000e+04
2.495100000000000000e+04 2.542800000000000000e+04 2.953200000000000000e+04
2.495100000000000000e+04 2.575600000000000000e+04 2.942700000000000000e+04
2.495100000000000000e+04 2.591000000000000000e+04 2.933200000000000000e+04
2.495100000000000000e+04 2.887800000000000000e+04 2.608100000000000000e+04
2.495200000000000000e+04 2.418000000000000000e+04 2.998200000000000000e+04
2.495200000000000000e+04 2.493400000000000000e+04 2.976200000000000000e+04
2.495200000000000000e+04 2.550400000000000000e+04 2.952600000000000000e+04
2.495200000000000000e+04 2.617700000000000000e+04 2.913800000000000000e+04
2.495200000000000000e+04 2.842800000000000000e+04 2.689300000000000000e+04
2.495300000000000000e+04 2.542600000000000000e+04 2.953800000000000000e+04
2.495300000000000000e+04 2.930100000000000000e+04 2.488500000000000000e+04
2.495400000000000000e+04 2.345200000000000000e+04 3.005400000000000000e+04
2.495400000000000000e+04 2.542500000000000000e+04 2.954800000000000000e+04
2.495500000000000000e+04 2.504800000000000000e+04 2.972900000000000000e+04
2.495500000000000000e+04 2.600200000000000000e+04 2.925800000000000000e+04
2.495500000000000000e+04 2.619600000000000000e+04 2.912700000000000000e+04
2.495600000000000000e+04 2.441300000000000000e+04 2.995500000000000000e+04
2.495600000000000000e+04 2.947100000000000000e+04 2.426000000000000000e+04
2.495700000000000000e+04 2.431300000000000000e+04 2.992000000000000000e+04
2.495700000000000000e+04 2.439200000000000000e+04 2.993300000000000000e+04
2.495700000000000000e+04 2.603200000000000000e+04 2.925500000000000000e+04
2.495700000000000000e+04 2.644600000000000000e+04 2.895400000000000000e+04
2.495700000000000000e+04 2.874500000000000000e+04 2.641400000000000000e+04
2.495800000000000000e+04 2.501100000000000000e+04 2.973700000000000000e+04
2.495800000000000000e+04 2.648400000000000000e+04 2.894000000000000000e+04
2.495800000000000000e+04 2.904100000000000000e+04 2.564400000000000000e+04
2.495800000000000000e+04 2.916400000000000000e+04 2.527600000000000000e+04
2.495900000000000000e+04 2.573900000000000000e+04 2.942400000000000000e+04
2.495900000000000000e+04 2.632500000000000000e+04 2.903300000000000000e+04
2.495900000000000000e+04 2.914400000000000000e+04 2.536400000000000000e+04
2.496000000000000000e+04 2.455500000000000000e+04 2.989400000000000000e+04
2.496000000000000000e+04 2.530700000000000000e+04 2.960800000000000000e+04
2.496000000000000000e+04 2.548200000000000000e+04 2.953100000000000000e+04
2.496000000000000000e+04 2.555700000000000000e+04 2.947600000000000000e+04
2.496000000000000000e+04 2.662200000000000000e+04 2.881200000000000000e+04
2.496000000000000000e+04 2.889400000000000000e+04 2.603200000000000000e+04
2.496000000000000000e+04 2.920200000000000000e+04 2.516300000000000000e+04
2.496000000000000000e+04 2.921400000000000000e+04 2.514100000000000000e+04
2.496000000000000000e+04 2.946800000000000000e+04 2.434500000000000000e+04
2.496100000000000000e+04 2.364500000000000000e+04 3.003400000000000000e+04
2.496100000000000000e+04 2.764400000000000000e+04 2.793500000000000000e+04
2.496200000000000000e+04 2.340800000000000000e+04 3.005800000000000000e+04
2.496200000000000000e+04 2.422900000000000000e+04 2.995800000000000000e+04
2.496200000000000000e+04 2.573100000000000000e+04 2.941900000000000000e+04
2.496200000000000000e+04 2.850300000000000000e+04 2.679100000000000000e+04
2.496300000000000000e+04 2.425200000000000000e+04 2.994400000000000000e+04
2.496300000000000000e+04 2.637500000000000000e+04 2.900100000000000000e+04
2.496300000000000000e+04 2.905100000000000000e+04 2.561600000000000000e+04
2.496300000000000000e+04 2.933300000000000000e+04 2.476800000000000000e+04
2.496400000000000000e+04 2.636600000000000000e+04 2.899800000000000000e+04
2.496400000000000000e+04 2.912300000000000000e+04 2.540200000000000000e+04
2.496400000000000000e+04 2.920300000000000000e+04 2.516300000000000000e+04
2.496500000000000000e+04 2.547000000000000000e+04 2.952100000000000000e+04
2.496500000000000000e+04 2.601200000000000000e+04 2.924000000000000000e+04
2.496500000000000000e+04 2.711800000000000000e+04 2.847800000000000000e+04
2.496500000000000000e+04 2.849000000000000000e+04 2.683800000000000000e+04
2.496500000000000000e+04 2.885800000000000000e+04 2.610100000000000000e+04
2.496600000000000000e+04 2.555200000000000000e+04 2.946800000000000000e+04
2.496600000000000000e+04 2.919600000000000000e+04 2.516200000000000000e+04
2.496700000000000000e+04 2.458700000000000000e+04 2.989300000000000000e+04
2.496700000000000000e+04 2.545000000000000000e+04 2.952000000000000000e+04
2.496700000000000000e+04 2.693500000000000000e+04 2.861300000000000000e+04
2.496700000000000000e+04 2.738600000000000000e+04 2.816500000000000000e+04
2.496700000000000000e+04 2.913900000000000000e+04 2.536300000000000000e+04
2.496800000000000000e+04 2.537400000000000000e+04 2.956600000000000000e+04
2.496800000000000000e+04 2.632900000000000000e+04 2.903200000000000000e+04
2.496800000000000000e+04 2.678300000000000000e+04 2.871700000000000000e+04
2.496900000000000000e+04 2.463000000000000000e+04 2.986700000000000000e+04
2.497100000000000000e+04 2.552700000000000000e+04 2.948700000000000000e+04
2.497100000000000000e+04 2.618400000000000000e+04 2.911800000000000000e+04
2.497100000000000000e+04 2.916200000000000000e+04 2.528300000000000000e+04
2.497200000000000000e+04 2.601200000000000000e+04 2.923600000000000000e+04
2.497200000000000000e+04 2.898600000000000000e+04 2.575500000000000000e+04
2.497300000000000000e+04 2.418200000000000000e+04 2.997000000000000000e+04
2.497300000000000000e+04 2.587100000000000000e+04 2.936200000000000000e+04
2.497400000000000000e+04 2.554300000000000000e+04 2.948300000000000000e+04
2.497600000000000000e+04 2.340300000000000000e+04 3.005200000000000000e+04
2.497600000000000000e+04 2.429100000000000000e+04 2.993800000000000000e+04
2.497700000000000000e+04 2.407100000000000000e+04 3.000300000000000000e+04
2.497700000000000000e+04 2.877000000000000000e+04 2.636300000000000000e+04
2.497800000000000000e+04 2.879800000000000000e+04 2.622000000000000000e+04
2.497900000000000000e+04 2.554600000000000000e+04 2.947900000000000000e+04
2.497900000000000000e+04 2.581800000000000000e+04 2.938600000000000000e+04
2.497900000000000000e+04 2.600100000000000000e+04 2.926000000000000000e+04
2.497900000000000000e+04 2.902700000000000000e+04 2.567600000000000000e+04
2.498000000000000000e+04 2.586700000000000000e+04 2.933400000000000000e+04
2.498000000000000000e+04 2.656300000000000000e+04 2.887700000000000000e+04
2.498100000000000000e+04 2.347000000000000000e+04 3.002500000000000000e+04
2.498100000000000000e+04 2.350500000000000000e+04 3.002300000000000000e+04
2.498100000000000000e+04 2.417300000000000000e+04 2.997700000000000000e+04
2.498100000000000000e+04 2.546300000000000000e+04 2.951500000000000000e+04
2.498100000000000000e+04 2.579500000000000000e+04 2.940700000000000000e+04
2.498100000000000000e+04 2.896400000000000000e+04 2.585300000000000000e+04
2.498200000000000000e+04 2.346800000000000000e+04 3.003100000000000000e+04
2.498200000000000000e+04 2.398700000000000000e+04 3.000200000000000000e+04
2.498200000000000000e+04 2.543700000000000000e+04 2.951800000000000000e+04
2.498300000000000000e+04 2.348100000000000000e+04 3.001000000000000000e+04
2.498300000000000000e+04 2.407700000000000000e+04 2.999800000000000000e+04
2.498300000000000000e+04 2.493300000000000000e+04 2.976900000000000000e+04
2.498400000000000000e+04 2.576400000000000000e+04 2.941700000000000000e+04
2.498400000000000000e+04 2.584700000000000000e+04 2.933500000000000000e+04
2.498400000000000000e+04 2.931300000000000000e+04 2.476200000000000000e+04
2.498500000000000000e+04 2.551900000000000000e+04 2.949700000000000000e+04
2.498500000000000000e+04 2.553200000000000000e+04 2.946600000000000000e+04
2.498500000000000000e+04 2.678800000000000000e+04 2.871100000000000000e+04
2.498500000000000000e+04 2.896800000000000000e+04 2.582400000000000000e+04
2.498600000000000000e+04 2.876000000000000000e+04 2.638000000000000000e+04
2.498600000000000000e+04 2.946100000000000000e+04 2.437300000000000000e+04
2.498700000000000000e+04 2.581300000000000000e+04 2.938900000000000000e+04
2.498700000000000000e+04 2.597200000000000000e+04 2.925700000000000000e+04
2.498700000000000000e+04 2.944500000000000000e+04 2.442200000000000000e+04
2.498800000000000000e+04 2.561800000000000000e+04 2.944400000000000000e+04
2.498900000000000000e+04 2.677000000000000000e+04 2.870500000000000000e+04
2.499000000000000000e+04 2.338800000000000000e+04 3.003700000000000000e+04
2.499000000000000000e+04 2.514900000000000000e+04 2.971300000000000000e+04
2.499000000000000000e+04 2.676900000000000000e+04 2.870400000000000000e+04
2.499000000000000000e+04 2.888000000000000000e+04 2.606200000000000000e+04
2.499000000000000000e+04 2.918500000000000000e+04 2.522000000000000000e+04
2.499100000000000000e+04 2.409900000000000000e+04 2.999500000000000000e+04
2.499100000000000000e+04 2.507600000000000000e+04 2.971000000000000000e+04
2.499100000000000000e+04 2.848400000000000000e+04 2.685200000000000000e+04
2.499100000000000000e+04 2.909200000000000000e+04 2.554100000000000000e+04
2.499100000000000000e+04 2.930900000000000000e+04 2.477400000000000000e+04
2.499200000000000000e+04 2.944800000000000000e+04 2.434500000000000000e+04
2.499300000000000000e+04 2.412500000000000000e+04 2.997300000000000000e+04
2.499300000000000000e+04 2.640900000000000000e+04 2.897500000000000000e+04
2.499300000000000000e+04 2.661400000000000000e+04 2.882000000000000000e+04
2.499300000000000000e+04 2.693300000000000000e+04 2.861500000000000000e+04
2.499300000000000000e+04 2.725300000000000000e+04 2.835600000000000000e+04
2.499400000000000000e+04 2.613800000000000000e+04 2.916500000000000000e+04
2.499400000000000000e+04 2.635400000000000000e+04 2.903000000000000000e+04
2.499400000000000000e+04 2.859200000000000000e+04 2.668500000000000000e+04
2.499400000000000000e+04 2.869600000000000000e+04 2.654000000000000000e+04
2.499400000000000000e+04 2.872600000000000000e+04 2.645300000000000000e+04
2.499400000000000000e+04 2.921300000000000000e+04 2.516000000000000000e+04
2.499500000000000000e+04 2.339000000000000000e+04 3.002600000000000000e+04
2.499500000000000000e+04 2.636600000000000000e+04 2.898400000000000000e+04
2.499500000000000000e+04 2.911700000000000000e+04 2.542700000000000000e+04
2.499600000000000000e+04 2.584500000000000000e+04 2.937600000000000000e+04
2.499700000000000000e+04 2.672600000000000000e+04 2.874300000000000000e+04
2.499800000000000000e+04 2.498600000000000000e+04 2.971200000000000000e+04
2.499800000000000000e+04 2.552400000000000000e+04 2.948600000000000000e+04
2.499800000000000000e+04 2.610300000000000000e+04 2.920900000000000000e+04
2.499800000000000000e+04 2.636200000000000000e+04 2.900500000000000000e+04
2.499800000000000000e+04 2.872100000000000000e+04 2.645500000000000000e+04
2.499900000000000000e+04 2.849300000000000000e+04 2.681000000000000000e+04
2.499900000000000000e+04 2.916100000000000000e+04 2.536200000000000000e+04
2.500000000000000000e+04 2.422600000000000000e+04 2.994900000000000000e+04
2.500000000000000000e+04 2.655900000000000000e+04 2.887400000000000000e+04
2.500000000000000000e+04 2.678100000000000000e+04 2.869400000000000000e+04
2.500000000000000000e+04 2.848100000000000000e+04 2.681600000000000000e+04
2.500100000000000000e+04 2.408500000000000000e+04 2.997800000000000000e+04
2.500100000000000000e+04 2.515400000000000000e+04 2.963100000000000000e+04
2.500100000000000000e+04 2.516300000000000000e+04 2.966500000000000000e+04
2.500100000000000000e+04 2.738300000000000000e+04 2.818400000000000000e+04
2.500100000000000000e+04 2.904100000000000000e+04 2.564100000000000000e+04
2.500100000000000000e+04 2.909000000000000000e+04 2.553000000000000000e+04
2.500100000000000000e+04 2.920700000000000000e+04 2.514700000000000000e+04
2.500200000000000000e+04 2.634100000000000000e+04 2.901900000000000000e+04
2.500200000000000000e+04 2.739000000000000000e+04 2.816200000000000000e+04
2.500200000000000000e+04 2.869400000000000000e+04 2.651500000000000000e+04
2.500300000000000000e+04 2.903500000000000000e+04 2.565200000000000000e+04
2.500400000000000000e+04 2.645200000000000000e+04 2.895000000000000000e+04
2.500400000000000000e+04 2.672000000000000000e+04 2.876100000000000000e+04
2.500500000000000000e+04 2.513300000000000000e+04 2.970900000000000000e+04
2.500500000000000000e+04 2.635000000000000000e+04 2.901500000000000000e+04
2.500500000000000000e+04 2.640000000000000000e+04 2.896900000000000000e+04
2.500500000000000000e+04 2.879900000000000000e+04 2.619400000000000000e+04
2.500700000000000000e+04 2.407000000000000000e+04 2.997400000000000000e+04
2.500700000000000000e+04 2.873400000000000000e+04 2.640400000000000000e+04
2.500700000000000000e+04 2.879600000000000000e+04 2.619700000000000000e+04
2.500700000000000000e+04 2.911400000000000000e+04 2.546700000000000000e+04
2.500800000000000000e+04 2.656900000000000000e+04 2.887300000000000000e+04
2.500800000000000000e+04 2.866600000000000000e+04 2.657900000000000000e+04
2.501000000000000000e+04 2.415000000000000000e+04 2.996800000000000000e+04
2.501000000000000000e+04 2.551800000000000000e+04 2.947500000000000000e+04
2.501000000000000000e+04 2.579400000000000000e+04 2.939700000000000000e+04
2.501000000000000000e+04 2.590100000000000000e+04 2.929900000000000000e+04
2.501000000000000000e+04 2.655500000000000000e+04 2.888000000000000000e+04
2.501100000000000000e+04 2.601200000000000000e+04 2.923500000000000000e+04
2.501100000000000000e+04 2.606600000000000000e+04 2.920000000000000000e+04
2.501200000000000000e+04 2.543000000000000000e+04 2.952400000000000000e+04
2.501400000000000000e+04 2.633800000000000000e+04 2.902300000000000000e+04
2.501400000000000000e+04 2.695300000000000000e+04 2.861000000000000000e+04
2.501500000000000000e+04 2.597500000000000000e+04 2.925400000000000000e+04
2.501500000000000000e+04 2.676000000000000000e+04 2.870000000000000000e+04
2.501500000000000000e+04 2.904300000000000000e+04 2.562700000000000000e+04
2.501600000000000000e+04 2.660300000000000000e+04 2.884700000000000000e+04
2.501600000000000000e+04 2.886400000000000000e+04 2.608900000000000000e+04
2.501600000000000000e+04 2.905300000000000000e+04 2.560000000000000000e+04
2.501700000000000000e+04 2.586900000000000000e+04 2.930800000000000000e+04
2.501700000000000000e+04 2.636400000000000000e+04 2.899700000000000000e+04
2.501700000000000000e+04 2.717200000000000000e+04 2.843500000000000000e+04
2.501700000000000000e+04 2.872900000000000000e+04 2.639200000000000000e+04
2.501700000000000000e+04 2.891400000000000000e+04 2.601200000000000000e+04
2.501700000000000000e+04 2.909900000000000000e+04 2.549100000000000000e+04
2.501900000000000000e+04 2.551000000000000000e+04 2.951000000000000000e+04
2.501900000000000000e+04 2.675200000000000000e+04 2.871300000000000000e+04
2.501900000000000000e+04 2.708000000000000000e+04 2.852400000000000000e+04
2.501900000000000000e+04 2.912700000000000000e+04 2.539200000000000000e+04
2.501900000000000000e+04 2.947600000000000000e+04 2.425900000000000000e+04
2.502000000000000000e+04 2.853300000000000000e+04 2.675000000000000000e+04
2.502100000000000000e+04 2.633900000000000000e+04 2.901300000000000000e+04
2.502100000000000000e+04 2.940200000000000000e+04 2.457700000000000000e+04
2.502200000000000000e+04 2.551100000000000000e+04 2.949800000000000000e+04
2.502200000000000000e+04 2.656300000000000000e+04 2.886900000000000000e+04
2.502200000000000000e+04 2.699100000000000000e+04 2.859600000000000000e+04
2.502300000000000000e+04 2.671300000000000000e+04 2.875000000000000000e+04
2.502300000000000000e+04 2.909000000000000000e+04 2.548900000000000000e+04
2.502300000000000000e+04 2.939300000000000000e+04 2.460000000000000000e+04
2.502500000000000000e+04 2.728700000000000000e+04 2.831600000000000000e+04
2.502500000000000000e+04 2.869000000000000000e+04 2.652300000000000000e+04
2.502600000000000000e+04 2.627400000000000000e+04 2.910200000000000000e+04
2.502700000000000000e+04 2.658500000000000000e+04 2.884900000000000000e+04
2.502700000000000000e+04 2.911200000000000000e+04 2.542800000000000000e+04
2.502800000000000000e+04 2.669700000000000000e+04 2.876800000000000000e+04
2.502800000000000000e+04 2.859700000000000000e+04 2.664900000000000000e+04
2.502900000000000000e+04 2.725400000000000000e+04 2.834600000000000000e+04
2.502900000000000000e+04 2.872000000000000000e+04 2.646200000000000000e+04
2.503000000000000000e+04 2.868600000000000000e+04 2.655100000000000000e+04
2.503000000000000000e+04 2.908600000000000000e+04 2.554500000000000000e+04
2.503100000000000000e+04 2.874600000000000000e+04 2.637300000000000000e+04
2.503200000000000000e+04 2.633200000000000000e+04 2.902600000000000000e+04
2.503200000000000000e+04 2.669800000000000000e+04 2.875700000000000000e+04
2.503200000000000000e+04 2.930100000000000000e+04 2.476800000000000000e+04
2.503300000000000000e+04 2.549000000000000000e+04 2.947900000000000000e+04
2.503300000000000000e+04 2.658600000000000000e+04 2.884400000000000000e+04
2.503300000000000000e+04 2.658700000000000000e+04 2.884600000000000000e+04
2.503400000000000000e+04 2.600700000000000000e+04 2.924900000000000000e+04
2.503400000000000000e+04 2.630300000000000000e+04 2.905100000000000000e+04
2.503400000000000000e+04 2.655300000000000000e+04 2.888300000000000000e+04
2.503400000000000000e+04 2.769800000000000000e+04 2.788900000000000000e+04
2.503400000000000000e+04 2.909800000000000000e+04 2.548600000000000000e+04
2.503500000000000000e+04 2.345700000000000000e+04 3.002500000000000000e+04
2.503500000000000000e+04 2.423200000000000000e+04 2.993900000000000000e+04
2.503500000000000000e+04 2.596900000000000000e+04 2.927300000000000000e+04
2.503600000000000000e+04 2.851500000000000000e+04 2.676600000000000000e+04
2.503700000000000000e+04 2.582300000000000000e+04 2.938200000000000000e+04
2.503700000000000000e+04 2.697500000000000000e+04 2.859900000000000000e+04
2.503700000000000000e+04 2.719400000000000000e+04 2.840800000000000000e+04
2.503800000000000000e+04 2.422700000000000000e+04 2.994700000000000000e+04
2.503800000000000000e+04 2.597700000000000000e+04 2.924600000000000000e+04
2.503800000000000000e+04 2.606000000000000000e+04 2.923100000000000000e+04
2.503800000000000000e+04 2.858400000000000000e+04 2.671700000000000000e+04
2.503900000000000000e+04 2.342800000000000000e+04 2.999000000000000000e+04
2.503900000000000000e+04 2.616800000000000000e+04 2.916400000000000000e+04
2.504000000000000000e+04 2.572400000000000000e+04 2.943300000000000000e+04
2.504100000000000000e+04 2.344200000000000000e+04 2.998200000000000000e+04
2.504200000000000000e+04 2.584600000000000000e+04 2.929700000000000000e+04
2.504200000000000000e+04 2.933000000000000000e+04 2.475800000000000000e+04
2.504300000000000000e+04 2.623700000000000000e+04 2.911600000000000000e+04
2.504300000000000000e+04 2.697500000000000000e+04 2.859200000000000000e+04
2.504400000000000000e+04 2.642200000000000000e+04 2.896800000000000000e+04
2.504500000000000000e+04 2.579300000000000000e+04 2.939300000000000000e+04
2.504500000000000000e+04 2.595400000000000000e+04 2.926800000000000000e+04
2.504500000000000000e+04 2.595900000000000000e+04 2.926000000000000000e+04
2.504500000000000000e+04 2.657200000000000000e+04 2.886500000000000000e+04
2.504600000000000000e+04 2.420500000000000000e+04 2.996300000000000000e+04
2.504600000000000000e+04 2.674400000000000000e+04 2.873400000000000000e+04
2.504800000000000000e+04 2.594700000000000000e+04 2.926700000000000000e+04
2.504900000000000000e+04 2.601600000000000000e+04 2.919500000000000000e+04
2.504900000000000000e+04 2.606600000000000000e+04 2.915700000000000000e+04
2.504900000000000000e+04 2.627600000000000000e+04 2.907800000000000000e+04
2.505000000000000000e+04 2.880600000000000000e+04 2.617200000000000000e+04
2.505100000000000000e+04 2.669300000000000000e+04 2.876200000000000000e+04
2.505100000000000000e+04 2.871900000000000000e+04 2.642000000000000000e+04
2.505200000000000000e+04 2.724300000000000000e+04 2.837800000000000000e+04
2.505300000000000000e+04 2.854400000000000000e+04 2.672700000000000000e+04
2.505400000000000000e+04 2.606200000000000000e+04 2.913000000000000000e+04
2.505400000000000000e+04 2.610000000000000000e+04 2.912900000000000000e+04
2.505400000000000000e+04 2.768500000000000000e+04 2.788700000000000000e+04
2.505400000000000000e+04 2.788400000000000000e+04 2.768200000000000000e+04
2.505500000000000000e+04 2.511400000000000000e+04 2.962600000000000000e+04
2.505500000000000000e+04 2.515100000000000000e+04 2.968900000000000000e+04
2.505500000000000000e+04 2.636300000000000000e+04 2.898600000000000000e+04
2.505500000000000000e+04 2.870900000000000000e+04 2.651400000000000000e+04
2.505500000000000000e+04 2.907300000000000000e+04 2.554500000000000000e+04
2.505600000000000000e+04 2.871500000000000000e+04 2.650100000000000000e+04
2.505700000000000000e+04 2.680200000000000000e+04 2.868900000000000000e+04
2.505800000000000000e+04 2.867700000000000000e+04 2.656600000000000000e+04
2.505900000000000000e+04 2.568000000000000000e+04 2.935500000000000000e+04
2.505900000000000000e+04 2.592800000000000000e+04 2.929300000000000000e+04
2.505900000000000000e+04 2.726600000000000000e+04 2.831400000000000000e+04
2.506100000000000000e+04 2.564000000000000000e+04 2.943100000000000000e+04
2.506100000000000000e+04 2.594100000000000000e+04 2.927600000000000000e+04
2.506100000000000000e+04 2.601400000000000000e+04 2.922800000000000000e+04
2.506100000000000000e+04 2.621200000000000000e+04 2.911300000000000000e+04
2.506100000000000000e+04 2.658000000000000000e+04 2.886100000000000000e+04
2.506100000000000000e+04 2.697100000000000000e+04 2.859200000000000000e+04
2.506100000000000000e+04 2.871400000000000000e+04 2.639100000000000000e+04
2.506200000000000000e+04 2.563300000000000000e+04 2.941500000000000000e+04
2.506200000000000000e+04 2.626600000000000000e+04 2.908900000000000000e+04
2.506200000000000000e+04 2.768000000000000000e+04 2.788600000000000000e+04
2.506300000000000000e+04 2.934000000000000000e+04 2.472800000000000000e+04
2.506400000000000000e+04 2.567600000000000000e+04 2.936200000000000000e+04
2.506400000000000000e+04 2.654700000000000000e+04 2.889700000000000000e+04
2.506400000000000000e+04 2.725200000000000000e+04 2.836700000000000000e+04
2.506500000000000000e+04 2.671400000000000000e+04 2.872600000000000000e+04
2.506700000000000000e+04 2.554000000000000000e+04 2.936800000000000000e+04
2.506900000000000000e+04 2.937300000000000000e+04 2.453800000000000000e+04
2.507100000000000000e+04 2.567500000000000000e+04 2.935300000000000000e+04
2.507100000000000000e+04 2.580400000000000000e+04 2.928200000000000000e+04
2.507100000000000000e+04 2.866900000000000000e+04 2.656300000000000000e+04
2.507100000000000000e+04 2.871100000000000000e+04 2.651000000000000000e+04
2.507100000000000000e+04 2.934100000000000000e+04 2.468300000000000000e+04
2.507200000000000000e+04 2.569400000000000000e+04 2.934300000000000000e+04
2.507200000000000000e+04 2.681400000000000000e+04 2.868700000000000000e+04
2.507300000000000000e+04 2.644900000000000000e+04 2.894300000000000000e+04
2.507400000000000000e+04 2.671100000000000000e+04 2.872200000000000000e+04
2.507500000000000000e+04 2.625200000000000000e+04 2.909800000000000000e+04
2.507500000000000000e+04 2.642000000000000000e+04 2.895800000000000000e+04
2.507500000000000000e+04 2.645700000000000000e+04 2.893900000000000000e+04
2.507500000000000000e+04 2.692100000000000000e+04 2.860000000000000000e+04
2.507600000000000000e+04 2.621400000000000000e+04 2.910900000000000000e+04
2.507600000000000000e+04 2.723000000000000000e+04 2.839400000000000000e+04
2.507600000000000000e+04 2.908300000000000000e+04 2.552500000000000000e+04
2.507700000000000000e+04 2.626600000000000000e+04 2.908600000000000000e+04
2.507700000000000000e+04 2.632500000000000000e+04 2.902300000000000000e+04
2.507700000000000000e+04 2.655500000000000000e+04 2.887300000000000000e+04
2.507800000000000000e+04 2.512900000000000000e+04 2.960600000000000000e+04
2.507800000000000000e+04 2.788800000000000000e+04 2.767400000000000000e+04
2.507900000000000000e+04 2.580200000000000000e+04 2.929400000000000000e+04
2.507900000000000000e+04 2.683700000000000000e+04 2.867400000000000000e+04
2.508000000000000000e+04 2.696900000000000000e+04 2.859500000000000000e+04
2.508000000000000000e+04 2.774800000000000000e+04 2.783400000000000000e+04
2.508100000000000000e+04 2.774600000000000000e+04 2.781000000000000000e+04
2.508100000000000000e+04 2.784700000000000000e+04 2.773200000000000000e+04
2.508100000000000000e+04 2.905200000000000000e+04 2.560100000000000000e+04
2.508200000000000000e+04 2.673600000000000000e+04 2.872100000000000000e+04
2.508200000000000000e+04 2.860900000000000000e+04 2.663300000000000000e+04
2.508300000000000000e+04 2.421600000000000000e+04 2.995700000000000000e+04
2.508300000000000000e+04 2.598000000000000000e+04 2.924300000000000000e+04
2.508300000000000000e+04 2.724000000000000000e+04 2.836500000000000000e+04
2.508300000000000000e+04 2.923900000000000000e+04 2.507900000000000000e+04
2.508400000000000000e+04 2.622700000000000000e+04 2.910200000000000000e+04
2.508400000000000000e+04 2.686900000000000000e+04 2.864900000000000000e+04
2.508500000000000000e+04 2.782500000000000000e+04 2.775800000000000000e+04
2.508700000000000000e+04 2.626300000000000000e+04 2.908000000000000000e+04
2.508700000000000000e+04 2.669000000000000000e+04 2.876300000000000000e+04
2.508700000000000000e+04 2.787600000000000000e+04 2.769000000000000000e+04
2.508700000000000000e+04 2.906600000000000000e+04 2.559800000000000000e+04
2.508800000000000000e+04 2.638100000000000000e+04 2.897800000000000000e+04
2.508800000000000000e+04 2.641900000000000000e+04 2.896900000000000000e+04
2.508800000000000000e+04 2.700700000000000000e+04 2.858100000000000000e+04
2.508800000000000000e+04 2.703500000000000000e+04 2.855900000000000000e+04
2.509100000000000000e+04 2.652000000000000000e+04 2.892000000000000000e+04
2.509200000000000000e+04 2.724100000000000000e+04 2.835300000000000000e+04
2.509400000000000000e+04 2.631700000000000000e+04 2.902700000000000000e+04
2.509500000000000000e+04 2.783600000000000000e+04 2.773900000000000000e+04
2.509800000000000000e+04 2.594500000000000000e+04 2.925600000000000000e+04
2.509800000000000000e+04 2.860600000000000000e+04 2.664600000000000000e+04
2.509800000000000000e+04 2.866500000000000000e+04 2.651600000000000000e+04
2.509900000000000000e+04 2.644700000000000000e+04 2.895200000000000000e+04
2.509900000000000000e+04 2.737300000000000000e+04 2.822200000000000000e+04
2.510000000000000000e+04 2.860300000000000000e+04 2.664700000000000000e+04
2.510100000000000000e+04 2.702100000000000000e+04 2.857900000000000000e+04
2.510100000000000000e+04 2.782300000000000000e+04 2.773200000000000000e+04
2.510300000000000000e+04 2.629900000000000000e+04 2.895700000000000000e+04
2.510400000000000000e+04 2.688900000000000000e+04 2.862600000000000000e+04
2.510400000000000000e+04 2.782100000000000000e+04 2.774600000000000000e+04
2.510400000000000000e+04 2.865100000000000000e+04 2.662100000000000000e+04
2.510500000000000000e+04 2.704300000000000000e+04 2.854100000000000000e+04
2.510600000000000000e+04 2.688700000000000000e+04 2.863200000000000000e+04
2.510800000000000000e+04 2.683600000000000000e+04 2.868000000000000000e+04
2.510800000000000000e+04 2.725500000000000000e+04 2.834500000000000000e+04
2.510800000000000000e+04 2.782000000000000000e+04 2.772400000000000000e+04
2.510800000000000000e+04 2.863700000000000000e+04 2.658500000000000000e+04
2.510900000000000000e+04 2.690200000000000000e+04 2.861500000000000000e+04
2.510900000000000000e+04 2.736700000000000000e+04 2.819100000000000000e+04
2.510900000000000000e+04 2.863800000000000000e+04 2.658000000000000000e+04
2.511000000000000000e+04 2.642900000000000000e+04 2.894600000000000000e+04
2.511000000000000000e+04 2.862800000000000000e+04 2.660800000000000000e+04
2.511100000000000000e+04 2.592800000000000000e+04 2.926800000000000000e+04
2.511100000000000000e+04 2.692900000000000000e+04 2.859500000000000000e+04
2.511100000000000000e+04 2.769100000000000000e+04 2.786900000000000000e+04
2.511200000000000000e+04 2.767900000000000000e+04 2.789400000000000000e+04
2.511300000000000000e+04 2.930100000000000000e+04 2.480900000000000000e+04
2.511400000000000000e+04 2.580100000000000000e+04 2.930800000000000000e+04
2.511400000000000000e+04 2.779300000000000000e+04 2.777400000000000000e+04
2.511500000000000000e+04 2.355100000000000000e+04 2.997800000000000000e+04
2.511500000000000000e+04 2.670000000000000000e+04 2.874500000000000000e+04
2.511500000000000000e+04 2.706100000000000000e+04 2.853600000000000000e+04
2.511600000000000000e+04 2.628900000000000000e+04 2.902600000000000000e+04
2.511700000000000000e+04 2.655800000000000000e+04 2.886900000000000000e+04
2.511700000000000000e+04 2.751700000000000000e+04 2.805100000000000000e+04
2.511700000000000000e+04 2.768900000000000000e+04 2.788500000000000000e+04
2.511800000000000000e+04 2.787400000000000000e+04 2.770700000000000000e+04
2.511900000000000000e+04 2.773200000000000000e+04 2.781800000000000000e+04
2.512300000000000000e+04 2.625900000000000000e+04 2.907300000000000000e+04
2.512300000000000000e+04 2.703500000000000000e+04 2.855200000000000000e+04
2.512300000000000000e+04 2.788700000000000000e+04 2.768100000000000000e+04
2.512400000000000000e+04 2.652100000000000000e+04 2.888700000000000000e+04
2.512400000000000000e+04 2.655900000000000000e+04 2.886500000000000000e+04
2.512400000000000000e+04 2.744900000000000000e+04 2.812700000000000000e+04
2.512500000000000000e+04 2.725200000000000000e+04 2.834200000000000000e+04
2.512600000000000000e+04 2.723800000000000000e+04 2.835200000000000000e+04
2.512700000000000000e+04 2.621000000000000000e+04 2.910900000000000000e+04
2.512700000000000000e+04 2.794400000000000000e+04 2.760800000000000000e+04
2.512800000000000000e+04 2.631600000000000000e+04 2.895600000000000000e+04
2.512900000000000000e+04 2.696900000000000000e+04 2.858500000000000000e+04
2.513000000000000000e+04 2.579900000000000000e+04 2.928800000000000000e+04
2.513100000000000000e+04 2.791400000000000000e+04 2.765900000000000000e+04
2.513200000000000000e+04 2.658400000000000000e+04 2.885400000000000000e+04
2.513200000000000000e+04 2.788700000000000000e+04 2.766900000000000000e+04
2.513200000000000000e+04 2.863800000000000000e+04 2.657400000000000000e+04
2.513300000000000000e+04 2.865800000000000000e+04 2.652500000000000000e+04
2.513300000000000000e+04 2.929700000000000000e+04 2.491200000000000000e+04
2.513400000000000000e+04 2.629600000000000000e+04 2.897300000000000000e+04
2.513600000000000000e+04 2.655300000000000000e+04 2.888500000000000000e+04
2.513600000000000000e+04 2.782900000000000000e+04 2.772200000000000000e+04
2.513700000000000000e+04 2.627400000000000000e+04 2.896200000000000000e+04
2.513700000000000000e+04 2.684600000000000000e+04 2.866600000000000000e+04
2.513700000000000000e+04 2.691700000000000000e+04 2.859100000000000000e+04
2.513800000000000000e+04 2.798700000000000000e+04 2.755900000000000000e+04
2.513900000000000000e+04 2.622100000000000000e+04 2.910600000000000000e+04
2.514100000000000000e+04 2.794600000000000000e+04 2.760700000000000000e+04
2.514100000000000000e+04 2.933600000000000000e+04 2.474800000000000000e+04
2.514200000000000000e+04 2.579100000000000000e+04 2.928200000000000000e+04
2.514200000000000000e+04 2.658300000000000000e+04 2.885800000000000000e+04
2.514200000000000000e+04 2.705200000000000000e+04 2.853900000000000000e+04
2.514200000000000000e+04 2.798400000000000000e+04 2.756900000000000000e+04
2.514300000000000000e+04 2.579000000000000000e+04 2.929200000000000000e+04
2.514300000000000000e+04 2.649200000000000000e+04 2.892000000000000000e+04
2.514300000000000000e+04 2.708600000000000000e+04 2.852400000000000000e+04
2.514600000000000000e+04 2.674500000000000000e+04 2.871400000000000000e+04
2.514700000000000000e+04 2.796000000000000000e+04 2.760200000000000000e+04
2.515000000000000000e+04 2.689600000000000000e+04 2.861500000000000000e+04
2.515000000000000000e+04 2.903300000000000000e+04 2.565700000000000000e+04
2.515100000000000000e+04 2.686800000000000000e+04 2.865200000000000000e+04
2.515200000000000000e+04 2.862900000000000000e+04 2.658600000000000000e+04
2.515300000000000000e+04 2.667300000000000000e+04 2.880100000000000000e+04
2.515300000000000000e+04 2.790500000000000000e+04 2.766100000000000000e+04
2.515400000000000000e+04 2.789400000000000000e+04 2.765900000000000000e+04
2.515500000000000000e+04 2.776600000000000000e+04 2.779200000000000000e+04
2.515600000000000000e+04 2.620500000000000000e+04 2.909600000000000000e+04
2.515700000000000000e+04 2.671900000000000000e+04 2.871300000000000000e+04
2.515700000000000000e+04 2.689100000000000000e+04 2.862400000000000000e+04
2.515700000000000000e+04 2.792000000000000000e+04 2.763900000000000000e+04
2.516000000000000000e+04 2.703100000000000000e+04 2.857300000000000000e+04
2.516100000000000000e+04 2.790500000000000000e+04 2.765400000000000000e+04
2.516100000000000000e+04 2.797700000000000000e+04 2.756200000000000000e+04
2.516200000000000000e+04 2.743100000000000000e+04 2.813500000000000000e+04
2.516200000000000000e+04 2.862700000000000000e+04 2.659600000000000000e+04
2.516200000000000000e+04 2.928000000000000000e+04 2.489000000000000000e+04
2.516300000000000000e+04 2.646100000000000000e+04 2.892800000000000000e+04
2.516300000000000000e+04 2.648500000000000000e+04 2.893800000000000000e+04
2.516400000000000000e+04 2.716900000000000000e+04 2.844800000000000000e+04
2.516500000000000000e+04 2.927800000000000000e+04 2.493600000000000000e+04
2.516700000000000000e+04 2.690400000000000000e+04 2.859900000000000000e+04
2.516900000000000000e+04 2.657500000000000000e+04 2.886400000000000000e+04
2.516900000000000000e+04 2.757500000000000000e+04 2.802300000000000000e+04
2.517000000000000000e+04 2.627400000000000000e+04 2.907000000000000000e+04
2.517000000000000000e+04 2.736500000000000000e+04 2.818400000000000000e+04
2.517100000000000000e+04 2.693200000000000000e+04 2.855500000000000000e+04
2.517200000000000000e+04 2.791000000000000000e+04 2.765100000000000000e+04
2.517400000000000000e+04 2.655600000000000000e+04 2.885300000000000000e+04
2.517600000000000000e+04 2.655100000000000000e+04 2.886100000000000000e+04
2.517600000000000000e+04 2.663900000000000000e+04 2.881200000000000000e+04
2.517600000000000000e+04 2.693100000000000000e+04 2.858800000000000000e+04
2.517700000000000000e+04 2.756800000000000000e+04 2.798700000000000000e+04
2.517700000000000000e+04 2.788600000000000000e+04 2.765800000000000000e+04
2.517800000000000000e+04 2.655100000000000000e+04 2.885500000000000000e+04
2.517800000000000000e+04 2.663400000000000000e+04 2.878200000000000000e+04
2.517800000000000000e+04 2.704900000000000000e+04 2.854000000000000000e+04
2.517800000000000000e+04 2.788500000000000000e+04 2.767000000000000000e+04
2.517800000000000000e+04 2.788800000000000000e+04 2.765300000000000000e+04
2.517900000000000000e+04 2.706400000000000000e+04 2.853300000000000000e+04
2.518100000000000000e+04 2.596300000000000000e+04 2.920200000000000000e+04
2.518200000000000000e+04 2.619500000000000000e+04 2.903900000000000000e+04
2.518200000000000000e+04 2.736800000000000000e+04 2.817300000000000000e+04
2.518300000000000000e+04 2.686700000000000000e+04 2.860300000000000000e+04
2.518300000000000000e+04 2.762400000000000000e+04 2.797100000000000000e+04
2.518400000000000000e+04 2.663100000000000000e+04 2.879500000000000000e+04
2.518400000000000000e+04 2.790600000000000000e+04 2.764300000000000000e+04
2.518500000000000000e+04 2.590400000000000000e+04 2.923200000000000000e+04
2.518700000000000000e+04 2.608600000000000000e+04 2.911300000000000000e+04
2.518700000000000000e+04 2.772900000000000000e+04 2.784200000000000000e+04
2.518700000000000000e+04 2.779900000000000000e+04 2.773500000000000000e+04
2.518800000000000000e+04 2.760700000000000000e+04 2.797900000000000000e+04
2.518900000000000000e+04 2.695400000000000000e+04 2.855200000000000000e+04
2.519000000000000000e+04 2.710000000000000000e+04 2.849900000000000000e+04
2.519000000000000000e+04 2.710600000000000000e+04 2.848700000000000000e+04
2.519100000000000000e+04 2.578700000000000000e+04 2.927700000000000000e+04
2.519100000000000000e+04 2.638800000000000000e+04 2.890500000000000000e+04
2.519100000000000000e+04 2.691500000000000000e+04 2.859400000000000000e+04
2.519100000000000000e+04 2.771200000000000000e+04 2.783800000000000000e+04
2.519100000000000000e+04 2.793000000000000000e+04 2.762100000000000000e+04
2.519200000000000000e+04 2.610700000000000000e+04 2.909300000000000000e+04
2.519200000000000000e+04 2.620800000000000000e+04 2.901900000000000000e+04
2.519200000000000000e+04 2.775500000000000000e+04 2.779200000000000000e+04
2.519400000000000000e+04 2.620300000000000000e+04 2.902600000000000000e+04
2.519400000000000000e+04 2.684500000000000000e+04 2.862400000000000000e+04
2.519400000000000000e+04 2.690000000000000000e+04 2.859200000000000000e+04
2.519500000000000000e+04 2.877100000000000000e+04 2.620800000000000000e+04
2.519600000000000000e+04 2.651900000000000000e+04 2.890400000000000000e+04
2.519600000000000000e+04 2.792000000000000000e+04 2.762800000000000000e+04
2.519700000000000000e+04 2.685500000000000000e+04 2.860500000000000000e+04
2.519700000000000000e+04 2.783900000000000000e+04 2.767400000000000000e+04
2.519800000000000000e+04 2.643400000000000000e+04 2.888000000000000000e+04
2.519800000000000000e+04 2.684700000000000000e+04 2.861100000000000000e+04
2.519800000000000000e+04 2.754900000000000000e+04 2.803000000000000000e+04
2.519900000000000000e+04 2.616600000000000000e+04 2.905100000000000000e+04
2.519900000000000000e+04 2.639500000000000000e+04 2.890000000000000000e+04
2.519900000000000000e+04 2.745000000000000000e+04 2.811500000000000000e+04
2.519900000000000000e+04 2.795900000000000000e+04 2.759500000000000000e+04
2.520000000000000000e+04 2.660000000000000000e+04 2.880000000000000000e+04
2.520000000000000000e+04 2.672900000000000000e+04 2.868800000000000000e+04
2.520000000000000000e+04 2.711700000000000000e+04 2.845800000000000000e+04
2.520000000000000000e+04 2.797500000000000000e+04 2.757000000000000000e+04
2.520100000000000000e+04 2.617700000000000000e+04 2.904500000000000000e+04
2.520200000000000000e+04 2.698200000000000000e+04 2.850900000000000000e+04
2.520200000000000000e+04 2.711500000000000000e+04 2.844200000000000000e+04
2.520200000000000000e+04 2.751700000000000000e+04 2.804300000000000000e+04
2.520200000000000000e+04 2.781400000000000000e+04 2.770900000000000000e+04
2.520300000000000000e+04 2.723500000000000000e+04 2.834100000000000000e+04
2.520400000000000000e+04 2.687600000000000000e+04 2.859100000000000000e+04
2.520500000000000000e+04 2.643300000000000000e+04 2.888900000000000000e+04
2.520500000000000000e+04 2.671000000000000000e+04 2.874300000000000000e+04
2.520500000000000000e+04 2.691400000000000000e+04 2.857500000000000000e+04
2.520500000000000000e+04 2.791800000000000000e+04 2.762400000000000000e+04
2.520600000000000000e+04 2.592100000000000000e+04 2.922400000000000000e+04
2.520600000000000000e+04 2.722100000000000000e+04 2.838300000000000000e+04
2.520600000000000000e+04 2.726000000000000000e+04 2.833200000000000000e+04
2.520600000000000000e+04 2.752500000000000000e+04 2.803700000000000000e+04
2.520700000000000000e+04 2.616800000000000000e+04 2.903400000000000000e+04
2.520700000000000000e+04 2.711400000000000000e+04 2.846200000000000000e+04
2.520700000000000000e+04 2.925300000000000000e+04 2.499100000000000000e+04
2.520800000000000000e+04 2.798400000000000000e+04 2.755500000000000000e+04
2.521000000000000000e+04 2.592300000000000000e+04 2.921100000000000000e+04
2.521100000000000000e+04 2.774000000000000000e+04 2.781000000000000000e+04
2.521100000000000000e+04 2.926200000000000000e+04 2.494800000000000000e+04
2.521200000000000000e+04 2.616500000000000000e+04 2.906200000000000000e+04
2.521200000000000000e+04 2.683900000000000000e+04 2.867300000000000000e+04
2.521200000000000000e+04 2.743100000000000000e+04 2.815700000000000000e+04
2.521200000000000000e+04 2.777800000000000000e+04 2.778300000000000000e+04
2.521300000000000000e+04 2.743100000000000000e+04 2.813800000000000000e+04
2.521300000000000000e+04 2.764500000000000000e+04 2.793000000000000000e+04
2.521400000000000000e+04 2.585000000000000000e+04 2.926100000000000000e+04
2.521400000000000000e+04 2.740800000000000000e+04 2.816100000000000000e+04
2.521500000000000000e+04 2.708900000000000000e+04 2.849800000000000000e+04
2.521600000000000000e+04 2.708700000000000000e+04 2.850900000000000000e+04
2.521600000000000000e+04 2.764300000000000000e+04 2.793100000000000000e+04
2.521700000000000000e+04 2.609800000000000000e+04 2.909100000000000000e+04
2.521800000000000000e+04 2.722100000000000000e+04 2.836500000000000000e+04
2.521800000000000000e+04 2.821400000000000000e+04 2.725700000000000000e+04
2.521900000000000000e+04 2.666100000000000000e+04 2.877800000000000000e+04
2.521900000000000000e+04 2.670500000000000000e+04 2.872300000000000000e+04
2.522000000000000000e+04 2.584800000000000000e+04 2.925400000000000000e+04
2.522000000000000000e+04 2.711000000000000000e+04 2.848100000000000000e+04
2.522200000000000000e+04 2.783300000000000000e+04 2.769600000000000000e+04
2.522200000000000000e+04 2.803300000000000000e+04 2.746900000000000000e+04
2.522300000000000000e+04 2.781900000000000000e+04 2.769800000000000000e+04
2.522400000000000000e+04 2.586600000000000000e+04 2.925100000000000000e+04
2.522500000000000000e+04 2.652300000000000000e+04 2.883400000000000000e+04
2.522500000000000000e+04 2.756200000000000000e+04 2.798100000000000000e+04
2.522500000000000000e+04 2.776700000000000000e+04 2.777500000000000000e+04
2.522600000000000000e+04 2.585600000000000000e+04 2.924100000000000000e+04
2.522600000000000000e+04 2.664200000000000000e+04 2.877400000000000000e+04
2.522600000000000000e+04 2.678600000000000000e+04 2.864500000000000000e+04
2.522700000000000000e+04 2.764200000000000000e+04 2.796500000000000000e+04
2.522800000000000000e+04 2.645000000000000000e+04 2.886600000000000000e+04
2.522800000000000000e+04 2.929800000000000000e+04 2.479900000000000000e+04
2.522900000000000000e+04 2.850300000000000000e+04 2.673900000000000000e+04
2.523000000000000000e+04 2.678800000000000000e+04 2.863200000000000000e+04
2.523000000000000000e+04 2.687600000000000000e+04 2.856800000000000000e+04
2.523000000000000000e+04 2.775300000000000000e+04 2.780300000000000000e+04
2.523000000000000000e+04 2.776000000000000000e+04 2.776200000000000000e+04
2.523000000000000000e+04 2.924500000000000000e+04 2.502200000000000000e+04
2.523100000000000000e+04 2.736000000000000000e+04 2.818600000000000000e+04
2.523100000000000000e+04 2.755400000000000000e+04 2.800600000000000000e+04
2.523100000000000000e+04 2.804600000000000000e+04 2.744500000000000000e+04
2.523100000000000000e+04 2.809400000000000000e+04 2.740800000000000000e+04
2.523200000000000000e+04 2.779200000000000000e+04 2.775000000000000000e+04
2.523200000000000000e+04 2.780800000000000000e+04 2.770500000000000000e+04
2.523300000000000000e+04 2.671700000000000000e+04 2.872100000000000000e+04
2.523300000000000000e+04 2.761600000000000000e+04 2.794700000000000000e+04
2.523500000000000000e+04 2.670300000000000000e+04 2.871600000000000000e+04
2.523500000000000000e+04 2.781200000000000000e+04 2.770100000000000000e+04
2.523500000000000000e+04 2.831500000000000000e+04 2.710300000000000000e+04
2.523600000000000000e+04 2.607700000000000000e+04 2.910800000000000000e+04
2.523600000000000000e+04 2.771200000000000000e+04 2.783200000000000000e+04
2.523700000000000000e+04 2.929100000000000000e+04 2.485200000000000000e+04
2.523900000000000000e+04 2.738400000000000000e+04 2.817000000000000000e+04
2.524000000000000000e+04 2.709300000000000000e+04 2.847000000000000000e+04
2.524100000000000000e+04 2.721100000000000000e+04 2.839100000000000000e+04
2.524100000000000000e+04 2.732900000000000000e+04 2.826500000000000000e+04
2.524100000000000000e+04 2.923700000000000000e+04 2.505200000000000000e+04
2.524200000000000000e+04 2.736800000000000000e+04 2.815000000000000000e+04
2.524200000000000000e+04 2.752200000000000000e+04 2.803700000000000000e+04
2.524200000000000000e+04 2.760900000000000000e+04 2.797300000000000000e+04
2.524200000000000000e+04 2.826500000000000000e+04 2.718300000000000000e+04
2.524300000000000000e+04 2.711400000000000000e+04 2.845400000000000000e+04
2.524300000000000000e+04 2.776200000000000000e+04 2.775800000000000000e+04
2.524400000000000000e+04 2.710300000000000000e+04 2.844900000000000000e+04
2.524400000000000000e+04 2.743100000000000000e+04 2.812600000000000000e+04
2.524400000000000000e+04 2.752600000000000000e+04 2.800700000000000000e+04
2.524500000000000000e+04 2.686700000000000000e+04 2.857700000000000000e+04
2.524500000000000000e+04 2.736700000000000000e+04 2.815800000000000000e+04
2.524500000000000000e+04 2.764000000000000000e+04 2.794400000000000000e+04
2.524500000000000000e+04 2.820300000000000000e+04 2.726900000000000000e+04
2.524600000000000000e+04 2.719000000000000000e+04 2.843100000000000000e+04
2.524600000000000000e+04 2.751500000000000000e+04 2.807400000000000000e+04
2.524700000000000000e+04 2.734400000000000000e+04 2.824800000000000000e+04
2.524700000000000000e+04 2.798100000000000000e+04 2.755600000000000000e+04
2.524800000000000000e+04 2.765600000000000000e+04 2.792800000000000000e+04
2.524900000000000000e+04 2.929900000000000000e+04 2.477500000000000000e+04
2.525000000000000000e+04 2.606900000000000000e+04 2.910800000000000000e+04
2.525000000000000000e+04 2.774100000000000000e+04 2.779000000000000000e+04
2.525100000000000000e+04 2.723000000000000000e+04 2.834100000000000000e+04
2.525100000000000000e+04 2.746900000000000000e+04 2.809100000000000000e+04
2.525200000000000000e+04 2.696400000000000000e+04 2.851800000000000000e+04
2.525200000000000000e+04 2.723400000000000000e+04 2.830600000000000000e+04
2.525200000000000000e+04 2.761300000000000000e+04 2.794900000000000000e+04
2.525300000000000000e+04 2.709600000000000000e+04 2.846100000000000000e+04
2.525400000000000000e+04 2.750600000000000000e+04 2.809000000000000000e+04
2.525500000000000000e+04 2.682900000000000000e+04 2.863100000000000000e+04
2.525500000000000000e+04 2.708500000000000000e+04 2.846800000000000000e+04
2.525500000000000000e+04 2.797500000000000000e+04 2.755500000000000000e+04
2.525500000000000000e+04 2.820400000000000000e+04 2.724800000000000000e+04
2.525500000000000000e+04 2.834800000000000000e+04 2.708600000000000000e+04
2.525600000000000000e+04 2.850500000000000000e+04 2.672100000000000000e+04
2.525700000000000000e+04 2.607600000000000000e+04 2.909700000000000000e+04
2.525700000000000000e+04 2.924600000000000000e+04 2.500700000000000000e+04
2.525800000000000000e+04 2.807300000000000000e+04 2.741300000000000000e+04
2.525900000000000000e+04 2.735200000000000000e+04 2.817700000000000000e+04
2.525900000000000000e+04 2.783700000000000000e+04 2.768600000000000000e+04
2.526100000000000000e+04 2.941600000000000000e+04 2.442300000000000000e+04
2.526200000000000000e+04 2.694000000000000000e+04 2.853900000000000000e+04
2.526200000000000000e+04 2.713300000000000000e+04 2.843700000000000000e+04
2.526200000000000000e+04 2.763300000000000000e+04 2.793600000000000000e+04
2.526300000000000000e+04 2.924200000000000000e+04 2.496500000000000000e+04
2.526400000000000000e+04 2.755100000000000000e+04 2.800700000000000000e+04
2.526500000000000000e+04 2.694000000000000000e+04 2.852600000000000000e+04
2.526500000000000000e+04 2.730900000000000000e+04 2.825400000000000000e+04
2.526500000000000000e+04 2.763000000000000000e+04 2.794100000000000000e+04
2.526500000000000000e+04 2.852000000000000000e+04 2.669700000000000000e+04
2.526600000000000000e+04 2.709300000000000000e+04 2.840600000000000000e+04
2.526600000000000000e+04 2.797900000000000000e+04 2.754800000000000000e+04
2.526600000000000000e+04 2.803200000000000000e+04 2.746800000000000000e+04
2.526600000000000000e+04 2.804300000000000000e+04 2.746700000000000000e+04
2.526600000000000000e+04 2.928700000000000000e+04 2.487200000000000000e+04
2.526700000000000000e+04 2.751000000000000000e+04 2.804500000000000000e+04
2.526700000000000000e+04 2.766100000000000000e+04 2.792300000000000000e+04
2.526700000000000000e+04 2.778300000000000000e+04 2.775300000000000000e+04
2.526800000000000000e+04 2.731500000000000000e+04 2.824100000000000000e+04
2.526800000000000000e+04 2.755100000000000000e+04 2.796500000000000000e+04
2.526800000000000000e+04 2.761000000000000000e+04 2.796000000000000000e+04
2.526800000000000000e+04 2.766100000000000000e+04 2.791000000000000000e+04
2.526800000000000000e+04 2.923900000000000000e+04 2.504700000000000000e+04
2.526900000000000000e+04 2.589400000000000000e+04 2.923000000000000000e+04
2.526900000000000000e+04 2.696100000000000000e+04 2.851500000000000000e+04
2.526900000000000000e+04 2.939900000000000000e+04 2.453700000000000000e+04
2.527000000000000000e+04 2.797400000000000000e+04 2.756900000000000000e+04
2.527100000000000000e+04 2.832700000000000000e+04 2.708800000000000000e+04
2.527100000000000000e+04 2.935700000000000000e+04 2.460700000000000000e+04
2.527200000000000000e+04 2.753200000000000000e+04 2.799900000000000000e+04
2.527200000000000000e+04 2.831300000000000000e+04 2.712700000000000000e+04
2.527200000000000000e+04 2.924100000000000000e+04 2.499500000000000000e+04
2.527300000000000000e+04 2.750000000000000000e+04 2.804200000000000000e+04
2.527300000000000000e+04 2.781500000000000000e+04 2.768400000000000000e+04
2.527400000000000000e+04 2.831200000000000000e+04 2.710500000000000000e+04
2.527500000000000000e+04 2.738300000000000000e+04 2.814100000000000000e+04
2.527600000000000000e+04 2.662700000000000000e+04 2.877600000000000000e+04
2.527600000000000000e+04 2.722400000000000000e+04 2.836100000000000000e+04
2.527600000000000000e+04 2.928800000000000000e+04 2.484300000000000000e+04
2.527700000000000000e+04 2.767700000000000000e+04 2.790800000000000000e+04
2.527700000000000000e+04 2.798900000000000000e+04 2.754500000000000000e+04
2.527800000000000000e+04 2.722500000000000000e+04 2.833500000000000000e+04
2.527800000000000000e+04 2.744100000000000000e+04 2.811600000000000000e+04
2.527800000000000000e+04 2.752100000000000000e+04 2.801000000000000000e+04
2.527800000000000000e+04 2.819200000000000000e+04 2.727400000000000000e+04
2.527900000000000000e+04 2.756800000000000000e+04 2.796300000000000000e+04
2.527900000000000000e+04 2.765900000000000000e+04 2.791900000000000000e+04
2.527900000000000000e+04 2.816700000000000000e+04 2.731800000000000000e+04
2.527900000000000000e+04 2.940600000000000000e+04 2.445600000000000000e+04
2.528100000000000000e+04 2.786500000000000000e+04 2.766000000000000000e+04
2.528100000000000000e+04 2.924200000000000000e+04 2.495600000000000000e+04
2.528200000000000000e+04 2.783000000000000000e+04 2.768200000000000000e+04
2.528200000000000000e+04 2.850600000000000000e+04 2.671100000000000000e+04
2.528300000000000000e+04 2.708300000000000000e+04 2.850700000000000000e+04
2.528300000000000000e+04 2.722300000000000000e+04 2.833600000000000000e+04
2.528300000000000000e+04 2.751600000000000000e+04 2.798600000000000000e+04
2.528300000000000000e+04 2.753100000000000000e+04 2.799100000000000000e+04
2.528300000000000000e+04 2.823800000000000000e+04 2.724200000000000000e+04
2.528300000000000000e+04 2.929500000000000000e+04 2.483500000000000000e+04
2.528400000000000000e+04 2.773400000000000000e+04 2.779900000000000000e+04
2.528400000000000000e+04 2.821900000000000000e+04 2.724700000000000000e+04
2.528400000000000000e+04 2.933800000000000000e+04 2.469300000000000000e+04
2.528500000000000000e+04 2.677100000000000000e+04 2.866900000000000000e+04
2.528500000000000000e+04 2.851400000000000000e+04 2.668300000000000000e+04
2.528600000000000000e+04 2.772500000000000000e+04 2.782200000000000000e+04
2.528700000000000000e+04 2.751400000000000000e+04 2.800400000000000000e+04
2.528700000000000000e+04 2.755000000000000000e+04 2.796100000000000000e+04
2.528800000000000000e+04 2.760900000000000000e+04 2.793700000000000000e+04
2.528800000000000000e+04 2.816500000000000000e+04 2.731400000000000000e+04
2.529000000000000000e+04 2.734700000000000000e+04 2.815600000000000000e+04
2.529000000000000000e+04 2.817100000000000000e+04 2.730400000000000000e+04
2.529000000000000000e+04 2.850400000000000000e+04 2.671600000000000000e+04
2.529200000000000000e+04 2.699900000000000000e+04 2.848800000000000000e+04
2.529200000000000000e+04 2.706600000000000000e+04 2.840300000000000000e+04
2.529200000000000000e+04 2.721400000000000000e+04 2.835900000000000000e+04
2.529200000000000000e+04 2.743800000000000000e+04 2.808400000000000000e+04
2.529200000000000000e+04 2.830300000000000000e+04 2.715500000000000000e+04
2.529300000000000000e+04 2.701700000000000000e+04 2.845000000000000000e+04
2.529400000000000000e+04 2.698800000000000000e+04 2.849200000000000000e+04
2.529400000000000000e+04 2.742100000000000000e+04 2.812000000000000000e+04
2.529500000000000000e+04 2.738000000000000000e+04 2.814100000000000000e+04
2.529600000000000000e+04 2.758900000000000000e+04 2.794200000000000000e+04
2.529600000000000000e+04 2.821600000000000000e+04 2.723700000000000000e+04
2.529600000000000000e+04 2.824600000000000000e+04 2.721800000000000000e+04
2.529700000000000000e+04 2.932100000000000000e+04 2.473700000000000000e+04
2.529700000000000000e+04 2.944400000000000000e+04 2.427200000000000000e+04
2.529800000000000000e+04 2.753100000000000000e+04 2.797200000000000000e+04
2.529800000000000000e+04 2.773800000000000000e+04 2.778900000000000000e+04
2.529800000000000000e+04 2.929300000000000000e+04 2.481600000000000000e+04
2.529800000000000000e+04 2.945600000000000000e+04 2.420400000000000000e+04
2.529900000000000000e+04 2.831200000000000000e+04 2.710400000000000000e+04
2.530000000000000000e+04 2.738700000000000000e+04 2.811700000000000000e+04
2.530000000000000000e+04 2.765600000000000000e+04 2.791100000000000000e+04
2.530000000000000000e+04 2.831100000000000000e+04 2.713500000000000000e+04
2.530000000000000000e+04 2.847900000000000000e+04 2.678600000000000000e+04
2.530000000000000000e+04 2.945100000000000000e+04 2.421100000000000000e+04
2.530100000000000000e+04 2.590100000000000000e+04 2.922900000000000000e+04
2.530100000000000000e+04 2.824500000000000000e+04 2.721000000000000000e+04
2.530200000000000000e+04 2.719500000000000000e+04 2.832200000000000000e+04
2.530200000000000000e+04 2.781700000000000000e+04 2.766200000000000000e+04
2.530300000000000000e+04 2.778900000000000000e+04 2.774500000000000000e+04
2.530300000000000000e+04 2.808300000000000000e+04 2.740000000000000000e+04
2.530400000000000000e+04 2.696100000000000000e+04 2.850500000000000000e+04
2.530400000000000000e+04 2.755800000000000000e+04 2.796000000000000000e+04
2.530500000000000000e+04 2.749300000000000000e+04 2.805500000000000000e+04
2.530500000000000000e+04 2.751100000000000000e+04 2.798200000000000000e+04
2.530500000000000000e+04 2.830200000000000000e+04 2.711200000000000000e+04
2.530600000000000000e+04 2.744500000000000000e+04 2.807900000000000000e+04
2.530600000000000000e+04 2.885300000000000000e+04 2.605900000000000000e+04
2.530700000000000000e+04 2.801800000000000000e+04 2.753300000000000000e+04
2.530800000000000000e+04 2.793600000000000000e+04 2.762100000000000000e+04
2.530800000000000000e+04 2.808400000000000000e+04 2.736000000000000000e+04
2.530800000000000000e+04 2.831000000000000000e+04 2.708700000000000000e+04
2.530800000000000000e+04 2.919500000000000000e+04 2.517900000000000000e+04
2.530900000000000000e+04 2.702400000000000000e+04 2.844800000000000000e+04
2.530900000000000000e+04 2.781200000000000000e+04 2.768100000000000000e+04
2.530900000000000000e+04 2.883300000000000000e+04 2.616800000000000000e+04
2.531000000000000000e+04 2.750200000000000000e+04 2.801600000000000000e+04
2.531000000000000000e+04 2.769800000000000000e+04 2.786200000000000000e+04
2.531000000000000000e+04 2.884300000000000000e+04 2.608000000000000000e+04
2.531000000000000000e+04 2.929500000000000000e+04 2.479600000000000000e+04
2.531200000000000000e+04 2.751000000000000000e+04 2.799700000000000000e+04
2.531200000000000000e+04 2.807000000000000000e+04 2.742800000000000000e+04
2.531200000000000000e+04 2.816500000000000000e+04 2.728400000000000000e+04
2.531300000000000000e+04 2.763900000000000000e+04 2.791600000000000000e+04
2.531300000000000000e+04 2.810400000000000000e+04 2.727800000000000000e+04
2.531400000000000000e+04 2.756200000000000000e+04 2.795900000000000000e+04
2.531500000000000000e+04 2.733700000000000000e+04 2.823000000000000000e+04
2.531500000000000000e+04 2.772700000000000000e+04 2.781800000000000000e+04
2.531600000000000000e+04 2.850000000000000000e+04 2.671300000000000000e+04
2.531600000000000000e+04 2.932700000000000000e+04 2.471800000000000000e+04
2.531700000000000000e+04 2.782100000000000000e+04 2.765900000000000000e+04
2.531700000000000000e+04 2.827600000000000000e+04 2.717600000000000000e+04
2.531700000000000000e+04 2.869400000000000000e+04 2.638000000000000000e+04
2.531800000000000000e+04 2.753000000000000000e+04 2.797800000000000000e+04
2.531900000000000000e+04 2.803100000000000000e+04 2.750000000000000000e+04
2.531900000000000000e+04 2.841100000000000000e+04 2.689100000000000000e+04
2.531900000000000000e+04 2.848200000000000000e+04 2.675500000000000000e+04
2.531900000000000000e+04 2.859900000000000000e+04 2.657500000000000000e+04
2.531900000000000000e+04 2.945500000000000000e+04 2.415200000000000000e+04
2.532000000000000000e+04 2.799100000000000000e+04 2.754400000000000000e+04
2.532000000000000000e+04 2.905300000000000000e+04 2.553700000000000000e+04
2.532100000000000000e+04 2.933000000000000000e+04 2.470000000000000000e+04
2.532100000000000000e+04 2.940000000000000000e+04 2.447800000000000000e+04
2.532200000000000000e+04 2.801800000000000000e+04 2.750000000000000000e+04
2.532200000000000000e+04 2.802300000000000000e+04 2.747900000000000000e+04
2.532200000000000000e+04 2.940300000000000000e+04 2.443400000000000000e+04
2.532300000000000000e+04 2.745100000000000000e+04 2.807000000000000000e+04
2.532300000000000000e+04 2.755800000000000000e+04 2.795900000000000000e+04
2.532300000000000000e+04 2.932400000000000000e+04 2.466200000000000000e+04
2.532400000000000000e+04 2.807200000000000000e+04 2.741100000000000000e+04
2.532400000000000000e+04 2.825200000000000000e+04 2.719500000000000000e+04
2.532400000000000000e+04 2.879700000000000000e+04 2.614300000000000000e+04
2.532500000000000000e+04 2.729200000000000000e+04 2.826800000000000000e+04
2.532500000000000000e+04 2.778000000000000000e+04 2.775800000000000000e+04
2.532500000000000000e+04 2.792000000000000000e+04 2.761300000000000000e+04
2.532500000000000000e+04 2.807000000000000000e+04 2.736500000000000000e+04
2.532500000000000000e+04 2.916800000000000000e+04 2.526000000000000000e+04
2.532500000000000000e+04 2.929400000000000000e+04 2.479200000000000000e+04
2.532600000000000000e+04 2.743600000000000000e+04 2.810000000000000000e+04
2.532600000000000000e+04 2.756700000000000000e+04 2.794200000000000000e+04
2.532600000000000000e+04 2.939500000000000000e+04 2.448700000000000000e+04
2.532700000000000000e+04 2.940200000000000000e+04 2.445000000000000000e+04
2.532800000000000000e+04 2.733900000000000000e+04 2.816600000000000000e+04
2.532800000000000000e+04 2.797200000000000000e+04 2.758200000000000000e+04
2.532800000000000000e+04 2.884200000000000000e+04 2.602400000000000000e+04
2.532800000000000000e+04 2.934800000000000000e+04 2.460800000000000000e+04
2.532900000000000000e+04 2.830800000000000000e+04 2.708700000000000000e+04
2.533000000000000000e+04 2.800800000000000000e+04 2.749500000000000000e+04
2.533000000000000000e+04 2.806300000000000000e+04 2.738600000000000000e+04
2.533000000000000000e+04 2.810300000000000000e+04 2.731900000000000000e+04
2.533000000000000000e+04 2.851900000000000000e+04 2.666700000000000000e+04
2.533000000000000000e+04 2.942900000000000000e+04 2.438300000000000000e+04
2.533100000000000000e+04 2.700200000000000000e+04 2.846900000000000000e+04
2.533100000000000000e+04 2.750200000000000000e+04 2.799200000000000000e+04
2.533100000000000000e+04 2.775900000000000000e+04 2.778500000000000000e+04
2.533100000000000000e+04 2.830100000000000000e+04 2.711700000000000000e+04
2.533100000000000000e+04 2.860300000000000000e+04 2.657100000000000000e+04
2.533200000000000000e+04 2.727400000000000000e+04 2.830100000000000000e+04
2.533200000000000000e+04 2.941900000000000000e+04 2.438900000000000000e+04
2.533300000000000000e+04 2.715200000000000000e+04 2.833100000000000000e+04
2.533300000000000000e+04 2.792200000000000000e+04 2.760400000000000000e+04
2.533300000000000000e+04 2.944900000000000000e+04 2.424000000000000000e+04
2.533400000000000000e+04 2.751400000000000000e+04 2.796500000000000000e+04
2.533500000000000000e+04 2.773600000000000000e+04 2.779800000000000000e+04
2.533500000000000000e+04 2.796900000000000000e+04 2.756000000000000000e+04
2.533500000000000000e+04 2.883300000000000000e+04 2.605700000000000000e+04
2.533500000000000000e+04 2.919800000000000000e+04 2.516000000000000000e+04
2.533600000000000000e+04 2.748900000000000000e+04 2.805100000000000000e+04
2.533600000000000000e+04 2.944300000000000000e+04 2.430800000000000000e+04
2.533700000000000000e+04 2.737400000000000000e+04 2.814400000000000000e+04
2.533700000000000000e+04 2.799400000000000000e+04 2.750500000000000000e+04
2.533700000000000000e+04 2.869200000000000000e+04 2.639000000000000000e+04
2.533700000000000000e+04 2.903800000000000000e+04 2.563900000000000000e+04
2.533800000000000000e+04 2.730200000000000000e+04 2.824800000000000000e+04
2.533800000000000000e+04 2.825100000000000000e+04 2.720400000000000000e+04
2.533800000000000000e+04 2.840500000000000000e+04 2.691600000000000000e+04
2.534000000000000000e+04 2.789200000000000000e+04 2.765200000000000000e+04
2.534000000000000000e+04 2.793100000000000000e+04 2.760300000000000000e+04
2.534000000000000000e+04 2.881500000000000000e+04 2.610900000000000000e+04
2.534100000000000000e+04 2.781700000000000000e+04 2.765300000000000000e+04
2.534200000000000000e+04 2.743900000000000000e+04 2.808200000000000000e+04
2.534300000000000000e+04 2.729400000000000000e+04 2.825700000000000000e+04
2.534400000000000000e+04 2.820300000000000000e+04 2.723600000000000000e+04
2.534400000000000000e+04 2.930200000000000000e+04 2.476200000000000000e+04
2.534600000000000000e+04 2.823700000000000000e+04 2.721100000000000000e+04
2.534600000000000000e+04 2.944200000000000000e+04 2.431200000000000000e+04
2.534700000000000000e+04 2.771200000000000000e+04 2.785800000000000000e+04
2.534700000000000000e+04 2.801700000000000000e+04 2.747500000000000000e+04
2.534800000000000000e+04 2.785800000000000000e+04 2.764300000000000000e+04
2.534800000000000000e+04 2.823600000000000000e+04 2.723500000000000000e+04
2.534900000000000000e+04 2.798400000000000000e+04 2.750700000000000000e+04
2.535000000000000000e+04 2.738700000000000000e+04 2.810900000000000000e+04
2.535000000000000000e+04 2.843900000000000000e+04 2.686500000000000000e+04
2.535000000000000000e+04 2.913400000000000000e+04 2.533800000000000000e+04
2.535100000000000000e+04 2.744000000000000000e+04 2.807700000000000000e+04
2.535100000000000000e+04 2.810700000000000000e+04 2.727600000000000000e+04
2.535100000000000000e+04 2.874200000000000000e+04 2.627600000000000000e+04
2.535100000000000000e+04 2.929400000000000000e+04 2.476000000000000000e+04
2.535300000000000000e+04 2.760400000000000000e+04 2.794200000000000000e+04
2.535300000000000000e+04 2.940000000000000000e+04 2.442300000000000000e+04
2.535400000000000000e+04 2.763400000000000000e+04 2.793400000000000000e+04
2.535400000000000000e+04 2.916100000000000000e+04 2.531200000000000000e+04
2.535400000000000000e+04 2.929700000000000000e+04 2.475800000000000000e+04
2.535400000000000000e+04 2.945000000000000000e+04 2.420800000000000000e+04
2.535500000000000000e+04 2.729400000000000000e+04 2.825400000000000000e+04
2.535500000000000000e+04 2.777800000000000000e+04 2.775700000000000000e+04
2.535500000000000000e+04 2.904800000000000000e+04 2.559300000000000000e+04
2.535600000000000000e+04 2.842900000000000000e+04 2.688600000000000000e+04
2.535600000000000000e+04 2.945000000000000000e+04 2.407600000000000000e+04
2.535700000000000000e+04 2.816800000000000000e+04 2.727400000000000000e+04
2.535800000000000000e+04 2.746900000000000000e+04 2.806100000000000000e+04
2.535800000000000000e+04 2.796200000000000000e+04 2.757200000000000000e+04
2.535800000000000000e+04 2.942800000000000000e+04 2.437300000000000000e+04
2.535900000000000000e+04 2.729000000000000000e+04 2.828300000000000000e+04
2.536000000000000000e+04 2.762200000000000000e+04 2.791600000000000000e+04
2.536000000000000000e+04 2.942700000000000000e+04 2.435600000000000000e+04
2.536100000000000000e+04 2.944700000000000000e+04 2.426500000000000000e+04
2.536200000000000000e+04 2.727500000000000000e+04 2.827600000000000000e+04
2.536200000000000000e+04 2.778100000000000000e+04 2.774600000000000000e+04
2.536200000000000000e+04 2.780600000000000000e+04 2.771000000000000000e+04
2.536200000000000000e+04 2.780700000000000000e+04 2.771700000000000000e+04
2.536200000000000000e+04 2.859600000000000000e+04 2.657500000000000000e+04
2.536300000000000000e+04 2.932400000000000000e+04 2.470900000000000000e+04
2.536400000000000000e+04 2.860900000000000000e+04 2.656600000000000000e+04
2.536600000000000000e+04 2.944900000000000000e+04 2.418400000000000000e+04
2.536700000000000000e+04 2.725500000000000000e+04 2.827200000000000000e+04
2.536700000000000000e+04 2.791600000000000000e+04 2.761300000000000000e+04
2.536700000000000000e+04 2.846500000000000000e+04 2.681300000000000000e+04
2.536700000000000000e+04 2.848000000000000000e+04 2.677000000000000000e+04
2.536700000000000000e+04 2.868800000000000000e+04 2.638700000000000000e+04
2.536800000000000000e+04 2.807500000000000000e+04 2.736300000000000000e+04
2.536800000000000000e+04 2.824200000000000000e+04 2.719800000000000000e+04
2.536800000000000000e+04 2.840400000000000000e+04 2.690800000000000000e+04
2.536900000000000000e+04 2.928900000000000000e+04 2.474900000000000000e+04
2.537000000000000000e+04 2.940500000000000000e+04 2.440800000000000000e+04
2.537100000000000000e+04 2.729300000000000000e+04 2.825000000000000000e+04
2.537100000000000000e+04 2.753200000000000000e+04 2.793600000000000000e+04
2.537100000000000000e+04 2.796900000000000000e+04 2.754500000000000000e+04
2.537100000000000000e+04 2.798100000000000000e+04 2.751100000000000000e+04
2.537100000000000000e+04 2.910800000000000000e+04 2.539500000000000000e+04
2.537100000000000000e+04 2.912000000000000000e+04 2.533900000000000000e+04
2.537200000000000000e+04 2.795600000000000000e+04 2.759700000000000000e+04
2.537200000000000000e+04 2.838200000000000000e+04 2.693400000000000000e+04
2.537200000000000000e+04 2.868600000000000000e+04 2.639900000000000000e+04
2.537200000000000000e+04 2.906500000000000000e+04 2.548900000000000000e+04
2.537200000000000000e+04 2.944600000000000000e+04 2.424200000000000000e+04
2.537400000000000000e+04 2.801500000000000000e+04 2.749300000000000000e+04
2.537500000000000000e+04 2.819800000000000000e+04 2.720000000000000000e+04
2.537700000000000000e+04 2.800200000000000000e+04 2.749800000000000000e+04
2.537700000000000000e+04 2.805900000000000000e+04 2.737400000000000000e+04
2.537700000000000000e+04 2.806700000000000000e+04 2.737100000000000000e+04
2.537700000000000000e+04 2.817800000000000000e+04 2.726100000000000000e+04
2.537700000000000000e+04 2.851100000000000000e+04 2.670800000000000000e+04
2.537700000000000000e+04 2.936500000000000000e+04 2.458800000000000000e+04
2.537800000000000000e+04 2.780500000000000000e+04 2.768400000000000000e+04
2.537800000000000000e+04 2.928400000000000000e+04 2.474300000000000000e+04
2.537900000000000000e+04 2.760900000000000000e+04 2.789500000000000000e+04
2.537900000000000000e+04 2.928600000000000000e+04 2.473500000000000000e+04
2.538000000000000000e+04 2.837600000000000000e+04 2.695500000000000000e+04
2.538000000000000000e+04 2.860200000000000000e+04 2.656900000000000000e+04
2.538000000000000000e+04 2.903100000000000000e+04 2.563800000000000000e+04
2.538000000000000000e+04 2.932500000000000000e+04 2.465300000000000000e+04
2.538100000000000000e+04 2.742200000000000000e+04 2.806600000000000000e+04
2.538100000000000000e+04 2.939300000000000000e+04 2.448600000000000000e+04
2.538100000000000000e+04 2.940100000000000000e+04 2.439500000000000000e+04
2.538100000000000000e+04 2.944200000000000000e+04 2.430200000000000000e+04
2.538100000000000000e+04 2.946800000000000000e+04 2.402000000000000000e+04
2.538200000000000000e+04 2.809900000000000000e+04 2.734600000000000000e+04
2.538200000000000000e+04 2.943000000000000000e+04 2.425300000000000000e+04
2.538300000000000000e+04 2.790400000000000000e+04 2.760600000000000000e+04
2.538300000000000000e+04 2.803100000000000000e+04 2.744800000000000000e+04
2.538300000000000000e+04 2.805600000000000000e+04 2.737700000000000000e+04
2.538300000000000000e+04 2.870500000000000000e+04 2.635000000000000000e+04
2.538300000000000000e+04 2.946200000000000000e+04 2.399600000000000000e+04
2.538400000000000000e+04 2.450800000000000000e+04 2.972700000000000000e+04
2.538500000000000000e+04 2.451500000000000000e+04 2.972100000000000000e+04
2.538500000000000000e+04 2.943200000000000000e+04 2.414300000000000000e+04
2.538600000000000000e+04 2.779900000000000000e+04 2.773800000000000000e+04
2.538600000000000000e+04 2.846600000000000000e+04 2.680400000000000000e+04
2.538700000000000000e+04 2.772500000000000000e+04 2.782100000000000000e+04
2.538700000000000000e+04 2.934700000000000000e+04 2.465200000000000000e+04
2.538700000000000000e+04 2.945900000000000000e+04 2.401900000000000000e+04
2.538800000000000000e+04 2.750000000000000000e+04 2.801600000000000000e+04
2.538800000000000000e+04 2.873100000000000000e+04 2.634800000000000000e+04
2.538900000000000000e+04 2.939100000000000000e+04 2.451900000000000000e+04
2.539000000000000000e+04 2.846300000000000000e+04 2.680700000000000000e+04
2.539100000000000000e+04 2.757600000000000000e+04 2.783700000000000000e+04
2.539100000000000000e+04 2.939800000000000000e+04 2.444500000000000000e+04
2.539200000000000000e+04 2.450200000000000000e+04 2.972700000000000000e+04
2.539200000000000000e+04 2.762200000000000000e+04 2.779300000000000000e+04
2.539200000000000000e+04 2.905400000000000000e+04 2.550600000000000000e+04
2.539200000000000000e+04 2.913600000000000000e+04 2.533600000000000000e+04
2.539300000000000000e+04 2.796100000000000000e+04 2.756300000000000000e+04
2.539300000000000000e+04 2.803000000000000000e+04 2.744900000000000000e+04
2.539300000000000000e+04 2.843400000000000000e+04 2.688500000000000000e+04
2.539300000000000000e+04 2.911800000000000000e+04 2.535800000000000000e+04
2.539300000000000000e+04 2.915300000000000000e+04 2.529100000000000000e+04
2.539300000000000000e+04 2.930100000000000000e+04 2.472900000000000000e+04
2.539400000000000000e+04 2.845900000000000000e+04 2.681200000000000000e+04
2.539400000000000000e+04 2.848000000000000000e+04 2.675300000000000000e+04
2.539400000000000000e+04 2.940100000000000000e+04 2.434800000000000000e+04
2.539500000000000000e+04 2.769000000000000000e+04 2.779300000000000000e+04
2.539500000000000000e+04 2.775900000000000000e+04 2.774800000000000000e+04
2.539500000000000000e+04 2.836500000000000000e+04 2.698800000000000000e+04
2.539600000000000000e+04 2.870900000000000000e+04 2.632300000000000000e+04
2.539600000000000000e+04 2.943600000000000000e+04 2.413300000000000000e+04
2.539700000000000000e+04 2.756300000000000000e+04 2.786500000000000000e+04
2.539700000000000000e+04 2.871000000000000000e+04 2.631400000000000000e+04
2.539800000000000000e+04 2.946100000000000000e+04 2.400200000000000000e+04
2.539900000000000000e+04 2.943500000000000000e+04 2.407700000000000000e+04
2.540000000000000000e+04 2.945400000000000000e+04 2.405100000000000000e+04
2.540000000000000000e+04 2.946400000000000000e+04 2.397400000000000000e+04
2.540100000000000000e+04 2.741600000000000000e+04 2.808300000000000000e+04
2.540200000000000000e+04 2.946400000000000000e+04 2.396800000000000000e+04
2.540300000000000000e+04 2.803400000000000000e+04 2.743300000000000000e+04
2.540300000000000000e+04 2.943000000000000000e+04 2.419000000000000000e+04
2.540400000000000000e+04 2.834900000000000000e+04 2.700900000000000000e+04
2.540400000000000000e+04 2.914700000000000000e+04 2.531600000000000000e+04
2.540400000000000000e+04 2.944100000000000000e+04 2.407300000000000000e+04
2.540500000000000000e+04 2.771600000000000000e+04 2.776900000000000000e+04
2.540600000000000000e+04 2.728100000000000000e+04 2.826400000000000000e+04
2.540600000000000000e+04 2.795500000000000000e+04 2.756100000000000000e+04
2.540600000000000000e+04 2.896600000000000000e+04 2.585000000000000000e+04
2.540600000000000000e+04 2.932300000000000000e+04 2.472700000000000000e+04
2.540800000000000000e+04 2.799100000000000000e+04 2.750100000000000000e+04
2.540800000000000000e+04 2.865700000000000000e+04 2.643400000000000000e+04
2.540800000000000000e+04 2.930000000000000000e+04 2.470900000000000000e+04
2.540900000000000000e+04 2.841000000000000000e+04 2.688500000000000000e+04
2.540900000000000000e+04 2.846000000000000000e+04 2.680700000000000000e+04
2.540900000000000000e+04 2.865800000000000000e+04 2.643200000000000000e+04
2.540900000000000000e+04 2.915900000000000000e+04 2.528000000000000000e+04
2.541000000000000000e+04 2.845400000000000000e+04 2.683400000000000000e+04
2.541000000000000000e+04 2.935500000000000000e+04 2.452200000000000000e+04
2.541300000000000000e+04 2.821100000000000000e+04 2.719300000000000000e+04
2.541300000000000000e+04 2.842600000000000000e+04 2.687200000000000000e+04
2.541300000000000000e+04 2.896400000000000000e+04 2.584100000000000000e+04
2.541300000000000000e+04 2.911500000000000000e+04 2.538800000000000000e+04
2.541400000000000000e+04 2.805400000000000000e+04 2.743000000000000000e+04
2.541500000000000000e+04 2.835300000000000000e+04 2.699500000000000000e+04
2.541500000000000000e+04 2.849800000000000000e+04 2.671300000000000000e+04
2.541500000000000000e+04 2.928300000000000000e+04 2.488900000000000000e+04
2.541600000000000000e+04 2.895100000000000000e+04 2.588300000000000000e+04
2.541600000000000000e+04 2.907300000000000000e+04 2.546700000000000000e+04
2.541700000000000000e+04 2.793500000000000000e+04 2.755600000000000000e+04
2.541700000000000000e+04 2.841200000000000000e+04 2.688400000000000000e+04
2.541700000000000000e+04 2.845300000000000000e+04 2.683900000000000000e+04
2.541700000000000000e+04 2.874700000000000000e+04 2.627100000000000000e+04
2.541800000000000000e+04 2.451700000000000000e+04 2.971300000000000000e+04
2.541800000000000000e+04 2.776600000000000000e+04 2.773900000000000000e+04
2.541800000000000000e+04 2.896100000000000000e+04 2.583400000000000000e+04
2.541900000000000000e+04 2.789500000000000000e+04 2.758300000000000000e+04
2.541900000000000000e+04 2.802800000000000000e+04 2.744900000000000000e+04
2.541900000000000000e+04 2.859900000000000000e+04 2.657100000000000000e+04
2.542000000000000000e+04 2.779100000000000000e+04 2.773200000000000000e+04
2.542000000000000000e+04 2.781700000000000000e+04 2.766400000000000000e+04
2.542000000000000000e+04 2.795800000000000000e+04 2.754500000000000000e+04
2.542000000000000000e+04 2.915500000000000000e+04 2.526700000000000000e+04
2.542000000000000000e+04 2.932600000000000000e+04 2.465000000000000000e+04
2.542200000000000000e+04 2.928300000000000000e+04 2.472700000000000000e+04
2.542200000000000000e+04 2.942300000000000000e+04 2.432000000000000000e+04
2.542200000000000000e+04 2.946600000000000000e+04 2.394500000000000000e+04
2.542300000000000000e+04 2.810400000000000000e+04 2.728500000000000000e+04
2.542300000000000000e+04 2.840000000000000000e+04 2.691500000000000000e+04
2.542300000000000000e+04 2.845000000000000000e+04 2.682600000000000000e+04
2.542400000000000000e+04 2.762800000000000000e+04 2.777800000000000000e+04
2.542500000000000000e+04 2.895000000000000000e+04 2.587700000000000000e+04
2.542500000000000000e+04 2.934900000000000000e+04 2.455700000000000000e+04
2.542600000000000000e+04 2.871500000000000000e+04 2.631000000000000000e+04
2.542700000000000000e+04 2.887200000000000000e+04 2.600600000000000000e+04
2.542800000000000000e+04 2.808700000000000000e+04 2.732800000000000000e+04
2.542800000000000000e+04 2.887700000000000000e+04 2.597300000000000000e+04
2.542900000000000000e+04 2.728800000000000000e+04 2.824600000000000000e+04
2.542900000000000000e+04 2.845700000000000000e+04 2.681900000000000000e+04
2.542900000000000000e+04 2.913500000000000000e+04 2.533100000000000000e+04
2.542900000000000000e+04 2.944800000000000000e+04 2.407100000000000000e+04
2.543000000000000000e+04 2.457900000000000000e+04 2.968400000000000000e+04
2.543000000000000000e+04 2.847900000000000000e+04 2.675200000000000000e+04
2.543100000000000000e+04 2.765800000000000000e+04 2.775700000000000000e+04
2.543100000000000000e+04 2.843800000000000000e+04 2.684100000000000000e+04
2.543200000000000000e+04 2.934100000000000000e+04 2.452200000000000000e+04
2.543200000000000000e+04 2.941600000000000000e+04 2.424400000000000000e+04
2.543300000000000000e+04 2.803700000000000000e+04 2.742200000000000000e+04
2.543400000000000000e+04 2.456800000000000000e+04 2.968300000000000000e+04
2.543400000000000000e+04 2.457600000000000000e+04 2.967400000000000000e+04
2.543400000000000000e+04 2.837300000000000000e+04 2.694700000000000000e+04
2.543400000000000000e+04 2.838900000000000000e+04 2.693000000000000000e+04
2.543500000000000000e+04 2.837100000000000000e+04 2.697700000000000000e+04
2.543600000000000000e+04 2.893800000000000000e+04 2.593400000000000000e+04
2.543600000000000000e+04 2.895900000000000000e+04 2.583100000000000000e+04
2.543700000000000000e+04 2.941000000000000000e+04 2.418000000000000000e+04
2.543800000000000000e+04 2.777700000000000000e+04 2.772800000000000000e+04
2.543800000000000000e+04 2.934700000000000000e+04 2.451700000000000000e+04
2.543900000000000000e+04 2.776600000000000000e+04 2.771700000000000000e+04
2.543900000000000000e+04 2.847400000000000000e+04 2.679200000000000000e+04
2.544000000000000000e+04 2.465600000000000000e+04 2.967300000000000000e+04
2.544000000000000000e+04 2.847300000000000000e+04 2.677800000000000000e+04
2.544100000000000000e+04 2.809900000000000000e+04 2.728500000000000000e+04
2.544100000000000000e+04 2.905400000000000000e+04 2.550100000000000000e+04
2.544200000000000000e+04 2.781500000000000000e+04 2.766900000000000000e+04
2.544200000000000000e+04 2.842000000000000000e+04 2.684800000000000000e+04
2.544200000000000000e+04 2.845100000000000000e+04 2.681700000000000000e+04
2.544300000000000000e+04 2.459500000000000000e+04 2.967200000000000000e+04
2.544300000000000000e+04 2.925900000000000000e+04 2.494000000000000000e+04
2.544300000000000000e+04 2.933800000000000000e+04 2.455300000000000000e+04
2.544400000000000000e+04 2.780700000000000000e+04 2.767200000000000000e+04
2.544400000000000000e+04 2.820700000000000000e+04 2.718900000000000000e+04
2.544400000000000000e+04 2.837100000000000000e+04 2.693000000000000000e+04
2.544500000000000000e+04 2.902700000000000000e+04 2.572700000000000000e+04
2.544500000000000000e+04 2.908400000000000000e+04 2.545100000000000000e+04
2.544900000000000000e+04 2.802200000000000000e+04 2.739500000000000000e+04
2.544900000000000000e+04 2.846000000000000000e+04 2.675600000000000000e+04
2.544900000000000000e+04 2.887300000000000000e+04 2.599900000000000000e+04
2.544900000000000000e+04 2.907900000000000000e+04 2.542100000000000000e+04
2.545000000000000000e+04 2.893400000000000000e+04 2.591700000000000000e+04
2.545000000000000000e+04 2.905200000000000000e+04 2.558900000000000000e+04
2.545100000000000000e+04 2.780200000000000000e+04 2.768700000000000000e+04
2.545100000000000000e+04 2.801900000000000000e+04 2.742000000000000000e+04
2.545100000000000000e+04 2.811700000000000000e+04 2.722700000000000000e+04
2.545100000000000000e+04 2.867200000000000000e+04 2.639800000000000000e+04
2.545200000000000000e+04 2.455900000000000000e+04 2.967800000000000000e+04
2.545200000000000000e+04 2.913200000000000000e+04 2.532100000000000000e+04
2.545200000000000000e+04 2.946200000000000000e+04 2.398900000000000000e+04
2.545300000000000000e+04 2.842100000000000000e+04 2.684400000000000000e+04
2.545300000000000000e+04 2.931900000000000000e+04 2.470500000000000000e+04
2.545500000000000000e+04 2.454600000000000000e+04 2.968500000000000000e+04
2.545500000000000000e+04 2.859600000000000000e+04 2.657200000000000000e+04
2.545500000000000000e+04 2.900500000000000000e+04 2.573900000000000000e+04
2.545500000000000000e+04 2.915900000000000000e+04 2.523300000000000000e+04
2.545600000000000000e+04 2.933300000000000000e+04 2.461500000000000000e+04
2.545700000000000000e+04 2.779800000000000000e+04 2.769200000000000000e+04
2.545700000000000000e+04 2.800000000000000000e+04 2.748200000000000000e+04
2.545700000000000000e+04 2.801900000000000000e+04 2.739100000000000000e+04
2.545800000000000000e+04 2.483600000000000000e+04 2.964300000000000000e+04
2.545800000000000000e+04 2.815300000000000000e+04 2.719500000000000000e+04
2.545800000000000000e+04 2.943100000000000000e+04 2.415700000000000000e+04
2.546000000000000000e+04 2.887600000000000000e+04 2.599800000000000000e+04
2.546000000000000000e+04 2.934100000000000000e+04 2.449400000000000000e+04
2.546100000000000000e+04 2.814300000000000000e+04 2.720100000000000000e+04
2.546100000000000000e+04 2.838700000000000000e+04 2.691900000000000000e+04
2.546300000000000000e+04 2.775800000000000000e+04 2.775500000000000000e+04
2.546300000000000000e+04 2.850900000000000000e+04 2.666100000000000000e+04
2.546300000000000000e+04 2.914800000000000000e+04 2.528900000000000000e+04
2.546400000000000000e+04 2.449500000000000000e+04 2.973900000000000000e+04
2.546400000000000000e+04 2.812600000000000000e+04 2.720200000000000000e+04
2.546500000000000000e+04 2.796500000000000000e+04 2.754000000000000000e+04
2.546500000000000000e+04 2.900800000000000000e+04 2.572500000000000000e+04
2.546500000000000000e+04 2.945400000000000000e+04 2.402800000000000000e+04
2.546600000000000000e+04 2.885100000000000000e+04 2.602200000000000000e+04
2.546600000000000000e+04 2.898600000000000000e+04 2.579200000000000000e+04
2.546600000000000000e+04 2.910700000000000000e+04 2.541400000000000000e+04
2.546700000000000000e+04 2.451000000000000000e+04 2.971900000000000000e+04
2.546700000000000000e+04 2.897700000000000000e+04 2.579900000000000000e+04
2.546700000000000000e+04 2.946600000000000000e+04 2.389900000000000000e+04
2.546800000000000000e+04 2.895500000000000000e+04 2.585800000000000000e+04
2.546900000000000000e+04 2.445700000000000000e+04 2.972200000000000000e+04
2.546900000000000000e+04 2.792000000000000000e+04 2.757500000000000000e+04
2.547000000000000000e+04 2.781100000000000000e+04 2.765800000000000000e+04
2.547000000000000000e+04 2.906800000000000000e+04 2.542400000000000000e+04
2.547100000000000000e+04 2.470700000000000000e+04 2.965800000000000000e+04
2.547100000000000000e+04 2.907600000000000000e+04 2.541900000000000000e+04
2.547300000000000000e+04 2.792500000000000000e+04 2.756700000000000000e+04
2.547300000000000000e+04 2.908800000000000000e+04 2.541800000000000000e+04
2.547300000000000000e+04 2.911400000000000000e+04 2.532400000000000000e+04
2.547400000000000000e+04 2.482200000000000000e+04 2.963900000000000000e+04
2.547400000000000000e+04 2.780500000000000000e+04 2.768000000000000000e+04
2.547500000000000000e+04 2.777400000000000000e+04 2.771600000000000000e+04
2.547500000000000000e+04 2.792900000000000000e+04 2.756200000000000000e+04
2.547600000000000000e+04 2.812400000000000000e+04 2.719500000000000000e+04
2.547600000000000000e+04 2.845700000000000000e+04 2.680500000000000000e+04
2.547600000000000000e+04 2.925900000000000000e+04 2.488900000000000000e+04
2.547600000000000000e+04 2.933200000000000000e+04 2.464600000000000000e+04
2.547700000000000000e+04 2.799400000000000000e+04 2.746100000000000000e+04
2.547700000000000000e+04 2.904500000000000000e+04 2.553400000000000000e+04
2.547800000000000000e+04 2.809300000000000000e+04 2.730300000000000000e+04
2.547800000000000000e+04 2.850100000000000000e+04 2.668600000000000000e+04
2.547900000000000000e+04 2.788100000000000000e+04 2.763200000000000000e+04
2.548200000000000000e+04 2.764800000000000000e+04 2.774100000000000000e+04
2.548200000000000000e+04 2.790100000000000000e+04 2.757800000000000000e+04
2.548200000000000000e+04 2.888600000000000000e+04 2.594000000000000000e+04
2.548200000000000000e+04 2.925700000000000000e+04 2.490400000000000000e+04
2.548300000000000000e+04 2.789000000000000000e+04 2.759600000000000000e+04
2.548400000000000000e+04 2.893400000000000000e+04 2.585700000000000000e+04
2.548500000000000000e+04 2.790400000000000000e+04 2.757600000000000000e+04
2.548500000000000000e+04 2.798100000000000000e+04 2.748400000000000000e+04
2.548500000000000000e+04 2.840800000000000000e+04 2.690500000000000000e+04
2.548500000000000000e+04 2.898400000000000000e+04 2.576300000000000000e+04
2.548600000000000000e+04 2.481400000000000000e+04 2.962500000000000000e+04
2.548600000000000000e+04 2.909700000000000000e+04 2.533200000000000000e+04
2.548600000000000000e+04 2.935000000000000000e+04 2.449200000000000000e+04
2.548700000000000000e+04 2.883200000000000000e+04 2.610600000000000000e+04
2.548700000000000000e+04 2.887100000000000000e+04 2.600800000000000000e+04
2.548800000000000000e+04 2.931400000000000000e+04 2.468000000000000000e+04
2.549000000000000000e+04 2.901700000000000000e+04 2.569800000000000000e+04
2.549100000000000000e+04 2.941100000000000000e+04 2.411600000000000000e+04
2.549200000000000000e+04 2.469000000000000000e+04 2.966800000000000000e+04
2.549200000000000000e+04 2.795400000000000000e+04 2.755100000000000000e+04
2.549200000000000000e+04 2.799200000000000000e+04 2.747600000000000000e+04
2.549200000000000000e+04 2.886600000000000000e+04 2.601100000000000000e+04
2.549200000000000000e+04 2.887800000000000000e+04 2.591700000000000000e+04
2.549200000000000000e+04 2.901000000000000000e+04 2.569400000000000000e+04
2.549200000000000000e+04 2.904200000000000000e+04 2.555200000000000000e+04
2.549300000000000000e+04 2.449400000000000000e+04 2.971800000000000000e+04
2.549300000000000000e+04 2.778200000000000000e+04 2.768100000000000000e+04
2.549300000000000000e+04 2.926500000000000000e+04 2.488800000000000000e+04
2.549400000000000000e+04 2.810900000000000000e+04 2.726400000000000000e+04
2.549400000000000000e+04 2.834800000000000000e+04 2.703100000000000000e+04
2.549400000000000000e+04 2.933300000000000000e+04 2.459700000000000000e+04
2.549600000000000000e+04 2.892000000000000000e+04 2.585800000000000000e+04
2.549600000000000000e+04 2.899800000000000000e+04 2.574600000000000000e+04
2.549700000000000000e+04 2.886200000000000000e+04 2.599100000000000000e+04
2.549800000000000000e+04 2.784300000000000000e+04 2.764400000000000000e+04
2.549800000000000000e+04 2.932700000000000000e+04 2.460700000000000000e+04
2.549900000000000000e+04 2.797700000000000000e+04 2.752700000000000000e+04
2.549900000000000000e+04 2.902000000000000000e+04 2.567200000000000000e+04
2.550000000000000000e+04 2.826600000000000000e+04 2.710100000000000000e+04
2.550000000000000000e+04 2.854200000000000000e+04 2.664500000000000000e+04
2.550000000000000000e+04 2.854800000000000000e+04 2.663300000000000000e+04
2.550100000000000000e+04 2.821500000000000000e+04 2.716600000000000000e+04
2.550100000000000000e+04 2.895300000000000000e+04 2.583000000000000000e+04
2.550100000000000000e+04 2.900600000000000000e+04 2.571800000000000000e+04
2.550100000000000000e+04 2.932300000000000000e+04 2.462700000000000000e+04
2.550200000000000000e+04 2.810700000000000000e+04 2.727400000000000000e+04
2.550500000000000000e+04 2.932700000000000000e+04 2.457700000000000000e+04
2.550700000000000000e+04 2.824800000000000000e+04 2.714200000000000000e+04
2.550700000000000000e+04 2.927800000000000000e+04 2.478200000000000000e+04
2.550700000000000000e+04 2.939800000000000000e+04 2.428600000000000000e+04
2.550800000000000000e+04 2.777900000000000000e+04 2.770700000000000000e+04
2.550800000000000000e+04 2.932200000000000000e+04 2.468000000000000000e+04
2.550800000000000000e+04 2.939000000000000000e+04 2.446800000000000000e+04
2.550900000000000000e+04 2.855600000000000000e+04 2.661500000000000000e+04
2.551000000000000000e+04 2.457200000000000000e+04 2.967400000000000000e+04
2.551000000000000000e+04 2.803000000000000000e+04 2.738200000000000000e+04
2.551000000000000000e+04 2.923300000000000000e+04 2.500600000000000000e+04
2.551200000000000000e+04 2.809700000000000000e+04 2.729800000000000000e+04
2.551200000000000000e+04 2.890500000000000000e+04 2.587500000000000000e+04
2.551200000000000000e+04 2.892500000000000000e+04 2.584500000000000000e+04
2.551300000000000000e+04 2.922700000000000000e+04 2.500200000000000000e+04
2.551400000000000000e+04 2.809700000000000000e+04 2.727800000000000000e+04
2.551400000000000000e+04 2.887600000000000000e+04 2.597400000000000000e+04
2.551400000000000000e+04 2.896700000000000000e+04 2.582200000000000000e+04
2.551400000000000000e+04 2.908200000000000000e+04 2.534200000000000000e+04
2.551400000000000000e+04 2.932400000000000000e+04 2.460600000000000000e+04
2.551500000000000000e+04 2.777400000000000000e+04 2.770600000000000000e+04
2.551500000000000000e+04 2.849700000000000000e+04 2.670400000000000000e+04
2.551600000000000000e+04 2.464000000000000000e+04 2.967100000000000000e+04
2.551600000000000000e+04 2.909000000000000000e+04 2.531100000000000000e+04
2.551600000000000000e+04 2.931100000000000000e+04 2.461600000000000000e+04
2.551800000000000000e+04 2.783700000000000000e+04 2.762600000000000000e+04
2.551800000000000000e+04 2.825400000000000000e+04 2.712700000000000000e+04
2.551800000000000000e+04 2.870800000000000000e+04 2.631100000000000000e+04
2.551900000000000000e+04 2.784400000000000000e+04 2.761300000000000000e+04
2.551900000000000000e+04 2.862600000000000000e+04 2.653000000000000000e+04
2.551900000000000000e+04 2.887100000000000000e+04 2.595900000000000000e+04
2.552000000000000000e+04 2.484500000000000000e+04 2.962200000000000000e+04
2.552000000000000000e+04 2.854000000000000000e+04 2.664000000000000000e+04
2.552000000000000000e+04 2.900800000000000000e+04 2.571400000000000000e+04
2.552000000000000000e+04 2.923700000000000000e+04 2.500000000000000000e+04
2.552000000000000000e+04 2.935200000000000000e+04 2.437300000000000000e+04
2.552100000000000000e+04 2.868200000000000000e+04 2.639800000000000000e+04
2.552100000000000000e+04 2.870700000000000000e+04 2.631500000000000000e+04
2.552100000000000000e+04 2.909700000000000000e+04 2.531000000000000000e+04
2.552200000000000000e+04 2.781300000000000000e+04 2.765200000000000000e+04
2.552300000000000000e+04 2.790800000000000000e+04 2.757400000000000000e+04
2.552300000000000000e+04 2.793800000000000000e+04 2.752600000000000000e+04
2.552300000000000000e+04 2.921800000000000000e+04 2.507300000000000000e+04
2.552300000000000000e+04 2.931500000000000000e+04 2.461000000000000000e+04
2.552400000000000000e+04 2.484400000000000000e+04 2.961900000000000000e+04
2.552400000000000000e+04 2.783100000000000000e+04 2.763500000000000000e+04
2.552400000000000000e+04 2.789800000000000000e+04 2.756600000000000000e+04
2.552400000000000000e+04 2.820700000000000000e+04 2.717000000000000000e+04
2.552500000000000000e+04 2.824100000000000000e+04 2.713700000000000000e+04
2.552500000000000000e+04 2.826000000000000000e+04 2.711200000000000000e+04
2.552500000000000000e+04 2.925400000000000000e+04 2.487200000000000000e+04
2.552600000000000000e+04 2.823900000000000000e+04 2.714300000000000000e+04
2.552600000000000000e+04 2.850800000000000000e+04 2.667700000000000000e+04
2.552700000000000000e+04 2.811100000000000000e+04 2.720500000000000000e+04
2.552700000000000000e+04 2.923100000000000000e+04 2.497900000000000000e+04
2.552700000000000000e+04 2.925500000000000000e+04 2.484200000000000000e+04
2.552800000000000000e+04 2.867600000000000000e+04 2.638800000000000000e+04
2.552900000000000000e+04 2.806000000000000000e+04 2.736400000000000000e+04
2.552900000000000000e+04 2.930300000000000000e+04 2.466600000000000000e+04
2.553000000000000000e+04 2.870500000000000000e+04 2.636400000000000000e+04
2.553000000000000000e+04 2.879500000000000000e+04 2.611400000000000000e+04
2.553100000000000000e+04 2.922500000000000000e+04 2.501700000000000000e+04
2.553100000000000000e+04 2.932600000000000000e+04 2.454000000000000000e+04
2.553200000000000000e+04 2.803100000000000000e+04 2.737500000000000000e+04
2.553200000000000000e+04 2.902300000000000000e+04 2.565800000000000000e+04
2.553200000000000000e+04 2.915300000000000000e+04 2.524000000000000000e+04
2.553300000000000000e+04 2.415500000000000000e+04 2.981700000000000000e+04
2.553300000000000000e+04 2.780300000000000000e+04 2.767800000000000000e+04
2.553300000000000000e+04 2.922100000000000000e+04 2.505900000000000000e+04
2.553400000000000000e+04 2.500300000000000000e+04 2.959400000000000000e+04
2.553400000000000000e+04 2.784200000000000000e+04 2.761100000000000000e+04
2.553400000000000000e+04 2.900400000000000000e+04 2.572300000000000000e+04
2.553600000000000000e+04 2.796600000000000000e+04 2.751100000000000000e+04
2.553600000000000000e+04 2.803600000000000000e+04 2.736800000000000000e+04
2.553600000000000000e+04 2.904200000000000000e+04 2.553500000000000000e+04
2.553600000000000000e+04 2.928200000000000000e+04 2.475800000000000000e+04
2.553700000000000000e+04 2.498600000000000000e+04 2.960800000000000000e+04
2.553700000000000000e+04 2.777000000000000000e+04 2.770100000000000000e+04
2.553700000000000000e+04 2.790400000000000000e+04 2.754900000000000000e+04
2.553700000000000000e+04 2.840500000000000000e+04 2.685800000000000000e+04
2.553700000000000000e+04 2.862100000000000000e+04 2.652300000000000000e+04
2.553800000000000000e+04 2.793200000000000000e+04 2.754100000000000000e+04
2.553800000000000000e+04 2.896900000000000000e+04 2.582100000000000000e+04
2.553800000000000000e+04 2.922300000000000000e+04 2.500600000000000000e+04
2.553900000000000000e+04 2.878000000000000000e+04 2.618700000000000000e+04
2.553900000000000000e+04 2.935100000000000000e+04 2.444800000000000000e+04
2.554000000000000000e+04 2.915700000000000000e+04 2.522600000000000000e+04
2.554000000000000000e+04 2.921700000000000000e+04 2.506500000000000000e+04
2.554000000000000000e+04 2.922800000000000000e+04 2.497300000000000000e+04
2.554100000000000000e+04 2.867600000000000000e+04 2.638400000000000000e+04
2.554100000000000000e+04 2.922600000000000000e+04 2.498800000000000000e+04
2.554100000000000000e+04 2.923000000000000000e+04 2.496500000000000000e+04
2.554200000000000000e+04 2.479400000000000000e+04 2.962400000000000000e+04
2.554200000000000000e+04 2.824800000000000000e+04 2.712200000000000000e+04
2.554400000000000000e+04 2.776000000000000000e+04 2.763900000000000000e+04
2.554400000000000000e+04 2.825000000000000000e+04 2.710600000000000000e+04
2.554400000000000000e+04 2.891500000000000000e+04 2.586600000000000000e+04
2.554400000000000000e+04 2.900500000000000000e+04 2.569400000000000000e+04
2.554400000000000000e+04 2.936300000000000000e+04 2.431800000000000000e+04
2.554500000000000000e+04 2.494600000000000000e+04 2.960100000000000000e+04
2.554500000000000000e+04 2.854300000000000000e+04 2.662700000000000000e+04
2.554500000000000000e+04 2.928900000000000000e+04 2.471200000000000000e+04
2.554600000000000000e+04 2.501000000000000000e+04 2.958500000000000000e+04
2.554600000000000000e+04 2.905300000000000000e+04 2.551700000000000000e+04
2.554700000000000000e+04 2.863800000000000000e+04 2.652000000000000000e+04
2.554800000000000000e+04 2.873800000000000000e+04 2.630800000000000000e+04
2.554800000000000000e+04 2.922000000000000000e+04 2.504300000000000000e+04
2.554900000000000000e+04 2.897200000000000000e+04 2.582000000000000000e+04
2.554900000000000000e+04 2.927700000000000000e+04 2.472400000000000000e+04
2.554900000000000000e+04 2.932000000000000000e+04 2.459800000000000000e+04
2.555000000000000000e+04 2.869100000000000000e+04 2.636400000000000000e+04
2.555100000000000000e+04 2.875700000000000000e+04 2.626000000000000000e+04
2.555100000000000000e+04 2.905000000000000000e+04 2.550400000000000000e+04
2.555100000000000000e+04 2.930500000000000000e+04 2.463900000000000000e+04
2.555200000000000000e+04 2.896300000000000000e+04 2.582300000000000000e+04
2.555300000000000000e+04 2.902200000000000000e+04 2.563600000000000000e+04
2.555300000000000000e+04 2.904200000000000000e+04 2.553000000000000000e+04
2.555400000000000000e+04 2.803300000000000000e+04 2.724800000000000000e+04
2.555400000000000000e+04 2.810500000000000000e+04 2.726000000000000000e+04
2.555400000000000000e+04 2.862000000000000000e+04 2.653900000000000000e+04
2.555400000000000000e+04 2.935300000000000000e+04 2.435200000000000000e+04
2.555500000000000000e+04 2.868400000000000000e+04 2.636500000000000000e+04
2.555500000000000000e+04 2.898000000000000000e+04 2.577900000000000000e+04
2.555500000000000000e+04 2.924600000000000000e+04 2.493800000000000000e+04
2.555500000000000000e+04 2.927500000000000000e+04 2.471100000000000000e+04
2.555600000000000000e+04 2.500900000000000000e+04 2.958900000000000000e+04
2.555600000000000000e+04 2.831500000000000000e+04 2.701000000000000000e+04
2.555600000000000000e+04 2.863700000000000000e+04 2.645100000000000000e+04
2.555600000000000000e+04 2.894100000000000000e+04 2.580700000000000000e+04
2.555700000000000000e+04 2.823600000000000000e+04 2.714700000000000000e+04
2.555700000000000000e+04 2.891500000000000000e+04 2.581600000000000000e+04
2.555700000000000000e+04 2.930200000000000000e+04 2.466800000000000000e+04
2.555800000000000000e+04 2.892000000000000000e+04 2.574100000000000000e+04
2.555800000000000000e+04 2.908400000000000000e+04 2.534100000000000000e+04
2.555900000000000000e+04 2.904400000000000000e+04 2.551900000000000000e+04
2.556000000000000000e+04 2.814900000000000000e+04 2.716400000000000000e+04
2.556000000000000000e+04 2.872000000000000000e+04 2.630000000000000000e+04
2.556000000000000000e+04 2.917600000000000000e+04 2.518800000000000000e+04
2.556000000000000000e+04 2.926100000000000000e+04 2.484100000000000000e+04
2.556100000000000000e+04 2.870400000000000000e+04 2.635300000000000000e+04
2.556200000000000000e+04 2.500300000000000000e+04 2.958500000000000000e+04
2.556200000000000000e+04 2.830200000000000000e+04 2.708100000000000000e+04
2.556200000000000000e+04 2.874500000000000000e+04 2.623200000000000000e+04
2.556200000000000000e+04 2.876500000000000000e+04 2.624100000000000000e+04
2.556200000000000000e+04 2.891100000000000000e+04 2.583800000000000000e+04
2.556200000000000000e+04 2.904300000000000000e+04 2.550200000000000000e+04
2.556200000000000000e+04 2.906600000000000000e+04 2.543000000000000000e+04
2.556200000000000000e+04 2.928200000000000000e+04 2.468800000000000000e+04
2.556300000000000000e+04 2.413700000000000000e+04 2.982700000000000000e+04
2.556300000000000000e+04 2.834100000000000000e+04 2.696300000000000000e+04
2.556300000000000000e+04 2.891400000000000000e+04 2.581000000000000000e+04
2.556400000000000000e+04 2.530800000000000000e+04 2.946900000000000000e+04
2.556400000000000000e+04 2.924400000000000000e+04 2.492800000000000000e+04
2.556500000000000000e+04 2.793200000000000000e+04 2.751900000000000000e+04
2.556500000000000000e+04 2.793500000000000000e+04 2.751600000000000000e+04
2.556600000000000000e+04 2.841400000000000000e+04 2.685700000000000000e+04
2.556600000000000000e+04 2.921000000000000000e+04 2.513500000000000000e+04
2.556600000000000000e+04 2.930900000000000000e+04 2.461500000000000000e+04
2.556700000000000000e+04 2.529200000000000000e+04 2.948400000000000000e+04
2.556900000000000000e+04 2.484600000000000000e+04 2.961500000000000000e+04
2.556900000000000000e+04 2.860200000000000000e+04 2.655900000000000000e+04
2.556900000000000000e+04 2.892000000000000000e+04 2.579600000000000000e+04
2.556900000000000000e+04 2.921800000000000000e+04 2.506000000000000000e+04
2.556900000000000000e+04 2.922700000000000000e+04 2.497200000000000000e+04
2.556900000000000000e+04 2.933000000000000000e+04 2.453200000000000000e+04
2.557000000000000000e+04 2.414100000000000000e+04 2.981600000000000000e+04
2.557000000000000000e+04 2.803000000000000000e+04 2.729000000000000000e+04
2.557000000000000000e+04 2.928500000000000000e+04 2.467000000000000000e+04
2.557100000000000000e+04 2.862200000000000000e+04 2.651900000000000000e+04
2.557100000000000000e+04 2.891100000000000000e+04 2.581900000000000000e+04
2.557100000000000000e+04 2.932600000000000000e+04 2.454700000000000000e+04
2.557200000000000000e+04 2.493800000000000000e+04 2.960900000000000000e+04
2.557300000000000000e+04 2.478700000000000000e+04 2.962500000000000000e+04
2.557300000000000000e+04 2.802800000000000000e+04 2.738600000000000000e+04
2.557300000000000000e+04 2.928300000000000000e+04 2.463700000000000000e+04
2.557400000000000000e+04 2.515600000000000000e+04 2.953800000000000000e+04
2.557400000000000000e+04 2.871800000000000000e+04 2.630200000000000000e+04
2.557400000000000000e+04 2.901100000000000000e+04 2.562300000000000000e+04
2.557400000000000000e+04 2.902300000000000000e+04 2.556800000000000000e+04
2.557400000000000000e+04 2.904200000000000000e+04 2.562000000000000000e+04
2.557500000000000000e+04 2.916600000000000000e+04 2.522400000000000000e+04
2.557500000000000000e+04 2.924900000000000000e+04 2.491400000000000000e+04
2.557700000000000000e+04 2.792500000000000000e+04 2.753700000000000000e+04
2.557700000000000000e+04 2.868300000000000000e+04 2.637300000000000000e+04
2.557700000000000000e+04 2.918200000000000000e+04 2.516100000000000000e+04
2.557700000000000000e+04 2.932900000000000000e+04 2.447900000000000000e+04
2.557800000000000000e+04 2.830500000000000000e+04 2.702400000000000000e+04
2.557800000000000000e+04 2.914100000000000000e+04 2.530100000000000000e+04
2.557900000000000000e+04 2.824600000000000000e+04 2.713300000000000000e+04
2.558000000000000000e+04 2.876800000000000000e+04 2.621600000000000000e+04
2.558000000000000000e+04 2.911200000000000000e+04 2.528200000000000000e+04
2.558200000000000000e+04 2.915200000000000000e+04 2.523900000000000000e+04
2.558300000000000000e+04 2.534200000000000000e+04 2.945200000000000000e+04
2.558400000000000000e+04 2.501200000000000000e+04 2.957700000000000000e+04
2.558400000000000000e+04 2.824600000000000000e+04 2.709700000000000000e+04
2.558400000000000000e+04 2.932300000000000000e+04 2.457700000000000000e+04
2.558500000000000000e+04 2.798300000000000000e+04 2.731700000000000000e+04
2.558500000000000000e+04 2.874000000000000000e+04 2.628200000000000000e+04
2.558500000000000000e+04 2.907400000000000000e+04 2.527400000000000000e+04
2.558500000000000000e+04 2.915400000000000000e+04 2.520600000000000000e+04
2.558600000000000000e+04 2.903000000000000000e+04 2.552700000000000000e+04
2.558600000000000000e+04 2.920600000000000000e+04 2.510300000000000000e+04
2.558700000000000000e+04 2.870100000000000000e+04 2.633400000000000000e+04
2.558700000000000000e+04 2.902800000000000000e+04 2.556000000000000000e+04
2.558900000000000000e+04 2.522900000000000000e+04 2.949800000000000000e+04
2.558900000000000000e+04 2.539800000000000000e+04 2.944600000000000000e+04
2.559000000000000000e+04 2.432600000000000000e+04 2.974200000000000000e+04
2.559000000000000000e+04 2.920400000000000000e+04 2.511500000000000000e+04
2.559000000000000000e+04 2.927600000000000000e+04 2.467800000000000000e+04
2.559100000000000000e+04 2.808800000000000000e+04 2.711300000000000000e+04
2.559100000000000000e+04 2.920900000000000000e+04 2.507400000000000000e+04
2.559100000000000000e+04 2.928500000000000000e+04 2.461800000000000000e+04
2.559200000000000000e+04 2.873100000000000000e+04 2.628800000000000000e+04
2.559300000000000000e+04 2.867100000000000000e+04 2.642800000000000000e+04
2.559300000000000000e+04 2.914600000000000000e+04 2.526800000000000000e+04
2.559400000000000000e+04 2.547300000000000000e+04 2.941600000000000000e+04
2.559500000000000000e+04 2.901100000000000000e+04 2.562700000000000000e+04
2.559600000000000000e+04 2.417100000000000000e+04 2.981100000000000000e+04
2.559600000000000000e+04 2.869900000000000000e+04 2.636300000000000000e+04
2.559700000000000000e+04 2.916200000000000000e+04 2.519000000000000000e+04
2.559800000000000000e+04 2.861700000000000000e+04 2.655800000000000000e+04
2.559800000000000000e+04 2.866200000000000000e+04 2.638000000000000000e+04
2.559900000000000000e+04 2.872700000000000000e+04 2.627300000000000000e+04
2.559900000000000000e+04 2.874000000000000000e+04 2.626700000000000000e+04
2.559900000000000000e+04 2.874400000000000000e+04 2.625000000000000000e+04
2.559900000000000000e+04 2.927700000000000000e+04 2.463400000000000000e+04
2.560000000000000000e+04 2.872600000000000000e+04 2.628900000000000000e+04
2.560000000000000000e+04 2.902700000000000000e+04 2.551700000000000000e+04
2.560100000000000000e+04 2.528300000000000000e+04 2.947200000000000000e+04
2.560100000000000000e+04 2.534000000000000000e+04 2.946300000000000000e+04
2.560100000000000000e+04 2.835700000000000000e+04 2.693900000000000000e+04
2.560100000000000000e+04 2.918800000000000000e+04 2.512000000000000000e+04
2.560200000000000000e+04 2.429900000000000000e+04 2.976700000000000000e+04
2.560200000000000000e+04 2.545000000000000000e+04 2.941600000000000000e+04
2.560300000000000000e+04 2.874600000000000000e+04 2.623100000000000000e+04
2.560300000000000000e+04 2.915000000000000000e+04 2.525700000000000000e+04
2.560400000000000000e+04 2.933200000000000000e+04 2.445300000000000000e+04
2.560500000000000000e+04 2.824400000000000000e+04 2.711100000000000000e+04
2.560500000000000000e+04 2.869100000000000000e+04 2.633100000000000000e+04
2.560500000000000000e+04 2.917900000000000000e+04 2.513600000000000000e+04
2.560600000000000000e+04 2.539700000000000000e+04 2.943400000000000000e+04
2.560600000000000000e+04 2.789900000000000000e+04 2.753600000000000000e+04
2.560600000000000000e+04 2.907100000000000000e+04 2.537800000000000000e+04
2.560700000000000000e+04 2.905400000000000000e+04 2.549500000000000000e+04
2.560800000000000000e+04 2.866000000000000000e+04 2.638200000000000000e+04
2.560900000000000000e+04 2.830700000000000000e+04 2.699600000000000000e+04
2.560900000000000000e+04 2.859200000000000000e+04 2.660800000000000000e+04
2.560900000000000000e+04 2.872600000000000000e+04 2.627700000000000000e+04
2.561000000000000000e+04 2.932000000000000000e+04 2.457700000000000000e+04
2.561100000000000000e+04 2.538900000000000000e+04 2.945100000000000000e+04
2.561100000000000000e+04 2.860000000000000000e+04 2.652200000000000000e+04
2.561100000000000000e+04 2.886400000000000000e+04 2.598100000000000000e+04
2.561100000000000000e+04 2.927600000000000000e+04 2.464500000000000000e+04
2.561200000000000000e+04 2.819400000000000000e+04 2.704700000000000000e+04
2.561300000000000000e+04 2.922900000000000000e+04 2.491700000000000000e+04
2.561400000000000000e+04 2.832000000000000000e+04 2.698700000000000000e+04
2.561400000000000000e+04 2.901800000000000000e+04 2.554000000000000000e+04
2.561400000000000000e+04 2.917600000000000000e+04 2.503000000000000000e+04
2.561500000000000000e+04 2.917600000000000000e+04 2.517300000000000000e+04
2.561600000000000000e+04 2.835400000000000000e+04 2.691300000000000000e+04
2.561700000000000000e+04 2.843200000000000000e+04 2.683600000000000000e+04
2.561800000000000000e+04 2.549200000000000000e+04 2.941100000000000000e+04
2.561800000000000000e+04 2.797000000000000000e+04 2.750800000000000000e+04
2.561800000000000000e+04 2.912400000000000000e+04 2.519800000000000000e+04
2.561900000000000000e+04 2.539000000000000000e+04 2.942800000000000000e+04
2.561900000000000000e+04 2.912200000000000000e+04 2.524300000000000000e+04
2.562000000000000000e+04 2.835200000000000000e+04 2.691000000000000000e+04
2.562000000000000000e+04 2.906400000000000000e+04 2.548200000000000000e+04
2.562100000000000000e+04 2.858400000000000000e+04 2.660200000000000000e+04
2.562100000000000000e+04 2.866700000000000000e+04 2.637200000000000000e+04
2.562100000000000000e+04 2.873200000000000000e+04 2.625000000000000000e+04
2.562100000000000000e+04 2.932700000000000000e+04 2.445500000000000000e+04
2.562400000000000000e+04 2.430500000000000000e+04 2.976200000000000000e+04
2.562400000000000000e+04 2.836200000000000000e+04 2.690200000000000000e+04
2.562400000000000000e+04 2.931500000000000000e+04 2.449000000000000000e+04
2.562500000000000000e+04 2.423600000000000000e+04 2.976000000000000000e+04
2.562500000000000000e+04 2.549100000000000000e+04 2.939000000000000000e+04
2.562500000000000000e+04 2.819300000000000000e+04 2.708200000000000000e+04
2.562600000000000000e+04 2.809300000000000000e+04 2.709900000000000000e+04
2.562600000000000000e+04 2.873100000000000000e+04 2.624000000000000000e+04
2.562600000000000000e+04 2.902100000000000000e+04 2.550100000000000000e+04
2.562600000000000000e+04 2.932000000000000000e+04 2.441700000000000000e+04
2.562700000000000000e+04 2.538300000000000000e+04 2.943500000000000000e+04
2.562700000000000000e+04 2.543700000000000000e+04 2.942100000000000000e+04
2.562700000000000000e+04 2.818600000000000000e+04 2.707300000000000000e+04
2.562700000000000000e+04 2.859200000000000000e+04 2.656100000000000000e+04
2.562700000000000000e+04 2.863200000000000000e+04 2.645000000000000000e+04
2.562700000000000000e+04 2.931300000000000000e+04 2.454300000000000000e+04
2.562900000000000000e+04 2.548200000000000000e+04 2.940100000000000000e+04
2.562900000000000000e+04 2.550800000000000000e+04 2.938800000000000000e+04
2.562900000000000000e+04 2.862700000000000000e+04 2.645800000000000000e+04
2.562900000000000000e+04 2.912000000000000000e+04 2.521400000000000000e+04
2.563000000000000000e+04 2.427900000000000000e+04 2.974900000000000000e+04
2.563100000000000000e+04 2.547400000000000000e+04 2.941000000000000000e+04
2.563100000000000000e+04 2.916200000000000000e+04 2.504400000000000000e+04
2.563200000000000000e+04 2.829500000000000000e+04 2.701800000000000000e+04
2.563200000000000000e+04 2.863100000000000000e+04 2.643300000000000000e+04
2.563500000000000000e+04 2.447400000000000000e+04 2.971600000000000000e+04
2.563500000000000000e+04 2.547600000000000000e+04 2.939600000000000000e+04
2.563500000000000000e+04 2.834200000000000000e+04 2.693900000000000000e+04
2.563500000000000000e+04 2.841900000000000000e+04 2.682300000000000000e+04
2.563500000000000000e+04 2.858800000000000000e+04 2.659600000000000000e+04
2.563600000000000000e+04 2.434300000000000000e+04 2.973400000000000000e+04
2.563800000000000000e+04 2.856400000000000000e+04 2.661400000000000000e+04
2.563800000000000000e+04 2.930500000000000000e+04 2.459500000000000000e+04
2.563800000000000000e+04 2.931600000000000000e+04 2.441200000000000000e+04
2.563900000000000000e+04 2.433600000000000000e+04 2.973500000000000000e+04
2.563900000000000000e+04 2.542600000000000000e+04 2.942000000000000000e+04
2.563900000000000000e+04 2.547100000000000000e+04 2.939600000000000000e+04
2.564000000000000000e+04 2.873600000000000000e+04 2.623900000000000000e+04
2.564100000000000000e+04 2.921100000000000000e+04 2.477300000000000000e+04
2.564200000000000000e+04 2.843900000000000000e+04 2.680400000000000000e+04
2.564200000000000000e+04 2.906800000000000000e+04 2.530000000000000000e+04
2.564300000000000000e+04 2.419300000000000000e+04 2.978100000000000000e+04
2.564400000000000000e+04 2.403900000000000000e+04 2.978700000000000000e+04
2.564500000000000000e+04 2.822600000000000000e+04 2.699900000000000000e+04
2.564600000000000000e+04 2.425000000000000000e+04 2.975800000000000000e+04
2.564600000000000000e+04 2.906200000000000000e+04 2.536200000000000000e+04
2.564700000000000000e+04 2.818600000000000000e+04 2.705800000000000000e+04
2.564700000000000000e+04 2.829700000000000000e+04 2.699600000000000000e+04
2.564800000000000000e+04 2.420800000000000000e+04 2.975000000000000000e+04
2.564800000000000000e+04 2.543700000000000000e+04 2.940700000000000000e+04
2.564900000000000000e+04 2.428300000000000000e+04 2.974500000000000000e+04
2.564900000000000000e+04 2.834000000000000000e+04 2.695100000000000000e+04
2.564900000000000000e+04 2.905600000000000000e+04 2.534700000000000000e+04
2.565000000000000000e+04 2.445200000000000000e+04 2.972300000000000000e+04
2.565100000000000000e+04 2.546300000000000000e+04 2.940200000000000000e+04
2.565200000000000000e+04 2.400100000000000000e+04 2.979300000000000000e+04
2.565300000000000000e+04 2.393700000000000000e+04 2.980000000000000000e+04
2.565400000000000000e+04 2.387100000000000000e+04 2.980700000000000000e+04
2.565500000000000000e+04 2.930500000000000000e+04 2.454900000000000000e+04
2.565600000000000000e+04 2.856300000000000000e+04 2.659200000000000000e+04
2.565600000000000000e+04 2.870400000000000000e+04 2.629100000000000000e+04
2.565600000000000000e+04 2.903800000000000000e+04 2.538200000000000000e+04
2.565800000000000000e+04 2.875900000000000000e+04 2.622400000000000000e+04
2.565900000000000000e+04 2.373000000000000000e+04 2.984700000000000000e+04
2.565900000000000000e+04 2.383100000000000000e+04 2.982600000000000000e+04
2.566000000000000000e+04 2.902700000000000000e+04 2.543600000000000000e+04
2.566000000000000000e+04 2.909100000000000000e+04 2.525900000000000000e+04
2.566100000000000000e+04 2.415700000000000000e+04 2.976500000000000000e+04
2.566100000000000000e+04 2.444700000000000000e+04 2.973100000000000000e+04
2.566100000000000000e+04 2.868000000000000000e+04 2.636800000000000000e+04
2.566200000000000000e+04 2.386400000000000000e+04 2.981300000000000000e+04
2.566200000000000000e+04 2.831400000000000000e+04 2.696200000000000000e+04
2.566200000000000000e+04 2.907800000000000000e+04 2.518100000000000000e+04
2.566200000000000000e+04 2.910600000000000000e+04 2.509200000000000000e+04
2.566300000000000000e+04 2.831300000000000000e+04 2.698600000000000000e+04
2.566300000000000000e+04 2.871900000000000000e+04 2.625700000000000000e+04
2.566300000000000000e+04 2.905600000000000000e+04 2.532400000000000000e+04
2.566400000000000000e+04 2.451200000000000000e+04 2.970000000000000000e+04
2.566400000000000000e+04 2.906700000000000000e+04 2.522600000000000000e+04
2.566500000000000000e+04 2.399600000000000000e+04 2.978600000000000000e+04
2.566500000000000000e+04 2.424000000000000000e+04 2.974500000000000000e+04
2.566500000000000000e+04 2.873100000000000000e+04 2.623900000000000000e+04
2.566600000000000000e+04 2.408600000000000000e+04 2.975900000000000000e+04
2.566600000000000000e+04 2.553700000000000000e+04 2.934400000000000000e+04
2.566700000000000000e+04 2.381000000000000000e+04 2.983000000000000000e+04
2.566700000000000000e+04 2.438600000000000000e+04 2.973100000000000000e+04
2.566800000000000000e+04 2.548600000000000000e+04 2.939300000000000000e+04
2.566800000000000000e+04 2.849400000000000000e+04 2.674700000000000000e+04
2.566800000000000000e+04 2.861900000000000000e+04 2.647900000000000000e+04
2.566800000000000000e+04 2.871200000000000000e+04 2.625500000000000000e+04
2.566900000000000000e+04 2.395300000000000000e+04 2.979600000000000000e+04
2.566900000000000000e+04 2.528900000000000000e+04 2.945000000000000000e+04
2.566900000000000000e+04 2.835200000000000000e+04 2.690000000000000000e+04
2.567000000000000000e+04 2.453100000000000000e+04 2.969800000000000000e+04
2.567000000000000000e+04 2.864500000000000000e+04 2.641500000000000000e+04
2.567000000000000000e+04 2.866100000000000000e+04 2.634900000000000000e+04
2.567100000000000000e+04 2.445400000000000000e+04 2.971800000000000000e+04
2.567100000000000000e+04 2.537500000000000000e+04 2.944900000000000000e+04
2.567100000000000000e+04 2.915700000000000000e+04 2.498700000000000000e+04
2.567200000000000000e+04 2.380100000000000000e+04 2.983800000000000000e+04
2.567200000000000000e+04 2.860700000000000000e+04 2.652100000000000000e+04
2.567200000000000000e+04 2.890200000000000000e+04 2.585400000000000000e+04
2.567300000000000000e+04 2.373200000000000000e+04 2.983200000000000000e+04
2.567300000000000000e+04 2.377900000000000000e+04 2.983100000000000000e+04
2.567300000000000000e+04 2.407900000000000000e+04 2.975800000000000000e+04
2.567300000000000000e+04 2.887000000000000000e+04 2.597700000000000000e+04
2.567300000000000000e+04 2.909400000000000000e+04 2.510600000000000000e+04
2.567400000000000000e+04 2.381500000000000000e+04 2.982300000000000000e+04
2.567400000000000000e+04 2.898600000000000000e+04 2.568500000000000000e+04
2.567500000000000000e+04 2.433400000000000000e+04 2.973600000000000000e+04
2.567500000000000000e+04 2.543100000000000000e+04 2.939700000000000000e+04
2.567600000000000000e+04 2.554400000000000000e+04 2.933400000000000000e+04
2.567600000000000000e+04 2.817800000000000000e+04 2.706500000000000000e+04
2.567700000000000000e+04 2.371300000000000000e+04 2.984200000000000000e+04
2.567700000000000000e+04 2.538300000000000000e+04 2.942300000000000000e+04
2.567800000000000000e+04 2.878800000000000000e+04 2.616200000000000000e+04
2.567800000000000000e+04 2.906500000000000000e+04 2.530100000000000000e+04
2.567900000000000000e+04 2.450800000000000000e+04 2.969800000000000000e+04
2.567900000000000000e+04 2.848500000000000000e+04 2.671500000000000000e+04
2.567900000000000000e+04 2.855600000000000000e+04 2.660800000000000000e+04
2.568100000000000000e+04 2.858400000000000000e+04 2.658100000000000000e+04
2.568100000000000000e+04 2.906100000000000000e+04 2.531100000000000000e+04
2.568200000000000000e+04 2.421500000000000000e+04 2.974900000000000000e+04
2.568200000000000000e+04 2.908800000000000000e+04 2.516000000000000000e+04
2.568300000000000000e+04 2.442200000000000000e+04 2.971900000000000000e+04
2.568300000000000000e+04 2.541000000000000000e+04 2.940000000000000000e+04
2.568300000000000000e+04 2.910700000000000000e+04 2.501400000000000000e+04
2.568400000000000000e+04 2.450700000000000000e+04 2.969800000000000000e+04
2.568400000000000000e+04 2.553100000000000000e+04 2.935400000000000000e+04
2.568400000000000000e+04 2.882100000000000000e+04 2.610800000000000000e+04
2.568400000000000000e+04 2.910600000000000000e+04 2.505900000000000000e+04
2.568500000000000000e+04 2.550100000000000000e+04 2.935600000000000000e+04
2.568600000000000000e+04 2.546400000000000000e+04 2.939100000000000000e+04
2.568700000000000000e+04 2.400100000000000000e+04 2.977700000000000000e+04
2.568700000000000000e+04 2.485300000000000000e+04 2.960600000000000000e+04
2.568700000000000000e+04 2.902000000000000000e+04 2.553900000000000000e+04
2.568800000000000000e+04 2.403800000000000000e+04 2.976600000000000000e+04
2.568800000000000000e+04 2.554500000000000000e+04 2.933000000000000000e+04
2.568800000000000000e+04 2.841500000000000000e+04 2.685500000000000000e+04
2.568800000000000000e+04 2.858700000000000000e+04 2.656800000000000000e+04
2.568900000000000000e+04 2.419900000000000000e+04 2.975300000000000000e+04
2.568900000000000000e+04 2.848100000000000000e+04 2.672000000000000000e+04
2.568900000000000000e+04 2.855400000000000000e+04 2.661900000000000000e+04
2.569000000000000000e+04 2.847800000000000000e+04 2.674300000000000000e+04
2.569100000000000000e+04 2.393500000000000000e+04 2.980200000000000000e+04
2.569100000000000000e+04 2.398000000000000000e+04 2.978500000000000000e+04
2.569100000000000000e+04 2.450100000000000000e+04 2.971600000000000000e+04
2.569100000000000000e+04 2.450800000000000000e+04 2.969000000000000000e+04
2.569100000000000000e+04 2.477500000000000000e+04 2.964300000000000000e+04
2.569100000000000000e+04 2.841400000000000000e+04 2.682100000000000000e+04
2.569100000000000000e+04 2.900500000000000000e+04 2.560300000000000000e+04
2.569200000000000000e+04 2.420000000000000000e+04 2.974500000000000000e+04
2.569200000000000000e+04 2.547000000000000000e+04 2.938300000000000000e+04
2.569300000000000000e+04 2.371200000000000000e+04 2.983200000000000000e+04
2.569300000000000000e+04 2.377100000000000000e+04 2.983000000000000000e+04
2.569300000000000000e+04 2.449500000000000000e+04 2.969400000000000000e+04
2.569400000000000000e+04 2.816700000000000000e+04 2.703400000000000000e+04
2.569600000000000000e+04 2.370700000000000000e+04 2.983200000000000000e+04
2.569600000000000000e+04 2.454500000000000000e+04 2.968700000000000000e+04
2.569600000000000000e+04 2.886400000000000000e+04 2.598100000000000000e+04
2.569800000000000000e+04 2.375000000000000000e+04 2.982900000000000000e+04
2.569800000000000000e+04 2.834500000000000000e+04 2.682100000000000000e+04
2.569800000000000000e+04 2.837000000000000000e+04 2.689700000000000000e+04
2.569800000000000000e+04 2.879200000000000000e+04 2.615800000000000000e+04
2.569900000000000000e+04 2.382200000000000000e+04 2.980100000000000000e+04
2.569900000000000000e+04 2.870400000000000000e+04 2.624200000000000000e+04
2.569900000000000000e+04 2.890400000000000000e+04 2.584600000000000000e+04
2.570100000000000000e+04 2.387700000000000000e+04 2.979700000000000000e+04
2.570100000000000000e+04 2.446900000000000000e+04 2.970100000000000000e+04
2.570100000000000000e+04 2.817000000000000000e+04 2.699500000000000000e+04
2.570200000000000000e+04 2.422500000000000000e+04 2.973700000000000000e+04
2.570200000000000000e+04 2.468700000000000000e+04 2.965500000000000000e+04
2.570200000000000000e+04 2.480400000000000000e+04 2.961000000000000000e+04
2.570300000000000000e+04 2.911900000000000000e+04 2.501300000000000000e+04
2.570400000000000000e+04 2.396500000000000000e+04 2.978900000000000000e+04
2.570400000000000000e+04 2.450500000000000000e+04 2.969200000000000000e+04
2.570500000000000000e+04 2.374500000000000000e+04 2.982900000000000000e+04
2.570500000000000000e+04 2.891000000000000000e+04 2.581600000000000000e+04
2.570600000000000000e+04 2.831600000000000000e+04 2.687400000000000000e+04
2.570600000000000000e+04 2.907000000000000000e+04 2.521300000000000000e+04
2.570800000000000000e+04 2.825800000000000000e+04 2.690400000000000000e+04
2.570800000000000000e+04 2.830000000000000000e+04 2.698400000000000000e+04
2.570800000000000000e+04 2.910300000000000000e+04 2.503500000000000000e+04
2.570900000000000000e+04 2.383600000000000000e+04 2.979400000000000000e+04
2.570900000000000000e+04 2.572500000000000000e+04 2.927900000000000000e+04
2.570900000000000000e+04 2.870300000000000000e+04 2.628600000000000000e+04
2.570900000000000000e+04 2.889800000000000000e+04 2.587500000000000000e+04
2.570900000000000000e+04 2.890800000000000000e+04 2.579800000000000000e+04
2.570900000000000000e+04 2.907700000000000000e+04 2.519300000000000000e+04
2.571000000000000000e+04 2.834800000000000000e+04 2.681400000000000000e+04
2.571000000000000000e+04 2.869600000000000000e+04 2.626800000000000000e+04
2.571000000000000000e+04 2.891000000000000000e+04 2.577300000000000000e+04
2.571100000000000000e+04 2.441800000000000000e+04 2.972900000000000000e+04
2.571100000000000000e+04 2.445100000000000000e+04 2.970100000000000000e+04
2.571300000000000000e+04 2.467700000000000000e+04 2.966000000000000000e+04
2.571500000000000000e+04 2.375900000000000000e+04 2.982500000000000000e+04
2.571500000000000000e+04 2.381400000000000000e+04 2.979500000000000000e+04
2.571500000000000000e+04 2.542000000000000000e+04 2.939400000000000000e+04
2.571500000000000000e+04 2.543900000000000000e+04 2.937100000000000000e+04
2.571500000000000000e+04 2.842000000000000000e+04 2.681000000000000000e+04
2.571500000000000000e+04 2.855100000000000000e+04 2.660100000000000000e+04
2.571600000000000000e+04 2.385400000000000000e+04 2.979000000000000000e+04
2.571600000000000000e+04 2.827200000000000000e+04 2.688200000000000000e+04
2.571600000000000000e+04 2.877000000000000000e+04 2.619400000000000000e+04
2.571600000000000000e+04 2.894000000000000000e+04 2.571400000000000000e+04
2.571700000000000000e+04 2.379800000000000000e+04 2.980000000000000000e+04
2.571700000000000000e+04 2.448600000000000000e+04 2.969400000000000000e+04
2.571700000000000000e+04 2.824600000000000000e+04 2.694100000000000000e+04
2.571700000000000000e+04 2.901200000000000000e+04 2.556800000000000000e+04
2.571800000000000000e+04 2.575800000000000000e+04 2.923900000000000000e+04
2.571800000000000000e+04 2.889100000000000000e+04 2.589200000000000000e+04
2.571800000000000000e+04 2.897600000000000000e+04 2.553900000000000000e+04
2.571900000000000000e+04 2.373100000000000000e+04 2.981200000000000000e+04
2.571900000000000000e+04 2.378300000000000000e+04 2.981700000000000000e+04
2.571900000000000000e+04 2.440200000000000000e+04 2.972200000000000000e+04
2.571900000000000000e+04 2.842000000000000000e+04 2.680700000000000000e+04
2.572000000000000000e+04 2.368600000000000000e+04 2.982000000000000000e+04
2.572000000000000000e+04 2.448500000000000000e+04 2.969900000000000000e+04
2.572000000000000000e+04 2.557300000000000000e+04 2.932400000000000000e+04
2.572100000000000000e+04 2.442500000000000000e+04 2.969200000000000000e+04
2.572100000000000000e+04 2.447400000000000000e+04 2.969900000000000000e+04
2.572100000000000000e+04 2.849800000000000000e+04 2.668600000000000000e+04
2.572100000000000000e+04 2.856100000000000000e+04 2.657200000000000000e+04
2.572100000000000000e+04 2.870100000000000000e+04 2.626200000000000000e+04
2.572200000000000000e+04 2.878400000000000000e+04 2.618200000000000000e+04
2.572300000000000000e+04 2.483200000000000000e+04 2.960200000000000000e+04
2.572300000000000000e+04 2.562600000000000000e+04 2.931600000000000000e+04
2.572300000000000000e+04 2.849300000000000000e+04 2.668400000000000000e+04
2.572400000000000000e+04 2.553800000000000000e+04 2.934100000000000000e+04
2.572400000000000000e+04 2.822100000000000000e+04 2.695900000000000000e+04
2.572400000000000000e+04 2.876400000000000000e+04 2.621800000000000000e+04
2.572400000000000000e+04 2.894100000000000000e+04 2.568500000000000000e+04
2.572400000000000000e+04 2.906000000000000000e+04 2.530100000000000000e+04
2.572500000000000000e+04 2.481800000000000000e+04 2.959900000000000000e+04
2.572500000000000000e+04 2.891700000000000000e+04 2.575500000000000000e+04
2.572600000000000000e+04 2.848000000000000000e+04 2.671400000000000000e+04
2.572600000000000000e+04 2.899200000000000000e+04 2.552100000000000000e+04
2.572700000000000000e+04 2.375300000000000000e+04 2.980600000000000000e+04
2.572700000000000000e+04 2.574300000000000000e+04 2.924600000000000000e+04
2.572700000000000000e+04 2.868100000000000000e+04 2.632700000000000000e+04
2.572700000000000000e+04 2.890700000000000000e+04 2.584300000000000000e+04
2.572800000000000000e+04 2.832600000000000000e+04 2.686800000000000000e+04
2.572800000000000000e+04 2.844900000000000000e+04 2.679700000000000000e+04
2.572900000000000000e+04 2.556400000000000000e+04 2.932300000000000000e+04
2.572900000000000000e+04 2.843700000000000000e+04 2.680200000000000000e+04
2.573000000000000000e+04 2.436900000000000000e+04 2.970100000000000000e+04
2.573000000000000000e+04 2.450200000000000000e+04 2.968600000000000000e+04
2.573000000000000000e+04 2.822800000000000000e+04 2.695400000000000000e+04
2.573000000000000000e+04 2.865500000000000000e+04 2.641500000000000000e+04
2.573000000000000000e+04 2.908300000000000000e+04 2.511500000000000000e+04
2.573100000000000000e+04 2.478100000000000000e+04 2.963600000000000000e+04
2.573100000000000000e+04 2.843200000000000000e+04 2.679000000000000000e+04
2.573100000000000000e+04 2.894200000000000000e+04 2.568300000000000000e+04
2.573200000000000000e+04 2.886700000000000000e+04 2.597400000000000000e+04
2.573300000000000000e+04 2.905300000000000000e+04 2.537700000000000000e+04
2.573400000000000000e+04 2.474800000000000000e+04 2.964100000000000000e+04
2.573400000000000000e+04 2.480000000000000000e+04 2.960600000000000000e+04
2.573400000000000000e+04 2.553900000000000000e+04 2.932600000000000000e+04
2.573400000000000000e+04 2.831500000000000000e+04 2.681800000000000000e+04
2.573400000000000000e+04 2.865000000000000000e+04 2.639000000000000000e+04
2.573400000000000000e+04 2.872300000000000000e+04 2.624000000000000000e+04
2.573500000000000000e+04 2.886300000000000000e+04 2.597400000000000000e+04
2.573500000000000000e+04 2.890400000000000000e+04 2.583100000000000000e+04
2.573600000000000000e+04 2.866900000000000000e+04 2.634600000000000000e+04
2.573600000000000000e+04 2.876800000000000000e+04 2.618800000000000000e+04
2.573700000000000000e+04 2.458600000000000000e+04 2.966000000000000000e+04
2.573700000000000000e+04 2.897300000000000000e+04 2.565200000000000000e+04
2.573800000000000000e+04 2.399700000000000000e+04 2.977300000000000000e+04
2.573800000000000000e+04 2.420800000000000000e+04 2.973400000000000000e+04
2.573800000000000000e+04 2.594700000000000000e+04 2.914700000000000000e+04
2.573900000000000000e+04 2.385000000000000000e+04 2.979000000000000000e+04
2.574000000000000000e+04 2.829700000000000000e+04 2.685200000000000000e+04
2.574000000000000000e+04 2.845800000000000000e+04 2.677500000000000000e+04
2.574000000000000000e+04 2.881200000000000000e+04 2.610500000000000000e+04
2.574100000000000000e+04 2.425300000000000000e+04 2.971000000000000000e+04
2.574100000000000000e+04 2.849400000000000000e+04 2.667000000000000000e+04
2.574200000000000000e+04 2.576700000000000000e+04 2.923500000000000000e+04
2.574200000000000000e+04 2.843600000000000000e+04 2.678300000000000000e+04
2.574200000000000000e+04 2.880200000000000000e+04 2.611100000000000000e+04
2.574200000000000000e+04 2.890500000000000000e+04 2.581800000000000000e+04
2.574300000000000000e+04 2.458100000000000000e+04 2.967000000000000000e+04
2.574300000000000000e+04 2.585000000000000000e+04 2.919300000000000000e+04
2.574400000000000000e+04 2.426900000000000000e+04 2.970800000000000000e+04
2.574400000000000000e+04 2.552600000000000000e+04 2.935500000000000000e+04
2.574400000000000000e+04 2.854800000000000000e+04 2.657200000000000000e+04
2.574400000000000000e+04 2.878500000000000000e+04 2.614100000000000000e+04
2.574500000000000000e+04 2.425900000000000000e+04 2.970100000000000000e+04
2.574500000000000000e+04 2.446000000000000000e+04 2.968900000000000000e+04
2.574500000000000000e+04 2.844100000000000000e+04 2.677500000000000000e+04
2.574500000000000000e+04 2.894400000000000000e+04 2.567900000000000000e+04
2.574600000000000000e+04 2.421700000000000000e+04 2.972100000000000000e+04
2.574600000000000000e+04 2.532700000000000000e+04 2.940300000000000000e+04
2.574600000000000000e+04 2.555900000000000000e+04 2.931300000000000000e+04
2.574600000000000000e+04 2.596900000000000000e+04 2.913300000000000000e+04
2.574700000000000000e+04 2.828600000000000000e+04 2.687600000000000000e+04
2.574800000000000000e+04 2.819200000000000000e+04 2.698100000000000000e+04
2.574800000000000000e+04 2.854200000000000000e+04 2.659600000000000000e+04
2.574800000000000000e+04 2.880700000000000000e+04 2.609500000000000000e+04
2.574800000000000000e+04 2.886400000000000000e+04 2.595300000000000000e+04
2.574900000000000000e+04 2.847800000000000000e+04 2.673200000000000000e+04
2.575000000000000000e+04 2.424400000000000000e+04 2.970900000000000000e+04
2.575000000000000000e+04 2.828600000000000000e+04 2.684500000000000000e+04
2.575000000000000000e+04 2.854000000000000000e+04 2.658600000000000000e+04
2.575000000000000000e+04 2.873000000000000000e+04 2.623800000000000000e+04
2.575100000000000000e+04 2.477300000000000000e+04 2.962100000000000000e+04
2.575100000000000000e+04 2.868300000000000000e+04 2.621500000000000000e+04
2.575200000000000000e+04 2.378500000000000000e+04 2.977400000000000000e+04
2.575200000000000000e+04 2.425100000000000000e+04 2.970700000000000000e+04
2.575200000000000000e+04 2.451100000000000000e+04 2.968500000000000000e+04
2.575200000000000000e+04 2.454600000000000000e+04 2.967900000000000000e+04
2.575200000000000000e+04 2.555300000000000000e+04 2.932300000000000000e+04
2.575200000000000000e+04 2.862800000000000000e+04 2.642900000000000000e+04
2.575200000000000000e+04 2.872300000000000000e+04 2.619300000000000000e+04
2.575300000000000000e+04 2.596300000000000000e+04 2.913600000000000000e+04
2.575300000000000000e+04 2.859000000000000000e+04 2.640800000000000000e+04
2.575300000000000000e+04 2.867700000000000000e+04 2.626400000000000000e+04
2.575400000000000000e+04 2.375300000000000000e+04 2.975700000000000000e+04
2.575500000000000000e+04 2.456800000000000000e+04 2.966500000000000000e+04
2.575500000000000000e+04 2.828700000000000000e+04 2.683200000000000000e+04
2.575700000000000000e+04 2.444100000000000000e+04 2.968400000000000000e+04
2.575800000000000000e+04 2.436000000000000000e+04 2.968400000000000000e+04
2.575800000000000000e+04 2.877600000000000000e+04 2.616500000000000000e+04
2.575900000000000000e+04 2.453900000000000000e+04 2.967800000000000000e+04
2.575900000000000000e+04 2.554100000000000000e+04 2.932200000000000000e+04
2.576000000000000000e+04 2.366800000000000000e+04 2.981200000000000000e+04
2.576000000000000000e+04 2.551200000000000000e+04 2.934400000000000000e+04
2.576000000000000000e+04 2.573700000000000000e+04 2.926000000000000000e+04
2.576000000000000000e+04 2.866800000000000000e+04 2.622500000000000000e+04
2.576100000000000000e+04 2.865200000000000000e+04 2.636000000000000000e+04
2.576100000000000000e+04 2.897000000000000000e+04 2.553900000000000000e+04
2.576200000000000000e+04 2.427900000000000000e+04 2.970000000000000000e+04
2.576300000000000000e+04 2.876100000000000000e+04 2.617700000000000000e+04
2.576400000000000000e+04 2.883500000000000000e+04 2.605700000000000000e+04
2.576500000000000000e+04 2.426300000000000000e+04 2.969800000000000000e+04
2.576600000000000000e+04 2.423900000000000000e+04 2.971800000000000000e+04
2.576600000000000000e+04 2.425000000000000000e+04 2.970100000000000000e+04
2.576600000000000000e+04 2.827000000000000000e+04 2.687400000000000000e+04
2.576700000000000000e+04 2.890500000000000000e+04 2.580000000000000000e+04
2.576800000000000000e+04 2.374600000000000000e+04 2.979300000000000000e+04
2.576800000000000000e+04 2.418600000000000000e+04 2.972200000000000000e+04
2.576800000000000000e+04 2.428400000000000000e+04 2.969600000000000000e+04
2.576900000000000000e+04 2.849000000000000000e+04 2.669800000000000000e+04
2.576900000000000000e+04 2.887800000000000000e+04 2.592200000000000000e+04
2.576900000000000000e+04 2.891800000000000000e+04 2.573300000000000000e+04
2.577000000000000000e+04 2.423000000000000000e+04 2.971900000000000000e+04
2.577000000000000000e+04 2.828500000000000000e+04 2.684800000000000000e+04
2.577000000000000000e+04 2.854400000000000000e+04 2.656300000000000000e+04
2.577000000000000000e+04 2.864800000000000000e+04 2.639700000000000000e+04
2.577100000000000000e+04 2.466200000000000000e+04 2.965800000000000000e+04
2.577200000000000000e+04 2.448100000000000000e+04 2.966300000000000000e+04
2.577200000000000000e+04 2.473900000000000000e+04 2.965300000000000000e+04
2.577200000000000000e+04 2.596200000000000000e+04 2.911100000000000000e+04
2.577300000000000000e+04 2.889800000000000000e+04 2.584000000000000000e+04
2.577300000000000000e+04 2.897600000000000000e+04 2.551400000000000000e+04
2.577400000000000000e+04 2.826800000000000000e+04 2.684900000000000000e+04
2.577500000000000000e+04 2.416300000000000000e+04 2.973100000000000000e+04
2.577600000000000000e+04 2.571700000000000000e+04 2.923200000000000000e+04
2.577600000000000000e+04 2.858700000000000000e+04 2.642200000000000000e+04
2.577700000000000000e+04 2.424200000000000000e+04 2.970500000000000000e+04
2.577700000000000000e+04 2.442400000000000000e+04 2.968100000000000000e+04
2.577700000000000000e+04 2.593100000000000000e+04 2.914900000000000000e+04
2.577700000000000000e+04 2.893400000000000000e+04 2.573100000000000000e+04
2.577800000000000000e+04 2.604600000000000000e+04 2.908300000000000000e+04
2.577900000000000000e+04 2.468900000000000000e+04 2.965500000000000000e+04
2.578000000000000000e+04 2.581100000000000000e+04 2.921800000000000000e+04
2.578100000000000000e+04 2.425800000000000000e+04 2.970100000000000000e+04
2.578100000000000000e+04 2.850300000000000000e+04 2.666500000000000000e+04
2.578100000000000000e+04 2.888400000000000000e+04 2.588500000000000000e+04
2.578200000000000000e+04 2.425100000000000000e+04 2.969100000000000000e+04
2.578200000000000000e+04 2.425800000000000000e+04 2.968500000000000000e+04
2.578200000000000000e+04 2.894000000000000000e+04 2.570000000000000000e+04
2.578300000000000000e+04 2.471000000000000000e+04 2.964100000000000000e+04
2.578300000000000000e+04 2.584700000000000000e+04 2.918300000000000000e+04
2.578300000000000000e+04 2.849200000000000000e+04 2.667000000000000000e+04
2.578300000000000000e+04 2.890400000000000000e+04 2.581200000000000000e+04
2.578300000000000000e+04 2.896800000000000000e+04 2.566100000000000000e+04
2.578400000000000000e+04 2.576600000000000000e+04 2.922000000000000000e+04
2.578600000000000000e+04 2.475700000000000000e+04 2.962300000000000000e+04
2.578800000000000000e+04 2.555700000000000000e+04 2.931400000000000000e+04
2.578900000000000000e+04 2.378700000000000000e+04 2.975600000000000000e+04
2.579100000000000000e+04 2.545200000000000000e+04 2.934500000000000000e+04
2.579100000000000000e+04 2.580200000000000000e+04 2.920200000000000000e+04
2.579200000000000000e+04 2.555600000000000000e+04 2.931300000000000000e+04
2.579300000000000000e+04 2.844000000000000000e+04 2.676100000000000000e+04
2.579300000000000000e+04 2.893700000000000000e+04 2.571100000000000000e+04
2.579600000000000000e+04 2.372000000000000000e+04 2.975900000000000000e+04
2.579600000000000000e+04 2.609000000000000000e+04 2.906600000000000000e+04
2.579700000000000000e+04 2.594100000000000000e+04 2.913300000000000000e+04
2.580000000000000000e+04 2.409200000000000000e+04 2.972100000000000000e+04
2.580000000000000000e+04 2.602000000000000000e+04 2.910000000000000000e+04
2.580000000000000000e+04 2.826400000000000000e+04 2.688300000000000000e+04
2.580000000000000000e+04 2.863800000000000000e+04 2.623300000000000000e+04
2.580100000000000000e+04 2.363500000000000000e+04 2.981900000000000000e+04
2.580200000000000000e+04 2.408900000000000000e+04 2.973600000000000000e+04
2.580200000000000000e+04 2.516600000000000000e+04 2.953800000000000000e+04
2.580300000000000000e+04 2.406500000000000000e+04 2.974800000000000000e+04
2.580300000000000000e+04 2.422700000000000000e+04 2.971300000000000000e+04
2.580400000000000000e+04 2.859600000000000000e+04 2.638000000000000000e+04
2.580500000000000000e+04 2.894400000000000000e+04 2.567100000000000000e+04
2.580600000000000000e+04 2.457100000000000000e+04 2.961200000000000000e+04
2.580600000000000000e+04 2.886400000000000000e+04 2.594800000000000000e+04
2.580700000000000000e+04 2.574600000000000000e+04 2.922700000000000000e+04
2.580700000000000000e+04 2.593800000000000000e+04 2.912700000000000000e+04
2.580700000000000000e+04 2.886000000000000000e+04 2.599900000000000000e+04
2.580800000000000000e+04 2.379900000000000000e+04 2.975400000000000000e+04
2.580800000000000000e+04 2.393500000000000000e+04 2.975300000000000000e+04
2.580900000000000000e+04 2.603000000000000000e+04 2.909400000000000000e+04
2.580900000000000000e+04 2.848800000000000000e+04 2.670400000000000000e+04
2.581000000000000000e+04 2.857200000000000000e+04 2.641000000000000000e+04
2.581000000000000000e+04 2.858500000000000000e+04 2.640300000000000000e+04
2.581100000000000000e+04 2.886700000000000000e+04 2.592400000000000000e+04
2.581200000000000000e+04 2.611400000000000000e+04 2.904800000000000000e+04
2.581200000000000000e+04 2.853900000000000000e+04 2.660600000000000000e+04
2.581400000000000000e+04 2.892400000000000000e+04 2.573200000000000000e+04
2.581500000000000000e+04 2.552500000000000000e+04 2.931400000000000000e+04
2.581700000000000000e+04 2.858400000000000000e+04 2.639600000000000000e+04
2.581800000000000000e+04 2.553200000000000000e+04 2.930100000000000000e+04
2.581900000000000000e+04 2.408900000000000000e+04 2.972000000000000000e+04
2.581900000000000000e+04 2.552200000000000000e+04 2.932200000000000000e+04
2.582000000000000000e+04 2.855100000000000000e+04 2.645000000000000000e+04
2.582100000000000000e+04 2.407600000000000000e+04 2.974500000000000000e+04
2.582100000000000000e+04 2.455000000000000000e+04 2.965900000000000000e+04
2.582100000000000000e+04 2.544200000000000000e+04 2.935800000000000000e+04
2.582100000000000000e+04 2.560200000000000000e+04 2.929600000000000000e+04
2.582100000000000000e+04 2.885800000000000000e+04 2.593700000000000000e+04
2.582200000000000000e+04 2.580100000000000000e+04 2.918400000000000000e+04
2.582200000000000000e+04 2.608500000000000000e+04 2.907100000000000000e+04
2.582200000000000000e+04 2.859300000000000000e+04 2.637100000000000000e+04
2.582300000000000000e+04 2.436300000000000000e+04 2.967300000000000000e+04
2.582300000000000000e+04 2.859600000000000000e+04 2.636900000000000000e+04
2.582400000000000000e+04 2.545200000000000000e+04 2.933700000000000000e+04
2.582500000000000000e+04 2.542200000000000000e+04 2.938100000000000000e+04
2.582500000000000000e+04 2.593600000000000000e+04 2.911200000000000000e+04
2.582500000000000000e+04 2.891500000000000000e+04 2.576900000000000000e+04
2.582600000000000000e+04 2.456400000000000000e+04 2.960100000000000000e+04
2.582700000000000000e+04 2.605000000000000000e+04 2.907900000000000000e+04
2.582800000000000000e+04 2.410200000000000000e+04 2.971900000000000000e+04
2.582800000000000000e+04 2.601800000000000000e+04 2.908000000000000000e+04
2.582800000000000000e+04 2.661000000000000000e+04 2.861100000000000000e+04
2.582900000000000000e+04 2.551600000000000000e+04 2.932000000000000000e+04
2.582900000000000000e+04 2.580100000000000000e+04 2.915600000000000000e+04
2.582900000000000000e+04 2.886000000000000000e+04 2.593000000000000000e+04
2.583000000000000000e+04 2.517200000000000000e+04 2.951500000000000000e+04
2.583100000000000000e+04 2.854300000000000000e+04 2.656600000000000000e+04
2.583200000000000000e+04 2.539600000000000000e+04 2.937700000000000000e+04
2.583200000000000000e+04 2.544800000000000000e+04 2.934200000000000000e+04
2.583300000000000000e+04 2.848900000000000000e+04 2.669100000000000000e+04
2.583300000000000000e+04 2.885600000000000000e+04 2.601200000000000000e+04
2.583400000000000000e+04 2.393900000000000000e+04 2.975200000000000000e+04
2.583400000000000000e+04 2.398500000000000000e+04 2.974100000000000000e+04
2.583600000000000000e+04 2.856000000000000000e+04 2.644500000000000000e+04
2.583900000000000000e+04 2.549800000000000000e+04 2.933200000000000000e+04
2.583900000000000000e+04 2.886600000000000000e+04 2.592900000000000000e+04
2.584000000000000000e+04 2.406000000000000000e+04 2.972100000000000000e+04
2.584000000000000000e+04 2.544600000000000000e+04 2.935500000000000000e+04
2.584000000000000000e+04 2.613400000000000000e+04 2.903500000000000000e+04
2.584100000000000000e+04 2.551600000000000000e+04 2.930900000000000000e+04
2.584200000000000000e+04 2.539100000000000000e+04 2.937800000000000000e+04
2.584200000000000000e+04 2.856500000000000000e+04 2.640100000000000000e+04
2.584200000000000000e+04 2.858800000000000000e+04 2.639200000000000000e+04
2.584300000000000000e+04 2.559300000000000000e+04 2.927300000000000000e+04
2.584400000000000000e+04 2.377400000000000000e+04 2.975500000000000000e+04
2.584400000000000000e+04 2.853100000000000000e+04 2.651400000000000000e+04
2.584500000000000000e+04 2.618100000000000000e+04 2.900500000000000000e+04
2.584600000000000000e+04 2.375700000000000000e+04 2.974800000000000000e+04
2.584600000000000000e+04 2.551500000000000000e+04 2.930100000000000000e+04
2.584600000000000000e+04 2.604200000000000000e+04 2.906800000000000000e+04
2.584600000000000000e+04 2.614300000000000000e+04 2.902600000000000000e+04
2.584600000000000000e+04 2.856000000000000000e+04 2.641600000000000000e+04
2.584700000000000000e+04 2.395600000000000000e+04 2.974000000000000000e+04
2.584700000000000000e+04 2.405900000000000000e+04 2.972900000000000000e+04
2.584700000000000000e+04 2.520300000000000000e+04 2.950900000000000000e+04
2.584800000000000000e+04 2.406200000000000000e+04 2.971900000000000000e+04
2.584800000000000000e+04 2.450200000000000000e+04 2.961600000000000000e+04
2.584800000000000000e+04 2.612800000000000000e+04 2.901500000000000000e+04
2.584900000000000000e+04 2.517100000000000000e+04 2.951300000000000000e+04
2.584900000000000000e+04 2.543500000000000000e+04 2.936700000000000000e+04
2.585000000000000000e+04 2.443000000000000000e+04 2.966000000000000000e+04
2.585000000000000000e+04 2.601300000000000000e+04 2.910500000000000000e+04
2.585000000000000000e+04 2.612000000000000000e+04 2.903300000000000000e+04
2.585100000000000000e+04 2.438300000000000000e+04 2.966900000000000000e+04
2.585100000000000000e+04 2.589200000000000000e+04 2.908700000000000000e+04
2.585200000000000000e+04 2.601400000000000000e+04 2.908700000000000000e+04
2.585200000000000000e+04 2.849700000000000000e+04 2.666900000000000000e+04
2.585300000000000000e+04 2.408100000000000000e+04 2.971500000000000000e+04
2.585400000000000000e+04 2.404600000000000000e+04 2.973900000000000000e+04
2.585400000000000000e+04 2.515400000000000000e+04 2.956200000000000000e+04
2.585400000000000000e+04 2.543200000000000000e+04 2.934200000000000000e+04
2.585500000000000000e+04 2.449600000000000000e+04 2.961000000000000000e+04
2.585500000000000000e+04 2.518000000000000000e+04 2.950900000000000000e+04
2.585500000000000000e+04 2.538300000000000000e+04 2.938400000000000000e+04
2.585600000000000000e+04 2.510100000000000000e+04 2.955600000000000000e+04
2.585700000000000000e+04 2.536700000000000000e+04 2.936900000000000000e+04
2.585800000000000000e+04 2.446900000000000000e+04 2.964200000000000000e+04
2.585800000000000000e+04 2.612700000000000000e+04 2.902800000000000000e+04
2.585800000000000000e+04 2.855000000000000000e+04 2.644800000000000000e+04
2.586100000000000000e+04 2.404100000000000000e+04 2.973100000000000000e+04
2.586200000000000000e+04 2.543000000000000000e+04 2.934500000000000000e+04
2.586300000000000000e+04 2.505700000000000000e+04 2.957200000000000000e+04
2.586300000000000000e+04 2.516800000000000000e+04 2.952900000000000000e+04
2.586400000000000000e+04 2.512700000000000000e+04 2.953300000000000000e+04
2.586400000000000000e+04 2.553800000000000000e+04 2.929600000000000000e+04
2.586400000000000000e+04 2.848300000000000000e+04 2.666900000000000000e+04
2.586500000000000000e+04 2.517900000000000000e+04 2.951000000000000000e+04
2.586500000000000000e+04 2.542000000000000000e+04 2.935500000000000000e+04
2.586500000000000000e+04 2.892400000000000000e+04 2.569600000000000000e+04
2.586700000000000000e+04 2.372300000000000000e+04 2.973900000000000000e+04
2.586700000000000000e+04 2.499900000000000000e+04 2.959500000000000000e+04
2.586700000000000000e+04 2.537300000000000000e+04 2.936600000000000000e+04
2.586700000000000000e+04 2.850100000000000000e+04 2.666500000000000000e+04
2.586800000000000000e+04 2.502600000000000000e+04 2.956800000000000000e+04
2.586800000000000000e+04 2.551400000000000000e+04 2.930500000000000000e+04
2.586800000000000000e+04 2.578400000000000000e+04 2.918300000000000000e+04
2.586900000000000000e+04 2.507600000000000000e+04 2.956100000000000000e+04
2.586900000000000000e+04 2.858800000000000000e+04 2.637000000000000000e+04
2.587000000000000000e+04 2.614900000000000000e+04 2.900800000000000000e+04
2.587100000000000000e+04 2.860300000000000000e+04 2.635800000000000000e+04
2.587200000000000000e+04 2.577900000000000000e+04 2.917500000000000000e+04
2.587200000000000000e+04 2.850000000000000000e+04 2.666600000000000000e+04
2.587300000000000000e+04 2.550800000000000000e+04 2.932500000000000000e+04
2.587300000000000000e+04 2.856200000000000000e+04 2.637500000000000000e+04
2.587400000000000000e+04 2.443000000000000000e+04 2.964900000000000000e+04
2.587400000000000000e+04 2.853300000000000000e+04 2.648100000000000000e+04
2.587400000000000000e+04 2.858000000000000000e+04 2.636900000000000000e+04
2.587500000000000000e+04 2.527500000000000000e+04 2.944700000000000000e+04
2.587500000000000000e+04 2.549100000000000000e+04 2.932000000000000000e+04
2.587500000000000000e+04 2.554200000000000000e+04 2.929200000000000000e+04
2.587500000000000000e+04 2.612400000000000000e+04 2.902500000000000000e+04
2.587600000000000000e+04 2.375400000000000000e+04 2.973300000000000000e+04
2.587600000000000000e+04 2.449300000000000000e+04 2.961200000000000000e+04
2.587600000000000000e+04 2.550200000000000000e+04 2.930300000000000000e+04
2.587700000000000000e+04 2.695700000000000000e+04 2.836300000000000000e+04
2.587800000000000000e+04 2.405900000000000000e+04 2.972800000000000000e+04
2.587800000000000000e+04 2.442300000000000000e+04 2.963900000000000000e+04
2.587900000000000000e+04 2.371600000000000000e+04 2.972000000000000000e+04
2.587900000000000000e+04 2.510700000000000000e+04 2.953600000000000000e+04
2.587900000000000000e+04 2.530000000000000000e+04 2.943300000000000000e+04
2.587900000000000000e+04 2.579300000000000000e+04 2.917100000000000000e+04
2.588100000000000000e+04 2.367100000000000000e+04 2.971800000000000000e+04
2.588100000000000000e+04 2.439400000000000000e+04 2.965400000000000000e+04
2.588100000000000000e+04 2.546500000000000000e+04 2.930300000000000000e+04
2.588200000000000000e+04 2.853200000000000000e+04 2.649500000000000000e+04
2.588300000000000000e+04 2.367000000000000000e+04 2.972700000000000000e+04
2.588300000000000000e+04 2.499000000000000000e+04 2.957800000000000000e+04
2.588300000000000000e+04 2.861500000000000000e+04 2.632200000000000000e+04
2.588400000000000000e+04 2.387300000000000000e+04 2.971600000000000000e+04
2.588400000000000000e+04 2.451300000000000000e+04 2.960200000000000000e+04
2.588400000000000000e+04 2.498500000000000000e+04 2.957800000000000000e+04
2.588400000000000000e+04 2.861200000000000000e+04 2.635000000000000000e+04
2.588500000000000000e+04 2.371900000000000000e+04 2.971700000000000000e+04
2.588600000000000000e+04 2.536700000000000000e+04 2.936800000000000000e+04
2.588700000000000000e+04 2.696200000000000000e+04 2.835800000000000000e+04
2.588800000000000000e+04 2.500600000000000000e+04 2.957600000000000000e+04
2.588800000000000000e+04 2.605200000000000000e+04 2.904500000000000000e+04
2.588800000000000000e+04 2.617400000000000000e+04 2.900300000000000000e+04
2.588900000000000000e+04 2.448800000000000000e+04 2.963800000000000000e+04
2.588900000000000000e+04 2.583600000000000000e+04 2.914400000000000000e+04
2.588900000000000000e+04 2.603000000000000000e+04 2.904600000000000000e+04
2.589000000000000000e+04 2.452700000000000000e+04 2.960000000000000000e+04
2.589000000000000000e+04 2.523500000000000000e+04 2.949600000000000000e+04
2.589100000000000000e+04 2.543800000000000000e+04 2.933400000000000000e+04
2.589200000000000000e+04 2.440800000000000000e+04 2.964000000000000000e+04
2.589300000000000000e+04 2.445800000000000000e+04 2.962200000000000000e+04
2.589300000000000000e+04 2.500000000000000000e+04 2.956700000000000000e+04
2.589300000000000000e+04 2.552600000000000000e+04 2.929700000000000000e+04
2.589300000000000000e+04 2.613100000000000000e+04 2.901200000000000000e+04
2.589400000000000000e+04 2.603000000000000000e+04 2.904200000000000000e+04
2.589500000000000000e+04 2.528400000000000000e+04 2.944600000000000000e+04
2.589500000000000000e+04 2.551100000000000000e+04 2.929700000000000000e+04
2.589500000000000000e+04 2.616700000000000000e+04 2.900700000000000000e+04
2.589600000000000000e+04 2.548700000000000000e+04 2.930000000000000000e+04
2.589700000000000000e+04 2.535800000000000000e+04 2.937200000000000000e+04
2.589800000000000000e+04 2.695100000000000000e+04 2.835800000000000000e+04
2.589900000000000000e+04 2.433100000000000000e+04 2.965500000000000000e+04
2.589900000000000000e+04 2.511800000000000000e+04 2.952500000000000000e+04
2.589900000000000000e+04 2.513000000000000000e+04 2.951900000000000000e+04
2.589900000000000000e+04 2.537300000000000000e+04 2.936200000000000000e+04
2.589900000000000000e+04 2.614100000000000000e+04 2.901000000000000000e+04
2.590000000000000000e+04 2.366800000000000000e+04 2.972100000000000000e+04
2.590000000000000000e+04 2.498700000000000000e+04 2.957500000000000000e+04
2.590000000000000000e+04 2.525600000000000000e+04 2.948600000000000000e+04
2.590000000000000000e+04 2.536300000000000000e+04 2.935900000000000000e+04
2.590100000000000000e+04 2.437100000000000000e+04 2.964500000000000000e+04
2.590100000000000000e+04 2.450800000000000000e+04 2.959900000000000000e+04
2.590100000000000000e+04 2.463800000000000000e+04 2.958100000000000000e+04
2.590100000000000000e+04 2.541700000000000000e+04 2.935900000000000000e+04
2.590100000000000000e+04 2.605600000000000000e+04 2.902600000000000000e+04
2.590200000000000000e+04 2.609200000000000000e+04 2.902100000000000000e+04
2.590200000000000000e+04 2.619900000000000000e+04 2.899700000000000000e+04
2.590300000000000000e+04 2.507200000000000000e+04 2.956200000000000000e+04
2.590300000000000000e+04 2.607300000000000000e+04 2.901500000000000000e+04
2.590400000000000000e+04 2.476500000000000000e+04 2.957400000000000000e+04
2.590400000000000000e+04 2.573000000000000000e+04 2.920300000000000000e+04
2.590500000000000000e+04 2.619400000000000000e+04 2.898800000000000000e+04
2.590600000000000000e+04 2.437800000000000000e+04 2.963300000000000000e+04
2.590700000000000000e+04 2.495600000000000000e+04 2.957300000000000000e+04
2.590700000000000000e+04 2.505700000000000000e+04 2.955500000000000000e+04
2.590700000000000000e+04 2.527200000000000000e+04 2.946900000000000000e+04
2.590700000000000000e+04 2.529400000000000000e+04 2.943800000000000000e+04
2.590800000000000000e+04 2.547300000000000000e+04 2.929800000000000000e+04
2.590800000000000000e+04 2.603000000000000000e+04 2.903400000000000000e+04
2.590800000000000000e+04 2.617500000000000000e+04 2.900000000000000000e+04
2.590900000000000000e+04 2.501300000000000000e+04 2.955100000000000000e+04
2.590900000000000000e+04 2.537400000000000000e+04 2.935800000000000000e+04
2.590900000000000000e+04 2.585000000000000000e+04 2.912400000000000000e+04
2.591000000000000000e+04 2.359100000000000000e+04 2.973400000000000000e+04
2.591100000000000000e+04 2.459600000000000000e+04 2.959900000000000000e+04
2.591100000000000000e+04 2.549900000000000000e+04 2.929500000000000000e+04
2.591100000000000000e+04 2.697400000000000000e+04 2.835700000000000000e+04
2.591200000000000000e+04 2.510200000000000000e+04 2.953000000000000000e+04
2.591200000000000000e+04 2.526400000000000000e+04 2.944900000000000000e+04
2.591200000000000000e+04 2.536600000000000000e+04 2.934100000000000000e+04
2.591300000000000000e+04 2.361800000000000000e+04 2.972100000000000000e+04
2.591300000000000000e+04 2.441900000000000000e+04 2.963000000000000000e+04
2.591300000000000000e+04 2.577300000000000000e+04 2.917200000000000000e+04
2.591400000000000000e+04 2.445500000000000000e+04 2.961200000000000000e+04
2.591400000000000000e+04 2.618600000000000000e+04 2.898900000000000000e+04
2.591500000000000000e+04 2.436800000000000000e+04 2.964400000000000000e+04
2.591500000000000000e+04 2.441800000000000000e+04 2.963200000000000000e+04
2.591500000000000000e+04 2.559100000000000000e+04 2.928700000000000000e+04
2.591600000000000000e+04 2.504000000000000000e+04 2.954700000000000000e+04
2.591600000000000000e+04 2.515400000000000000e+04 2.951400000000000000e+04
2.591600000000000000e+04 2.585000000000000000e+04 2.911800000000000000e+04
2.591700000000000000e+04 2.442900000000000000e+04 2.962500000000000000e+04
2.591700000000000000e+04 2.499600000000000000e+04 2.955000000000000000e+04
2.591800000000000000e+04 2.502700000000000000e+04 2.954400000000000000e+04
2.591900000000000000e+04 2.567200000000000000e+04 2.923600000000000000e+04
2.591900000000000000e+04 2.609500000000000000e+04 2.900000000000000000e+04
2.592100000000000000e+04 2.563400000000000000e+04 2.926000000000000000e+04
2.592200000000000000e+04 2.360200000000000000e+04 2.972400000000000000e+04
2.592200000000000000e+04 2.499100000000000000e+04 2.954800000000000000e+04
2.592400000000000000e+04 2.705400000000000000e+04 2.834800000000000000e+04
2.592500000000000000e+04 2.421600000000000000e+04 2.967900000000000000e+04
2.592500000000000000e+04 2.580700000000000000e+04 2.915100000000000000e+04
2.592500000000000000e+04 2.709100000000000000e+04 2.828500000000000000e+04
2.592600000000000000e+04 2.417300000000000000e+04 2.968900000000000000e+04
2.592600000000000000e+04 2.461900000000000000e+04 2.957500000000000000e+04
2.592600000000000000e+04 2.576500000000000000e+04 2.920100000000000000e+04
2.592700000000000000e+04 2.417900000000000000e+04 2.968600000000000000e+04
2.592800000000000000e+04 2.369200000000000000e+04 2.971600000000000000e+04
2.592800000000000000e+04 2.449100000000000000e+04 2.960900000000000000e+04
2.592900000000000000e+04 2.416500000000000000e+04 2.968100000000000000e+04
2.592900000000000000e+04 2.552500000000000000e+04 2.928600000000000000e+04
2.592900000000000000e+04 2.556900000000000000e+04 2.928400000000000000e+04
2.592900000000000000e+04 2.559700000000000000e+04 2.925800000000000000e+04
2.592900000000000000e+04 2.699600000000000000e+04 2.833000000000000000e+04
2.593000000000000000e+04 2.414500000000000000e+04 2.971500000000000000e+04
2.593000000000000000e+04 2.461800000000000000e+04 2.957900000000000000e+04
2.593100000000000000e+04 2.416200000000000000e+04 2.970100000000000000e+04
2.593100000000000000e+04 2.531700000000000000e+04 2.942700000000000000e+04
2.593100000000000000e+04 2.591000000000000000e+04 2.908600000000000000e+04
2.593100000000000000e+04 2.595700000000000000e+04 2.906400000000000000e+04
2.593200000000000000e+04 2.440500000000000000e+04 2.961500000000000000e+04
2.593200000000000000e+04 2.460800000000000000e+04 2.958900000000000000e+04
2.593200000000000000e+04 2.467100000000000000e+04 2.957500000000000000e+04
2.593200000000000000e+04 2.605300000000000000e+04 2.902300000000000000e+04
2.593400000000000000e+04 2.369400000000000000e+04 2.970700000000000000e+04
2.593400000000000000e+04 2.415700000000000000e+04 2.969200000000000000e+04
2.593400000000000000e+04 2.441400000000000000e+04 2.959500000000000000e+04
2.593400000000000000e+04 2.454400000000000000e+04 2.958500000000000000e+04
2.593400000000000000e+04 2.530700000000000000e+04 2.932300000000000000e+04
2.593500000000000000e+04 2.574500000000000000e+04 2.920300000000000000e+04
2.593600000000000000e+04 2.532100000000000000e+04 2.930200000000000000e+04
2.593700000000000000e+04 2.490900000000000000e+04 2.951200000000000000e+04
2.593700000000000000e+04 2.493000000000000000e+04 2.951100000000000000e+04
2.593700000000000000e+04 2.498700000000000000e+04 2.956800000000000000e+04
2.593700000000000000e+04 2.550500000000000000e+04 2.929400000000000000e+04
2.593800000000000000e+04 2.565900000000000000e+04 2.924000000000000000e+04
2.593800000000000000e+04 2.705800000000000000e+04 2.830500000000000000e+04
2.594000000000000000e+04 2.554800000000000000e+04 2.927500000000000000e+04
2.594000000000000000e+04 2.696400000000000000e+04 2.835500000000000000e+04
2.594000000000000000e+04 2.704400000000000000e+04 2.829900000000000000e+04
2.594100000000000000e+04 2.607400000000000000e+04 2.901300000000000000e+04
2.594300000000000000e+04 2.422800000000000000e+04 2.966300000000000000e+04
2.594300000000000000e+04 2.452500000000000000e+04 2.959100000000000000e+04
2.594300000000000000e+04 2.620600000000000000e+04 2.898400000000000000e+04
2.594300000000000000e+04 2.703700000000000000e+04 2.831100000000000000e+04
2.594400000000000000e+04 2.354800000000000000e+04 2.970500000000000000e+04
2.594400000000000000e+04 2.489200000000000000e+04 2.952100000000000000e+04
2.594400000000000000e+04 2.571700000000000000e+04 2.922200000000000000e+04
2.594500000000000000e+04 2.419400000000000000e+04 2.967700000000000000e+04
2.594500000000000000e+04 2.478600000000000000e+04 2.955100000000000000e+04
2.594700000000000000e+04 2.558100000000000000e+04 2.926300000000000000e+04
2.594800000000000000e+04 2.389500000000000000e+04 2.969400000000000000e+04
2.594800000000000000e+04 2.597300000000000000e+04 2.905900000000000000e+04
2.594800000000000000e+04 2.603700000000000000e+04 2.901700000000000000e+04
2.594900000000000000e+04 2.433100000000000000e+04 2.965400000000000000e+04
2.594900000000000000e+04 2.565700000000000000e+04 2.925200000000000000e+04
2.594900000000000000e+04 2.631900000000000000e+04 2.891900000000000000e+04
2.595000000000000000e+04 2.363700000000000000e+04 2.970100000000000000e+04
2.595000000000000000e+04 2.673100000000000000e+04 2.852000000000000000e+04
2.595100000000000000e+04 2.563500000000000000e+04 2.924000000000000000e+04
2.595200000000000000e+04 2.430100000000000000e+04 2.965900000000000000e+04
2.595300000000000000e+04 2.433400000000000000e+04 2.964100000000000000e+04
2.595300000000000000e+04 2.501800000000000000e+04 2.948300000000000000e+04
2.595300000000000000e+04 2.583700000000000000e+04 2.914200000000000000e+04
2.595300000000000000e+04 2.586100000000000000e+04 2.911600000000000000e+04
2.595400000000000000e+04 2.417800000000000000e+04 2.967800000000000000e+04
2.595400000000000000e+04 2.591000000000000000e+04 2.908400000000000000e+04
2.595500000000000000e+04 2.562000000000000000e+04 2.925400000000000000e+04
2.595800000000000000e+04 2.528800000000000000e+04 2.943100000000000000e+04
2.595800000000000000e+04 2.562500000000000000e+04 2.925300000000000000e+04
2.595800000000000000e+04 2.575100000000000000e+04 2.920200000000000000e+04
2.595900000000000000e+04 2.438900000000000000e+04 2.963000000000000000e+04
2.595900000000000000e+04 2.617300000000000000e+04 2.899600000000000000e+04
2.595900000000000000e+04 2.676400000000000000e+04 2.850600000000000000e+04
2.596000000000000000e+04 2.390000000000000000e+04 2.967900000000000000e+04
2.596000000000000000e+04 2.572900000000000000e+04 2.922100000000000000e+04
2.596000000000000000e+04 2.594800000000000000e+04 2.907200000000000000e+04
2.596100000000000000e+04 2.418000000000000000e+04 2.966700000000000000e+04
2.596100000000000000e+04 2.464800000000000000e+04 2.956500000000000000e+04
2.596100000000000000e+04 2.490700000000000000e+04 2.949900000000000000e+04
2.596100000000000000e+04 2.596000000000000000e+04 2.904000000000000000e+04
2.596200000000000000e+04 2.465100000000000000e+04 2.953700000000000000e+04
2.596200000000000000e+04 2.478100000000000000e+04 2.955500000000000000e+04
2.596200000000000000e+04 2.612700000000000000e+04 2.898700000000000000e+04
2.596300000000000000e+04 2.458400000000000000e+04 2.958000000000000000e+04
2.596300000000000000e+04 2.581700000000000000e+04 2.913800000000000000e+04
2.596400000000000000e+04 2.571000000000000000e+04 2.923400000000000000e+04
2.596600000000000000e+04 2.460100000000000000e+04 2.956700000000000000e+04
2.596600000000000000e+04 2.571400000000000000e+04 2.922900000000000000e+04
2.596600000000000000e+04 2.603600000000000000e+04 2.902700000000000000e+04
2.596700000000000000e+04 2.387800000000000000e+04 2.968300000000000000e+04
2.596700000000000000e+04 2.431500000000000000e+04 2.963400000000000000e+04
2.596700000000000000e+04 2.630900000000000000e+04 2.892500000000000000e+04
2.596800000000000000e+04 2.415300000000000000e+04 2.962700000000000000e+04
2.596800000000000000e+04 2.571400000000000000e+04 2.920800000000000000e+04
2.596800000000000000e+04 2.594200000000000000e+04 2.905700000000000000e+04
2.596800000000000000e+04 2.628600000000000000e+04 2.895300000000000000e+04
2.597000000000000000e+04 2.462800000000000000e+04 2.953900000000000000e+04
2.597200000000000000e+04 2.584900000000000000e+04 2.911300000000000000e+04
2.597200000000000000e+04 2.620500000000000000e+04 2.898700000000000000e+04
2.597300000000000000e+04 2.376000000000000000e+04 2.964100000000000000e+04
2.597300000000000000e+04 2.488900000000000000e+04 2.949800000000000000e+04
2.597300000000000000e+04 2.592300000000000000e+04 2.907300000000000000e+04
2.597500000000000000e+04 2.553700000000000000e+04 2.927700000000000000e+04
2.597500000000000000e+04 2.586200000000000000e+04 2.910900000000000000e+04
2.597700000000000000e+04 2.572500000000000000e+04 2.920000000000000000e+04
2.597800000000000000e+04 2.413900000000000000e+04 2.963400000000000000e+04
2.597800000000000000e+04 2.591000000000000000e+04 2.907800000000000000e+04
2.597800000000000000e+04 2.604900000000000000e+04 2.898000000000000000e+04
2.597900000000000000e+04 2.461700000000000000e+04 2.955400000000000000e+04
2.597900000000000000e+04 2.584700000000000000e+04 2.912800000000000000e+04
2.597900000000000000e+04 2.601900000000000000e+04 2.899500000000000000e+04
2.598000000000000000e+04 2.568100000000000000e+04 2.921400000000000000e+04
2.598100000000000000e+04 2.582700000000000000e+04 2.913100000000000000e+04
2.598100000000000000e+04 2.592600000000000000e+04 2.906400000000000000e+04
2.598100000000000000e+04 2.708800000000000000e+04 2.828400000000000000e+04
2.598200000000000000e+04 2.405400000000000000e+04 2.962900000000000000e+04
2.598200000000000000e+04 2.603400000000000000e+04 2.898400000000000000e+04
2.598300000000000000e+04 2.404400000000000000e+04 2.963900000000000000e+04
2.598400000000000000e+04 2.604700000000000000e+04 2.897700000000000000e+04
2.598400000000000000e+04 2.697200000000000000e+04 2.833600000000000000e+04
2.598500000000000000e+04 2.397400000000000000e+04 2.963700000000000000e+04
2.598500000000000000e+04 2.399600000000000000e+04 2.963500000000000000e+04
2.598600000000000000e+04 2.624400000000000000e+04 2.897300000000000000e+04
2.598700000000000000e+04 2.566400000000000000e+04 2.921400000000000000e+04
2.598800000000000000e+04 2.554500000000000000e+04 2.925300000000000000e+04
2.598900000000000000e+04 2.573400000000000000e+04 2.919200000000000000e+04
2.598900000000000000e+04 2.629000000000000000e+04 2.894500000000000000e+04
2.599000000000000000e+04 2.401400000000000000e+04 2.962600000000000000e+04
2.599000000000000000e+04 2.449500000000000000e+04 2.956100000000000000e+04
2.599000000000000000e+04 2.604900000000000000e+04 2.896900000000000000e+04
2.599100000000000000e+04 2.708700000000000000e+04 2.829800000000000000e+04
2.599200000000000000e+04 2.585800000000000000e+04 2.910000000000000000e+04
2.599300000000000000e+04 2.438100000000000000e+04 2.958800000000000000e+04
2.599400000000000000e+04 2.708900000000000000e+04 2.827500000000000000e+04
2.599600000000000000e+04 2.562900000000000000e+04 2.924000000000000000e+04
2.599600000000000000e+04 2.568400000000000000e+04 2.921100000000000000e+04
2.599600000000000000e+04 2.601400000000000000e+04 2.899700000000000000e+04
2.599600000000000000e+04 2.708600000000000000e+04 2.829000000000000000e+04
2.599900000000000000e+04 2.525900000000000000e+04 2.948100000000000000e+04
2.599900000000000000e+04 2.563400000000000000e+04 2.921700000000000000e+04
2.600000000000000000e+04 2.592000000000000000e+04 2.907700000000000000e+04
2.600100000000000000e+04 2.630500000000000000e+04 2.893800000000000000e+04
2.600300000000000000e+04 2.578800000000000000e+04 2.916300000000000000e+04
2.600400000000000000e+04 2.707700000000000000e+04 2.829000000000000000e+04
2.600400000000000000e+04 2.710800000000000000e+04 2.826600000000000000e+04
2.600500000000000000e+04 2.708300000000000000e+04 2.827300000000000000e+04
2.600700000000000000e+04 2.623700000000000000e+04 2.896300000000000000e+04
2.600700000000000000e+04 2.709100000000000000e+04 2.827100000000000000e+04
2.600800000000000000e+04 2.462500000000000000e+04 2.955300000000000000e+04
2.600900000000000000e+04 2.576600000000000000e+04 2.917500000000000000e+04
2.601100000000000000e+04 2.376300000000000000e+04 2.963400000000000000e+04
2.601300000000000000e+04 2.564500000000000000e+04 2.920200000000000000e+04
2.601300000000000000e+04 2.600500000000000000e+04 2.900900000000000000e+04
2.601500000000000000e+04 2.398900000000000000e+04 2.963000000000000000e+04
2.601800000000000000e+04 2.577200000000000000e+04 2.917400000000000000e+04
2.601800000000000000e+04 2.709000000000000000e+04 2.826500000000000000e+04
2.601900000000000000e+04 2.581500000000000000e+04 2.915100000000000000e+04
2.602200000000000000e+04 2.708200000000000000e+04 2.825000000000000000e+04
2.602400000000000000e+04 2.627900000000000000e+04 2.894600000000000000e+04
2.602600000000000000e+04 2.576700000000000000e+04 2.915800000000000000e+04
2.602600000000000000e+04 2.600100000000000000e+04 2.898500000000000000e+04
2.602600000000000000e+04 2.600500000000000000e+04 2.897000000000000000e+04
2.602600000000000000e+04 2.634700000000000000e+04 2.889300000000000000e+04
2.602800000000000000e+04 2.710500000000000000e+04 2.824000000000000000e+04
2.603000000000000000e+04 2.402100000000000000e+04 2.962400000000000000e+04
2.603000000000000000e+04 2.577000000000000000e+04 2.915600000000000000e+04
2.603000000000000000e+04 2.587300000000000000e+04 2.909300000000000000e+04
2.603000000000000000e+04 2.594700000000000000e+04 2.905400000000000000e+04
2.603200000000000000e+04 2.715100000000000000e+04 2.822300000000000000e+04
2.603300000000000000e+04 2.582300000000000000e+04 2.913400000000000000e+04
2.603300000000000000e+04 2.626100000000000000e+04 2.895400000000000000e+04
2.603400000000000000e+04 2.707700000000000000e+04 2.827600000000000000e+04
2.603600000000000000e+04 2.623600000000000000e+04 2.896900000000000000e+04
2.603800000000000000e+04 2.576400000000000000e+04 2.916200000000000000e+04
2.604000000000000000e+04 2.573500000000000000e+04 2.918900000000000000e+04
2.604000000000000000e+04 2.710900000000000000e+04 2.823600000000000000e+04
2.604100000000000000e+04 2.564600000000000000e+04 2.918000000000000000e+04
2.604200000000000000e+04 2.718200000000000000e+04 2.813900000000000000e+04
2.604200000000000000e+04 2.721800000000000000e+04 2.806500000000000000e+04
2.604300000000000000e+04 2.628900000000000000e+04 2.893000000000000000e+04
2.604300000000000000e+04 2.638200000000000000e+04 2.886500000000000000e+04
2.604500000000000000e+04 2.599800000000000000e+04 2.899500000000000000e+04
2.604500000000000000e+04 2.624400000000000000e+04 2.886900000000000000e+04
2.604600000000000000e+04 2.622100000000000000e+04 2.895000000000000000e+04
2.604600000000000000e+04 2.622600000000000000e+04 2.887500000000000000e+04
2.604700000000000000e+04 2.582000000000000000e+04 2.913000000000000000e+04
2.604800000000000000e+04 2.583500000000000000e+04 2.911600000000000000e+04
2.604800000000000000e+04 2.611300000000000000e+04 2.895000000000000000e+04
2.604800000000000000e+04 2.616700000000000000e+04 2.891200000000000000e+04
2.604800000000000000e+04 2.710300000000000000e+04 2.823400000000000000e+04
2.604900000000000000e+04 2.578200000000000000e+04 2.915300000000000000e+04
2.605100000000000000e+04 2.586200000000000000e+04 2.907600000000000000e+04
2.605100000000000000e+04 2.611800000000000000e+04 2.892900000000000000e+04
2.605300000000000000e+04 2.588600000000000000e+04 2.906200000000000000e+04
2.605300000000000000e+04 2.638600000000000000e+04 2.884500000000000000e+04
2.605400000000000000e+04 2.716600000000000000e+04 2.818500000000000000e+04
2.605500000000000000e+04 2.583400000000000000e+04 2.911900000000000000e+04
2.605500000000000000e+04 2.609500000000000000e+04 2.893000000000000000e+04
2.605500000000000000e+04 2.637700000000000000e+04 2.884900000000000000e+04
2.605600000000000000e+04 2.577900000000000000e+04 2.914800000000000000e+04
2.605700000000000000e+04 2.581200000000000000e+04 2.913500000000000000e+04
2.605800000000000000e+04 2.637200000000000000e+04 2.883600000000000000e+04
2.605900000000000000e+04 2.588300000000000000e+04 2.907400000000000000e+04
2.605900000000000000e+04 2.589700000000000000e+04 2.904700000000000000e+04
2.605900000000000000e+04 2.717200000000000000e+04 2.814500000000000000e+04
2.606300000000000000e+04 2.778200000000000000e+04 2.754000000000000000e+04
2.606400000000000000e+04 2.581000000000000000e+04 2.913500000000000000e+04
2.606400000000000000e+04 2.624600000000000000e+04 2.886100000000000000e+04
2.606700000000000000e+04 2.622800000000000000e+04 2.885800000000000000e+04
2.606900000000000000e+04 2.600100000000000000e+04 2.897000000000000000e+04
2.606900000000000000e+04 2.608800000000000000e+04 2.894300000000000000e+04
2.607000000000000000e+04 2.586900000000000000e+04 2.904900000000000000e+04
2.607200000000000000e+04 2.611100000000000000e+04 2.892500000000000000e+04
2.607200000000000000e+04 2.709500000000000000e+04 2.822100000000000000e+04
2.607400000000000000e+04 2.563600000000000000e+04 2.918900000000000000e+04
2.607700000000000000e+04 2.615600000000000000e+04 2.887200000000000000e+04
2.607800000000000000e+04 2.778100000000000000e+04 2.754900000000000000e+04
2.608200000000000000e+04 2.576000000000000000e+04 2.915300000000000000e+04
2.608200000000000000e+04 2.685500000000000000e+04 2.841700000000000000e+04
2.608400000000000000e+04 2.648200000000000000e+04 2.877600000000000000e+04
2.608900000000000000e+04 2.617000000000000000e+04 2.886000000000000000e+04
2.609000000000000000e+04 2.612400000000000000e+04 2.892000000000000000e+04
2.609100000000000000e+04 2.611300000000000000e+04 2.888200000000000000e+04
2.609300000000000000e+04 2.608800000000000000e+04 2.892700000000000000e+04
2.609300000000000000e+04 2.684100000000000000e+04 2.844700000000000000e+04
2.609400000000000000e+04 2.636900000000000000e+04 2.884000000000000000e+04
2.609500000000000000e+04 2.610800000000000000e+04 2.891200000000000000e+04
2.609500000000000000e+04 2.697900000000000000e+04 2.827500000000000000e+04
2.609800000000000000e+04 2.719600000000000000e+04 2.808900000000000000e+04
2.609900000000000000e+04 2.781700000000000000e+04 2.747400000000000000e+04
2.610200000000000000e+04 2.718500000000000000e+04 2.813000000000000000e+04
2.610400000000000000e+04 2.777900000000000000e+04 2.751800000000000000e+04
2.610500000000000000e+04 2.628200000000000000e+04 2.882600000000000000e+04
2.610600000000000000e+04 2.717000000000000000e+04 2.815100000000000000e+04
2.610600000000000000e+04 2.725000000000000000e+04 2.804400000000000000e+04
2.610700000000000000e+04 2.720700000000000000e+04 2.807000000000000000e+04
2.610800000000000000e+04 2.646900000000000000e+04 2.878700000000000000e+04
2.610800000000000000e+04 2.696500000000000000e+04 2.829200000000000000e+04
2.610900000000000000e+04 2.627200000000000000e+04 2.882800000000000000e+04
2.611000000000000000e+04 2.779500000000000000e+04 2.748500000000000000e+04
2.611300000000000000e+04 2.651900000000000000e+04 2.875900000000000000e+04
2.611300000000000000e+04 2.718300000000000000e+04 2.809000000000000000e+04
2.611400000000000000e+04 2.684400000000000000e+04 2.843800000000000000e+04
2.611500000000000000e+04 2.617900000000000000e+04 2.885200000000000000e+04
2.611500000000000000e+04 2.683200000000000000e+04 2.844400000000000000e+04
2.611500000000000000e+04 2.733400000000000000e+04 2.798200000000000000e+04
2.611500000000000000e+04 2.772900000000000000e+04 2.760800000000000000e+04
2.611600000000000000e+04 2.774700000000000000e+04 2.756300000000000000e+04
2.611800000000000000e+04 2.685500000000000000e+04 2.842200000000000000e+04
2.612100000000000000e+04 2.774900000000000000e+04 2.755700000000000000e+04
2.612300000000000000e+04 2.630100000000000000e+04 2.881800000000000000e+04
2.612300000000000000e+04 2.773400000000000000e+04 2.758500000000000000e+04
2.612400000000000000e+04 2.648800000000000000e+04 2.874400000000000000e+04
2.612400000000000000e+04 2.726100000000000000e+04 2.801800000000000000e+04
2.612500000000000000e+04 2.724300000000000000e+04 2.803400000000000000e+04
2.612700000000000000e+04 2.650500000000000000e+04 2.872100000000000000e+04
2.612700000000000000e+04 2.708000000000000000e+04 2.820000000000000000e+04
2.613000000000000000e+04 2.654400000000000000e+04 2.870500000000000000e+04
2.613000000000000000e+04 2.773300000000000000e+04 2.758900000000000000e+04
2.613000000000000000e+04 2.773900000000000000e+04 2.757700000000000000e+04
2.613100000000000000e+04 2.613800000000000000e+04 2.887700000000000000e+04
2.613100000000000000e+04 2.687500000000000000e+04 2.840400000000000000e+04
2.613100000000000000e+04 2.725900000000000000e+04 2.798700000000000000e+04
2.613200000000000000e+04 2.637600000000000000e+04 2.875400000000000000e+04
2.613200000000000000e+04 2.688800000000000000e+04 2.840200000000000000e+04
2.613200000000000000e+04 2.742500000000000000e+04 2.787800000000000000e+04
2.613300000000000000e+04 2.654600000000000000e+04 2.868900000000000000e+04
2.613400000000000000e+04 2.717400000000000000e+04 2.810900000000000000e+04
2.613400000000000000e+04 2.718200000000000000e+04 2.808600000000000000e+04
2.613400000000000000e+04 2.726200000000000000e+04 2.798200000000000000e+04
2.613500000000000000e+04 2.655600000000000000e+04 2.867900000000000000e+04
2.613500000000000000e+04 2.685500000000000000e+04 2.841500000000000000e+04
2.613600000000000000e+04 2.654200000000000000e+04 2.870100000000000000e+04
2.613600000000000000e+04 2.694300000000000000e+04 2.834900000000000000e+04
2.613600000000000000e+04 2.695600000000000000e+04 2.828200000000000000e+04
2.613600000000000000e+04 2.741700000000000000e+04 2.790800000000000000e+04
2.613700000000000000e+04 2.628100000000000000e+04 2.882400000000000000e+04
2.613700000000000000e+04 2.655000000000000000e+04 2.868600000000000000e+04
2.613700000000000000e+04 2.723600000000000000e+04 2.806100000000000000e+04
2.613700000000000000e+04 2.772400000000000000e+04 2.760400000000000000e+04
2.613800000000000000e+04 2.685800000000000000e+04 2.841300000000000000e+04
2.613900000000000000e+04 2.716900000000000000e+04 2.808500000000000000e+04
2.614000000000000000e+04 2.629100000000000000e+04 2.880600000000000000e+04
2.614000000000000000e+04 2.681900000000000000e+04 2.848900000000000000e+04
2.614000000000000000e+04 2.686300000000000000e+04 2.837900000000000000e+04
2.614000000000000000e+04 2.715200000000000000e+04 2.809000000000000000e+04
2.614100000000000000e+04 2.626600000000000000e+04 2.885000000000000000e+04
2.614100000000000000e+04 2.682900000000000000e+04 2.847000000000000000e+04
2.614100000000000000e+04 2.707900000000000000e+04 2.819100000000000000e+04
2.614100000000000000e+04 2.752200000000000000e+04 2.774100000000000000e+04
2.614100000000000000e+04 2.777400000000000000e+04 2.752700000000000000e+04
2.614100000000000000e+04 2.789400000000000000e+04 2.733500000000000000e+04
2.614200000000000000e+04 2.636000000000000000e+04 2.877300000000000000e+04
2.614200000000000000e+04 2.777300000000000000e+04 2.748800000000000000e+04
2.614300000000000000e+04 2.636700000000000000e+04 2.876600000000000000e+04
2.614300000000000000e+04 2.681000000000000000e+04 2.850600000000000000e+04
2.614300000000000000e+04 2.690900000000000000e+04 2.837300000000000000e+04
2.614300000000000000e+04 2.706300000000000000e+04 2.822700000000000000e+04
2.614400000000000000e+04 2.707900000000000000e+04 2.818000000000000000e+04
2.614500000000000000e+04 2.638200000000000000e+04 2.875100000000000000e+04
2.614500000000000000e+04 2.684300000000000000e+04 2.842700000000000000e+04
2.614500000000000000e+04 2.773300000000000000e+04 2.758700000000000000e+04
2.614500000000000000e+04 2.773600000000000000e+04 2.757400000000000000e+04
2.614600000000000000e+04 2.648500000000000000e+04 2.868700000000000000e+04
2.614600000000000000e+04 2.654200000000000000e+04 2.868900000000000000e+04
2.614600000000000000e+04 2.655000000000000000e+04 2.868100000000000000e+04
2.614600000000000000e+04 2.749500000000000000e+04 2.779300000000000000e+04
2.614700000000000000e+04 2.753200000000000000e+04 2.773000000000000000e+04
2.615000000000000000e+04 2.760300000000000000e+04 2.771200000000000000e+04
2.615000000000000000e+04 2.761100000000000000e+04 2.771100000000000000e+04
2.615100000000000000e+04 2.636600000000000000e+04 2.875100000000000000e+04
2.615100000000000000e+04 2.646800000000000000e+04 2.875000000000000000e+04
2.615200000000000000e+04 2.711600000000000000e+04 2.813700000000000000e+04
2.615300000000000000e+04 2.628000000000000000e+04 2.881200000000000000e+04
2.615300000000000000e+04 2.703600000000000000e+04 2.823400000000000000e+04
2.615500000000000000e+04 2.752400000000000000e+04 2.772500000000000000e+04
2.615500000000000000e+04 2.771600000000000000e+04 2.759700000000000000e+04
2.615600000000000000e+04 2.770600000000000000e+04 2.763400000000000000e+04
2.615700000000000000e+04 2.680600000000000000e+04 2.848100000000000000e+04
2.615700000000000000e+04 2.691700000000000000e+04 2.836700000000000000e+04
2.615800000000000000e+04 2.635800000000000000e+04 2.877600000000000000e+04
2.615800000000000000e+04 2.703300000000000000e+04 2.826500000000000000e+04
2.615800000000000000e+04 2.706500000000000000e+04 2.820500000000000000e+04
2.615800000000000000e+04 2.707500000000000000e+04 2.818100000000000000e+04
2.615900000000000000e+04 2.692600000000000000e+04 2.836000000000000000e+04
2.616000000000000000e+04 2.725900000000000000e+04 2.803300000000000000e+04
2.616000000000000000e+04 2.770500000000000000e+04 2.760200000000000000e+04
2.616100000000000000e+04 2.636400000000000000e+04 2.876500000000000000e+04
2.616100000000000000e+04 2.647400000000000000e+04 2.868900000000000000e+04
2.616100000000000000e+04 2.787900000000000000e+04 2.733900000000000000e+04
2.616200000000000000e+04 2.668100000000000000e+04 2.856200000000000000e+04
2.616300000000000000e+04 2.673000000000000000e+04 2.854700000000000000e+04
2.616500000000000000e+04 2.680500000000000000e+04 2.847700000000000000e+04
2.616500000000000000e+04 2.708800000000000000e+04 2.814400000000000000e+04
2.616600000000000000e+04 2.710800000000000000e+04 2.813000000000000000e+04
2.616600000000000000e+04 2.746800000000000000e+04 2.782400000000000000e+04
2.616700000000000000e+04 2.636000000000000000e+04 2.874700000000000000e+04
2.616700000000000000e+04 2.749600000000000000e+04 2.779100000000000000e+04
2.616900000000000000e+04 2.646400000000000000e+04 2.869800000000000000e+04
2.617000000000000000e+04 2.645700000000000000e+04 2.872500000000000000e+04
2.617300000000000000e+04 2.787800000000000000e+04 2.738100000000000000e+04
2.617400000000000000e+04 2.722000000000000000e+04 2.805000000000000000e+04
2.617500000000000000e+04 2.670200000000000000e+04 2.852400000000000000e+04
2.617500000000000000e+04 2.684100000000000000e+04 2.842400000000000000e+04
2.617600000000000000e+04 2.706400000000000000e+04 2.821400000000000000e+04
2.617600000000000000e+04 2.707200000000000000e+04 2.819200000000000000e+04
2.617600000000000000e+04 2.783500000000000000e+04 2.738400000000000000e+04
2.617900000000000000e+04 2.635900000000000000e+04 2.876400000000000000e+04
2.617900000000000000e+04 2.690300000000000000e+04 2.837600000000000000e+04
2.617900000000000000e+04 2.690500000000000000e+04 2.836200000000000000e+04
2.618100000000000000e+04 2.706900000000000000e+04 2.818700000000000000e+04
2.618100000000000000e+04 2.722300000000000000e+04 2.804100000000000000e+04
2.618200000000000000e+04 2.659900000000000000e+04 2.863500000000000000e+04
2.618300000000000000e+04 2.682000000000000000e+04 2.846500000000000000e+04
2.618400000000000000e+04 2.773000000000000000e+04 2.758500000000000000e+04
2.618500000000000000e+04 2.645200000000000000e+04 2.869800000000000000e+04
2.618500000000000000e+04 2.751300000000000000e+04 2.777900000000000000e+04
2.618600000000000000e+04 2.691700000000000000e+04 2.835300000000000000e+04
2.618600000000000000e+04 2.745200000000000000e+04 2.787100000000000000e+04
2.618600000000000000e+04 2.787500000000000000e+04 2.734900000000000000e+04
2.618900000000000000e+04 2.705200000000000000e+04 2.817900000000000000e+04
2.618900000000000000e+04 2.736500000000000000e+04 2.797800000000000000e+04
2.618900000000000000e+04 2.760100000000000000e+04 2.768300000000000000e+04
2.619000000000000000e+04 2.702900000000000000e+04 2.827500000000000000e+04
2.619000000000000000e+04 2.726700000000000000e+04 2.797100000000000000e+04
2.619100000000000000e+04 2.739800000000000000e+04 2.789300000000000000e+04
2.619200000000000000e+04 2.658700000000000000e+04 2.866900000000000000e+04
2.619300000000000000e+04 2.745000000000000000e+04 2.787400000000000000e+04
2.619400000000000000e+04 2.696000000000000000e+04 2.825800000000000000e+04
2.619400000000000000e+04 2.741800000000000000e+04 2.787000000000000000e+04
2.619400000000000000e+04 2.760300000000000000e+04 2.767400000000000000e+04
2.619500000000000000e+04 2.642600000000000000e+04 2.871500000000000000e+04
2.619700000000000000e+04 2.691600000000000000e+04 2.834300000000000000e+04
2.619700000000000000e+04 2.733900000000000000e+04 2.795800000000000000e+04
2.619700000000000000e+04 2.769600000000000000e+04 2.757500000000000000e+04
2.619800000000000000e+04 2.693500000000000000e+04 2.829300000000000000e+04
2.619800000000000000e+04 2.710100000000000000e+04 2.812900000000000000e+04
2.619900000000000000e+04 2.703100000000000000e+04 2.822900000000000000e+04
2.620000000000000000e+04 2.657700000000000000e+04 2.862000000000000000e+04
2.620000000000000000e+04 2.668300000000000000e+04 2.855100000000000000e+04
2.620000000000000000e+04 2.703800000000000000e+04 2.817400000000000000e+04
2.620000000000000000e+04 2.736700000000000000e+04 2.793000000000000000e+04
2.620100000000000000e+04 2.679600000000000000e+04 2.847200000000000000e+04
2.620200000000000000e+04 2.675100000000000000e+04 2.843300000000000000e+04
2.620200000000000000e+04 2.707600000000000000e+04 2.816100000000000000e+04
2.620300000000000000e+04 2.741100000000000000e+04 2.788200000000000000e+04
2.620400000000000000e+04 2.657300000000000000e+04 2.862100000000000000e+04
2.620400000000000000e+04 2.668800000000000000e+04 2.853900000000000000e+04
2.620400000000000000e+04 2.731900000000000000e+04 2.796800000000000000e+04
2.620600000000000000e+04 2.697300000000000000e+04 2.825700000000000000e+04
2.620600000000000000e+04 2.787000000000000000e+04 2.734100000000000000e+04
2.620700000000000000e+04 2.667100000000000000e+04 2.850400000000000000e+04
2.620700000000000000e+04 2.669300000000000000e+04 2.852200000000000000e+04
2.620800000000000000e+04 2.733900000000000000e+04 2.791900000000000000e+04
2.620900000000000000e+04 2.744200000000000000e+04 2.784300000000000000e+04
2.620900000000000000e+04 2.744400000000000000e+04 2.787000000000000000e+04
2.621000000000000000e+04 2.732300000000000000e+04 2.794800000000000000e+04
2.621100000000000000e+04 2.644100000000000000e+04 2.868800000000000000e+04
2.621100000000000000e+04 2.645200000000000000e+04 2.868700000000000000e+04
2.621200000000000000e+04 2.643900000000000000e+04 2.870800000000000000e+04
2.621200000000000000e+04 2.720900000000000000e+04 2.804100000000000000e+04
2.621200000000000000e+04 2.746400000000000000e+04 2.779500000000000000e+04
2.621300000000000000e+04 2.693800000000000000e+04 2.827600000000000000e+04
2.621300000000000000e+04 2.740000000000000000e+04 2.789200000000000000e+04
2.621400000000000000e+04 2.657800000000000000e+04 2.861700000000000000e+04
2.621400000000000000e+04 2.662400000000000000e+04 2.858900000000000000e+04
2.621500000000000000e+04 2.665900000000000000e+04 2.849200000000000000e+04
2.621500000000000000e+04 2.733300000000000000e+04 2.794200000000000000e+04
2.621500000000000000e+04 2.743200000000000000e+04 2.786800000000000000e+04
2.621600000000000000e+04 2.664400000000000000e+04 2.858800000000000000e+04
2.621700000000000000e+04 2.662300000000000000e+04 2.858500000000000000e+04
2.621700000000000000e+04 2.720400000000000000e+04 2.806400000000000000e+04
2.621700000000000000e+04 2.720800000000000000e+04 2.803900000000000000e+04
2.621700000000000000e+04 2.743500000000000000e+04 2.786400000000000000e+04
2.621800000000000000e+04 2.706600000000000000e+04 2.816300000000000000e+04
2.621900000000000000e+04 2.642600000000000000e+04 2.869400000000000000e+04
2.621900000000000000e+04 2.653900000000000000e+04 2.868700000000000000e+04
2.621900000000000000e+04 2.661500000000000000e+04 2.858200000000000000e+04
2.622000000000000000e+04 2.691300000000000000e+04 2.832800000000000000e+04
2.622100000000000000e+04 2.661900000000000000e+04 2.856100000000000000e+04
2.622100000000000000e+04 2.665400000000000000e+04 2.853800000000000000e+04
2.622100000000000000e+04 2.745300000000000000e+04 2.779800000000000000e+04
2.622200000000000000e+04 2.697800000000000000e+04 2.824800000000000000e+04
2.622300000000000000e+04 2.732100000000000000e+04 2.796300000000000000e+04
2.622300000000000000e+04 2.738500000000000000e+04 2.791400000000000000e+04
2.622300000000000000e+04 2.770200000000000000e+04 2.757400000000000000e+04
2.622500000000000000e+04 2.642200000000000000e+04 2.870000000000000000e+04
2.622500000000000000e+04 2.732500000000000000e+04 2.793100000000000000e+04
2.622600000000000000e+04 2.646600000000000000e+04 2.865000000000000000e+04
2.622700000000000000e+04 2.690700000000000000e+04 2.831100000000000000e+04
2.623000000000000000e+04 2.657100000000000000e+04 2.862200000000000000e+04
2.623000000000000000e+04 2.663000000000000000e+04 2.853200000000000000e+04
2.623000000000000000e+04 2.697500000000000000e+04 2.825300000000000000e+04
2.623000000000000000e+04 2.743600000000000000e+04 2.784000000000000000e+04
2.623100000000000000e+04 2.697000000000000000e+04 2.825300000000000000e+04
2.623100000000000000e+04 2.714100000000000000e+04 2.812200000000000000e+04
2.623100000000000000e+04 2.792400000000000000e+04 2.731200000000000000e+04
2.623100000000000000e+04 2.793300000000000000e+04 2.728800000000000000e+04
2.623200000000000000e+04 2.679100000000000000e+04 2.841400000000000000e+04
2.623200000000000000e+04 2.707200000000000000e+04 2.814800000000000000e+04
2.623200000000000000e+04 2.736400000000000000e+04 2.791700000000000000e+04
2.623300000000000000e+04 2.741700000000000000e+04 2.788000000000000000e+04
2.623400000000000000e+04 2.645300000000000000e+04 2.868200000000000000e+04
2.623400000000000000e+04 2.666300000000000000e+04 2.848300000000000000e+04
2.623400000000000000e+04 2.674700000000000000e+04 2.849000000000000000e+04
2.623500000000000000e+04 2.745200000000000000e+04 2.783000000000000000e+04
2.623600000000000000e+04 2.701700000000000000e+04 2.822000000000000000e+04
2.623700000000000000e+04 2.645200000000000000e+04 2.865000000000000000e+04
2.623700000000000000e+04 2.660900000000000000e+04 2.857600000000000000e+04
2.623700000000000000e+04 2.687600000000000000e+04 2.835600000000000000e+04
2.623700000000000000e+04 2.701400000000000000e+04 2.820400000000000000e+04
2.623700000000000000e+04 2.732400000000000000e+04 2.794400000000000000e+04
2.623900000000000000e+04 2.661300000000000000e+04 2.856900000000000000e+04
2.624000000000000000e+04 2.791200000000000000e+04 2.733300000000000000e+04
2.624000000000000000e+04 2.792900000000000000e+04 2.730100000000000000e+04
2.624200000000000000e+04 2.660200000000000000e+04 2.861600000000000000e+04
2.624200000000000000e+04 2.691200000000000000e+04 2.830900000000000000e+04
2.624200000000000000e+04 2.741500000000000000e+04 2.786900000000000000e+04
2.624200000000000000e+04 2.742800000000000000e+04 2.785400000000000000e+04
2.624300000000000000e+04 2.783600000000000000e+04 2.738200000000000000e+04
2.624400000000000000e+04 2.708800000000000000e+04 2.814100000000000000e+04
2.624400000000000000e+04 2.744400000000000000e+04 2.782300000000000000e+04
2.624500000000000000e+04 2.722600000000000000e+04 2.802600000000000000e+04
2.624500000000000000e+04 2.738200000000000000e+04 2.790200000000000000e+04
2.624500000000000000e+04 2.765700000000000000e+04 2.762300000000000000e+04
2.624700000000000000e+04 2.648200000000000000e+04 2.863600000000000000e+04
2.624800000000000000e+04 2.733600000000000000e+04 2.792800000000000000e+04
2.624900000000000000e+04 2.658000000000000000e+04 2.861200000000000000e+04
2.624900000000000000e+04 2.663700000000000000e+04 2.852900000000000000e+04
2.624900000000000000e+04 2.701000000000000000e+04 2.820400000000000000e+04
2.624900000000000000e+04 2.716000000000000000e+04 2.808800000000000000e+04
2.625100000000000000e+04 2.656600000000000000e+04 2.863400000000000000e+04
2.625100000000000000e+04 2.719300000000000000e+04 2.806800000000000000e+04
2.625200000000000000e+04 2.660800000000000000e+04 2.860700000000000000e+04
2.625200000000000000e+04 2.701100000000000000e+04 2.820300000000000000e+04
2.625200000000000000e+04 2.744200000000000000e+04 2.782400000000000000e+04
2.625300000000000000e+04 2.794400000000000000e+04 2.727700000000000000e+04
2.625300000000000000e+04 2.807800000000000000e+04 2.703600000000000000e+04
2.625400000000000000e+04 2.744700000000000000e+04 2.780600000000000000e+04
2.625500000000000000e+04 2.744800000000000000e+04 2.780500000000000000e+04
2.625500000000000000e+04 2.761500000000000000e+04 2.767300000000000000e+04
2.625900000000000000e+04 2.660600000000000000e+04 2.857200000000000000e+04
2.625900000000000000e+04 2.701500000000000000e+04 2.820100000000000000e+04
2.625900000000000000e+04 2.703800000000000000e+04 2.820200000000000000e+04
2.626100000000000000e+04 2.674800000000000000e+04 2.846200000000000000e+04
2.626100000000000000e+04 2.811200000000000000e+04 2.703300000000000000e+04
2.626200000000000000e+04 2.690300000000000000e+04 2.831700000000000000e+04
2.626200000000000000e+04 2.806700000000000000e+04 2.706000000000000000e+04
2.626500000000000000e+04 2.689900000000000000e+04 2.832700000000000000e+04
2.626600000000000000e+04 2.693200000000000000e+04 2.829100000000000000e+04
2.626600000000000000e+04 2.701900000000000000e+04 2.817800000000000000e+04
2.626600000000000000e+04 2.810500000000000000e+04 2.700700000000000000e+04
2.626800000000000000e+04 2.809600000000000000e+04 2.702200000000000000e+04
2.626900000000000000e+04 2.695700000000000000e+04 2.824900000000000000e+04
2.626900000000000000e+04 2.701700000000000000e+04 2.819100000000000000e+04
2.626900000000000000e+04 2.810100000000000000e+04 2.701100000000000000e+04
2.627000000000000000e+04 2.762800000000000000e+04 2.765900000000000000e+04
2.627000000000000000e+04 2.769600000000000000e+04 2.756400000000000000e+04
2.627000000000000000e+04 2.809200000000000000e+04 2.703100000000000000e+04
2.627100000000000000e+04 2.657200000000000000e+04 2.860500000000000000e+04
2.627100000000000000e+04 2.777300000000000000e+04 2.743000000000000000e+04
2.627200000000000000e+04 2.792200000000000000e+04 2.731100000000000000e+04
2.627200000000000000e+04 2.796300000000000000e+04 2.727300000000000000e+04
2.627300000000000000e+04 2.693400000000000000e+04 2.829000000000000000e+04
2.627400000000000000e+04 2.792500000000000000e+04 2.730200000000000000e+04
2.627500000000000000e+04 2.746200000000000000e+04 2.779100000000000000e+04
2.627500000000000000e+04 2.795800000000000000e+04 2.727000000000000000e+04
2.627600000000000000e+04 2.700300000000000000e+04 2.824300000000000000e+04
2.627600000000000000e+04 2.760100000000000000e+04 2.769000000000000000e+04
2.627600000000000000e+04 2.792900000000000000e+04 2.727400000000000000e+04
2.627600000000000000e+04 2.796900000000000000e+04 2.722400000000000000e+04
2.627700000000000000e+04 2.690500000000000000e+04 2.829500000000000000e+04
2.627800000000000000e+04 2.796400000000000000e+04 2.724400000000000000e+04
2.627900000000000000e+04 2.701700000000000000e+04 2.819000000000000000e+04
2.628000000000000000e+04 2.702600000000000000e+04 2.817700000000000000e+04
2.628100000000000000e+04 2.731300000000000000e+04 2.794800000000000000e+04
2.628100000000000000e+04 2.760600000000000000e+04 2.766900000000000000e+04
2.628100000000000000e+04 2.796400000000000000e+04 2.722300000000000000e+04
2.628200000000000000e+04 2.783000000000000000e+04 2.738800000000000000e+04
2.628300000000000000e+04 2.732100000000000000e+04 2.792400000000000000e+04
2.628300000000000000e+04 2.744000000000000000e+04 2.781800000000000000e+04
2.628300000000000000e+04 2.759600000000000000e+04 2.767500000000000000e+04
2.628300000000000000e+04 2.764200000000000000e+04 2.765400000000000000e+04
2.628300000000000000e+04 2.765400000000000000e+04 2.763500000000000000e+04
2.628400000000000000e+04 2.757600000000000000e+04 2.770300000000000000e+04
2.628400000000000000e+04 2.786900000000000000e+04 2.733300000000000000e+04
2.628400000000000000e+04 2.813200000000000000e+04 2.699100000000000000e+04
2.628500000000000000e+04 2.673700000000000000e+04 2.844500000000000000e+04
2.628500000000000000e+04 2.703500000000000000e+04 2.817400000000000000e+04
2.628500000000000000e+04 2.733000000000000000e+04 2.792000000000000000e+04
2.628500000000000000e+04 2.745000000000000000e+04 2.780500000000000000e+04
2.628600000000000000e+04 2.673800000000000000e+04 2.844000000000000000e+04
2.628600000000000000e+04 2.744500000000000000e+04 2.780800000000000000e+04
2.628600000000000000e+04 2.803300000000000000e+04 2.711000000000000000e+04
2.628600000000000000e+04 2.809600000000000000e+04 2.701900000000000000e+04
2.628800000000000000e+04 2.701300000000000000e+04 2.818800000000000000e+04
2.628800000000000000e+04 2.764800000000000000e+04 2.761200000000000000e+04
2.628900000000000000e+04 2.698800000000000000e+04 2.820200000000000000e+04
2.628900000000000000e+04 2.700600000000000000e+04 2.818900000000000000e+04
2.628900000000000000e+04 2.748100000000000000e+04 2.779100000000000000e+04
2.628900000000000000e+04 2.785200000000000000e+04 2.734500000000000000e+04
2.629000000000000000e+04 2.669100000000000000e+04 2.845800000000000000e+04
2.629100000000000000e+04 2.758700000000000000e+04 2.769800000000000000e+04
2.629100000000000000e+04 2.793100000000000000e+04 2.727300000000000000e+04
2.629300000000000000e+04 2.744300000000000000e+04 2.780700000000000000e+04
2.629300000000000000e+04 2.758100000000000000e+04 2.769000000000000000e+04
2.629300000000000000e+04 2.796100000000000000e+04 2.726800000000000000e+04
2.629400000000000000e+04 2.802000000000000000e+04 2.714400000000000000e+04
2.629500000000000000e+04 2.757900000000000000e+04 2.769200000000000000e+04
2.629500000000000000e+04 2.795200000000000000e+04 2.725600000000000000e+04
2.629600000000000000e+04 2.733300000000000000e+04 2.791900000000000000e+04
2.629600000000000000e+04 2.792300000000000000e+04 2.729800000000000000e+04
2.629900000000000000e+04 2.736900000000000000e+04 2.790100000000000000e+04
2.629900000000000000e+04 2.800900000000000000e+04 2.716500000000000000e+04
2.630000000000000000e+04 2.792300000000000000e+04 2.728900000000000000e+04
2.630100000000000000e+04 2.786900000000000000e+04 2.730600000000000000e+04
2.630200000000000000e+04 2.799900000000000000e+04 2.718100000000000000e+04
2.630300000000000000e+04 2.714300000000000000e+04 2.811400000000000000e+04
2.630300000000000000e+04 2.802600000000000000e+04 2.712100000000000000e+04
2.630500000000000000e+04 2.674900000000000000e+04 2.843600000000000000e+04
2.630500000000000000e+04 2.731800000000000000e+04 2.792600000000000000e+04
2.630600000000000000e+04 2.784100000000000000e+04 2.733800000000000000e+04
2.630700000000000000e+04 2.673100000000000000e+04 2.844700000000000000e+04
2.630700000000000000e+04 2.730900000000000000e+04 2.792300000000000000e+04
2.630700000000000000e+04 2.803200000000000000e+04 2.711200000000000000e+04
2.630700000000000000e+04 2.809400000000000000e+04 2.700500000000000000e+04
2.630800000000000000e+04 2.804900000000000000e+04 2.710200000000000000e+04
2.631000000000000000e+04 2.793000000000000000e+04 2.725900000000000000e+04
2.631100000000000000e+04 2.706000000000000000e+04 2.815500000000000000e+04
2.631100000000000000e+04 2.734100000000000000e+04 2.790800000000000000e+04
2.631200000000000000e+04 2.703000000000000000e+04 2.817600000000000000e+04
2.631300000000000000e+04 2.763900000000000000e+04 2.765600000000000000e+04
2.631500000000000000e+04 2.757500000000000000e+04 2.772300000000000000e+04
2.631500000000000000e+04 2.760100000000000000e+04 2.767400000000000000e+04
2.631500000000000000e+04 2.809300000000000000e+04 2.699500000000000000e+04
2.631600000000000000e+04 2.674500000000000000e+04 2.841400000000000000e+04
2.631600000000000000e+04 2.791200000000000000e+04 2.729900000000000000e+04
2.631600000000000000e+04 2.791800000000000000e+04 2.728700000000000000e+04
2.631700000000000000e+04 2.695600000000000000e+04 2.824200000000000000e+04
2.631700000000000000e+04 2.718200000000000000e+04 2.803200000000000000e+04
2.631700000000000000e+04 2.724700000000000000e+04 2.802100000000000000e+04
2.631700000000000000e+04 2.730600000000000000e+04 2.793000000000000000e+04
2.631800000000000000e+04 2.705500000000000000e+04 2.816800000000000000e+04
2.631900000000000000e+04 2.762600000000000000e+04 2.766200000000000000e+04
2.632100000000000000e+04 2.756700000000000000e+04 2.762700000000000000e+04
2.632100000000000000e+04 2.761200000000000000e+04 2.765600000000000000e+04
2.632200000000000000e+04 2.695000000000000000e+04 2.824100000000000000e+04
2.632200000000000000e+04 2.717400000000000000e+04 2.808500000000000000e+04
2.632300000000000000e+04 2.732600000000000000e+04 2.792200000000000000e+04
2.632300000000000000e+04 2.742400000000000000e+04 2.781200000000000000e+04
2.632300000000000000e+04 2.802400000000000000e+04 2.713700000000000000e+04
2.632400000000000000e+04 2.745000000000000000e+04 2.780200000000000000e+04
2.632400000000000000e+04 2.799400000000000000e+04 2.718200000000000000e+04
2.632700000000000000e+04 2.725400000000000000e+04 2.798900000000000000e+04
2.632700000000000000e+04 2.726100000000000000e+04 2.797600000000000000e+04
2.632700000000000000e+04 2.796200000000000000e+04 2.723200000000000000e+04
2.632900000000000000e+04 2.694100000000000000e+04 2.826700000000000000e+04
2.633000000000000000e+04 2.796100000000000000e+04 2.722900000000000000e+04
2.633000000000000000e+04 2.801200000000000000e+04 2.716400000000000000e+04
2.633100000000000000e+04 2.750700000000000000e+04 2.771800000000000000e+04
2.633200000000000000e+04 2.734500000000000000e+04 2.786900000000000000e+04
2.633200000000000000e+04 2.798400000000000000e+04 2.721800000000000000e+04
2.633300000000000000e+04 2.801100000000000000e+04 2.715300000000000000e+04
2.633400000000000000e+04 2.703700000000000000e+04 2.817200000000000000e+04
2.633400000000000000e+04 2.797700000000000000e+04 2.721300000000000000e+04
2.633500000000000000e+04 2.722900000000000000e+04 2.800300000000000000e+04
2.633500000000000000e+04 2.805800000000000000e+04 2.709500000000000000e+04
2.633600000000000000e+04 2.801700000000000000e+04 2.714800000000000000e+04
2.633700000000000000e+04 2.802300000000000000e+04 2.714000000000000000e+04
2.633800000000000000e+04 2.720900000000000000e+04 2.802500000000000000e+04
2.633800000000000000e+04 2.721200000000000000e+04 2.800400000000000000e+04
2.634000000000000000e+04 2.720900000000000000e+04 2.801900000000000000e+04
2.634100000000000000e+04 2.733600000000000000e+04 2.791500000000000000e+04
2.634100000000000000e+04 2.735600000000000000e+04 2.785600000000000000e+04
2.634100000000000000e+04 2.805800000000000000e+04 2.706500000000000000e+04
2.634100000000000000e+04 2.849100000000000000e+04 2.638200000000000000e+04
2.634200000000000000e+04 2.707600000000000000e+04 2.814700000000000000e+04
2.634200000000000000e+04 2.805300000000000000e+04 2.709900000000000000e+04
2.634300000000000000e+04 2.801900000000000000e+04 2.712600000000000000e+04
2.634300000000000000e+04 2.849400000000000000e+04 2.635600000000000000e+04
2.634400000000000000e+04 2.733300000000000000e+04 2.791600000000000000e+04
2.634400000000000000e+04 2.797900000000000000e+04 2.717800000000000000e+04
2.634400000000000000e+04 2.800400000000000000e+04 2.715500000000000000e+04
2.634500000000000000e+04 2.708100000000000000e+04 2.813200000000000000e+04
2.634500000000000000e+04 2.797400000000000000e+04 2.719300000000000000e+04
2.634600000000000000e+04 2.797300000000000000e+04 2.721800000000000000e+04
2.634700000000000000e+04 2.720600000000000000e+04 2.802300000000000000e+04
2.634700000000000000e+04 2.736300000000000000e+04 2.785100000000000000e+04
2.634700000000000000e+04 2.750500000000000000e+04 2.778200000000000000e+04
2.634700000000000000e+04 2.751400000000000000e+04 2.771400000000000000e+04
2.634700000000000000e+04 2.797800000000000000e+04 2.718500000000000000e+04
2.634800000000000000e+04 2.721300000000000000e+04 2.798900000000000000e+04
2.634800000000000000e+04 2.730100000000000000e+04 2.791500000000000000e+04
2.634800000000000000e+04 2.742900000000000000e+04 2.781100000000000000e+04
2.634900000000000000e+04 2.700600000000000000e+04 2.819900000000000000e+04
2.634900000000000000e+04 2.725300000000000000e+04 2.796900000000000000e+04
2.634900000000000000e+04 2.737500000000000000e+04 2.784300000000000000e+04
2.634900000000000000e+04 2.806000000000000000e+04 2.704400000000000000e+04
2.635000000000000000e+04 2.722000000000000000e+04 2.797800000000000000e+04
2.635000000000000000e+04 2.742100000000000000e+04 2.783600000000000000e+04
2.635000000000000000e+04 2.749200000000000000e+04 2.773000000000000000e+04
2.635000000000000000e+04 2.807700000000000000e+04 2.703000000000000000e+04
2.635200000000000000e+04 2.699700000000000000e+04 2.818100000000000000e+04
2.635300000000000000e+04 2.721200000000000000e+04 2.800100000000000000e+04
2.635300000000000000e+04 2.791900000000000000e+04 2.727300000000000000e+04
2.635300000000000000e+04 2.819600000000000000e+04 2.692900000000000000e+04
2.635300000000000000e+04 2.843000000000000000e+04 2.651000000000000000e+04
2.635400000000000000e+04 2.790600000000000000e+04 2.727400000000000000e+04
2.635500000000000000e+04 2.692600000000000000e+04 2.824100000000000000e+04
2.635600000000000000e+04 2.749800000000000000e+04 2.772700000000000000e+04
2.635600000000000000e+04 2.754400000000000000e+04 2.762300000000000000e+04
2.635600000000000000e+04 2.796600000000000000e+04 2.719500000000000000e+04
2.635600000000000000e+04 2.800600000000000000e+04 2.713700000000000000e+04
2.635800000000000000e+04 2.728300000000000000e+04 2.796600000000000000e+04
2.635800000000000000e+04 2.792200000000000000e+04 2.723000000000000000e+04
2.635900000000000000e+04 2.754200000000000000e+04 2.760900000000000000e+04
2.635900000000000000e+04 2.823500000000000000e+04 2.686800000000000000e+04
2.635900000000000000e+04 2.833100000000000000e+04 2.667200000000000000e+04
2.636000000000000000e+04 2.691100000000000000e+04 2.827200000000000000e+04
2.636000000000000000e+04 2.721900000000000000e+04 2.797500000000000000e+04
2.636000000000000000e+04 2.735300000000000000e+04 2.784700000000000000e+04
2.636000000000000000e+04 2.747100000000000000e+04 2.778100000000000000e+04
2.636000000000000000e+04 2.805700000000000000e+04 2.708300000000000000e+04
2.636100000000000000e+04 2.844900000000000000e+04 2.645100000000000000e+04
2.636200000000000000e+04 2.706900000000000000e+04 2.815300000000000000e+04
2.636400000000000000e+04 2.730100000000000000e+04 2.794400000000000000e+04
2.636500000000000000e+04 2.725100000000000000e+04 2.797400000000000000e+04
2.636600000000000000e+04 2.700000000000000000e+04 2.817500000000000000e+04
2.636600000000000000e+04 2.753100000000000000e+04 2.762100000000000000e+04
2.636600000000000000e+04 2.797400000000000000e+04 2.716800000000000000e+04
2.636600000000000000e+04 2.805500000000000000e+04 2.705200000000000000e+04
2.636700000000000000e+04 2.705000000000000000e+04 2.815900000000000000e+04
2.636700000000000000e+04 2.734200000000000000e+04 2.788700000000000000e+04
2.636700000000000000e+04 2.806000000000000000e+04 2.703400000000000000e+04
2.636800000000000000e+04 2.735400000000000000e+04 2.784000000000000000e+04
2.636800000000000000e+04 2.749100000000000000e+04 2.765400000000000000e+04
2.636900000000000000e+04 2.706000000000000000e+04 2.815800000000000000e+04
2.637000000000000000e+04 2.691300000000000000e+04 2.825500000000000000e+04
2.637100000000000000e+04 2.818400000000000000e+04 2.689300000000000000e+04
2.637100000000000000e+04 2.823000000000000000e+04 2.687900000000000000e+04
2.637300000000000000e+04 2.715800000000000000e+04 2.808100000000000000e+04
2.637300000000000000e+04 2.848200000000000000e+04 2.638100000000000000e+04
2.637400000000000000e+04 2.709000000000000000e+04 2.811100000000000000e+04
2.637400000000000000e+04 2.764100000000000000e+04 2.760600000000000000e+04
2.637400000000000000e+04 2.833100000000000000e+04 2.666800000000000000e+04
2.637400000000000000e+04 2.837500000000000000e+04 2.657600000000000000e+04
2.637500000000000000e+04 2.732600000000000000e+04 2.790100000000000000e+04
2.637500000000000000e+04 2.815900000000000000e+04 2.698400000000000000e+04
2.637500000000000000e+04 2.847000000000000000e+04 2.642100000000000000e+04
2.637700000000000000e+04 2.749100000000000000e+04 2.772600000000000000e+04
2.637700000000000000e+04 2.823300000000000000e+04 2.683000000000000000e+04
2.637800000000000000e+04 2.704800000000000000e+04 2.817000000000000000e+04
2.637800000000000000e+04 2.720600000000000000e+04 2.800400000000000000e+04
2.637800000000000000e+04 2.737100000000000000e+04 2.781500000000000000e+04
2.637800000000000000e+04 2.817200000000000000e+04 2.694000000000000000e+04
2.637800000000000000e+04 2.836700000000000000e+04 2.657700000000000000e+04
2.637900000000000000e+04 2.706000000000000000e+04 2.815100000000000000e+04
2.637900000000000000e+04 2.844200000000000000e+04 2.645400000000000000e+04
2.638000000000000000e+04 2.743900000000000000e+04 2.780900000000000000e+04
2.638000000000000000e+04 2.756400000000000000e+04 2.760300000000000000e+04
2.638000000000000000e+04 2.819000000000000000e+04 2.688700000000000000e+04
2.638000000000000000e+04 2.842200000000000000e+04 2.653200000000000000e+04
2.638100000000000000e+04 2.708600000000000000e+04 2.811500000000000000e+04
2.638100000000000000e+04 2.828100000000000000e+04 2.678800000000000000e+04
2.638300000000000000e+04 2.820800000000000000e+04 2.686400000000000000e+04
2.638400000000000000e+04 2.709800000000000000e+04 2.809700000000000000e+04
2.638500000000000000e+04 2.781600000000000000e+04 2.737900000000000000e+04
2.638500000000000000e+04 2.823600000000000000e+04 2.680800000000000000e+04
2.638600000000000000e+04 2.707600000000000000e+04 2.814700000000000000e+04
2.638600000000000000e+04 2.847700000000000000e+04 2.639900000000000000e+04
2.638700000000000000e+04 2.699800000000000000e+04 2.817100000000000000e+04
2.638800000000000000e+04 2.706100000000000000e+04 2.814700000000000000e+04
2.638800000000000000e+04 2.805000000000000000e+04 2.707600000000000000e+04
2.638800000000000000e+04 2.825600000000000000e+04 2.678100000000000000e+04
2.638800000000000000e+04 2.844100000000000000e+04 2.645000000000000000e+04
2.638900000000000000e+04 2.705200000000000000e+04 2.815600000000000000e+04
2.638900000000000000e+04 2.784400000000000000e+04 2.733100000000000000e+04
2.639000000000000000e+04 2.705800000000000000e+04 2.814800000000000000e+04
2.639100000000000000e+04 2.753400000000000000e+04 2.761200000000000000e+04
2.639100000000000000e+04 2.847800000000000000e+04 2.639400000000000000e+04
2.639200000000000000e+04 2.708300000000000000e+04 2.808600000000000000e+04
2.639200000000000000e+04 2.830700000000000000e+04 2.669800000000000000e+04
2.639300000000000000e+04 2.805700000000000000e+04 2.703700000000000000e+04
2.639400000000000000e+04 2.735200000000000000e+04 2.783200000000000000e+04
2.639400000000000000e+04 2.747500000000000000e+04 2.766600000000000000e+04
2.639500000000000000e+04 2.691400000000000000e+04 2.824600000000000000e+04
2.639500000000000000e+04 2.893600000000000000e+04 2.530600000000000000e+04
2.639600000000000000e+04 2.835600000000000000e+04 2.660000000000000000e+04
2.639600000000000000e+04 2.843600000000000000e+04 2.649000000000000000e+04
2.639700000000000000e+04 2.833900000000000000e+04 2.661900000000000000e+04
2.639700000000000000e+04 2.844000000000000000e+04 2.646900000000000000e+04
2.639800000000000000e+04 2.700700000000000000e+04 2.816500000000000000e+04
2.639900000000000000e+04 2.835200000000000000e+04 2.660100000000000000e+04
2.640000000000000000e+04 2.708000000000000000e+04 2.808600000000000000e+04
2.640000000000000000e+04 2.803300000000000000e+04 2.709900000000000000e+04
2.640000000000000000e+04 2.805200000000000000e+04 2.704100000000000000e+04
2.640000000000000000e+04 2.845500000000000000e+04 2.644500000000000000e+04
2.640100000000000000e+04 2.801300000000000000e+04 2.711700000000000000e+04
2.640200000000000000e+04 2.841800000000000000e+04 2.649700000000000000e+04
2.640300000000000000e+04 2.821800000000000000e+04 2.685400000000000000e+04
2.640600000000000000e+04 2.702100000000000000e+04 2.816200000000000000e+04
2.640700000000000000e+04 2.826400000000000000e+04 2.677300000000000000e+04
2.640700000000000000e+04 2.832100000000000000e+04 2.666800000000000000e+04
2.640800000000000000e+04 2.705100000000000000e+04 2.814400000000000000e+04
2.640800000000000000e+04 2.804400000000000000e+04 2.704700000000000000e+04
2.641000000000000000e+04 2.800100000000000000e+04 2.713800000000000000e+04
2.641000000000000000e+04 2.836500000000000000e+04 2.658800000000000000e+04
2.641100000000000000e+04 2.750300000000000000e+04 2.764300000000000000e+04
2.641200000000000000e+04 2.822500000000000000e+04 2.680500000000000000e+04
2.641300000000000000e+04 2.889700000000000000e+04 2.540900000000000000e+04
2.641400000000000000e+04 2.835200000000000000e+04 2.660800000000000000e+04
2.641600000000000000e+04 2.829900000000000000e+04 2.670100000000000000e+04
2.641600000000000000e+04 2.854900000000000000e+04 2.624900000000000000e+04
2.641700000000000000e+04 2.893200000000000000e+04 2.530500000000000000e+04
2.641800000000000000e+04 2.742600000000000000e+04 2.777900000000000000e+04
2.641800000000000000e+04 2.815600000000000000e+04 2.694200000000000000e+04
2.641800000000000000e+04 2.822000000000000000e+04 2.681100000000000000e+04
2.641900000000000000e+04 2.836000000000000000e+04 2.656000000000000000e+04
2.642000000000000000e+04 2.841700000000000000e+04 2.650400000000000000e+04
2.642100000000000000e+04 2.816700000000000000e+04 2.693600000000000000e+04
2.642100000000000000e+04 2.829100000000000000e+04 2.673200000000000000e+04
2.642100000000000000e+04 2.893600000000000000e+04 2.526600000000000000e+04
2.642200000000000000e+04 2.746700000000000000e+04 2.766600000000000000e+04
2.642200000000000000e+04 2.820800000000000000e+04 2.681100000000000000e+04
2.642300000000000000e+04 2.733600000000000000e+04 2.777900000000000000e+04
2.642300000000000000e+04 2.735500000000000000e+04 2.777400000000000000e+04
2.642300000000000000e+04 2.891900000000000000e+04 2.535600000000000000e+04
2.642400000000000000e+04 2.732600000000000000e+04 2.787700000000000000e+04
2.642500000000000000e+04 2.765200000000000000e+04 2.759100000000000000e+04
2.642500000000000000e+04 2.828100000000000000e+04 2.676300000000000000e+04
2.642500000000000000e+04 2.831800000000000000e+04 2.669400000000000000e+04
2.642600000000000000e+04 2.748000000000000000e+04 2.762900000000000000e+04
2.642700000000000000e+04 2.843900000000000000e+04 2.648400000000000000e+04
2.642800000000000000e+04 2.799900000000000000e+04 2.716500000000000000e+04
2.642800000000000000e+04 2.834400000000000000e+04 2.660600000000000000e+04
2.642900000000000000e+04 2.828300000000000000e+04 2.671900000000000000e+04
2.642900000000000000e+04 2.829500000000000000e+04 2.669700000000000000e+04
2.642900000000000000e+04 2.847600000000000000e+04 2.641200000000000000e+04
2.643000000000000000e+04 2.733100000000000000e+04 2.778300000000000000e+04
2.643000000000000000e+04 2.763300000000000000e+04 2.759800000000000000e+04
2.643000000000000000e+04 2.816000000000000000e+04 2.692600000000000000e+04
2.643000000000000000e+04 2.826100000000000000e+04 2.677800000000000000e+04
2.643000000000000000e+04 2.829100000000000000e+04 2.670700000000000000e+04
2.643100000000000000e+04 2.816200000000000000e+04 2.687900000000000000e+04
2.643100000000000000e+04 2.819800000000000000e+04 2.680900000000000000e+04
2.643200000000000000e+04 2.846800000000000000e+04 2.643700000000000000e+04
2.643200000000000000e+04 2.891900000000000000e+04 2.534400000000000000e+04
2.643300000000000000e+04 2.744400000000000000e+04 2.765800000000000000e+04
2.643300000000000000e+04 2.897400000000000000e+04 2.512700000000000000e+04
2.643400000000000000e+04 2.892700000000000000e+04 2.522400000000000000e+04
2.643500000000000000e+04 2.730000000000000000e+04 2.788100000000000000e+04
2.643500000000000000e+04 2.748600000000000000e+04 2.760700000000000000e+04
2.643600000000000000e+04 2.885600000000000000e+04 2.564600000000000000e+04
2.643700000000000000e+04 2.828800000000000000e+04 2.669000000000000000e+04
2.643800000000000000e+04 2.747800000000000000e+04 2.761000000000000000e+04
2.643800000000000000e+04 2.783600000000000000e+04 2.737500000000000000e+04
2.643800000000000000e+04 2.897500000000000000e+04 2.506400000000000000e+04
2.643900000000000000e+04 2.824400000000000000e+04 2.679100000000000000e+04
2.643900000000000000e+04 2.881400000000000000e+04 2.564100000000000000e+04
2.644100000000000000e+04 2.745100000000000000e+04 2.764900000000000000e+04
2.644100000000000000e+04 2.835300000000000000e+04 2.655100000000000000e+04
2.644200000000000000e+04 2.828700000000000000e+04 2.669300000000000000e+04
2.644200000000000000e+04 2.840400000000000000e+04 2.649900000000000000e+04
2.644200000000000000e+04 2.884400000000000000e+04 2.558500000000000000e+04
2.644300000000000000e+04 2.742700000000000000e+04 2.765100000000000000e+04
2.644300000000000000e+04 2.819300000000000000e+04 2.681000000000000000e+04
2.644400000000000000e+04 2.782600000000000000e+04 2.733500000000000000e+04
2.644400000000000000e+04 2.828600000000000000e+04 2.669200000000000000e+04
2.644500000000000000e+04 2.833500000000000000e+04 2.665200000000000000e+04
2.644500000000000000e+04 2.892400000000000000e+04 2.528400000000000000e+04
2.644700000000000000e+04 2.810400000000000000e+04 2.699200000000000000e+04
2.644700000000000000e+04 2.889600000000000000e+04 2.529100000000000000e+04
2.644800000000000000e+04 2.730800000000000000e+04 2.777300000000000000e+04
2.644900000000000000e+04 2.884000000000000000e+04 2.558300000000000000e+04
2.644900000000000000e+04 2.884700000000000000e+04 2.554100000000000000e+04
2.644900000000000000e+04 2.891900000000000000e+04 2.527500000000000000e+04
2.645000000000000000e+04 2.748200000000000000e+04 2.760200000000000000e+04
2.645100000000000000e+04 2.837800000000000000e+04 2.655100000000000000e+04
2.645200000000000000e+04 2.829700000000000000e+04 2.668400000000000000e+04
2.645300000000000000e+04 2.834900000000000000e+04 2.659800000000000000e+04
2.645400000000000000e+04 2.801500000000000000e+04 2.710700000000000000e+04
2.645500000000000000e+04 2.833900000000000000e+04 2.661500000000000000e+04
2.645500000000000000e+04 2.835000000000000000e+04 2.659100000000000000e+04
2.645500000000000000e+04 2.844200000000000000e+04 2.642900000000000000e+04
2.645600000000000000e+04 2.807600000000000000e+04 2.701000000000000000e+04
2.645600000000000000e+04 2.872500000000000000e+04 2.592000000000000000e+04
2.645700000000000000e+04 2.830700000000000000e+04 2.668100000000000000e+04
2.645800000000000000e+04 2.828100000000000000e+04 2.671200000000000000e+04
2.645800000000000000e+04 2.832300000000000000e+04 2.666400000000000000e+04
2.645800000000000000e+04 2.832700000000000000e+04 2.663100000000000000e+04
2.645900000000000000e+04 2.809300000000000000e+04 2.697700000000000000e+04
2.646000000000000000e+04 2.832000000000000000e+04 2.663700000000000000e+04
2.646000000000000000e+04 2.833800000000000000e+04 2.658900000000000000e+04
2.646000000000000000e+04 2.834300000000000000e+04 2.658900000000000000e+04
2.646200000000000000e+04 2.747700000000000000e+04 2.763000000000000000e+04
2.646200000000000000e+04 2.871300000000000000e+04 2.594300000000000000e+04
2.646300000000000000e+04 2.818200000000000000e+04 2.686300000000000000e+04
2.646300000000000000e+04 2.834600000000000000e+04 2.657200000000000000e+04
2.646300000000000000e+04 2.835200000000000000e+04 2.657600000000000000e+04
2.646300000000000000e+04 2.889300000000000000e+04 2.540700000000000000e+04
2.646400000000000000e+04 2.838600000000000000e+04 2.654200000000000000e+04
2.646400000000000000e+04 2.883900000000000000e+04 2.559200000000000000e+04
2.646400000000000000e+04 2.896000000000000000e+04 2.508900000000000000e+04
2.646500000000000000e+04 2.841300000000000000e+04 2.649300000000000000e+04
2.646500000000000000e+04 2.896800000000000000e+04 2.507400000000000000e+04
2.646600000000000000e+04 2.829700000000000000e+04 2.667100000000000000e+04
2.646600000000000000e+04 2.873100000000000000e+04 2.591900000000000000e+04
2.646800000000000000e+04 2.787000000000000000e+04 2.729500000000000000e+04
2.646800000000000000e+04 2.833700000000000000e+04 2.658200000000000000e+04
2.646900000000000000e+04 2.771900000000000000e+04 2.751700000000000000e+04
2.646900000000000000e+04 2.782300000000000000e+04 2.732800000000000000e+04
2.646900000000000000e+04 2.806700000000000000e+04 2.700900000000000000e+04
2.646900000000000000e+04 2.834700000000000000e+04 2.655500000000000000e+04
2.647000000000000000e+04 2.766400000000000000e+04 2.756500000000000000e+04
2.647000000000000000e+04 2.805900000000000000e+04 2.701000000000000000e+04
2.647000000000000000e+04 2.894700000000000000e+04 2.518800000000000000e+04
2.647100000000000000e+04 2.734500000000000000e+04 2.775000000000000000e+04
2.647100000000000000e+04 2.773200000000000000e+04 2.750200000000000000e+04
2.647100000000000000e+04 2.774800000000000000e+04 2.746700000000000000e+04
2.647100000000000000e+04 2.830900000000000000e+04 2.664200000000000000e+04
2.647100000000000000e+04 2.871600000000000000e+04 2.591600000000000000e+04
2.647200000000000000e+04 2.781400000000000000e+04 2.739600000000000000e+04
2.647300000000000000e+04 2.870200000000000000e+04 2.601900000000000000e+04
2.647300000000000000e+04 2.871000000000000000e+04 2.597600000000000000e+04
2.647300000000000000e+04 2.893200000000000000e+04 2.519000000000000000e+04
2.647400000000000000e+04 2.849800000000000000e+04 2.633700000000000000e+04
2.647500000000000000e+04 2.746800000000000000e+04 2.760500000000000000e+04
2.647500000000000000e+04 2.774000000000000000e+04 2.749700000000000000e+04
2.647500000000000000e+04 2.886700000000000000e+04 2.548900000000000000e+04
2.647500000000000000e+04 2.892800000000000000e+04 2.519100000000000000e+04
2.647600000000000000e+04 2.783400000000000000e+04 2.732500000000000000e+04
2.647700000000000000e+04 2.831900000000000000e+04 2.662800000000000000e+04
2.647700000000000000e+04 2.835000000000000000e+04 2.655200000000000000e+04
2.647700000000000000e+04 2.864100000000000000e+04 2.609500000000000000e+04
2.647800000000000000e+04 2.827900000000000000e+04 2.672900000000000000e+04
2.647800000000000000e+04 2.833100000000000000e+04 2.662000000000000000e+04
2.647900000000000000e+04 2.764200000000000000e+04 2.758500000000000000e+04
2.647900000000000000e+04 2.769500000000000000e+04 2.755300000000000000e+04
2.647900000000000000e+04 2.906500000000000000e+04 2.474700000000000000e+04
2.648000000000000000e+04 2.781400000000000000e+04 2.735500000000000000e+04
2.648000000000000000e+04 2.896400000000000000e+04 2.508000000000000000e+04
2.648100000000000000e+04 2.819200000000000000e+04 2.685900000000000000e+04
2.648100000000000000e+04 2.884600000000000000e+04 2.556100000000000000e+04
2.648200000000000000e+04 2.894500000000000000e+04 2.514700000000000000e+04
2.648300000000000000e+04 2.869600000000000000e+04 2.603600000000000000e+04
2.648300000000000000e+04 2.893800000000000000e+04 2.516900000000000000e+04
2.648400000000000000e+04 2.767500000000000000e+04 2.755000000000000000e+04
2.648400000000000000e+04 2.860400000000000000e+04 2.618300000000000000e+04
2.648400000000000000e+04 2.893700000000000000e+04 2.511300000000000000e+04
2.648400000000000000e+04 2.905500000000000000e+04 2.479500000000000000e+04
2.648500000000000000e+04 2.766500000000000000e+04 2.752600000000000000e+04
2.648500000000000000e+04 2.779300000000000000e+04 2.740900000000000000e+04
2.648700000000000000e+04 2.871200000000000000e+04 2.594600000000000000e+04
2.648800000000000000e+04 2.892400000000000000e+04 2.521300000000000000e+04
2.648800000000000000e+04 2.892900000000000000e+04 2.518600000000000000e+04
2.648900000000000000e+04 2.773000000000000000e+04 2.748500000000000000e+04
2.648900000000000000e+04 2.777400000000000000e+04 2.742000000000000000e+04
2.648900000000000000e+04 2.832300000000000000e+04 2.662700000000000000e+04
2.649000000000000000e+04 2.869800000000000000e+04 2.598500000000000000e+04
2.649100000000000000e+04 2.868900000000000000e+04 2.606100000000000000e+04
2.649100000000000000e+04 2.881300000000000000e+04 2.564300000000000000e+04
2.649100000000000000e+04 2.905400000000000000e+04 2.473000000000000000e+04
2.649200000000000000e+04 2.764300000000000000e+04 2.755700000000000000e+04
2.649200000000000000e+04 2.883400000000000000e+04 2.555800000000000000e+04
2.649200000000000000e+04 2.887900000000000000e+04 2.545900000000000000e+04
2.649200000000000000e+04 2.893500000000000000e+04 2.512200000000000000e+04
2.649300000000000000e+04 2.776600000000000000e+04 2.744500000000000000e+04
2.649300000000000000e+04 2.779200000000000000e+04 2.741900000000000000e+04
2.649300000000000000e+04 2.869600000000000000e+04 2.600100000000000000e+04
2.649400000000000000e+04 2.798500000000000000e+04 2.715900000000000000e+04
2.649400000000000000e+04 2.808800000000000000e+04 2.699800000000000000e+04
2.649400000000000000e+04 2.899400000000000000e+04 2.491900000000000000e+04
2.649500000000000000e+04 2.751000000000000000e+04 2.755900000000000000e+04
2.649500000000000000e+04 2.772500000000000000e+04 2.748200000000000000e+04
2.649500000000000000e+04 2.779200000000000000e+04 2.741300000000000000e+04
2.649500000000000000e+04 2.779600000000000000e+04 2.739600000000000000e+04
2.649500000000000000e+04 2.801200000000000000e+04 2.708700000000000000e+04
2.649500000000000000e+04 2.843400000000000000e+04 2.648600000000000000e+04
2.649500000000000000e+04 2.864400000000000000e+04 2.605100000000000000e+04
2.649700000000000000e+04 2.811800000000000000e+04 2.693700000000000000e+04
2.649700000000000000e+04 2.858700000000000000e+04 2.619500000000000000e+04
2.649700000000000000e+04 2.905200000000000000e+04 2.480000000000000000e+04
2.649800000000000000e+04 2.774600000000000000e+04 2.748100000000000000e+04
2.649900000000000000e+04 2.771000000000000000e+04 2.750600000000000000e+04
2.649900000000000000e+04 2.773800000000000000e+04 2.745800000000000000e+04
2.649900000000000000e+04 2.780300000000000000e+04 2.735800000000000000e+04
2.650000000000000000e+04 2.779500000000000000e+04 2.739100000000000000e+04
2.650100000000000000e+04 2.901700000000000000e+04 2.489300000000000000e+04
2.650300000000000000e+04 2.772500000000000000e+04 2.747900000000000000e+04
2.650300000000000000e+04 2.826200000000000000e+04 2.674500000000000000e+04
2.650300000000000000e+04 2.897300000000000000e+04 2.506100000000000000e+04
2.650300000000000000e+04 2.903300000000000000e+04 2.488800000000000000e+04
2.650300000000000000e+04 2.905200000000000000e+04 2.475800000000000000e+04
2.650400000000000000e+04 2.770600000000000000e+04 2.749400000000000000e+04
2.650500000000000000e+04 2.766100000000000000e+04 2.755000000000000000e+04
2.650500000000000000e+04 2.862800000000000000e+04 2.614700000000000000e+04
2.650500000000000000e+04 2.905300000000000000e+04 2.472100000000000000e+04
2.650600000000000000e+04 2.869400000000000000e+04 2.602700000000000000e+04
2.650700000000000000e+04 2.775600000000000000e+04 2.744800000000000000e+04
2.650700000000000000e+04 2.843200000000000000e+04 2.644400000000000000e+04
2.650800000000000000e+04 2.801000000000000000e+04 2.711800000000000000e+04
2.650800000000000000e+04 2.801800000000000000e+04 2.703600000000000000e+04
2.650900000000000000e+04 2.801500000000000000e+04 2.705700000000000000e+04
2.651000000000000000e+04 2.886300000000000000e+04 2.553200000000000000e+04
2.651000000000000000e+04 2.893300000000000000e+04 2.514900000000000000e+04
2.651000000000000000e+04 2.898700000000000000e+04 2.501500000000000000e+04
2.651000000000000000e+04 2.905000000000000000e+04 2.478900000000000000e+04
2.651100000000000000e+04 2.807100000000000000e+04 2.700800000000000000e+04
2.651100000000000000e+04 2.809700000000000000e+04 2.695600000000000000e+04
2.651100000000000000e+04 2.893600000000000000e+04 2.511100000000000000e+04
2.651100000000000000e+04 2.899700000000000000e+04 2.491300000000000000e+04
2.651200000000000000e+04 2.778400000000000000e+04 2.741400000000000000e+04
2.651200000000000000e+04 2.882800000000000000e+04 2.563600000000000000e+04
2.651300000000000000e+04 2.788500000000000000e+04 2.729100000000000000e+04
2.651300000000000000e+04 2.818100000000000000e+04 2.682600000000000000e+04
2.651300000000000000e+04 2.870500000000000000e+04 2.595200000000000000e+04
2.651300000000000000e+04 2.907600000000000000e+04 2.459200000000000000e+04
2.651400000000000000e+04 2.874400000000000000e+04 2.586500000000000000e+04
2.651400000000000000e+04 2.878500000000000000e+04 2.573800000000000000e+04
2.651400000000000000e+04 2.881900000000000000e+04 2.556900000000000000e+04
2.651400000000000000e+04 2.889000000000000000e+04 2.522600000000000000e+04
2.651400000000000000e+04 2.905300000000000000e+04 2.471500000000000000e+04
2.651500000000000000e+04 2.778700000000000000e+04 2.739300000000000000e+04
2.651500000000000000e+04 2.788600000000000000e+04 2.727200000000000000e+04
2.651500000000000000e+04 2.859300000000000000e+04 2.619000000000000000e+04
2.651500000000000000e+04 2.877400000000000000e+04 2.575000000000000000e+04
2.651500000000000000e+04 2.878200000000000000e+04 2.570700000000000000e+04
2.651500000000000000e+04 2.897700000000000000e+04 2.503200000000000000e+04
2.651500000000000000e+04 2.907200000000000000e+04 2.456600000000000000e+04
2.651600000000000000e+04 2.776200000000000000e+04 2.740200000000000000e+04
2.651600000000000000e+04 2.840900000000000000e+04 2.646000000000000000e+04
2.651600000000000000e+04 2.864200000000000000e+04 2.606800000000000000e+04
2.651700000000000000e+04 2.858800000000000000e+04 2.618900000000000000e+04
2.651800000000000000e+04 2.799800000000000000e+04 2.712700000000000000e+04
2.651800000000000000e+04 2.838100000000000000e+04 2.650100000000000000e+04
2.651800000000000000e+04 2.864400000000000000e+04 2.606500000000000000e+04
2.651800000000000000e+04 2.901300000000000000e+04 2.483300000000000000e+04
2.652000000000000000e+04 2.859000000000000000e+04 2.616400000000000000e+04
2.652000000000000000e+04 2.861300000000000000e+04 2.613500000000000000e+04
2.652000000000000000e+04 2.906800000000000000e+04 2.460000000000000000e+04
2.652100000000000000e+04 2.868400000000000000e+04 2.602400000000000000e+04
2.652100000000000000e+04 2.884100000000000000e+04 2.553300000000000000e+04
2.652200000000000000e+04 2.870000000000000000e+04 2.596400000000000000e+04
2.652200000000000000e+04 2.877100000000000000e+04 2.581500000000000000e+04
2.652200000000000000e+04 2.881700000000000000e+04 2.552900000000000000e+04
2.652300000000000000e+04 2.840500000000000000e+04 2.646500000000000000e+04
2.652300000000000000e+04 2.864100000000000000e+04 2.605800000000000000e+04
2.652400000000000000e+04 2.897900000000000000e+04 2.497400000000000000e+04
2.652400000000000000e+04 2.900800000000000000e+04 2.489000000000000000e+04
2.652400000000000000e+04 2.905500000000000000e+04 2.471300000000000000e+04
2.652600000000000000e+04 2.774200000000000000e+04 2.744700000000000000e+04
2.652600000000000000e+04 2.804700000000000000e+04 2.701800000000000000e+04
2.652600000000000000e+04 2.858200000000000000e+04 2.617600000000000000e+04
2.652700000000000000e+04 2.801100000000000000e+04 2.708500000000000000e+04
2.652700000000000000e+04 2.904400000000000000e+04 2.481700000000000000e+04
2.652800000000000000e+04 2.786800000000000000e+04 2.731800000000000000e+04
2.652800000000000000e+04 2.839800000000000000e+04 2.649200000000000000e+04
2.652800000000000000e+04 2.869100000000000000e+04 2.599000000000000000e+04
2.652900000000000000e+04 2.829400000000000000e+04 2.666400000000000000e+04
2.652900000000000000e+04 2.843300000000000000e+04 2.643700000000000000e+04
2.653000000000000000e+04 2.892700000000000000e+04 2.515800000000000000e+04
2.653000000000000000e+04 2.905100000000000000e+04 2.468200000000000000e+04
2.653100000000000000e+04 2.773200000000000000e+04 2.746700000000000000e+04
2.653100000000000000e+04 2.869100000000000000e+04 2.595500000000000000e+04
2.653200000000000000e+04 2.834800000000000000e+04 2.655200000000000000e+04
2.653200000000000000e+04 2.875600000000000000e+04 2.583500000000000000e+04
2.653300000000000000e+04 2.839900000000000000e+04 2.648900000000000000e+04
2.653300000000000000e+04 2.876100000000000000e+04 2.580700000000000000e+04
2.653300000000000000e+04 2.901300000000000000e+04 2.488600000000000000e+04
2.653400000000000000e+04 2.833500000000000000e+04 2.659500000000000000e+04
2.653400000000000000e+04 2.844000000000000000e+04 2.642100000000000000e+04
2.653400000000000000e+04 2.865000000000000000e+04 2.601200000000000000e+04
2.653500000000000000e+04 2.776100000000000000e+04 2.743400000000000000e+04
2.653500000000000000e+04 2.885500000000000000e+04 2.546700000000000000e+04
2.653500000000000000e+04 2.908200000000000000e+04 2.442900000000000000e+04
2.653600000000000000e+04 2.785700000000000000e+04 2.730500000000000000e+04
2.653600000000000000e+04 2.798800000000000000e+04 2.711800000000000000e+04
2.653600000000000000e+04 2.830500000000000000e+04 2.664900000000000000e+04
2.653600000000000000e+04 2.854800000000000000e+04 2.628200000000000000e+04
2.653600000000000000e+04 2.864400000000000000e+04 2.604500000000000000e+04
2.653600000000000000e+04 2.882400000000000000e+04 2.550400000000000000e+04
2.653600000000000000e+04 2.900800000000000000e+04 2.487000000000000000e+04
2.653700000000000000e+04 2.860400000000000000e+04 2.613000000000000000e+04
2.653900000000000000e+04 2.849800000000000000e+04 2.635600000000000000e+04
2.654000000000000000e+04 2.829900000000000000e+04 2.664500000000000000e+04
2.654100000000000000e+04 2.857600000000000000e+04 2.621400000000000000e+04
2.654200000000000000e+04 2.790100000000000000e+04 2.726600000000000000e+04
2.654200000000000000e+04 2.904800000000000000e+04 2.480400000000000000e+04
2.654300000000000000e+04 2.872000000000000000e+04 2.590500000000000000e+04
2.654300000000000000e+04 2.875500000000000000e+04 2.580500000000000000e+04
2.654300000000000000e+04 2.876500000000000000e+04 2.579800000000000000e+04
2.654300000000000000e+04 2.898900000000000000e+04 2.493700000000000000e+04
2.654400000000000000e+04 2.870200000000000000e+04 2.590100000000000000e+04
2.654400000000000000e+04 2.897400000000000000e+04 2.505600000000000000e+04
2.654400000000000000e+04 2.908100000000000000e+04 2.446300000000000000e+04
2.654500000000000000e+04 2.829800000000000000e+04 2.665500000000000000e+04
2.654500000000000000e+04 2.848500000000000000e+04 2.637900000000000000e+04
2.654500000000000000e+04 2.862300000000000000e+04 2.611900000000000000e+04
2.654500000000000000e+04 2.892500000000000000e+04 2.512200000000000000e+04
2.654500000000000000e+04 2.897700000000000000e+04 2.498000000000000000e+04
2.654600000000000000e+04 2.773000000000000000e+04 2.746400000000000000e+04
2.654600000000000000e+04 2.876100000000000000e+04 2.580300000000000000e+04
2.654700000000000000e+04 2.852400000000000000e+04 2.631300000000000000e+04
2.654700000000000000e+04 2.875100000000000000e+04 2.579900000000000000e+04
2.654700000000000000e+04 2.897700000000000000e+04 2.500000000000000000e+04
2.654800000000000000e+04 2.770800000000000000e+04 2.748100000000000000e+04
2.654800000000000000e+04 2.875400000000000000e+04 2.578000000000000000e+04
2.654900000000000000e+04 2.808100000000000000e+04 2.698100000000000000e+04
2.654900000000000000e+04 2.832200000000000000e+04 2.661700000000000000e+04
2.654900000000000000e+04 2.852400000000000000e+04 2.629200000000000000e+04
2.654900000000000000e+04 2.887700000000000000e+04 2.525000000000000000e+04
2.654900000000000000e+04 2.899000000000000000e+04 2.490900000000000000e+04
2.655000000000000000e+04 2.847800000000000000e+04 2.637000000000000000e+04
2.655000000000000000e+04 2.872100000000000000e+04 2.588100000000000000e+04
2.655000000000000000e+04 2.880700000000000000e+04 2.560900000000000000e+04
2.655200000000000000e+04 2.788200000000000000e+04 2.729300000000000000e+04
2.655200000000000000e+04 2.880000000000000000e+04 2.569000000000000000e+04
2.655200000000000000e+04 2.887600000000000000e+04 2.527700000000000000e+04
2.655300000000000000e+04 2.847500000000000000e+04 2.641800000000000000e+04
2.655300000000000000e+04 2.868900000000000000e+04 2.596700000000000000e+04
2.655300000000000000e+04 2.879600000000000000e+04 2.559400000000000000e+04
2.655300000000000000e+04 2.906300000000000000e+04 2.465400000000000000e+04
2.655400000000000000e+04 2.771200000000000000e+04 2.729000000000000000e+04
2.655400000000000000e+04 2.881500000000000000e+04 2.550900000000000000e+04
2.655400000000000000e+04 2.905000000000000000e+04 2.475900000000000000e+04
2.655500000000000000e+04 2.792100000000000000e+04 2.723900000000000000e+04
2.655500000000000000e+04 2.871900000000000000e+04 2.580500000000000000e+04
2.655500000000000000e+04 2.874600000000000000e+04 2.584500000000000000e+04
2.655600000000000000e+04 2.905800000000000000e+04 2.461100000000000000e+04
2.655600000000000000e+04 2.907400000000000000e+04 2.454600000000000000e+04
2.655700000000000000e+04 2.843300000000000000e+04 2.641600000000000000e+04
2.655700000000000000e+04 2.896400000000000000e+04 2.501800000000000000e+04
2.655700000000000000e+04 2.899300000000000000e+04 2.488100000000000000e+04
2.655900000000000000e+04 2.876900000000000000e+04 2.569200000000000000e+04
2.655900000000000000e+04 2.879200000000000000e+04 2.559900000000000000e+04
2.655900000000000000e+04 2.898700000000000000e+04 2.493700000000000000e+04
2.655900000000000000e+04 2.911500000000000000e+04 2.433100000000000000e+04
2.656000000000000000e+04 2.843900000000000000e+04 2.641100000000000000e+04
2.656100000000000000e+04 2.853800000000000000e+04 2.627900000000000000e+04
2.656100000000000000e+04 2.871200000000000000e+04 2.587100000000000000e+04
2.656300000000000000e+04 2.847700000000000000e+04 2.633800000000000000e+04
2.656300000000000000e+04 2.864900000000000000e+04 2.604500000000000000e+04
2.656300000000000000e+04 2.880100000000000000e+04 2.549200000000000000e+04
2.656400000000000000e+04 2.849300000000000000e+04 2.632000000000000000e+04
2.656400000000000000e+04 2.881600000000000000e+04 2.547900000000000000e+04
2.656500000000000000e+04 2.856300000000000000e+04 2.624800000000000000e+04
2.656500000000000000e+04 2.898100000000000000e+04 2.493000000000000000e+04
2.656600000000000000e+04 2.863200000000000000e+04 2.608900000000000000e+04
2.656600000000000000e+04 2.869600000000000000e+04 2.583400000000000000e+04
2.656700000000000000e+04 2.840500000000000000e+04 2.645600000000000000e+04
2.656700000000000000e+04 2.841300000000000000e+04 2.643700000000000000e+04
2.656700000000000000e+04 2.902900000000000000e+04 2.479800000000000000e+04
2.656700000000000000e+04 2.907700000000000000e+04 2.443800000000000000e+04
2.656800000000000000e+04 2.840400000000000000e+04 2.648700000000000000e+04
2.656800000000000000e+04 2.875300000000000000e+04 2.579600000000000000e+04
2.656800000000000000e+04 2.904900000000000000e+04 2.473900000000000000e+04
2.656900000000000000e+04 2.826700000000000000e+04 2.670800000000000000e+04
2.656900000000000000e+04 2.847100000000000000e+04 2.637800000000000000e+04
2.657000000000000000e+04 2.809100000000000000e+04 2.697300000000000000e+04
2.657000000000000000e+04 2.853200000000000000e+04 2.629100000000000000e+04
2.657000000000000000e+04 2.860500000000000000e+04 2.609900000000000000e+04
2.657000000000000000e+04 2.867600000000000000e+04 2.593000000000000000e+04
2.657100000000000000e+04 2.847800000000000000e+04 2.632800000000000000e+04
2.657100000000000000e+04 2.855900000000000000e+04 2.624000000000000000e+04
2.657200000000000000e+04 2.807100000000000000e+04 2.698200000000000000e+04
2.657200000000000000e+04 2.841200000000000000e+04 2.644900000000000000e+04
2.657200000000000000e+04 2.879100000000000000e+04 2.556100000000000000e+04
2.657200000000000000e+04 2.906900000000000000e+04 2.459200000000000000e+04
2.657300000000000000e+04 2.902600000000000000e+04 2.472800000000000000e+04
2.657300000000000000e+04 2.910600000000000000e+04 2.424800000000000000e+04
2.657400000000000000e+04 2.904500000000000000e+04 2.468700000000000000e+04
2.657500000000000000e+04 2.802500000000000000e+04 2.697800000000000000e+04
2.657500000000000000e+04 2.810800000000000000e+04 2.693200000000000000e+04
2.657500000000000000e+04 2.846700000000000000e+04 2.641100000000000000e+04
2.657500000000000000e+04 2.854700000000000000e+04 2.626400000000000000e+04
2.657600000000000000e+04 2.796200000000000000e+04 2.715800000000000000e+04
2.657600000000000000e+04 2.831300000000000000e+04 2.664200000000000000e+04
2.657600000000000000e+04 2.866200000000000000e+04 2.595900000000000000e+04
2.657600000000000000e+04 2.875500000000000000e+04 2.571400000000000000e+04
2.657600000000000000e+04 2.902400000000000000e+04 2.470100000000000000e+04
2.657700000000000000e+04 2.836400000000000000e+04 2.651700000000000000e+04
2.657700000000000000e+04 2.837700000000000000e+04 2.654200000000000000e+04
2.657700000000000000e+04 2.906000000000000000e+04 2.457000000000000000e+04
2.657900000000000000e+04 2.855400000000000000e+04 2.624800000000000000e+04
2.658000000000000000e+04 2.854300000000000000e+04 2.627700000000000000e+04
2.658100000000000000e+04 2.854200000000000000e+04 2.623900000000000000e+04
2.658100000000000000e+04 2.875700000000000000e+04 2.566800000000000000e+04
2.658100000000000000e+04 2.897800000000000000e+04 2.493900000000000000e+04
2.658200000000000000e+04 2.809500000000000000e+04 2.695100000000000000e+04
2.658200000000000000e+04 2.905400000000000000e+04 2.462300000000000000e+04
2.658300000000000000e+04 2.794300000000000000e+04 2.722000000000000000e+04
2.658300000000000000e+04 2.827700000000000000e+04 2.669000000000000000e+04
2.658300000000000000e+04 2.870000000000000000e+04 2.583200000000000000e+04
2.658300000000000000e+04 2.896900000000000000e+04 2.499600000000000000e+04
2.658400000000000000e+04 2.828300000000000000e+04 2.667900000000000000e+04
2.658400000000000000e+04 2.836900000000000000e+04 2.651400000000000000e+04
2.658400000000000000e+04 2.845100000000000000e+04 2.638300000000000000e+04
2.658400000000000000e+04 2.877000000000000000e+04 2.566200000000000000e+04
2.658400000000000000e+04 2.901100000000000000e+04 2.480400000000000000e+04
2.658500000000000000e+04 2.800700000000000000e+04 2.708700000000000000e+04
2.658500000000000000e+04 2.811900000000000000e+04 2.691800000000000000e+04
2.658500000000000000e+04 2.873900000000000000e+04 2.569300000000000000e+04
2.658500000000000000e+04 2.874300000000000000e+04 2.579400000000000000e+04
2.658500000000000000e+04 2.898600000000000000e+04 2.492500000000000000e+04
2.658500000000000000e+04 2.901600000000000000e+04 2.473800000000000000e+04
2.658600000000000000e+04 2.794600000000000000e+04 2.720800000000000000e+04
2.658600000000000000e+04 2.898100000000000000e+04 2.487800000000000000e+04
2.658700000000000000e+04 2.798600000000000000e+04 2.715700000000000000e+04
2.658700000000000000e+04 2.853900000000000000e+04 2.626400000000000000e+04
2.658700000000000000e+04 2.904000000000000000e+04 2.449600000000000000e+04
2.658800000000000000e+04 2.832100000000000000e+04 2.661900000000000000e+04
2.658800000000000000e+04 2.860300000000000000e+04 2.614700000000000000e+04
2.658900000000000000e+04 2.824000000000000000e+04 2.674100000000000000e+04
2.659000000000000000e+04 2.850800000000000000e+04 2.630500000000000000e+04
2.659100000000000000e+04 2.791700000000000000e+04 2.726200000000000000e+04
2.659100000000000000e+04 2.794300000000000000e+04 2.721300000000000000e+04
2.659100000000000000e+04 2.798000000000000000e+04 2.710200000000000000e+04
2.659100000000000000e+04 2.844200000000000000e+04 2.641000000000000000e+04
2.659100000000000000e+04 2.869300000000000000e+04 2.586100000000000000e+04
2.659100000000000000e+04 2.872900000000000000e+04 2.577800000000000000e+04
2.659100000000000000e+04 2.876800000000000000e+04 2.564100000000000000e+04
2.659100000000000000e+04 2.901500000000000000e+04 2.475400000000000000e+04
2.659200000000000000e+04 2.837200000000000000e+04 2.649400000000000000e+04
2.659200000000000000e+04 2.909100000000000000e+04 2.442500000000000000e+04
2.659300000000000000e+04 2.823900000000000000e+04 2.674500000000000000e+04
2.659300000000000000e+04 2.830600000000000000e+04 2.660200000000000000e+04
2.659300000000000000e+04 2.834400000000000000e+04 2.652200000000000000e+04
2.659300000000000000e+04 2.841300000000000000e+04 2.642400000000000000e+04
2.659300000000000000e+04 2.899400000000000000e+04 2.486000000000000000e+04
2.659300000000000000e+04 2.901500000000000000e+04 2.473800000000000000e+04
2.659300000000000000e+04 2.901900000000000000e+04 2.469400000000000000e+04
2.659400000000000000e+04 2.827900000000000000e+04 2.667800000000000000e+04
2.659400000000000000e+04 2.831300000000000000e+04 2.659700000000000000e+04
2.659400000000000000e+04 2.873600000000000000e+04 2.573500000000000000e+04
2.659400000000000000e+04 2.875400000000000000e+04 2.566500000000000000e+04
2.659500000000000000e+04 2.837800000000000000e+04 2.647700000000000000e+04
2.659500000000000000e+04 2.906100000000000000e+04 2.447200000000000000e+04
2.659600000000000000e+04 2.898100000000000000e+04 2.482400000000000000e+04
2.659700000000000000e+04 2.809500000000000000e+04 2.693600000000000000e+04
2.659700000000000000e+04 2.829700000000000000e+04 2.665800000000000000e+04
2.659700000000000000e+04 2.839400000000000000e+04 2.645700000000000000e+04
2.659700000000000000e+04 2.846000000000000000e+04 2.638200000000000000e+04
2.659700000000000000e+04 2.857900000000000000e+04 2.618600000000000000e+04
2.659700000000000000e+04 2.867400000000000000e+04 2.589800000000000000e+04
2.659700000000000000e+04 2.874100000000000000e+04 2.568400000000000000e+04
2.659800000000000000e+04 2.903300000000000000e+04 2.469000000000000000e+04
2.659900000000000000e+04 2.833700000000000000e+04 2.659200000000000000e+04
2.659900000000000000e+04 2.836600000000000000e+04 2.645000000000000000e+04
2.660000000000000000e+04 2.816500000000000000e+04 2.685700000000000000e+04
2.660000000000000000e+04 2.839900000000000000e+04 2.643200000000000000e+04
2.660000000000000000e+04 2.847500000000000000e+04 2.635700000000000000e+04
2.660000000000000000e+04 2.852800000000000000e+04 2.624900000000000000e+04
2.660000000000000000e+04 2.898000000000000000e+04 2.482300000000000000e+04
2.660100000000000000e+04 2.408800000000000000e+04 2.939000000000000000e+04
2.660100000000000000e+04 2.874200000000000000e+04 2.568300000000000000e+04
2.660200000000000000e+04 2.819700000000000000e+04 2.680700000000000000e+04
2.660200000000000000e+04 2.826400000000000000e+04 2.670900000000000000e+04
2.660200000000000000e+04 2.901700000000000000e+04 2.466400000000000000e+04
2.660200000000000000e+04 2.902300000000000000e+04 2.465300000000000000e+04
2.660200000000000000e+04 2.907500000000000000e+04 2.441800000000000000e+04
2.660300000000000000e+04 2.795300000000000000e+04 2.720300000000000000e+04
2.660300000000000000e+04 2.854700000000000000e+04 2.623200000000000000e+04
2.660300000000000000e+04 2.901800000000000000e+04 2.455600000000000000e+04
2.660300000000000000e+04 2.908100000000000000e+04 2.441000000000000000e+04
2.660300000000000000e+04 2.908400000000000000e+04 2.436600000000000000e+04
2.660400000000000000e+04 2.807800000000000000e+04 2.696800000000000000e+04
2.660400000000000000e+04 2.840300000000000000e+04 2.641900000000000000e+04
2.660400000000000000e+04 2.876300000000000000e+04 2.562400000000000000e+04
2.660400000000000000e+04 2.880100000000000000e+04 2.555800000000000000e+04
2.660500000000000000e+04 2.808300000000000000e+04 2.695400000000000000e+04
2.660500000000000000e+04 2.822200000000000000e+04 2.679100000000000000e+04
2.660600000000000000e+04 2.833500000000000000e+04 2.656300000000000000e+04
2.660600000000000000e+04 2.847500000000000000e+04 2.633800000000000000e+04
2.660700000000000000e+04 2.897800000000000000e+04 2.481000000000000000e+04
2.660800000000000000e+04 2.800900000000000000e+04 2.697400000000000000e+04
2.660800000000000000e+04 2.839300000000000000e+04 2.641200000000000000e+04
2.660800000000000000e+04 2.900800000000000000e+04 2.473600000000000000e+04
2.660900000000000000e+04 2.843100000000000000e+04 2.640700000000000000e+04
2.661000000000000000e+04 2.794500000000000000e+04 2.719500000000000000e+04
2.661000000000000000e+04 2.823600000000000000e+04 2.677100000000000000e+04
2.661100000000000000e+04 2.795800000000000000e+04 2.715200000000000000e+04
2.661100000000000000e+04 2.875100000000000000e+04 2.558800000000000000e+04
2.661200000000000000e+04 2.794200000000000000e+04 2.721000000000000000e+04
2.661200000000000000e+04 2.823200000000000000e+04 2.673500000000000000e+04
2.661200000000000000e+04 2.872300000000000000e+04 2.577200000000000000e+04
2.661200000000000000e+04 2.874500000000000000e+04 2.566100000000000000e+04
2.661300000000000000e+04 2.836100000000000000e+04 2.647300000000000000e+04
2.661300000000000000e+04 2.837200000000000000e+04 2.643700000000000000e+04
2.661400000000000000e+04 2.829000000000000000e+04 2.663500000000000000e+04
2.661400000000000000e+04 2.852200000000000000e+04 2.628200000000000000e+04
2.661400000000000000e+04 2.867800000000000000e+04 2.584900000000000000e+04
2.661500000000000000e+04 2.817300000000000000e+04 2.683800000000000000e+04
2.661500000000000000e+04 2.837100000000000000e+04 2.642100000000000000e+04
2.661500000000000000e+04 2.865300000000000000e+04 2.593400000000000000e+04
2.661500000000000000e+04 2.867500000000000000e+04 2.584800000000000000e+04
2.661500000000000000e+04 2.907700000000000000e+04 2.435400000000000000e+04
2.661600000000000000e+04 2.830500000000000000e+04 2.662600000000000000e+04
2.661600000000000000e+04 2.836500000000000000e+04 2.643200000000000000e+04
2.661700000000000000e+04 2.803500000000000000e+04 2.696600000000000000e+04
2.661700000000000000e+04 2.826500000000000000e+04 2.667100000000000000e+04
2.661700000000000000e+04 2.888200000000000000e+04 2.521100000000000000e+04
2.661700000000000000e+04 2.900000000000000000e+04 2.473200000000000000e+04
2.661800000000000000e+04 2.797100000000000000e+04 2.714700000000000000e+04
2.661800000000000000e+04 2.816300000000000000e+04 2.686900000000000000e+04
2.661800000000000000e+04 2.820900000000000000e+04 2.678500000000000000e+04
2.661900000000000000e+04 2.819500000000000000e+04 2.680700000000000000e+04
2.661900000000000000e+04 2.833900000000000000e+04 2.643200000000000000e+04
2.661900000000000000e+04 2.846200000000000000e+04 2.634800000000000000e+04
2.661900000000000000e+04 2.887100000000000000e+04 2.533100000000000000e+04
2.662000000000000000e+04 2.820300000000000000e+04 2.679000000000000000e+04
2.662000000000000000e+04 2.853200000000000000e+04 2.616900000000000000e+04
2.662000000000000000e+04 2.855700000000000000e+04 2.620500000000000000e+04
2.662000000000000000e+04 2.899600000000000000e+04 2.479000000000000000e+04
2.662100000000000000e+04 2.832400000000000000e+04 2.658100000000000000e+04
2.662100000000000000e+04 2.852600000000000000e+04 2.625100000000000000e+04
2.662100000000000000e+04 2.858200000000000000e+04 2.615000000000000000e+04
2.662200000000000000e+04 2.901600000000000000e+04 2.471900000000000000e+04
2.662300000000000000e+04 2.823200000000000000e+04 2.672800000000000000e+04
2.662400000000000000e+04 2.822900000000000000e+04 2.672600000000000000e+04
2.662400000000000000e+04 2.822900000000000000e+04 2.675200000000000000e+04
2.662500000000000000e+04 2.859200000000000000e+04 2.611100000000000000e+04
2.662500000000000000e+04 2.872400000000000000e+04 2.574400000000000000e+04
2.662600000000000000e+04 2.886300000000000000e+04 2.527700000000000000e+04
2.662600000000000000e+04 2.900000000000000000e+04 2.471900000000000000e+04
2.662700000000000000e+04 2.803600000000000000e+04 2.695800000000000000e+04
2.662700000000000000e+04 2.897800000000000000e+04 2.497700000000000000e+04
2.662800000000000000e+04 2.385200000000000000e+04 2.944800000000000000e+04
2.662800000000000000e+04 2.852700000000000000e+04 2.623600000000000000e+04
2.662800000000000000e+04 2.910000000000000000e+04 2.433300000000000000e+04
2.662900000000000000e+04 2.843900000000000000e+04 2.633900000000000000e+04
2.662900000000000000e+04 2.899100000000000000e+04 2.474200000000000000e+04
2.663000000000000000e+04 2.815600000000000000e+04 2.684500000000000000e+04
2.663000000000000000e+04 2.841900000000000000e+04 2.636500000000000000e+04
2.663000000000000000e+04 2.894700000000000000e+04 2.495200000000000000e+04
2.663000000000000000e+04 2.899300000000000000e+04 2.473200000000000000e+04
2.663100000000000000e+04 2.826200000000000000e+04 2.671900000000000000e+04
2.663100000000000000e+04 2.859000000000000000e+04 2.611300000000000000e+04
2.663100000000000000e+04 2.867100000000000000e+04 2.591700000000000000e+04
2.663200000000000000e+04 2.810600000000000000e+04 2.691400000000000000e+04
2.663200000000000000e+04 2.816700000000000000e+04 2.683500000000000000e+04
2.663200000000000000e+04 2.885200000000000000e+04 2.530700000000000000e+04
2.663200000000000000e+04 2.899600000000000000e+04 2.472800000000000000e+04
2.663300000000000000e+04 2.793800000000000000e+04 2.720200000000000000e+04
2.663300000000000000e+04 2.810100000000000000e+04 2.693500000000000000e+04
2.663300000000000000e+04 2.831300000000000000e+04 2.659600000000000000e+04
2.663300000000000000e+04 2.870400000000000000e+04 2.581900000000000000e+04
2.663300000000000000e+04 2.895000000000000000e+04 2.491000000000000000e+04
2.663400000000000000e+04 2.855300000000000000e+04 2.616300000000000000e+04
2.663400000000000000e+04 2.860900000000000000e+04 2.608000000000000000e+04
2.663400000000000000e+04 2.895100000000000000e+04 2.488600000000000000e+04
2.663500000000000000e+04 2.867300000000000000e+04 2.589200000000000000e+04
2.663500000000000000e+04 2.887900000000000000e+04 2.522000000000000000e+04
2.663500000000000000e+04 2.895000000000000000e+04 2.490400000000000000e+04
2.663600000000000000e+04 2.402400000000000000e+04 2.941000000000000000e+04
2.663600000000000000e+04 2.413500000000000000e+04 2.938900000000000000e+04
2.663600000000000000e+04 2.822300000000000000e+04 2.673400000000000000e+04
2.663600000000000000e+04 2.865200000000000000e+04 2.591200000000000000e+04
2.663600000000000000e+04 2.899400000000000000e+04 2.468500000000000000e+04
2.663700000000000000e+04 2.797300000000000000e+04 2.713900000000000000e+04
2.663700000000000000e+04 2.810900000000000000e+04 2.690600000000000000e+04
2.663700000000000000e+04 2.826900000000000000e+04 2.666800000000000000e+04
2.663700000000000000e+04 2.831200000000000000e+04 2.658600000000000000e+04
2.663700000000000000e+04 2.848800000000000000e+04 2.632100000000000000e+04
2.663700000000000000e+04 2.872200000000000000e+04 2.578000000000000000e+04
2.663700000000000000e+04 2.887400000000000000e+04 2.524500000000000000e+04
2.663800000000000000e+04 2.828200000000000000e+04 2.664800000000000000e+04
2.663800000000000000e+04 2.852500000000000000e+04 2.623700000000000000e+04
2.663900000000000000e+04 2.815000000000000000e+04 2.687100000000000000e+04
2.663900000000000000e+04 2.815400000000000000e+04 2.684100000000000000e+04
2.664000000000000000e+04 2.871700000000000000e+04 2.581600000000000000e+04
2.664000000000000000e+04 2.878900000000000000e+04 2.551400000000000000e+04
2.664000000000000000e+04 2.887000000000000000e+04 2.524400000000000000e+04
2.664100000000000000e+04 2.395800000000000000e+04 2.943100000000000000e+04
2.664100000000000000e+04 2.873200000000000000e+04 2.573500000000000000e+04
2.664100000000000000e+04 2.874000000000000000e+04 2.568900000000000000e+04
2.664200000000000000e+04 2.813600000000000000e+04 2.688300000000000000e+04
2.664200000000000000e+04 2.895600000000000000e+04 2.483500000000000000e+04
2.664300000000000000e+04 2.884900000000000000e+04 2.535800000000000000e+04
2.664400000000000000e+04 2.820400000000000000e+04 2.678600000000000000e+04
2.664400000000000000e+04 2.871600000000000000e+04 2.579600000000000000e+04
2.664400000000000000e+04 2.879400000000000000e+04 2.550000000000000000e+04
2.664500000000000000e+04 2.386900000000000000e+04 2.944400000000000000e+04
2.664500000000000000e+04 2.817000000000000000e+04 2.682100000000000000e+04
2.664500000000000000e+04 2.826200000000000000e+04 2.671400000000000000e+04
2.664500000000000000e+04 2.854500000000000000e+04 2.613800000000000000e+04
2.664500000000000000e+04 2.858300000000000000e+04 2.612300000000000000e+04
2.664500000000000000e+04 2.875800000000000000e+04 2.555200000000000000e+04
2.664500000000000000e+04 2.895000000000000000e+04 2.487200000000000000e+04
2.664600000000000000e+04 2.388800000000000000e+04 2.943500000000000000e+04
2.664600000000000000e+04 2.872700000000000000e+04 2.568200000000000000e+04
2.664600000000000000e+04 2.879100000000000000e+04 2.549900000000000000e+04
2.664600000000000000e+04 2.891100000000000000e+04 2.515100000000000000e+04
2.664600000000000000e+04 2.896100000000000000e+04 2.480700000000000000e+04
2.664800000000000000e+04 2.436400000000000000e+04 2.937000000000000000e+04
2.664800000000000000e+04 2.828300000000000000e+04 2.663900000000000000e+04
2.664900000000000000e+04 2.822300000000000000e+04 2.672600000000000000e+04
2.664900000000000000e+04 2.874600000000000000e+04 2.562100000000000000e+04
2.664900000000000000e+04 2.890300000000000000e+04 2.513100000000000000e+04
2.664900000000000000e+04 2.894900000000000000e+04 2.494200000000000000e+04
2.665000000000000000e+04 2.403000000000000000e+04 2.939500000000000000e+04
2.665000000000000000e+04 2.793800000000000000e+04 2.719400000000000000e+04
2.665000000000000000e+04 2.899200000000000000e+04 2.474000000000000000e+04
2.665100000000000000e+04 2.399500000000000000e+04 2.940800000000000000e+04
2.665100000000000000e+04 2.793600000000000000e+04 2.722900000000000000e+04
2.665100000000000000e+04 2.823200000000000000e+04 2.672200000000000000e+04
2.665100000000000000e+04 2.861500000000000000e+04 2.589500000000000000e+04
2.665100000000000000e+04 2.864600000000000000e+04 2.588700000000000000e+04
2.665200000000000000e+04 2.386800000000000000e+04 2.943700000000000000e+04
2.665300000000000000e+04 2.388100000000000000e+04 2.943100000000000000e+04
2.665300000000000000e+04 2.877500000000000000e+04 2.554600000000000000e+04
2.665400000000000000e+04 2.827500000000000000e+04 2.665900000000000000e+04
2.665500000000000000e+04 2.385400000000000000e+04 2.942800000000000000e+04
2.665500000000000000e+04 2.841300000000000000e+04 2.639500000000000000e+04
2.665500000000000000e+04 2.860200000000000000e+04 2.608500000000000000e+04
2.665500000000000000e+04 2.886200000000000000e+04 2.530400000000000000e+04
2.665500000000000000e+04 2.894600000000000000e+04 2.496000000000000000e+04
2.665600000000000000e+04 2.852300000000000000e+04 2.626400000000000000e+04
2.665600000000000000e+04 2.871300000000000000e+04 2.579900000000000000e+04
2.665600000000000000e+04 2.895600000000000000e+04 2.483500000000000000e+04
2.665700000000000000e+04 2.831100000000000000e+04 2.657500000000000000e+04
2.665700000000000000e+04 2.840400000000000000e+04 2.635200000000000000e+04
2.665800000000000000e+04 2.399300000000000000e+04 2.940800000000000000e+04
2.665800000000000000e+04 2.794200000000000000e+04 2.718800000000000000e+04
2.665800000000000000e+04 2.872600000000000000e+04 2.565500000000000000e+04
2.665800000000000000e+04 2.892400000000000000e+04 2.512000000000000000e+04
2.665900000000000000e+04 2.847500000000000000e+04 2.625700000000000000e+04
2.666000000000000000e+04 2.816600000000000000e+04 2.683100000000000000e+04
2.666100000000000000e+04 2.840200000000000000e+04 2.635900000000000000e+04
2.666100000000000000e+04 2.899600000000000000e+04 2.466200000000000000e+04
2.666200000000000000e+04 2.850700000000000000e+04 2.611400000000000000e+04
2.666200000000000000e+04 2.854200000000000000e+04 2.616000000000000000e+04
2.666300000000000000e+04 2.396400000000000000e+04 2.942600000000000000e+04
2.666300000000000000e+04 2.410200000000000000e+04 2.938900000000000000e+04
2.666300000000000000e+04 2.801600000000000000e+04 2.693700000000000000e+04
2.666300000000000000e+04 2.859900000000000000e+04 2.607500000000000000e+04
2.666300000000000000e+04 2.871500000000000000e+04 2.579000000000000000e+04
2.666400000000000000e+04 2.790300000000000000e+04 2.722800000000000000e+04
2.666600000000000000e+04 2.862800000000000000e+04 2.587600000000000000e+04
2.666700000000000000e+04 2.810000000000000000e+04 2.693000000000000000e+04
2.666700000000000000e+04 2.892700000000000000e+04 2.509600000000000000e+04
2.666800000000000000e+04 2.815200000000000000e+04 2.686600000000000000e+04
2.666800000000000000e+04 2.846700000000000000e+04 2.632700000000000000e+04
2.666900000000000000e+04 2.390800000000000000e+04 2.941800000000000000e+04
2.667000000000000000e+04 2.888300000000000000e+04 2.520000000000000000e+04
2.667100000000000000e+04 2.795000000000000000e+04 2.712600000000000000e+04
2.667100000000000000e+04 2.859900000000000000e+04 2.597200000000000000e+04
2.667200000000000000e+04 2.875000000000000000e+04 2.558600000000000000e+04
2.667200000000000000e+04 2.895200000000000000e+04 2.480700000000000000e+04
2.667300000000000000e+04 2.424700000000000000e+04 2.938700000000000000e+04
2.667300000000000000e+04 2.436300000000000000e+04 2.936200000000000000e+04
2.667300000000000000e+04 2.822200000000000000e+04 2.677700000000000000e+04
2.667400000000000000e+04 2.384100000000000000e+04 2.941800000000000000e+04
2.667400000000000000e+04 2.389700000000000000e+04 2.940100000000000000e+04
2.667400000000000000e+04 2.552400000000000000e+04 2.899900000000000000e+04
2.667400000000000000e+04 2.826000000000000000e+04 2.667300000000000000e+04
2.667400000000000000e+04 2.871100000000000000e+04 2.581100000000000000e+04
2.667500000000000000e+04 2.414200000000000000e+04 2.938500000000000000e+04
2.667500000000000000e+04 2.817200000000000000e+04 2.672900000000000000e+04
2.667500000000000000e+04 2.859000000000000000e+04 2.611000000000000000e+04
2.667500000000000000e+04 2.885400000000000000e+04 2.530600000000000000e+04
2.667600000000000000e+04 2.524400000000000000e+04 2.912100000000000000e+04
2.667600000000000000e+04 2.812400000000000000e+04 2.689600000000000000e+04
2.667600000000000000e+04 2.887000000000000000e+04 2.523800000000000000e+04
2.667600000000000000e+04 2.892100000000000000e+04 2.511200000000000000e+04
2.667700000000000000e+04 2.525300000000000000e+04 2.911400000000000000e+04
2.667700000000000000e+04 2.547600000000000000e+04 2.901900000000000000e+04
2.667800000000000000e+04 2.823900000000000000e+04 2.666200000000000000e+04
2.667800000000000000e+04 2.843200000000000000e+04 2.627700000000000000e+04
2.667900000000000000e+04 2.400500000000000000e+04 2.939800000000000000e+04
2.667900000000000000e+04 2.891600000000000000e+04 2.512400000000000000e+04
2.668000000000000000e+04 2.442000000000000000e+04 2.934200000000000000e+04
2.668000000000000000e+04 2.540600000000000000e+04 2.904900000000000000e+04
2.668000000000000000e+04 2.892600000000000000e+04 2.510500000000000000e+04
2.668100000000000000e+04 2.859800000000000000e+04 2.606900000000000000e+04
2.668100000000000000e+04 2.865500000000000000e+04 2.585800000000000000e+04
2.668100000000000000e+04 2.870000000000000000e+04 2.572000000000000000e+04
2.668100000000000000e+04 2.889200000000000000e+04 2.517500000000000000e+04
2.668100000000000000e+04 2.899100000000000000e+04 2.464000000000000000e+04
2.668200000000000000e+04 2.460200000000000000e+04 2.931000000000000000e+04
2.668200000000000000e+04 2.873700000000000000e+04 2.563000000000000000e+04
2.668300000000000000e+04 2.524500000000000000e+04 2.912000000000000000e+04
2.668300000000000000e+04 2.813300000000000000e+04 2.685700000000000000e+04
2.668300000000000000e+04 2.817000000000000000e+04 2.675100000000000000e+04
2.668500000000000000e+04 2.874900000000000000e+04 2.562100000000000000e+04
2.668500000000000000e+04 2.879000000000000000e+04 2.550700000000000000e+04
2.668500000000000000e+04 2.894600000000000000e+04 2.509300000000000000e+04
2.668600000000000000e+04 2.436200000000000000e+04 2.938100000000000000e+04
2.668700000000000000e+04 2.433400000000000000e+04 2.936100000000000000e+04
2.668700000000000000e+04 2.810400000000000000e+04 2.689400000000000000e+04
2.668700000000000000e+04 2.812000000000000000e+04 2.687200000000000000e+04
2.668700000000000000e+04 2.893000000000000000e+04 2.507800000000000000e+04
2.668800000000000000e+04 2.651300000000000000e+04 2.843400000000000000e+04
2.668800000000000000e+04 2.855500000000000000e+04 2.611200000000000000e+04
2.668900000000000000e+04 2.414700000000000000e+04 2.938400000000000000e+04
2.668900000000000000e+04 2.437400000000000000e+04 2.935600000000000000e+04
2.668900000000000000e+04 2.816500000000000000e+04 2.677900000000000000e+04
2.669000000000000000e+04 2.893200000000000000e+04 2.499900000000000000e+04
2.669200000000000000e+04 2.432700000000000000e+04 2.935400000000000000e+04
2.669200000000000000e+04 2.550800000000000000e+04 2.899400000000000000e+04
2.669200000000000000e+04 2.862900000000000000e+04 2.585500000000000000e+04
2.669200000000000000e+04 2.874100000000000000e+04 2.556500000000000000e+04
2.669300000000000000e+04 2.644100000000000000e+04 2.848300000000000000e+04
2.669300000000000000e+04 2.817200000000000000e+04 2.670400000000000000e+04
2.669300000000000000e+04 2.895000000000000000e+04 2.487000000000000000e+04
2.669400000000000000e+04 2.520900000000000000e+04 2.913100000000000000e+04
2.669400000000000000e+04 2.542400000000000000e+04 2.903900000000000000e+04
2.669400000000000000e+04 2.893700000000000000e+04 2.499700000000000000e+04
2.669500000000000000e+04 2.413400000000000000e+04 2.938500000000000000e+04
2.669500000000000000e+04 2.893600000000000000e+04 2.499800000000000000e+04
2.669700000000000000e+04 2.459800000000000000e+04 2.930500000000000000e+04
2.669700000000000000e+04 2.638100000000000000e+04 2.852100000000000000e+04
2.669700000000000000e+04 2.649100000000000000e+04 2.843000000000000000e+04
2.669800000000000000e+04 2.641700000000000000e+04 2.850600000000000000e+04
2.669900000000000000e+04 2.523700000000000000e+04 2.911400000000000000e+04
2.669900000000000000e+04 2.814100000000000000e+04 2.676400000000000000e+04
2.669900000000000000e+04 2.892500000000000000e+04 2.504700000000000000e+04
2.670000000000000000e+04 2.428200000000000000e+04 2.938200000000000000e+04
2.670000000000000000e+04 2.523500000000000000e+04 2.912500000000000000e+04
2.670000000000000000e+04 2.640800000000000000e+04 2.847400000000000000e+04
2.670000000000000000e+04 2.649000000000000000e+04 2.843800000000000000e+04
2.670000000000000000e+04 2.868400000000000000e+04 2.584300000000000000e+04
2.670100000000000000e+04 2.538400000000000000e+04 2.905700000000000000e+04
2.670100000000000000e+04 2.857900000000000000e+04 2.607600000000000000e+04
2.670100000000000000e+04 2.872400000000000000e+04 2.568900000000000000e+04
2.670200000000000000e+04 2.410000000000000000e+04 2.937900000000000000e+04
2.670200000000000000e+04 2.428300000000000000e+04 2.937700000000000000e+04
2.670200000000000000e+04 2.444000000000000000e+04 2.934100000000000000e+04
2.670200000000000000e+04 2.605200000000000000e+04 2.866200000000000000e+04
2.670200000000000000e+04 2.655800000000000000e+04 2.840700000000000000e+04
2.670300000000000000e+04 2.553000000000000000e+04 2.898600000000000000e+04
2.670500000000000000e+04 2.811500000000000000e+04 2.677800000000000000e+04
2.670500000000000000e+04 2.853300000000000000e+04 2.610800000000000000e+04
2.670600000000000000e+04 2.502800000000000000e+04 2.917900000000000000e+04
2.670600000000000000e+04 2.529100000000000000e+04 2.907600000000000000e+04
2.670700000000000000e+04 2.522100000000000000e+04 2.912400000000000000e+04
2.670700000000000000e+04 2.810300000000000000e+04 2.690600000000000000e+04
2.670800000000000000e+04 2.408500000000000000e+04 2.938400000000000000e+04
2.670800000000000000e+04 2.506000000000000000e+04 2.915800000000000000e+04
2.670800000000000000e+04 2.815000000000000000e+04 2.675600000000000000e+04
2.670800000000000000e+04 2.891600000000000000e+04 2.512100000000000000e+04
2.670900000000000000e+04 2.408300000000000000e+04 2.939500000000000000e+04
2.670900000000000000e+04 2.423300000000000000e+04 2.937900000000000000e+04
2.670900000000000000e+04 2.652500000000000000e+04 2.842000000000000000e+04
2.670900000000000000e+04 2.814200000000000000e+04 2.673300000000000000e+04
2.671000000000000000e+04 2.888300000000000000e+04 2.519600000000000000e+04
2.671000000000000000e+04 2.893400000000000000e+04 2.497600000000000000e+04
2.671100000000000000e+04 2.456700000000000000e+04 2.930300000000000000e+04
2.671100000000000000e+04 2.547200000000000000e+04 2.902000000000000000e+04
2.671100000000000000e+04 2.652500000000000000e+04 2.841400000000000000e+04
2.671200000000000000e+04 2.431500000000000000e+04 2.936800000000000000e+04
2.671200000000000000e+04 2.438000000000000000e+04 2.934500000000000000e+04
2.671200000000000000e+04 2.522900000000000000e+04 2.911700000000000000e+04
2.671200000000000000e+04 2.640100000000000000e+04 2.851200000000000000e+04
2.671300000000000000e+04 2.544600000000000000e+04 2.902200000000000000e+04
2.671300000000000000e+04 2.891400000000000000e+04 2.509600000000000000e+04
2.671400000000000000e+04 2.499000000000000000e+04 2.915900000000000000e+04
2.671400000000000000e+04 2.652000000000000000e+04 2.842400000000000000e+04
2.671400000000000000e+04 2.817100000000000000e+04 2.672000000000000000e+04
2.671400000000000000e+04 2.892500000000000000e+04 2.493000000000000000e+04
2.671500000000000000e+04 2.495800000000000000e+04 2.919000000000000000e+04
2.671500000000000000e+04 2.541300000000000000e+04 2.904500000000000000e+04
2.671500000000000000e+04 2.891200000000000000e+04 2.511100000000000000e+04
2.671600000000000000e+04 2.407600000000000000e+04 2.938200000000000000e+04
2.671600000000000000e+04 2.870700000000000000e+04 2.566600000000000000e+04
2.671700000000000000e+04 2.455400000000000000e+04 2.929800000000000000e+04
2.671700000000000000e+04 2.638400000000000000e+04 2.848100000000000000e+04
2.671700000000000000e+04 2.854700000000000000e+04 2.608300000000000000e+04
2.671800000000000000e+04 2.810600000000000000e+04 2.680800000000000000e+04
2.671800000000000000e+04 2.890700000000000000e+04 2.502900000000000000e+04
2.672000000000000000e+04 2.430700000000000000e+04 2.935600000000000000e+04
2.672000000000000000e+04 2.619500000000000000e+04 2.858900000000000000e+04
2.672000000000000000e+04 2.875500000000000000e+04 2.556200000000000000e+04
2.672000000000000000e+04 2.886400000000000000e+04 2.523500000000000000e+04
2.672100000000000000e+04 2.629200000000000000e+04 2.854500000000000000e+04
2.672100000000000000e+04 2.810600000000000000e+04 2.678800000000000000e+04
2.672100000000000000e+04 2.864000000000000000e+04 2.580800000000000000e+04
2.672100000000000000e+04 2.890100000000000000e+04 2.511300000000000000e+04
2.672200000000000000e+04 2.528400000000000000e+04 2.911300000000000000e+04
2.672200000000000000e+04 2.538800000000000000e+04 2.903400000000000000e+04
2.672200000000000000e+04 2.603100000000000000e+04 2.868300000000000000e+04
2.672200000000000000e+04 2.617500000000000000e+04 2.858800000000000000e+04
2.672300000000000000e+04 2.387500000000000000e+04 2.938100000000000000e+04
2.672300000000000000e+04 2.452100000000000000e+04 2.933200000000000000e+04
2.672300000000000000e+04 2.453500000000000000e+04 2.932000000000000000e+04
2.672300000000000000e+04 2.455600000000000000e+04 2.929800000000000000e+04
2.672300000000000000e+04 2.888700000000000000e+04 2.514400000000000000e+04
2.672400000000000000e+04 2.444300000000000000e+04 2.933400000000000000e+04
2.672500000000000000e+04 2.465000000000000000e+04 2.929600000000000000e+04
2.672500000000000000e+04 2.600700000000000000e+04 2.868300000000000000e+04
2.672600000000000000e+04 2.460100000000000000e+04 2.929300000000000000e+04
2.672600000000000000e+04 2.508200000000000000e+04 2.915100000000000000e+04
2.672600000000000000e+04 2.889500000000000000e+04 2.508900000000000000e+04
2.672700000000000000e+04 2.461600000000000000e+04 2.928300000000000000e+04
2.672700000000000000e+04 2.855000000000000000e+04 2.605300000000000000e+04
2.672800000000000000e+04 2.434500000000000000e+04 2.934600000000000000e+04
2.672800000000000000e+04 2.455300000000000000e+04 2.930400000000000000e+04
2.672900000000000000e+04 2.621700000000000000e+04 2.857000000000000000e+04
2.673000000000000000e+04 2.444700000000000000e+04 2.932800000000000000e+04
2.673000000000000000e+04 2.551900000000000000e+04 2.897900000000000000e+04
2.673100000000000000e+04 2.450400000000000000e+04 2.932200000000000000e+04
2.673100000000000000e+04 2.657500000000000000e+04 2.839300000000000000e+04
2.673100000000000000e+04 2.854000000000000000e+04 2.606800000000000000e+04
2.673100000000000000e+04 2.891100000000000000e+04 2.498600000000000000e+04
2.673200000000000000e+04 2.410300000000000000e+04 2.937800000000000000e+04
2.673200000000000000e+04 2.438300000000000000e+04 2.933200000000000000e+04
2.673200000000000000e+04 2.465100000000000000e+04 2.927300000000000000e+04
2.673200000000000000e+04 2.870000000000000000e+04 2.569200000000000000e+04
2.673200000000000000e+04 2.889400000000000000e+04 2.509600000000000000e+04
2.673300000000000000e+04 2.601900000000000000e+04 2.866400000000000000e+04
2.673300000000000000e+04 2.618900000000000000e+04 2.857900000000000000e+04
2.673300000000000000e+04 2.810300000000000000e+04 2.679600000000000000e+04
2.673300000000000000e+04 2.887600000000000000e+04 2.516900000000000000e+04
2.673400000000000000e+04 2.425300000000000000e+04 2.937400000000000000e+04
2.673400000000000000e+04 2.517900000000000000e+04 2.913600000000000000e+04
2.673400000000000000e+04 2.521900000000000000e+04 2.912800000000000000e+04
2.673500000000000000e+04 2.506800000000000000e+04 2.915300000000000000e+04
2.673500000000000000e+04 2.521600000000000000e+04 2.910500000000000000e+04
2.673500000000000000e+04 2.890200000000000000e+04 2.503600000000000000e+04
2.673600000000000000e+04 2.449100000000000000e+04 2.932100000000000000e+04
2.673600000000000000e+04 2.460200000000000000e+04 2.928300000000000000e+04
2.673700000000000000e+04 2.453900000000000000e+04 2.930500000000000000e+04
2.673700000000000000e+04 2.478600000000000000e+04 2.927100000000000000e+04
2.673700000000000000e+04 2.492500000000000000e+04 2.923000000000000000e+04
2.673700000000000000e+04 2.602000000000000000e+04 2.866000000000000000e+04
2.673700000000000000e+04 2.882300000000000000e+04 2.540300000000000000e+04
2.673800000000000000e+04 2.466600000000000000e+04 2.926800000000000000e+04
2.673800000000000000e+04 2.512800000000000000e+04 2.912900000000000000e+04
2.673800000000000000e+04 2.653900000000000000e+04 2.839800000000000000e+04
2.673900000000000000e+04 2.427100000000000000e+04 2.936900000000000000e+04
2.673900000000000000e+04 2.458200000000000000e+04 2.929600000000000000e+04
2.673900000000000000e+04 2.459300000000000000e+04 2.928700000000000000e+04
2.673900000000000000e+04 2.465000000000000000e+04 2.927700000000000000e+04
2.673900000000000000e+04 2.520400000000000000e+04 2.912300000000000000e+04
2.674000000000000000e+04 2.422800000000000000e+04 2.937700000000000000e+04
2.674000000000000000e+04 2.616600000000000000e+04 2.858600000000000000e+04
2.674000000000000000e+04 2.631700000000000000e+04 2.851600000000000000e+04
2.674000000000000000e+04 2.653000000000000000e+04 2.840400000000000000e+04
2.674100000000000000e+04 2.518400000000000000e+04 2.912900000000000000e+04
2.674100000000000000e+04 2.604700000000000000e+04 2.865900000000000000e+04
2.674100000000000000e+04 2.813800000000000000e+04 2.676900000000000000e+04
2.674100000000000000e+04 2.890000000000000000e+04 2.500700000000000000e+04
2.674200000000000000e+04 2.449800000000000000e+04 2.931600000000000000e+04
2.674200000000000000e+04 2.451500000000000000e+04 2.930800000000000000e+04
2.674200000000000000e+04 2.515900000000000000e+04 2.911900000000000000e+04
2.674300000000000000e+04 2.443600000000000000e+04 2.932500000000000000e+04
2.674300000000000000e+04 2.589600000000000000e+04 2.871700000000000000e+04
2.674300000000000000e+04 2.866800000000000000e+04 2.572100000000000000e+04
2.674400000000000000e+04 2.509700000000000000e+04 2.914100000000000000e+04
2.674400000000000000e+04 2.531400000000000000e+04 2.906000000000000000e+04
2.674400000000000000e+04 2.550500000000000000e+04 2.901700000000000000e+04
2.674400000000000000e+04 2.854300000000000000e+04 2.603400000000000000e+04
2.674400000000000000e+04 2.885100000000000000e+04 2.533500000000000000e+04
2.674500000000000000e+04 2.461800000000000000e+04 2.927200000000000000e+04
2.674500000000000000e+04 2.467700000000000000e+04 2.925900000000000000e+04
2.674500000000000000e+04 2.472500000000000000e+04 2.925800000000000000e+04
2.674500000000000000e+04 2.481800000000000000e+04 2.925700000000000000e+04
2.674500000000000000e+04 2.588400000000000000e+04 2.873700000000000000e+04
2.674500000000000000e+04 2.853900000000000000e+04 2.606200000000000000e+04
2.674600000000000000e+04 2.422900000000000000e+04 2.936800000000000000e+04
2.674700000000000000e+04 2.506000000000000000e+04 2.915700000000000000e+04
2.674700000000000000e+04 2.519100000000000000e+04 2.911300000000000000e+04
2.674700000000000000e+04 2.554300000000000000e+04 2.896400000000000000e+04
2.674700000000000000e+04 2.853700000000000000e+04 2.606400000000000000e+04
2.674700000000000000e+04 2.854700000000000000e+04 2.602600000000000000e+04
2.674700000000000000e+04 2.868300000000000000e+04 2.570200000000000000e+04
2.675000000000000000e+04 2.446400000000000000e+04 2.931800000000000000e+04
2.675000000000000000e+04 2.498900000000000000e+04 2.916700000000000000e+04
2.675000000000000000e+04 2.866600000000000000e+04 2.569200000000000000e+04
2.675100000000000000e+04 2.493900000000000000e+04 2.921500000000000000e+04
2.675100000000000000e+04 2.587600000000000000e+04 2.872600000000000000e+04
2.675100000000000000e+04 2.860500000000000000e+04 2.588500000000000000e+04
2.675200000000000000e+04 2.444100000000000000e+04 2.932200000000000000e+04
2.675200000000000000e+04 2.496400000000000000e+04 2.913600000000000000e+04
2.675200000000000000e+04 2.500300000000000000e+04 2.914500000000000000e+04
2.675200000000000000e+04 2.509800000000000000e+04 2.911900000000000000e+04
2.675200000000000000e+04 2.586500000000000000e+04 2.874800000000000000e+04
2.675200000000000000e+04 2.616600000000000000e+04 2.858300000000000000e+04
2.675200000000000000e+04 2.655000000000000000e+04 2.839100000000000000e+04
2.675200000000000000e+04 2.882500000000000000e+04 2.539300000000000000e+04
2.675300000000000000e+04 2.552700000000000000e+04 2.897500000000000000e+04
2.675300000000000000e+04 2.553800000000000000e+04 2.897200000000000000e+04
2.675400000000000000e+04 2.442100000000000000e+04 2.931900000000000000e+04
2.675400000000000000e+04 2.552400000000000000e+04 2.897800000000000000e+04
2.675400000000000000e+04 2.649700000000000000e+04 2.842600000000000000e+04
2.675500000000000000e+04 2.631400000000000000e+04 2.853300000000000000e+04
2.675500000000000000e+04 2.888300000000000000e+04 2.512300000000000000e+04
2.675600000000000000e+04 2.421000000000000000e+04 2.935300000000000000e+04
2.675700000000000000e+04 2.526400000000000000e+04 2.908900000000000000e+04
2.675800000000000000e+04 2.418800000000000000e+04 2.935400000000000000e+04
2.675800000000000000e+04 2.434300000000000000e+04 2.935300000000000000e+04
2.675800000000000000e+04 2.652500000000000000e+04 2.840400000000000000e+04
2.675800000000000000e+04 2.887900000000000000e+04 2.515900000000000000e+04
2.675900000000000000e+04 2.432600000000000000e+04 2.933800000000000000e+04
2.675900000000000000e+04 2.495800000000000000e+04 2.914700000000000000e+04
2.675900000000000000e+04 2.601400000000000000e+04 2.866500000000000000e+04
2.675900000000000000e+04 2.866500000000000000e+04 2.572700000000000000e+04
2.675900000000000000e+04 2.882600000000000000e+04 2.538900000000000000e+04
2.676000000000000000e+04 2.437300000000000000e+04 2.931900000000000000e+04
2.676000000000000000e+04 2.468400000000000000e+04 2.925900000000000000e+04
2.676000000000000000e+04 2.520900000000000000e+04 2.910200000000000000e+04
2.676000000000000000e+04 2.853900000000000000e+04 2.603200000000000000e+04
2.676000000000000000e+04 2.859400000000000000e+04 2.592900000000000000e+04
2.676000000000000000e+04 2.887600000000000000e+04 2.513000000000000000e+04
2.676100000000000000e+04 2.491100000000000000e+04 2.922500000000000000e+04
2.676100000000000000e+04 2.577800000000000000e+04 2.880000000000000000e+04
2.676100000000000000e+04 2.866600000000000000e+04 2.568400000000000000e+04
2.676100000000000000e+04 2.871600000000000000e+04 2.563900000000000000e+04
2.676200000000000000e+04 2.485000000000000000e+04 2.923700000000000000e+04
2.676200000000000000e+04 2.552800000000000000e+04 2.895400000000000000e+04
2.676200000000000000e+04 2.657400000000000000e+04 2.836600000000000000e+04
2.676200000000000000e+04 2.882900000000000000e+04 2.533400000000000000e+04
2.676200000000000000e+04 2.887100000000000000e+04 2.516700000000000000e+04
2.676300000000000000e+04 2.388500000000000000e+04 2.935900000000000000e+04
2.676300000000000000e+04 2.414000000000000000e+04 2.936200000000000000e+04
2.676300000000000000e+04 2.432300000000000000e+04 2.932000000000000000e+04
2.676300000000000000e+04 2.503500000000000000e+04 2.913500000000000000e+04
2.676300000000000000e+04 2.588600000000000000e+04 2.872300000000000000e+04
2.676400000000000000e+04 2.417300000000000000e+04 2.935900000000000000e+04
2.676400000000000000e+04 2.446600000000000000e+04 2.931000000000000000e+04
2.676400000000000000e+04 2.457500000000000000e+04 2.929800000000000000e+04
2.676400000000000000e+04 2.489900000000000000e+04 2.922400000000000000e+04
2.676400000000000000e+04 2.863800000000000000e+04 2.579600000000000000e+04
2.676500000000000000e+04 2.653200000000000000e+04 2.840200000000000000e+04
2.676600000000000000e+04 2.566800000000000000e+04 2.890000000000000000e+04
2.676600000000000000e+04 2.660200000000000000e+04 2.833900000000000000e+04
2.676700000000000000e+04 2.481300000000000000e+04 2.924500000000000000e+04
2.676700000000000000e+04 2.888100000000000000e+04 2.512800000000000000e+04
2.676800000000000000e+04 2.595700000000000000e+04 2.866400000000000000e+04
2.676800000000000000e+04 2.618300000000000000e+04 2.857400000000000000e+04
2.676900000000000000e+04 2.663000000000000000e+04 2.830900000000000000e+04
2.676900000000000000e+04 2.860300000000000000e+04 2.590000000000000000e+04
2.677000000000000000e+04 2.396100000000000000e+04 2.934600000000000000e+04
2.677000000000000000e+04 2.452700000000000000e+04 2.929100000000000000e+04
2.677000000000000000e+04 2.555300000000000000e+04 2.894800000000000000e+04
2.677000000000000000e+04 2.810800000000000000e+04 2.676200000000000000e+04
2.677000000000000000e+04 2.868000000000000000e+04 2.566000000000000000e+04
2.677100000000000000e+04 2.660000000000000000e+04 2.835700000000000000e+04
2.677100000000000000e+04 2.661600000000000000e+04 2.832500000000000000e+04
2.677100000000000000e+04 2.869800000000000000e+04 2.561500000000000000e+04
2.677100000000000000e+04 2.881400000000000000e+04 2.545600000000000000e+04
2.677200000000000000e+04 2.485500000000000000e+04 2.923300000000000000e+04
2.677200000000000000e+04 2.588800000000000000e+04 2.872200000000000000e+04
2.677300000000000000e+04 2.447800000000000000e+04 2.930900000000000000e+04
2.677300000000000000e+04 2.449500000000000000e+04 2.928400000000000000e+04
2.677300000000000000e+04 2.522200000000000000e+04 2.909900000000000000e+04
2.677300000000000000e+04 2.881800000000000000e+04 2.543200000000000000e+04
2.677300000000000000e+04 2.882800000000000000e+04 2.526800000000000000e+04
2.677300000000000000e+04 2.884100000000000000e+04 2.525000000000000000e+04
2.677400000000000000e+04 2.448600000000000000e+04 2.928700000000000000e+04
2.677400000000000000e+04 2.511900000000000000e+04 2.910500000000000000e+04
2.677400000000000000e+04 2.518600000000000000e+04 2.911800000000000000e+04
2.677400000000000000e+04 2.568800000000000000e+04 2.888100000000000000e+04
2.677400000000000000e+04 2.887500000000000000e+04 2.511000000000000000e+04
2.677500000000000000e+04 2.387500000000000000e+04 2.934600000000000000e+04
2.677500000000000000e+04 2.458400000000000000e+04 2.926500000000000000e+04
2.677500000000000000e+04 2.463400000000000000e+04 2.927100000000000000e+04
2.677500000000000000e+04 2.506300000000000000e+04 2.913400000000000000e+04
2.677600000000000000e+04 2.391400000000000000e+04 2.934500000000000000e+04
2.677600000000000000e+04 2.589300000000000000e+04 2.871500000000000000e+04
2.677700000000000000e+04 2.385700000000000000e+04 2.935900000000000000e+04
2.677700000000000000e+04 2.418700000000000000e+04 2.934400000000000000e+04
2.677700000000000000e+04 2.478500000000000000e+04 2.924300000000000000e+04
2.677700000000000000e+04 2.489800000000000000e+04 2.923000000000000000e+04
2.677700000000000000e+04 2.492900000000000000e+04 2.921300000000000000e+04
2.677700000000000000e+04 2.869200000000000000e+04 2.560300000000000000e+04
2.677700000000000000e+04 2.881300000000000000e+04 2.545000000000000000e+04
2.677700000000000000e+04 2.884900000000000000e+04 2.523600000000000000e+04
2.677800000000000000e+04 2.491800000000000000e+04 2.922100000000000000e+04
2.677800000000000000e+04 2.551400000000000000e+04 2.896000000000000000e+04
2.677800000000000000e+04 2.882600000000000000e+04 2.534900000000000000e+04
2.677900000000000000e+04 2.386600000000000000e+04 2.935500000000000000e+04
2.677900000000000000e+04 2.474600000000000000e+04 2.925500000000000000e+04
2.678000000000000000e+04 2.387200000000000000e+04 2.934700000000000000e+04
2.678000000000000000e+04 2.566300000000000000e+04 2.888700000000000000e+04
2.678000000000000000e+04 2.881500000000000000e+04 2.544100000000000000e+04
2.678100000000000000e+04 2.456500000000000000e+04 2.925500000000000000e+04
2.678100000000000000e+04 2.494000000000000000e+04 2.920700000000000000e+04
2.678100000000000000e+04 2.528800000000000000e+04 2.905400000000000000e+04
2.678100000000000000e+04 2.552900000000000000e+04 2.892000000000000000e+04
2.678100000000000000e+04 2.882100000000000000e+04 2.537400000000000000e+04
2.678200000000000000e+04 2.880600000000000000e+04 2.546400000000000000e+04
2.678300000000000000e+04 2.888700000000000000e+04 2.510900000000000000e+04
2.678400000000000000e+04 2.476300000000000000e+04 2.925200000000000000e+04
2.678400000000000000e+04 2.657100000000000000e+04 2.837700000000000000e+04
2.678500000000000000e+04 2.415900000000000000e+04 2.932900000000000000e+04
2.678500000000000000e+04 2.425200000000000000e+04 2.934100000000000000e+04
2.678500000000000000e+04 2.441500000000000000e+04 2.930900000000000000e+04
2.678600000000000000e+04 2.408900000000000000e+04 2.932100000000000000e+04
2.678600000000000000e+04 2.449500000000000000e+04 2.927900000000000000e+04
2.678600000000000000e+04 2.859700000000000000e+04 2.592500000000000000e+04
2.678700000000000000e+04 2.475100000000000000e+04 2.923900000000000000e+04
2.678700000000000000e+04 2.656900000000000000e+04 2.837500000000000000e+04
2.678900000000000000e+04 2.580700000000000000e+04 2.876800000000000000e+04
2.678900000000000000e+04 2.655200000000000000e+04 2.839000000000000000e+04
2.679000000000000000e+04 2.423400000000000000e+04 2.931400000000000000e+04
2.679000000000000000e+04 2.563400000000000000e+04 2.892000000000000000e+04
2.679000000000000000e+04 2.576800000000000000e+04 2.880300000000000000e+04
2.679000000000000000e+04 2.654700000000000000e+04 2.837900000000000000e+04
2.679000000000000000e+04 2.884000000000000000e+04 2.525200000000000000e+04
2.679100000000000000e+04 2.657900000000000000e+04 2.835800000000000000e+04
2.679100000000000000e+04 2.865900000000000000e+04 2.573600000000000000e+04
2.679200000000000000e+04 2.447800000000000000e+04 2.930200000000000000e+04
2.679200000000000000e+04 2.507600000000000000e+04 2.913000000000000000e+04
2.679200000000000000e+04 2.659300000000000000e+04 2.835000000000000000e+04
2.679200000000000000e+04 2.885000000000000000e+04 2.520100000000000000e+04
2.679300000000000000e+04 2.436400000000000000e+04 2.931200000000000000e+04
2.679300000000000000e+04 2.489400000000000000e+04 2.921400000000000000e+04
2.679300000000000000e+04 2.550400000000000000e+04 2.898900000000000000e+04
2.679300000000000000e+04 2.565400000000000000e+04 2.888800000000000000e+04
2.679300000000000000e+04 2.659800000000000000e+04 2.834300000000000000e+04
2.679300000000000000e+04 2.886600000000000000e+04 2.516000000000000000e+04
2.679400000000000000e+04 2.551600000000000000e+04 2.894900000000000000e+04
2.679400000000000000e+04 2.576200000000000000e+04 2.880600000000000000e+04
2.679400000000000000e+04 2.887400000000000000e+04 2.514500000000000000e+04
2.679500000000000000e+04 2.437200000000000000e+04 2.930100000000000000e+04
2.679500000000000000e+04 2.859500000000000000e+04 2.591500000000000000e+04
2.679500000000000000e+04 2.868600000000000000e+04 2.564500000000000000e+04
2.679600000000000000e+04 2.394900000000000000e+04 2.933400000000000000e+04
2.679600000000000000e+04 2.453000000000000000e+04 2.927300000000000000e+04
2.679600000000000000e+04 2.886100000000000000e+04 2.518600000000000000e+04
2.679700000000000000e+04 2.393400000000000000e+04 2.933200000000000000e+04
2.679800000000000000e+04 2.453900000000000000e+04 2.926900000000000000e+04
2.679800000000000000e+04 2.881100000000000000e+04 2.542200000000000000e+04
2.679900000000000000e+04 2.385700000000000000e+04 2.935100000000000000e+04
2.679900000000000000e+04 2.420600000000000000e+04 2.932000000000000000e+04
2.680000000000000000e+04 2.390400000000000000e+04 2.934100000000000000e+04
2.680000000000000000e+04 2.399400000000000000e+04 2.932400000000000000e+04
2.680000000000000000e+04 2.657000000000000000e+04 2.837000000000000000e+04
2.680100000000000000e+04 2.417900000000000000e+04 2.931300000000000000e+04
2.680200000000000000e+04 2.533400000000000000e+04 2.901500000000000000e+04
2.680200000000000000e+04 2.862700000000000000e+04 2.585100000000000000e+04
2.680200000000000000e+04 2.868100000000000000e+04 2.565900000000000000e+04
2.680300000000000000e+04 2.413900000000000000e+04 2.931200000000000000e+04
2.680300000000000000e+04 2.493100000000000000e+04 2.920900000000000000e+04
2.680300000000000000e+04 2.538100000000000000e+04 2.898700000000000000e+04
2.680300000000000000e+04 2.878700000000000000e+04 2.550100000000000000e+04
2.680400000000000000e+04 2.410800000000000000e+04 2.932100000000000000e+04
2.680400000000000000e+04 2.525500000000000000e+04 2.906600000000000000e+04
2.680500000000000000e+04 2.456500000000000000e+04 2.925300000000000000e+04
2.680500000000000000e+04 2.506300000000000000e+04 2.912800000000000000e+04
2.680500000000000000e+04 2.876900000000000000e+04 2.554800000000000000e+04
2.680600000000000000e+04 2.491600000000000000e+04 2.920200000000000000e+04
2.680600000000000000e+04 2.503800000000000000e+04 2.909900000000000000e+04
2.680600000000000000e+04 2.521400000000000000e+04 2.902500000000000000e+04
2.680600000000000000e+04 2.580400000000000000e+04 2.876900000000000000e+04
2.680800000000000000e+04 2.417900000000000000e+04 2.931000000000000000e+04
2.680800000000000000e+04 2.473600000000000000e+04 2.925300000000000000e+04
2.680800000000000000e+04 2.534900000000000000e+04 2.898800000000000000e+04
2.680800000000000000e+04 2.859300000000000000e+04 2.589700000000000000e+04
2.680900000000000000e+04 2.520300000000000000e+04 2.909100000000000000e+04
2.680900000000000000e+04 2.585200000000000000e+04 2.874600000000000000e+04
2.681000000000000000e+04 2.515700000000000000e+04 2.905900000000000000e+04
2.681000000000000000e+04 2.862600000000000000e+04 2.585900000000000000e+04
2.681000000000000000e+04 2.886100000000000000e+04 2.514600000000000000e+04
2.681100000000000000e+04 2.421400000000000000e+04 2.930900000000000000e+04
2.681100000000000000e+04 2.433100000000000000e+04 2.930600000000000000e+04
2.681100000000000000e+04 2.484100000000000000e+04 2.915700000000000000e+04
2.681100000000000000e+04 2.521300000000000000e+04 2.902300000000000000e+04
2.681100000000000000e+04 2.521600000000000000e+04 2.902100000000000000e+04
2.681100000000000000e+04 2.550600000000000000e+04 2.894800000000000000e+04
2.681100000000000000e+04 2.868300000000000000e+04 2.562400000000000000e+04
2.681200000000000000e+04 2.538600000000000000e+04 2.898200000000000000e+04
2.681200000000000000e+04 2.578600000000000000e+04 2.876900000000000000e+04
2.681300000000000000e+04 2.453300000000000000e+04 2.920800000000000000e+04
2.681300000000000000e+04 2.483400000000000000e+04 2.916200000000000000e+04
2.681300000000000000e+04 2.520900000000000000e+04 2.904200000000000000e+04
2.681300000000000000e+04 2.877400000000000000e+04 2.550700000000000000e+04
2.681400000000000000e+04 2.459500000000000000e+04 2.920300000000000000e+04
2.681400000000000000e+04 2.519700000000000000e+04 2.904600000000000000e+04
2.681400000000000000e+04 2.872100000000000000e+04 2.555100000000000000e+04
2.681400000000000000e+04 2.881700000000000000e+04 2.539600000000000000e+04
2.681400000000000000e+04 2.885300000000000000e+04 2.520000000000000000e+04
2.681500000000000000e+04 2.383500000000000000e+04 2.934700000000000000e+04
2.681500000000000000e+04 2.439200000000000000e+04 2.929500000000000000e+04
2.681500000000000000e+04 2.515500000000000000e+04 2.907900000000000000e+04
2.681500000000000000e+04 2.518300000000000000e+04 2.904300000000000000e+04
2.681500000000000000e+04 2.877100000000000000e+04 2.549400000000000000e+04
2.681600000000000000e+04 2.380500000000000000e+04 2.934000000000000000e+04
2.681600000000000000e+04 2.451500000000000000e+04 2.925900000000000000e+04
2.681700000000000000e+04 2.549400000000000000e+04 2.892400000000000000e+04
2.681700000000000000e+04 2.871500000000000000e+04 2.554900000000000000e+04
2.681700000000000000e+04 2.886800000000000000e+04 2.506900000000000000e+04
2.681800000000000000e+04 2.880800000000000000e+04 2.544600000000000000e+04
2.681900000000000000e+04 2.526100000000000000e+04 2.901400000000000000e+04
2.681900000000000000e+04 2.538000000000000000e+04 2.898600000000000000e+04
2.682000000000000000e+04 2.449900000000000000e+04 2.926500000000000000e+04
2.682000000000000000e+04 2.467700000000000000e+04 2.919600000000000000e+04
2.682000000000000000e+04 2.529500000000000000e+04 2.900600000000000000e+04
2.682000000000000000e+04 2.537300000000000000e+04 2.898200000000000000e+04
2.682100000000000000e+04 2.503400000000000000e+04 2.910000000000000000e+04
2.682100000000000000e+04 2.525600000000000000e+04 2.901200000000000000e+04
2.682100000000000000e+04 2.871200000000000000e+04 2.558900000000000000e+04
2.682200000000000000e+04 2.413300000000000000e+04 2.931200000000000000e+04
2.682200000000000000e+04 2.863700000000000000e+04 2.577900000000000000e+04
2.682300000000000000e+04 2.461200000000000000e+04 2.920000000000000000e+04
2.682400000000000000e+04 2.516500000000000000e+04 2.903800000000000000e+04
2.682500000000000000e+04 2.515600000000000000e+04 2.906100000000000000e+04
2.682600000000000000e+04 2.431400000000000000e+04 2.930600000000000000e+04
2.682600000000000000e+04 2.448100000000000000e+04 2.926600000000000000e+04
2.682700000000000000e+04 2.870900000000000000e+04 2.557900000000000000e+04
2.682900000000000000e+04 2.397000000000000000e+04 2.933000000000000000e+04
2.682900000000000000e+04 2.417500000000000000e+04 2.930800000000000000e+04
2.682900000000000000e+04 2.885800000000000000e+04 2.512500000000000000e+04
2.683000000000000000e+04 2.400600000000000000e+04 2.932000000000000000e+04
2.683100000000000000e+04 2.548700000000000000e+04 2.894700000000000000e+04
2.683100000000000000e+04 2.597400000000000000e+04 2.866100000000000000e+04
2.683100000000000000e+04 2.639900000000000000e+04 2.838100000000000000e+04
2.683200000000000000e+04 2.664300000000000000e+04 2.823700000000000000e+04
2.683300000000000000e+04 2.394300000000000000e+04 2.932600000000000000e+04
2.683300000000000000e+04 2.522400000000000000e+04 2.901300000000000000e+04
2.683300000000000000e+04 2.534600000000000000e+04 2.899800000000000000e+04
2.683300000000000000e+04 2.546200000000000000e+04 2.896300000000000000e+04
2.683300000000000000e+04 2.876900000000000000e+04 2.550800000000000000e+04
2.683400000000000000e+04 2.527100000000000000e+04 2.900800000000000000e+04
2.683400000000000000e+04 2.535700000000000000e+04 2.896700000000000000e+04
2.683400000000000000e+04 2.572600000000000000e+04 2.885400000000000000e+04
2.683500000000000000e+04 2.393200000000000000e+04 2.933700000000000000e+04
2.683500000000000000e+04 2.466700000000000000e+04 2.919000000000000000e+04
2.683500000000000000e+04 2.524800000000000000e+04 2.899700000000000000e+04
2.683500000000000000e+04 2.531500000000000000e+04 2.898600000000000000e+04
2.683600000000000000e+04 2.543700000000000000e+04 2.894000000000000000e+04
2.683700000000000000e+04 2.518500000000000000e+04 2.902500000000000000e+04
2.683700000000000000e+04 2.522500000000000000e+04 2.900900000000000000e+04
2.683700000000000000e+04 2.607200000000000000e+04 2.864700000000000000e+04
2.683800000000000000e+04 2.498600000000000000e+04 2.908900000000000000e+04
2.683800000000000000e+04 2.522200000000000000e+04 2.901200000000000000e+04
2.683800000000000000e+04 2.544100000000000000e+04 2.893900000000000000e+04
2.683900000000000000e+04 2.409200000000000000e+04 2.931800000000000000e+04
2.684000000000000000e+04 2.514600000000000000e+04 2.904000000000000000e+04
2.684000000000000000e+04 2.653600000000000000e+04 2.830500000000000000e+04
2.684200000000000000e+04 2.400200000000000000e+04 2.931300000000000000e+04
2.684200000000000000e+04 2.508300000000000000e+04 2.906700000000000000e+04
2.684200000000000000e+04 2.528900000000000000e+04 2.896600000000000000e+04
2.684200000000000000e+04 2.611000000000000000e+04 2.860800000000000000e+04
2.684200000000000000e+04 2.661100000000000000e+04 2.823400000000000000e+04
2.684200000000000000e+04 2.880500000000000000e+04 2.548100000000000000e+04
2.684300000000000000e+04 2.391800000000000000e+04 2.933000000000000000e+04
2.684300000000000000e+04 2.528300000000000000e+04 2.897400000000000000e+04
2.684300000000000000e+04 2.545700000000000000e+04 2.893200000000000000e+04
2.684300000000000000e+04 2.881200000000000000e+04 2.537800000000000000e+04
2.684400000000000000e+04 2.494600000000000000e+04 2.909500000000000000e+04
2.684400000000000000e+04 2.514200000000000000e+04 2.905200000000000000e+04
2.684500000000000000e+04 2.395800000000000000e+04 2.931100000000000000e+04
2.684500000000000000e+04 2.542000000000000000e+04 2.894900000000000000e+04
2.684500000000000000e+04 2.543400000000000000e+04 2.892300000000000000e+04
2.684500000000000000e+04 2.566600000000000000e+04 2.887100000000000000e+04
2.684600000000000000e+04 2.541800000000000000e+04 2.894100000000000000e+04
2.684600000000000000e+04 2.606900000000000000e+04 2.865800000000000000e+04
2.684800000000000000e+04 2.433200000000000000e+04 2.930500000000000000e+04
2.684800000000000000e+04 2.611200000000000000e+04 2.860600000000000000e+04
2.684900000000000000e+04 2.606600000000000000e+04 2.864700000000000000e+04
2.685000000000000000e+04 2.509100000000000000e+04 2.905500000000000000e+04
2.685100000000000000e+04 2.447000000000000000e+04 2.929000000000000000e+04
2.685100000000000000e+04 2.607200000000000000e+04 2.862000000000000000e+04
2.685100000000000000e+04 2.870800000000000000e+04 2.552900000000000000e+04
2.685200000000000000e+04 2.428300000000000000e+04 2.928300000000000000e+04
2.685200000000000000e+04 2.428400000000000000e+04 2.928200000000000000e+04
2.685200000000000000e+04 2.607100000000000000e+04 2.862100000000000000e+04
2.685200000000000000e+04 2.651100000000000000e+04 2.832600000000000000e+04
2.685400000000000000e+04 2.508200000000000000e+04 2.906100000000000000e+04
2.685400000000000000e+04 2.607200000000000000e+04 2.861800000000000000e+04
2.685500000000000000e+04 2.428800000000000000e+04 2.927900000000000000e+04
2.685500000000000000e+04 2.659700000000000000e+04 2.826700000000000000e+04
2.685600000000000000e+04 2.548900000000000000e+04 2.891900000000000000e+04
2.685600000000000000e+04 2.564400000000000000e+04 2.890100000000000000e+04
2.685700000000000000e+04 2.607900000000000000e+04 2.861300000000000000e+04
2.685900000000000000e+04 2.520300000000000000e+04 2.901900000000000000e+04
2.685900000000000000e+04 2.521800000000000000e+04 2.900000000000000000e+04
2.685900000000000000e+04 2.576000000000000000e+04 2.883400000000000000e+04
2.686000000000000000e+04 2.625000000000000000e+04 2.853800000000000000e+04
2.686100000000000000e+04 2.573500000000000000e+04 2.883900000000000000e+04
2.686100000000000000e+04 2.871500000000000000e+04 2.552200000000000000e+04
2.686200000000000000e+04 2.600600000000000000e+04 2.863500000000000000e+04
2.686300000000000000e+04 2.512000000000000000e+04 2.903400000000000000e+04
2.686300000000000000e+04 2.550300000000000000e+04 2.889500000000000000e+04
2.686400000000000000e+04 2.597000000000000000e+04 2.864200000000000000e+04
2.686500000000000000e+04 2.539200000000000000e+04 2.894900000000000000e+04
2.686500000000000000e+04 2.876000000000000000e+04 2.545000000000000000e+04
2.686600000000000000e+04 2.541500000000000000e+04 2.892200000000000000e+04
2.686700000000000000e+04 2.660800000000000000e+04 2.823000000000000000e+04
2.686800000000000000e+04 2.395100000000000000e+04 2.931900000000000000e+04
2.686800000000000000e+04 2.540900000000000000e+04 2.892600000000000000e+04
2.686800000000000000e+04 2.565300000000000000e+04 2.889400000000000000e+04
2.686800000000000000e+04 2.572700000000000000e+04 2.883600000000000000e+04
2.687000000000000000e+04 2.427800000000000000e+04 2.930700000000000000e+04
2.687200000000000000e+04 2.526800000000000000e+04 2.899600000000000000e+04
2.687200000000000000e+04 2.600500000000000000e+04 2.863800000000000000e+04
2.687200000000000000e+04 2.671200000000000000e+04 2.817400000000000000e+04
2.687400000000000000e+04 2.665100000000000000e+04 2.822800000000000000e+04
2.687400000000000000e+04 2.671800000000000000e+04 2.814700000000000000e+04
2.687500000000000000e+04 2.410800000000000000e+04 2.927900000000000000e+04
2.687500000000000000e+04 2.630700000000000000e+04 2.850100000000000000e+04
2.688000000000000000e+04 2.547800000000000000e+04 2.892100000000000000e+04
2.688200000000000000e+04 2.612900000000000000e+04 2.859100000000000000e+04
2.688300000000000000e+04 2.518200000000000000e+04 2.901700000000000000e+04
2.688300000000000000e+04 2.539300000000000000e+04 2.894800000000000000e+04
2.688300000000000000e+04 2.570600000000000000e+04 2.886300000000000000e+04
2.688400000000000000e+04 2.607400000000000000e+04 2.861400000000000000e+04
2.688500000000000000e+04 2.540300000000000000e+04 2.893600000000000000e+04
2.688500000000000000e+04 2.622900000000000000e+04 2.854500000000000000e+04
2.688800000000000000e+04 2.506100000000000000e+04 2.908100000000000000e+04
2.688800000000000000e+04 2.525800000000000000e+04 2.898500000000000000e+04
2.688800000000000000e+04 2.655400000000000000e+04 2.829000000000000000e+04
2.688900000000000000e+04 2.552100000000000000e+04 2.888800000000000000e+04
2.689100000000000000e+04 2.587200000000000000e+04 2.874500000000000000e+04
2.689100000000000000e+04 2.660700000000000000e+04 2.825400000000000000e+04
2.689200000000000000e+04 2.536900000000000000e+04 2.895800000000000000e+04
2.689200000000000000e+04 2.623400000000000000e+04 2.853500000000000000e+04
2.689300000000000000e+04 2.386400000000000000e+04 2.930600000000000000e+04
2.689300000000000000e+04 2.507300000000000000e+04 2.905200000000000000e+04
2.689400000000000000e+04 2.570000000000000000e+04 2.885400000000000000e+04
2.689500000000000000e+04 2.506200000000000000e+04 2.905700000000000000e+04
2.689500000000000000e+04 2.529900000000000000e+04 2.891200000000000000e+04
2.689500000000000000e+04 2.546800000000000000e+04 2.889700000000000000e+04
2.689500000000000000e+04 2.546900000000000000e+04 2.889000000000000000e+04
2.689500000000000000e+04 2.627000000000000000e+04 2.851500000000000000e+04
2.689600000000000000e+04 2.585900000000000000e+04 2.874400000000000000e+04
2.689600000000000000e+04 2.655100000000000000e+04 2.829800000000000000e+04
2.689800000000000000e+04 2.518200000000000000e+04 2.899400000000000000e+04
2.689800000000000000e+04 2.609200000000000000e+04 2.860500000000000000e+04
2.689900000000000000e+04 2.479100000000000000e+04 2.917300000000000000e+04
2.689900000000000000e+04 2.507700000000000000e+04 2.904000000000000000e+04
2.689900000000000000e+04 2.529800000000000000e+04 2.891200000000000000e+04
2.690000000000000000e+04 2.612300000000000000e+04 2.860000000000000000e+04
2.690100000000000000e+04 2.504800000000000000e+04 2.902300000000000000e+04
2.690200000000000000e+04 2.499600000000000000e+04 2.907700000000000000e+04
2.690400000000000000e+04 2.519300000000000000e+04 2.899300000000000000e+04
2.690400000000000000e+04 2.590300000000000000e+04 2.871000000000000000e+04
2.690600000000000000e+04 2.560700000000000000e+04 2.888800000000000000e+04
2.690700000000000000e+04 2.624300000000000000e+04 2.853000000000000000e+04
2.690800000000000000e+04 2.473200000000000000e+04 2.917700000000000000e+04
2.690800000000000000e+04 2.519200000000000000e+04 2.899300000000000000e+04
2.690800000000000000e+04 2.558500000000000000e+04 2.887800000000000000e+04
2.690800000000000000e+04 2.588200000000000000e+04 2.870800000000000000e+04
2.690900000000000000e+04 2.477600000000000000e+04 2.917600000000000000e+04
2.690900000000000000e+04 2.544800000000000000e+04 2.886100000000000000e+04
2.691000000000000000e+04 2.478300000000000000e+04 2.915700000000000000e+04
2.691000000000000000e+04 2.494600000000000000e+04 2.910700000000000000e+04
2.691100000000000000e+04 2.625400000000000000e+04 2.851400000000000000e+04
2.691300000000000000e+04 2.584100000000000000e+04 2.874300000000000000e+04
2.691300000000000000e+04 2.626300000000000000e+04 2.851000000000000000e+04
2.691300000000000000e+04 2.673900000000000000e+04 2.813600000000000000e+04
2.691400000000000000e+04 2.474900000000000000e+04 2.916300000000000000e+04
2.691400000000000000e+04 2.541600000000000000e+04 2.886600000000000000e+04
2.691600000000000000e+04 2.625600000000000000e+04 2.850300000000000000e+04
2.691700000000000000e+04 2.452800000000000000e+04 2.921100000000000000e+04
2.691700000000000000e+04 2.670700000000000000e+04 2.814200000000000000e+04
2.691900000000000000e+04 2.578100000000000000e+04 2.879700000000000000e+04
2.692000000000000000e+04 2.492300000000000000e+04 2.913700000000000000e+04
2.692000000000000000e+04 2.595800000000000000e+04 2.865400000000000000e+04
2.692200000000000000e+04 2.425700000000000000e+04 2.927000000000000000e+04
2.692200000000000000e+04 2.435300000000000000e+04 2.923500000000000000e+04
2.692200000000000000e+04 2.497700000000000000e+04 2.908800000000000000e+04
2.692300000000000000e+04 2.471200000000000000e+04 2.918300000000000000e+04
2.692300000000000000e+04 2.494300000000000000e+04 2.910000000000000000e+04
2.692500000000000000e+04 2.493500000000000000e+04 2.910800000000000000e+04
2.692500000000000000e+04 2.536500000000000000e+04 2.890400000000000000e+04
2.692600000000000000e+04 2.576500000000000000e+04 2.880300000000000000e+04
2.692700000000000000e+04 2.469500000000000000e+04 2.917000000000000000e+04
2.692700000000000000e+04 2.478000000000000000e+04 2.915700000000000000e+04
2.693000000000000000e+04 2.456400000000000000e+04 2.920200000000000000e+04
2.693000000000000000e+04 2.488600000000000000e+04 2.914200000000000000e+04
2.693000000000000000e+04 2.629500000000000000e+04 2.848200000000000000e+04
2.693000000000000000e+04 2.675500000000000000e+04 2.811700000000000000e+04
2.693000000000000000e+04 2.676800000000000000e+04 2.810300000000000000e+04
2.693100000000000000e+04 2.433300000000000000e+04 2.922600000000000000e+04
2.693100000000000000e+04 2.554100000000000000e+04 2.882700000000000000e+04
2.693200000000000000e+04 2.465100000000000000e+04 2.917800000000000000e+04
2.693200000000000000e+04 2.482100000000000000e+04 2.915300000000000000e+04
2.693200000000000000e+04 2.490000000000000000e+04 2.912100000000000000e+04
2.693200000000000000e+04 2.533600000000000000e+04 2.890700000000000000e+04
2.693300000000000000e+04 2.491100000000000000e+04 2.911700000000000000e+04
2.693300000000000000e+04 2.672000000000000000e+04 2.813000000000000000e+04
2.693300000000000000e+04 2.675100000000000000e+04 2.812700000000000000e+04
2.693400000000000000e+04 2.471700000000000000e+04 2.915300000000000000e+04
2.693400000000000000e+04 2.576800000000000000e+04 2.877900000000000000e+04
2.693500000000000000e+04 2.667100000000000000e+04 2.821400000000000000e+04
2.693600000000000000e+04 2.578600000000000000e+04 2.877500000000000000e+04
2.693700000000000000e+04 2.461500000000000000e+04 2.918100000000000000e+04
2.693700000000000000e+04 2.534500000000000000e+04 2.887100000000000000e+04
2.693700000000000000e+04 2.550300000000000000e+04 2.884800000000000000e+04
2.693700000000000000e+04 2.670100000000000000e+04 2.820000000000000000e+04
2.693800000000000000e+04 2.517400000000000000e+04 2.899800000000000000e+04
2.693800000000000000e+04 2.522000000000000000e+04 2.896700000000000000e+04
2.693800000000000000e+04 2.574700000000000000e+04 2.878400000000000000e+04
2.693800000000000000e+04 2.601800000000000000e+04 2.862000000000000000e+04
2.693800000000000000e+04 2.603400000000000000e+04 2.861100000000000000e+04
2.693900000000000000e+04 2.576200000000000000e+04 2.877400000000000000e+04
2.694100000000000000e+04 2.676100000000000000e+04 2.810600000000000000e+04
2.694200000000000000e+04 2.527500000000000000e+04 2.893600000000000000e+04
2.694300000000000000e+04 2.427300000000000000e+04 2.924300000000000000e+04
2.694300000000000000e+04 2.432800000000000000e+04 2.922800000000000000e+04
2.694300000000000000e+04 2.586300000000000000e+04 2.871200000000000000e+04
2.694300000000000000e+04 2.669300000000000000e+04 2.817300000000000000e+04
2.694300000000000000e+04 2.673500000000000000e+04 2.811300000000000000e+04
2.694400000000000000e+04 2.546300000000000000e+04 2.882600000000000000e+04
2.694600000000000000e+04 2.668900000000000000e+04 2.821100000000000000e+04
2.694700000000000000e+04 2.526200000000000000e+04 2.893500000000000000e+04
2.694900000000000000e+04 2.469200000000000000e+04 2.917700000000000000e+04
2.694900000000000000e+04 2.480000000000000000e+04 2.915100000000000000e+04
2.694900000000000000e+04 2.586800000000000000e+04 2.865700000000000000e+04
2.694900000000000000e+04 2.591300000000000000e+04 2.865700000000000000e+04
2.694900000000000000e+04 2.668300000000000000e+04 2.818100000000000000e+04
2.694900000000000000e+04 2.687600000000000000e+04 2.805700000000000000e+04
2.695000000000000000e+04 2.642900000000000000e+04 2.835500000000000000e+04
2.695100000000000000e+04 2.450600000000000000e+04 2.920400000000000000e+04
2.695100000000000000e+04 2.550600000000000000e+04 2.881200000000000000e+04
2.695100000000000000e+04 2.573300000000000000e+04 2.882000000000000000e+04
2.695200000000000000e+04 2.489800000000000000e+04 2.912000000000000000e+04
2.695200000000000000e+04 2.542700000000000000e+04 2.884200000000000000e+04
2.695200000000000000e+04 2.602000000000000000e+04 2.861100000000000000e+04
2.695200000000000000e+04 2.667600000000000000e+04 2.818400000000000000e+04
2.695300000000000000e+04 2.431800000000000000e+04 2.921700000000000000e+04
2.695400000000000000e+04 2.427700000000000000e+04 2.923800000000000000e+04
2.695500000000000000e+04 2.667500000000000000e+04 2.819000000000000000e+04
2.695600000000000000e+04 2.526400000000000000e+04 2.893400000000000000e+04
2.695600000000000000e+04 2.632000000000000000e+04 2.848000000000000000e+04
2.695700000000000000e+04 2.450600000000000000e+04 2.919500000000000000e+04
2.695800000000000000e+04 2.428700000000000000e+04 2.922500000000000000e+04
2.695800000000000000e+04 2.450200000000000000e+04 2.919700000000000000e+04
2.695800000000000000e+04 2.524500000000000000e+04 2.894600000000000000e+04
2.695800000000000000e+04 2.584900000000000000e+04 2.866300000000000000e+04
2.695800000000000000e+04 2.585300000000000000e+04 2.873300000000000000e+04
2.695900000000000000e+04 2.461100000000000000e+04 2.919000000000000000e+04
2.695900000000000000e+04 2.689200000000000000e+04 2.803300000000000000e+04
2.696000000000000000e+04 2.504100000000000000e+04 2.898900000000000000e+04
2.696100000000000000e+04 2.599700000000000000e+04 2.863100000000000000e+04
2.696200000000000000e+04 2.424700000000000000e+04 2.925600000000000000e+04
2.696200000000000000e+04 2.450500000000000000e+04 2.918700000000000000e+04
2.696200000000000000e+04 2.577200000000000000e+04 2.877100000000000000e+04
2.696300000000000000e+04 2.680700000000000000e+04 2.809100000000000000e+04
2.696400000000000000e+04 2.576000000000000000e+04 2.877000000000000000e+04
2.696500000000000000e+04 2.669100000000000000e+04 2.817400000000000000e+04
2.696600000000000000e+04 2.686200000000000000e+04 2.807100000000000000e+04
2.696700000000000000e+04 2.637700000000000000e+04 2.841100000000000000e+04
2.696800000000000000e+04 2.684800000000000000e+04 2.805300000000000000e+04
2.696900000000000000e+04 2.590600000000000000e+04 2.865600000000000000e+04
2.697000000000000000e+04 2.572300000000000000e+04 2.878900000000000000e+04
2.697000000000000000e+04 2.640700000000000000e+04 2.836700000000000000e+04
2.697000000000000000e+04 2.687700000000000000e+04 2.803800000000000000e+04
2.697100000000000000e+04 2.460500000000000000e+04 2.917000000000000000e+04
2.697100000000000000e+04 2.491600000000000000e+04 2.911600000000000000e+04
2.697300000000000000e+04 2.564800000000000000e+04 2.876200000000000000e+04
2.697300000000000000e+04 2.630800000000000000e+04 2.845600000000000000e+04
2.697300000000000000e+04 2.687200000000000000e+04 2.803500000000000000e+04
2.697400000000000000e+04 2.424100000000000000e+04 2.926000000000000000e+04
2.697500000000000000e+04 2.547300000000000000e+04 2.880800000000000000e+04
2.697500000000000000e+04 2.682800000000000000e+04 2.806300000000000000e+04
2.697600000000000000e+04 2.496700000000000000e+04 2.900200000000000000e+04
2.697600000000000000e+04 2.643000000000000000e+04 2.834800000000000000e+04
2.697700000000000000e+04 2.422400000000000000e+04 2.925300000000000000e+04
2.697700000000000000e+04 2.429900000000000000e+04 2.922300000000000000e+04
2.697700000000000000e+04 2.750200000000000000e+04 2.737000000000000000e+04
2.697800000000000000e+04 2.563300000000000000e+04 2.875600000000000000e+04
2.697800000000000000e+04 2.635200000000000000e+04 2.839100000000000000e+04
2.698000000000000000e+04 2.593100000000000000e+04 2.864700000000000000e+04
2.698100000000000000e+04 2.481500000000000000e+04 2.902900000000000000e+04
2.698100000000000000e+04 2.640600000000000000e+04 2.837400000000000000e+04
2.698100000000000000e+04 2.644100000000000000e+04 2.833200000000000000e+04
2.698200000000000000e+04 2.524600000000000000e+04 2.893000000000000000e+04
2.698200000000000000e+04 2.528100000000000000e+04 2.892300000000000000e+04
2.698200000000000000e+04 2.740300000000000000e+04 2.745100000000000000e+04
2.698300000000000000e+04 2.422300000000000000e+04 2.925400000000000000e+04
2.698300000000000000e+04 2.533600000000000000e+04 2.889900000000000000e+04
2.698400000000000000e+04 2.423000000000000000e+04 2.925100000000000000e+04
2.698500000000000000e+04 2.420300000000000000e+04 2.925000000000000000e+04
2.698500000000000000e+04 2.675000000000000000e+04 2.808200000000000000e+04
2.698500000000000000e+04 2.684500000000000000e+04 2.803400000000000000e+04
2.698500000000000000e+04 2.748100000000000000e+04 2.739500000000000000e+04
2.698700000000000000e+04 2.420000000000000000e+04 2.927000000000000000e+04
2.698700000000000000e+04 2.429800000000000000e+04 2.922400000000000000e+04
2.698700000000000000e+04 2.619300000000000000e+04 2.847400000000000000e+04
2.698700000000000000e+04 2.643900000000000000e+04 2.832600000000000000e+04
2.698700000000000000e+04 2.652300000000000000e+04 2.830600000000000000e+04
2.698700000000000000e+04 2.703300000000000000e+04 2.786400000000000000e+04
2.698800000000000000e+04 2.630500000000000000e+04 2.846800000000000000e+04
2.698900000000000000e+04 2.631700000000000000e+04 2.843900000000000000e+04
2.698900000000000000e+04 2.703400000000000000e+04 2.786100000000000000e+04
2.699000000000000000e+04 2.420000000000000000e+04 2.925000000000000000e+04
2.699100000000000000e+04 2.641400000000000000e+04 2.834400000000000000e+04
2.699200000000000000e+04 2.501900000000000000e+04 2.897400000000000000e+04
2.699300000000000000e+04 2.650200000000000000e+04 2.832400000000000000e+04
2.699300000000000000e+04 2.702500000000000000e+04 2.788800000000000000e+04
2.699800000000000000e+04 2.526100000000000000e+04 2.891300000000000000e+04
2.699800000000000000e+04 2.560500000000000000e+04 2.878500000000000000e+04
2.699800000000000000e+04 2.692000000000000000e+04 2.799900000000000000e+04
2.699900000000000000e+04 2.417500000000000000e+04 2.918900000000000000e+04
2.699900000000000000e+04 2.748200000000000000e+04 2.738000000000000000e+04
2.700000000000000000e+04 2.703000000000000000e+04 2.785100000000000000e+04
2.700100000000000000e+04 2.652100000000000000e+04 2.829000000000000000e+04
2.700200000000000000e+04 2.668900000000000000e+04 2.816900000000000000e+04
2.700300000000000000e+04 2.631100000000000000e+04 2.843500000000000000e+04
2.700300000000000000e+04 2.633100000000000000e+04 2.842600000000000000e+04
2.700300000000000000e+04 2.687400000000000000e+04 2.801600000000000000e+04
2.700300000000000000e+04 2.699500000000000000e+04 2.789800000000000000e+04
2.700400000000000000e+04 2.749300000000000000e+04 2.736000000000000000e+04
2.700500000000000000e+04 2.629800000000000000e+04 2.846000000000000000e+04
2.700600000000000000e+04 2.547800000000000000e+04 2.879300000000000000e+04
2.700600000000000000e+04 2.577600000000000000e+04 2.875600000000000000e+04
2.700700000000000000e+04 2.464000000000000000e+04 2.916500000000000000e+04
2.700700000000000000e+04 2.691000000000000000e+04 2.801300000000000000e+04
2.700700000000000000e+04 2.700700000000000000e+04 2.787400000000000000e+04
2.700700000000000000e+04 2.740100000000000000e+04 2.745500000000000000e+04
2.700800000000000000e+04 2.607200000000000000e+04 2.860100000000000000e+04
2.700800000000000000e+04 2.619100000000000000e+04 2.847200000000000000e+04
2.700800000000000000e+04 2.769000000000000000e+04 2.715900000000000000e+04
2.700900000000000000e+04 2.495200000000000000e+04 2.900200000000000000e+04
2.700900000000000000e+04 2.682600000000000000e+04 2.802900000000000000e+04
2.701000000000000000e+04 2.695500000000000000e+04 2.796900000000000000e+04
2.701000000000000000e+04 2.770800000000000000e+04 2.714700000000000000e+04
2.701100000000000000e+04 2.466500000000000000e+04 2.915800000000000000e+04
2.701100000000000000e+04 2.700600000000000000e+04 2.787500000000000000e+04
2.701100000000000000e+04 2.732100000000000000e+04 2.756800000000000000e+04
2.701200000000000000e+04 2.695300000000000000e+04 2.797200000000000000e+04
2.701200000000000000e+04 2.749500000000000000e+04 2.733400000000000000e+04
2.701300000000000000e+04 2.597000000000000000e+04 2.863700000000000000e+04
2.701300000000000000e+04 2.630400000000000000e+04 2.844300000000000000e+04
2.701300000000000000e+04 2.680900000000000000e+04 2.805400000000000000e+04
2.701300000000000000e+04 2.748000000000000000e+04 2.737600000000000000e+04
2.701400000000000000e+04 2.579900000000000000e+04 2.866400000000000000e+04
2.701400000000000000e+04 2.606800000000000000e+04 2.858700000000000000e+04
2.701400000000000000e+04 2.677500000000000000e+04 2.807400000000000000e+04
2.701400000000000000e+04 2.692400000000000000e+04 2.799700000000000000e+04
2.701400000000000000e+04 2.694100000000000000e+04 2.796300000000000000e+04
2.701400000000000000e+04 2.694300000000000000e+04 2.795800000000000000e+04
2.701400000000000000e+04 2.700600000000000000e+04 2.786100000000000000e+04
2.701400000000000000e+04 2.708800000000000000e+04 2.780100000000000000e+04
2.701500000000000000e+04 2.563800000000000000e+04 2.872100000000000000e+04
2.701500000000000000e+04 2.595900000000000000e+04 2.862400000000000000e+04
2.701500000000000000e+04 2.657600000000000000e+04 2.824900000000000000e+04
2.701500000000000000e+04 2.724600000000000000e+04 2.765600000000000000e+04
2.701500000000000000e+04 2.747600000000000000e+04 2.741400000000000000e+04
2.701700000000000000e+04 2.599900000000000000e+04 2.862000000000000000e+04
2.701700000000000000e+04 2.651700000000000000e+04 2.831500000000000000e+04
2.701700000000000000e+04 2.744600000000000000e+04 2.742800000000000000e+04
2.701700000000000000e+04 2.771200000000000000e+04 2.712000000000000000e+04
2.701800000000000000e+04 2.575400000000000000e+04 2.865600000000000000e+04
2.701800000000000000e+04 2.700100000000000000e+04 2.788800000000000000e+04
2.701900000000000000e+04 2.694400000000000000e+04 2.793500000000000000e+04
2.701900000000000000e+04 2.698300000000000000e+04 2.790200000000000000e+04
2.702000000000000000e+04 2.607700000000000000e+04 2.858500000000000000e+04
2.702000000000000000e+04 2.732700000000000000e+04 2.756500000000000000e+04
2.702100000000000000e+04 2.658100000000000000e+04 2.824000000000000000e+04
2.702100000000000000e+04 2.674100000000000000e+04 2.810000000000000000e+04
2.702100000000000000e+04 2.699700000000000000e+04 2.787200000000000000e+04
2.702200000000000000e+04 2.605200000000000000e+04 2.859600000000000000e+04
2.702200000000000000e+04 2.709300000000000000e+04 2.780000000000000000e+04
2.702200000000000000e+04 2.734700000000000000e+04 2.751800000000000000e+04
2.702300000000000000e+04 2.561500000000000000e+04 2.874100000000000000e+04
2.702400000000000000e+04 2.599400000000000000e+04 2.860900000000000000e+04
2.702400000000000000e+04 2.695300000000000000e+04 2.792900000000000000e+04
2.702600000000000000e+04 2.641300000000000000e+04 2.835300000000000000e+04
2.702700000000000000e+04 2.484000000000000000e+04 2.901700000000000000e+04
2.702700000000000000e+04 2.599000000000000000e+04 2.861900000000000000e+04
2.702700000000000000e+04 2.699800000000000000e+04 2.786500000000000000e+04
2.702800000000000000e+04 2.620200000000000000e+04 2.847100000000000000e+04
2.702800000000000000e+04 2.632200000000000000e+04 2.843000000000000000e+04
2.702800000000000000e+04 2.683400000000000000e+04 2.802900000000000000e+04
2.702900000000000000e+04 2.570100000000000000e+04 2.870900000000000000e+04
2.702900000000000000e+04 2.708100000000000000e+04 2.779600000000000000e+04
2.702900000000000000e+04 2.738700000000000000e+04 2.744500000000000000e+04
2.703000000000000000e+04 2.597400000000000000e+04 2.862100000000000000e+04
2.703000000000000000e+04 2.698400000000000000e+04 2.788900000000000000e+04
2.703100000000000000e+04 2.562900000000000000e+04 2.872900000000000000e+04
2.703100000000000000e+04 2.629200000000000000e+04 2.844400000000000000e+04
2.703100000000000000e+04 2.631500000000000000e+04 2.842700000000000000e+04
2.703100000000000000e+04 2.696900000000000000e+04 2.792700000000000000e+04
2.703100000000000000e+04 2.734600000000000000e+04 2.753500000000000000e+04
2.703200000000000000e+04 2.638100000000000000e+04 2.838600000000000000e+04
2.703300000000000000e+04 2.606700000000000000e+04 2.859100000000000000e+04
2.703300000000000000e+04 2.693000000000000000e+04 2.795900000000000000e+04
2.703300000000000000e+04 2.695100000000000000e+04 2.792900000000000000e+04
2.703300000000000000e+04 2.744400000000000000e+04 2.739000000000000000e+04
2.703300000000000000e+04 2.747800000000000000e+04 2.735800000000000000e+04
2.703400000000000000e+04 2.711200000000000000e+04 2.778400000000000000e+04
2.703500000000000000e+04 2.637600000000000000e+04 2.838300000000000000e+04
2.703500000000000000e+04 2.696000000000000000e+04 2.792500000000000000e+04
2.703600000000000000e+04 2.684100000000000000e+04 2.801000000000000000e+04
2.703800000000000000e+04 2.544000000000000000e+04 2.882400000000000000e+04
2.703800000000000000e+04 2.545200000000000000e+04 2.880900000000000000e+04
2.703800000000000000e+04 2.578700000000000000e+04 2.865100000000000000e+04
2.703800000000000000e+04 2.707100000000000000e+04 2.784900000000000000e+04
2.703900000000000000e+04 2.669400000000000000e+04 2.814600000000000000e+04
2.703900000000000000e+04 2.680200000000000000e+04 2.806500000000000000e+04
2.704000000000000000e+04 2.526200000000000000e+04 2.890400000000000000e+04
2.704000000000000000e+04 2.630900000000000000e+04 2.842500000000000000e+04
2.704000000000000000e+04 2.769200000000000000e+04 2.714700000000000000e+04
2.704100000000000000e+04 2.636700000000000000e+04 2.838500000000000000e+04
2.704100000000000000e+04 2.692700000000000000e+04 2.796100000000000000e+04
2.704100000000000000e+04 2.768600000000000000e+04 2.715600000000000000e+04
2.704100000000000000e+04 2.770000000000000000e+04 2.714300000000000000e+04
2.704200000000000000e+04 2.546200000000000000e+04 2.880100000000000000e+04
2.704200000000000000e+04 2.707900000000000000e+04 2.780500000000000000e+04
2.704300000000000000e+04 2.560600000000000000e+04 2.872700000000000000e+04
2.704300000000000000e+04 2.668100000000000000e+04 2.816200000000000000e+04
2.704500000000000000e+04 2.706900000000000000e+04 2.780900000000000000e+04
2.704500000000000000e+04 2.738300000000000000e+04 2.743700000000000000e+04
2.704500000000000000e+04 2.766800000000000000e+04 2.716700000000000000e+04
2.704600000000000000e+04 2.515300000000000000e+04 2.893600000000000000e+04
2.704600000000000000e+04 2.756800000000000000e+04 2.730400000000000000e+04
2.704600000000000000e+04 2.773400000000000000e+04 2.710700000000000000e+04
2.704700000000000000e+04 2.649400000000000000e+04 2.832600000000000000e+04
2.704800000000000000e+04 2.562500000000000000e+04 2.872300000000000000e+04
2.704800000000000000e+04 2.614400000000000000e+04 2.857000000000000000e+04
2.704800000000000000e+04 2.650000000000000000e+04 2.829300000000000000e+04
2.704800000000000000e+04 2.652300000000000000e+04 2.827300000000000000e+04
2.704800000000000000e+04 2.682600000000000000e+04 2.804600000000000000e+04
2.704800000000000000e+04 2.732100000000000000e+04 2.755600000000000000e+04
2.704900000000000000e+04 2.514700000000000000e+04 2.891400000000000000e+04
2.704900000000000000e+04 2.718400000000000000e+04 2.771700000000000000e+04
2.704900000000000000e+04 2.760000000000000000e+04 2.722400000000000000e+04
2.704900000000000000e+04 2.763800000000000000e+04 2.723500000000000000e+04
2.705100000000000000e+04 2.597900000000000000e+04 2.859700000000000000e+04
2.705100000000000000e+04 2.641000000000000000e+04 2.835400000000000000e+04
2.705100000000000000e+04 2.677700000000000000e+04 2.803500000000000000e+04
2.705100000000000000e+04 2.765000000000000000e+04 2.720500000000000000e+04
2.705200000000000000e+04 2.613200000000000000e+04 2.858200000000000000e+04
2.705200000000000000e+04 2.652400000000000000e+04 2.826800000000000000e+04
2.705200000000000000e+04 2.730600000000000000e+04 2.755800000000000000e+04
2.705300000000000000e+04 2.505700000000000000e+04 2.896000000000000000e+04
2.705300000000000000e+04 2.611500000000000000e+04 2.856700000000000000e+04
2.705300000000000000e+04 2.693900000000000000e+04 2.794300000000000000e+04
2.705400000000000000e+04 2.526800000000000000e+04 2.889600000000000000e+04
2.705400000000000000e+04 2.651600000000000000e+04 2.827700000000000000e+04
2.705400000000000000e+04 2.703100000000000000e+04 2.782100000000000000e+04
2.705400000000000000e+04 2.753500000000000000e+04 2.731900000000000000e+04
2.705500000000000000e+04 2.527400000000000000e+04 2.888000000000000000e+04
2.705500000000000000e+04 2.677500000000000000e+04 2.801900000000000000e+04
2.705500000000000000e+04 2.706300000000000000e+04 2.781000000000000000e+04
2.705500000000000000e+04 2.772900000000000000e+04 2.711800000000000000e+04
2.705500000000000000e+04 2.774800000000000000e+04 2.709300000000000000e+04
2.705600000000000000e+04 2.569300000000000000e+04 2.871000000000000000e+04
2.705600000000000000e+04 2.650900000000000000e+04 2.827600000000000000e+04
2.705600000000000000e+04 2.710400000000000000e+04 2.777700000000000000e+04
2.705700000000000000e+04 2.686100000000000000e+04 2.800900000000000000e+04
2.705700000000000000e+04 2.711400000000000000e+04 2.775700000000000000e+04
2.705800000000000000e+04 2.541900000000000000e+04 2.884000000000000000e+04
2.705800000000000000e+04 2.585000000000000000e+04 2.864900000000000000e+04
2.705800000000000000e+04 2.600400000000000000e+04 2.859300000000000000e+04
2.705800000000000000e+04 2.667200000000000000e+04 2.814600000000000000e+04
2.705800000000000000e+04 2.709600000000000000e+04 2.777100000000000000e+04
2.705900000000000000e+04 2.513800000000000000e+04 2.892200000000000000e+04
2.705900000000000000e+04 2.659700000000000000e+04 2.822100000000000000e+04
2.705900000000000000e+04 2.667000000000000000e+04 2.816700000000000000e+04
2.705900000000000000e+04 2.702800000000000000e+04 2.781300000000000000e+04
2.706000000000000000e+04 2.677700000000000000e+04 2.801800000000000000e+04
2.706000000000000000e+04 2.702000000000000000e+04 2.783400000000000000e+04
2.706100000000000000e+04 2.681700000000000000e+04 2.801600000000000000e+04
2.706200000000000000e+04 2.682100000000000000e+04 2.801500000000000000e+04
2.706300000000000000e+04 2.528100000000000000e+04 2.887800000000000000e+04
2.706300000000000000e+04 2.585200000000000000e+04 2.861600000000000000e+04
2.706300000000000000e+04 2.595400000000000000e+04 2.863200000000000000e+04
2.706300000000000000e+04 2.665400000000000000e+04 2.819300000000000000e+04
2.706500000000000000e+04 2.501700000000000000e+04 2.898900000000000000e+04
2.706500000000000000e+04 2.540500000000000000e+04 2.882200000000000000e+04
2.706500000000000000e+04 2.634500000000000000e+04 2.838900000000000000e+04
2.706500000000000000e+04 2.651500000000000000e+04 2.827000000000000000e+04
2.706500000000000000e+04 2.697800000000000000e+04 2.788000000000000000e+04
2.706600000000000000e+04 2.661900000000000000e+04 2.818500000000000000e+04
2.706700000000000000e+04 2.507400000000000000e+04 2.895900000000000000e+04
2.706700000000000000e+04 2.532400000000000000e+04 2.886400000000000000e+04
2.706700000000000000e+04 2.540100000000000000e+04 2.881800000000000000e+04
2.706700000000000000e+04 2.670100000000000000e+04 2.812600000000000000e+04
2.706700000000000000e+04 2.709900000000000000e+04 2.775600000000000000e+04
2.706800000000000000e+04 2.542000000000000000e+04 2.881700000000000000e+04
2.706800000000000000e+04 2.615900000000000000e+04 2.853900000000000000e+04
2.706900000000000000e+04 2.630100000000000000e+04 2.841500000000000000e+04
2.706900000000000000e+04 2.653000000000000000e+04 2.826000000000000000e+04
2.706900000000000000e+04 2.656400000000000000e+04 2.824200000000000000e+04
2.706900000000000000e+04 2.656600000000000000e+04 2.826500000000000000e+04
2.707000000000000000e+04 2.525200000000000000e+04 2.890800000000000000e+04
2.707000000000000000e+04 2.583600000000000000e+04 2.863900000000000000e+04
2.707100000000000000e+04 2.567900000000000000e+04 2.871900000000000000e+04
2.707100000000000000e+04 2.708300000000000000e+04 2.778700000000000000e+04
2.707100000000000000e+04 2.756900000000000000e+04 2.728000000000000000e+04
2.707100000000000000e+04 2.758900000000000000e+04 2.724800000000000000e+04
2.707200000000000000e+04 2.533000000000000000e+04 2.885800000000000000e+04
2.707300000000000000e+04 2.583100000000000000e+04 2.863000000000000000e+04
2.707300000000000000e+04 2.615700000000000000e+04 2.854700000000000000e+04
2.707300000000000000e+04 2.668200000000000000e+04 2.813900000000000000e+04
2.707400000000000000e+04 2.529400000000000000e+04 2.887700000000000000e+04
2.707400000000000000e+04 2.574800000000000000e+04 2.869800000000000000e+04
2.707400000000000000e+04 2.619600000000000000e+04 2.846500000000000000e+04
2.707400000000000000e+04 2.659400000000000000e+04 2.819700000000000000e+04
2.707400000000000000e+04 2.764600000000000000e+04 2.717300000000000000e+04
2.707500000000000000e+04 2.709800000000000000e+04 2.776400000000000000e+04
2.707600000000000000e+04 2.517600000000000000e+04 2.890500000000000000e+04
2.707600000000000000e+04 2.532200000000000000e+04 2.887200000000000000e+04
2.707600000000000000e+04 2.546800000000000000e+04 2.879000000000000000e+04
2.707600000000000000e+04 2.650300000000000000e+04 2.829000000000000000e+04
2.707600000000000000e+04 2.755100000000000000e+04 2.730000000000000000e+04
2.707700000000000000e+04 2.512900000000000000e+04 2.892100000000000000e+04
2.707700000000000000e+04 2.637900000000000000e+04 2.837900000000000000e+04
2.707700000000000000e+04 2.657500000000000000e+04 2.821900000000000000e+04
2.707700000000000000e+04 2.672000000000000000e+04 2.811200000000000000e+04
2.707700000000000000e+04 2.708200000000000000e+04 2.778800000000000000e+04
2.707800000000000000e+04 2.539500000000000000e+04 2.880900000000000000e+04
2.707800000000000000e+04 2.561000000000000000e+04 2.870900000000000000e+04
2.707900000000000000e+04 2.728600000000000000e+04 2.758800000000000000e+04
2.707900000000000000e+04 2.752900000000000000e+04 2.733000000000000000e+04
2.708000000000000000e+04 2.571200000000000000e+04 2.870100000000000000e+04
2.708000000000000000e+04 2.658000000000000000e+04 2.821200000000000000e+04
2.708000000000000000e+04 2.771900000000000000e+04 2.711100000000000000e+04
2.708100000000000000e+04 2.509300000000000000e+04 2.895500000000000000e+04
2.708100000000000000e+04 2.526600000000000000e+04 2.886500000000000000e+04
2.708100000000000000e+04 2.650000000000000000e+04 2.827200000000000000e+04
2.708100000000000000e+04 2.687500000000000000e+04 2.798400000000000000e+04
2.708200000000000000e+04 2.610700000000000000e+04 2.857300000000000000e+04
2.708200000000000000e+04 2.687300000000000000e+04 2.797800000000000000e+04
2.708200000000000000e+04 2.756900000000000000e+04 2.727800000000000000e+04
2.708300000000000000e+04 2.615200000000000000e+04 2.856200000000000000e+04
2.708400000000000000e+04 2.596800000000000000e+04 2.859700000000000000e+04
2.708400000000000000e+04 2.614500000000000000e+04 2.854100000000000000e+04
2.708400000000000000e+04 2.656200000000000000e+04 2.825500000000000000e+04
2.708400000000000000e+04 2.755700000000000000e+04 2.726400000000000000e+04
2.708500000000000000e+04 2.643600000000000000e+04 2.834400000000000000e+04
2.708700000000000000e+04 2.512700000000000000e+04 2.892900000000000000e+04
2.708700000000000000e+04 2.530700000000000000e+04 2.886100000000000000e+04
2.708800000000000000e+04 2.631700000000000000e+04 2.839100000000000000e+04
2.708800000000000000e+04 2.648400000000000000e+04 2.829900000000000000e+04
2.708800000000000000e+04 2.655200000000000000e+04 2.826000000000000000e+04
2.708800000000000000e+04 2.747300000000000000e+04 2.736500000000000000e+04
2.708800000000000000e+04 2.774600000000000000e+04 2.708800000000000000e+04
2.708800000000000000e+04 2.792800000000000000e+04 2.687600000000000000e+04
2.708900000000000000e+04 2.582900000000000000e+04 2.861400000000000000e+04
2.708900000000000000e+04 2.613300000000000000e+04 2.854700000000000000e+04
2.708900000000000000e+04 2.668100000000000000e+04 2.812400000000000000e+04
2.709000000000000000e+04 2.646500000000000000e+04 2.831600000000000000e+04
2.709000000000000000e+04 2.728000000000000000e+04 2.760400000000000000e+04
2.709000000000000000e+04 2.730100000000000000e+04 2.758400000000000000e+04
2.709100000000000000e+04 2.587200000000000000e+04 2.860600000000000000e+04
2.709100000000000000e+04 2.647900000000000000e+04 2.829600000000000000e+04
2.709100000000000000e+04 2.657500000000000000e+04 2.822100000000000000e+04
2.709100000000000000e+04 2.770100000000000000e+04 2.713500000000000000e+04
2.709200000000000000e+04 2.534400000000000000e+04 2.885600000000000000e+04
2.709200000000000000e+04 2.616000000000000000e+04 2.852100000000000000e+04
2.709200000000000000e+04 2.643900000000000000e+04 2.832300000000000000e+04
2.709200000000000000e+04 2.648100000000000000e+04 2.827600000000000000e+04
2.709200000000000000e+04 2.755500000000000000e+04 2.729900000000000000e+04
2.709300000000000000e+04 2.579700000000000000e+04 2.864800000000000000e+04
2.709300000000000000e+04 2.707300000000000000e+04 2.780800000000000000e+04
2.709300000000000000e+04 2.729100000000000000e+04 2.757600000000000000e+04
2.709300000000000000e+04 2.770200000000000000e+04 2.713200000000000000e+04
2.709300000000000000e+04 2.780700000000000000e+04 2.701100000000000000e+04
2.709400000000000000e+04 2.512800000000000000e+04 2.891500000000000000e+04
2.709400000000000000e+04 2.574000000000000000e+04 2.868600000000000000e+04
2.709400000000000000e+04 2.586800000000000000e+04 2.860900000000000000e+04
2.709400000000000000e+04 2.727100000000000000e+04 2.762800000000000000e+04
2.709600000000000000e+04 2.591900000000000000e+04 2.857100000000000000e+04
2.709600000000000000e+04 2.643400000000000000e+04 2.834100000000000000e+04
2.709700000000000000e+04 2.575000000000000000e+04 2.865400000000000000e+04
2.709700000000000000e+04 2.642500000000000000e+04 2.833200000000000000e+04
2.709700000000000000e+04 2.656600000000000000e+04 2.821700000000000000e+04
2.709800000000000000e+04 2.706200000000000000e+04 2.778600000000000000e+04
2.709900000000000000e+04 2.570600000000000000e+04 2.868600000000000000e+04
2.709900000000000000e+04 2.580100000000000000e+04 2.862100000000000000e+04
2.709900000000000000e+04 2.608900000000000000e+04 2.855600000000000000e+04
2.709900000000000000e+04 2.697600000000000000e+04 2.788900000000000000e+04
2.709900000000000000e+04 2.724600000000000000e+04 2.764800000000000000e+04
2.709900000000000000e+04 2.728500000000000000e+04 2.757300000000000000e+04
2.710000000000000000e+04 2.690000000000000000e+04 2.795200000000000000e+04
2.710000000000000000e+04 2.778300000000000000e+04 2.705900000000000000e+04
2.710100000000000000e+04 2.503500000000000000e+04 2.894600000000000000e+04
2.710100000000000000e+04 2.572200000000000000e+04 2.867600000000000000e+04
2.710100000000000000e+04 2.585700000000000000e+04 2.861300000000000000e+04
2.710100000000000000e+04 2.588000000000000000e+04 2.860200000000000000e+04
2.710100000000000000e+04 2.636900000000000000e+04 2.838500000000000000e+04
2.710200000000000000e+04 2.567200000000000000e+04 2.867400000000000000e+04
2.710200000000000000e+04 2.660700000000000000e+04 2.819100000000000000e+04
2.710200000000000000e+04 2.668400000000000000e+04 2.812200000000000000e+04
2.710200000000000000e+04 2.758800000000000000e+04 2.725000000000000000e+04
2.710400000000000000e+04 2.654900000000000000e+04 2.823400000000000000e+04
2.710400000000000000e+04 2.735200000000000000e+04 2.751800000000000000e+04
2.710500000000000000e+04 2.573000000000000000e+04 2.866400000000000000e+04
2.710500000000000000e+04 2.737200000000000000e+04 2.749500000000000000e+04
2.710500000000000000e+04 2.778900000000000000e+04 2.701700000000000000e+04
2.710600000000000000e+04 2.591000000000000000e+04 2.858900000000000000e+04
2.710700000000000000e+04 2.512100000000000000e+04 2.892400000000000000e+04
2.710700000000000000e+04 2.666900000000000000e+04 2.815300000000000000e+04
2.710700000000000000e+04 2.786200000000000000e+04 2.692300000000000000e+04
2.710800000000000000e+04 2.591500000000000000e+04 2.856500000000000000e+04
2.710800000000000000e+04 2.674400000000000000e+04 2.810000000000000000e+04
2.710900000000000000e+04 2.508300000000000000e+04 2.894300000000000000e+04
2.710900000000000000e+04 2.618800000000000000e+04 2.851600000000000000e+04
2.710900000000000000e+04 2.640400000000000000e+04 2.835800000000000000e+04
2.710900000000000000e+04 2.654200000000000000e+04 2.825200000000000000e+04
2.711000000000000000e+04 2.579400000000000000e+04 2.864500000000000000e+04
2.711000000000000000e+04 2.590700000000000000e+04 2.857300000000000000e+04
2.711000000000000000e+04 2.647500000000000000e+04 2.826300000000000000e+04
2.711000000000000000e+04 2.673700000000000000e+04 2.809500000000000000e+04
2.711000000000000000e+04 2.722200000000000000e+04 2.771400000000000000e+04
2.711000000000000000e+04 2.728100000000000000e+04 2.758600000000000000e+04
2.711000000000000000e+04 2.728500000000000000e+04 2.756000000000000000e+04
2.711100000000000000e+04 2.639000000000000000e+04 2.834000000000000000e+04
2.711100000000000000e+04 2.698300000000000000e+04 2.785200000000000000e+04
2.711100000000000000e+04 2.736600000000000000e+04 2.750200000000000000e+04
2.711100000000000000e+04 2.784300000000000000e+04 2.694500000000000000e+04
2.711200000000000000e+04 2.589200000000000000e+04 2.858100000000000000e+04
2.711200000000000000e+04 2.616800000000000000e+04 2.851200000000000000e+04
2.711300000000000000e+04 2.591400000000000000e+04 2.855400000000000000e+04
2.711300000000000000e+04 2.658300000000000000e+04 2.820400000000000000e+04
2.711300000000000000e+04 2.665100000000000000e+04 2.817200000000000000e+04
2.711300000000000000e+04 2.695100000000000000e+04 2.793000000000000000e+04
2.711300000000000000e+04 2.723500000000000000e+04 2.765400000000000000e+04
2.711400000000000000e+04 2.699000000000000000e+04 2.784000000000000000e+04
2.711400000000000000e+04 2.705900000000000000e+04 2.776500000000000000e+04
2.711500000000000000e+04 2.643600000000000000e+04 2.832700000000000000e+04
2.711500000000000000e+04 2.664800000000000000e+04 2.814500000000000000e+04
2.711500000000000000e+04 2.697500000000000000e+04 2.787700000000000000e+04
2.711600000000000000e+04 2.587500000000000000e+04 2.859300000000000000e+04
2.711600000000000000e+04 2.720800000000000000e+04 2.769200000000000000e+04
2.711600000000000000e+04 2.736000000000000000e+04 2.748700000000000000e+04
2.711700000000000000e+04 2.593300000000000000e+04 2.855200000000000000e+04
2.711700000000000000e+04 2.688100000000000000e+04 2.797000000000000000e+04
2.711700000000000000e+04 2.734800000000000000e+04 2.751700000000000000e+04
2.711700000000000000e+04 2.755600000000000000e+04 2.727900000000000000e+04
2.711700000000000000e+04 2.783100000000000000e+04 2.697000000000000000e+04
2.711800000000000000e+04 2.578800000000000000e+04 2.862500000000000000e+04
2.711800000000000000e+04 2.638600000000000000e+04 2.834200000000000000e+04
2.711800000000000000e+04 2.757600000000000000e+04 2.725200000000000000e+04
2.711900000000000000e+04 2.657500000000000000e+04 2.820800000000000000e+04
2.711900000000000000e+04 2.671800000000000000e+04 2.808800000000000000e+04
2.712100000000000000e+04 2.661300000000000000e+04 2.818600000000000000e+04
2.712200000000000000e+04 2.642700000000000000e+04 2.831000000000000000e+04
2.712200000000000000e+04 2.657700000000000000e+04 2.820400000000000000e+04
2.712200000000000000e+04 2.722500000000000000e+04 2.767400000000000000e+04
2.712300000000000000e+04 2.595900000000000000e+04 2.850700000000000000e+04
2.712300000000000000e+04 2.662400000000000000e+04 2.817900000000000000e+04
2.712300000000000000e+04 2.777100000000000000e+04 2.707800000000000000e+04
2.712400000000000000e+04 2.588500000000000000e+04 2.857500000000000000e+04
2.712400000000000000e+04 2.589600000000000000e+04 2.856400000000000000e+04
2.712400000000000000e+04 2.595800000000000000e+04 2.850600000000000000e+04
2.712400000000000000e+04 2.627300000000000000e+04 2.841000000000000000e+04
2.712400000000000000e+04 2.639600000000000000e+04 2.833800000000000000e+04
2.712400000000000000e+04 2.736500000000000000e+04 2.748000000000000000e+04
2.712400000000000000e+04 2.743900000000000000e+04 2.738400000000000000e+04
2.712400000000000000e+04 2.787400000000000000e+04 2.691500000000000000e+04
2.712500000000000000e+04 2.643000000000000000e+04 2.830800000000000000e+04
2.712500000000000000e+04 2.656500000000000000e+04 2.822300000000000000e+04
2.712500000000000000e+04 2.719800000000000000e+04 2.771100000000000000e+04
2.712500000000000000e+04 2.720500000000000000e+04 2.769300000000000000e+04
2.712600000000000000e+04 2.576800000000000000e+04 2.864100000000000000e+04
2.712700000000000000e+04 2.669400000000000000e+04 2.809600000000000000e+04
2.712700000000000000e+04 2.705800000000000000e+04 2.780400000000000000e+04
2.712800000000000000e+04 2.584700000000000000e+04 2.860600000000000000e+04
2.712800000000000000e+04 2.639800000000000000e+04 2.832500000000000000e+04
2.712800000000000000e+04 2.734200000000000000e+04 2.755500000000000000e+04
2.712900000000000000e+04 2.727700000000000000e+04 2.753800000000000000e+04
2.712900000000000000e+04 2.804100000000000000e+04 2.664500000000000000e+04
2.713000000000000000e+04 2.719600000000000000e+04 2.771000000000000000e+04
2.713000000000000000e+04 2.734000000000000000e+04 2.753300000000000000e+04
2.713100000000000000e+04 2.659300000000000000e+04 2.819700000000000000e+04
2.713100000000000000e+04 2.693800000000000000e+04 2.790400000000000000e+04
2.713100000000000000e+04 2.720400000000000000e+04 2.770600000000000000e+04
2.713100000000000000e+04 2.804800000000000000e+04 2.663800000000000000e+04
2.713200000000000000e+04 2.514100000000000000e+04 2.891300000000000000e+04
2.713200000000000000e+04 2.638400000000000000e+04 2.836800000000000000e+04
2.713200000000000000e+04 2.660100000000000000e+04 2.817900000000000000e+04
2.713200000000000000e+04 2.696800000000000000e+04 2.788000000000000000e+04
2.713200000000000000e+04 2.715800000000000000e+04 2.775100000000000000e+04
2.713200000000000000e+04 2.719600000000000000e+04 2.770400000000000000e+04
2.713200000000000000e+04 2.721500000000000000e+04 2.767400000000000000e+04
2.713300000000000000e+04 2.720400000000000000e+04 2.770000000000000000e+04
2.713400000000000000e+04 2.577500000000000000e+04 2.862600000000000000e+04
2.713400000000000000e+04 2.778200000000000000e+04 2.706600000000000000e+04
2.713400000000000000e+04 2.803900000000000000e+04 2.664900000000000000e+04
2.713500000000000000e+04 2.677500000000000000e+04 2.807000000000000000e+04
2.713500000000000000e+04 2.716100000000000000e+04 2.770100000000000000e+04
2.713500000000000000e+04 2.790500000000000000e+04 2.687200000000000000e+04
2.713600000000000000e+04 2.635900000000000000e+04 2.837200000000000000e+04
2.713600000000000000e+04 2.666600000000000000e+04 2.813400000000000000e+04
2.713600000000000000e+04 2.735800000000000000e+04 2.751100000000000000e+04
2.713700000000000000e+04 2.576800000000000000e+04 2.862300000000000000e+04
2.713700000000000000e+04 2.664400000000000000e+04 2.815100000000000000e+04
2.713700000000000000e+04 2.695800000000000000e+04 2.789000000000000000e+04
2.713800000000000000e+04 2.588400000000000000e+04 2.857500000000000000e+04
2.713800000000000000e+04 2.590000000000000000e+04 2.855400000000000000e+04
2.713800000000000000e+04 2.695500000000000000e+04 2.789500000000000000e+04
2.713900000000000000e+04 2.644200000000000000e+04 2.830500000000000000e+04
2.713900000000000000e+04 2.805400000000000000e+04 2.662200000000000000e+04
2.714000000000000000e+04 2.675600000000000000e+04 2.806700000000000000e+04
2.714000000000000000e+04 2.697300000000000000e+04 2.786600000000000000e+04
2.714100000000000000e+04 2.719500000000000000e+04 2.769000000000000000e+04
2.714100000000000000e+04 2.748300000000000000e+04 2.735500000000000000e+04
2.714100000000000000e+04 2.777800000000000000e+04 2.705100000000000000e+04
2.714200000000000000e+04 2.653000000000000000e+04 2.826200000000000000e+04
2.714300000000000000e+04 2.718300000000000000e+04 2.769300000000000000e+04
2.714300000000000000e+04 2.778500000000000000e+04 2.701600000000000000e+04
2.714300000000000000e+04 2.791800000000000000e+04 2.682400000000000000e+04
2.714400000000000000e+04 2.804400000000000000e+04 2.662200000000000000e+04
2.714500000000000000e+04 2.578200000000000000e+04 2.861000000000000000e+04
2.714500000000000000e+04 2.656300000000000000e+04 2.820700000000000000e+04
2.714500000000000000e+04 2.714500000000000000e+04 2.771600000000000000e+04
2.714600000000000000e+04 2.673000000000000000e+04 2.808300000000000000e+04
2.714700000000000000e+04 2.650300000000000000e+04 2.825300000000000000e+04
2.714700000000000000e+04 2.800300000000000000e+04 2.670100000000000000e+04
2.714800000000000000e+04 2.639200000000000000e+04 2.833300000000000000e+04
2.714900000000000000e+04 2.637600000000000000e+04 2.835800000000000000e+04
2.714900000000000000e+04 2.721200000000000000e+04 2.768600000000000000e+04
2.715000000000000000e+04 2.635000000000000000e+04 2.838300000000000000e+04
2.715000000000000000e+04 2.776500000000000000e+04 2.704000000000000000e+04
2.715000000000000000e+04 2.785600000000000000e+04 2.688900000000000000e+04
2.715000000000000000e+04 2.806700000000000000e+04 2.659800000000000000e+04
2.715100000000000000e+04 2.648700000000000000e+04 2.821700000000000000e+04
2.715100000000000000e+04 2.673800000000000000e+04 2.807000000000000000e+04
2.715100000000000000e+04 2.714800000000000000e+04 2.771000000000000000e+04
2.715100000000000000e+04 2.742400000000000000e+04 2.743700000000000000e+04
2.715100000000000000e+04 2.804300000000000000e+04 2.660900000000000000e+04
2.715200000000000000e+04 2.713700000000000000e+04 2.771800000000000000e+04
2.715200000000000000e+04 2.782900000000000000e+04 2.697700000000000000e+04
2.715300000000000000e+04 2.661600000000000000e+04 2.813600000000000000e+04
2.715300000000000000e+04 2.801500000000000000e+04 2.666000000000000000e+04
2.715300000000000000e+04 2.802100000000000000e+04 2.665200000000000000e+04
2.715300000000000000e+04 2.811300000000000000e+04 2.655000000000000000e+04
2.715500000000000000e+04 2.656700000000000000e+04 2.819500000000000000e+04
2.715500000000000000e+04 2.671500000000000000e+04 2.809500000000000000e+04
2.715500000000000000e+04 2.776400000000000000e+04 2.704400000000000000e+04
2.715600000000000000e+04 2.634400000000000000e+04 2.837400000000000000e+04
2.715600000000000000e+04 2.775900000000000000e+04 2.703900000000000000e+04
2.715600000000000000e+04 2.800600000000000000e+04 2.663400000000000000e+04
2.715700000000000000e+04 2.669000000000000000e+04 2.812100000000000000e+04
2.715700000000000000e+04 2.777000000000000000e+04 2.703300000000000000e+04
2.715800000000000000e+04 2.649400000000000000e+04 2.820700000000000000e+04
2.715900000000000000e+04 2.625300000000000000e+04 2.845400000000000000e+04
2.715900000000000000e+04 2.633900000000000000e+04 2.837100000000000000e+04
2.715900000000000000e+04 2.781700000000000000e+04 2.696500000000000000e+04
2.715900000000000000e+04 2.805500000000000000e+04 2.660400000000000000e+04
2.716100000000000000e+04 2.776300000000000000e+04 2.702800000000000000e+04
2.716100000000000000e+04 2.809000000000000000e+04 2.656100000000000000e+04
2.716100000000000000e+04 2.809400000000000000e+04 2.654000000000000000e+04
2.716200000000000000e+04 2.674000000000000000e+04 2.806700000000000000e+04
2.716200000000000000e+04 2.675700000000000000e+04 2.803900000000000000e+04
2.716200000000000000e+04 2.688900000000000000e+04 2.796100000000000000e+04
2.716200000000000000e+04 2.790500000000000000e+04 2.683300000000000000e+04
2.716300000000000000e+04 2.690800000000000000e+04 2.794100000000000000e+04
2.716300000000000000e+04 2.751100000000000000e+04 2.733300000000000000e+04
2.716400000000000000e+04 2.657200000000000000e+04 2.819400000000000000e+04
2.716500000000000000e+04 2.686600000000000000e+04 2.798900000000000000e+04
2.716500000000000000e+04 2.711500000000000000e+04 2.771300000000000000e+04
2.716500000000000000e+04 2.749200000000000000e+04 2.734900000000000000e+04
2.716500000000000000e+04 2.796500000000000000e+04 2.672700000000000000e+04
2.716600000000000000e+04 2.695300000000000000e+04 2.789100000000000000e+04
2.716600000000000000e+04 2.808100000000000000e+04 2.658000000000000000e+04
2.716800000000000000e+04 2.633100000000000000e+04 2.838700000000000000e+04
2.716800000000000000e+04 2.698900000000000000e+04 2.783100000000000000e+04
2.716800000000000000e+04 2.760000000000000000e+04 2.722700000000000000e+04
2.716900000000000000e+04 2.625200000000000000e+04 2.839900000000000000e+04
2.716900000000000000e+04 2.633800000000000000e+04 2.837200000000000000e+04
2.716900000000000000e+04 2.656100000000000000e+04 2.816500000000000000e+04
2.716900000000000000e+04 2.681100000000000000e+04 2.800000000000000000e+04
2.716900000000000000e+04 2.697200000000000000e+04 2.786900000000000000e+04
2.716900000000000000e+04 2.752400000000000000e+04 2.729900000000000000e+04
2.717100000000000000e+04 2.672600000000000000e+04 2.806600000000000000e+04
2.717100000000000000e+04 2.686400000000000000e+04 2.799500000000000000e+04
2.717100000000000000e+04 2.688200000000000000e+04 2.793800000000000000e+04
2.717100000000000000e+04 2.750700000000000000e+04 2.730200000000000000e+04
2.717200000000000000e+04 2.604500000000000000e+04 2.846200000000000000e+04
2.717200000000000000e+04 2.715800000000000000e+04 2.770000000000000000e+04
2.717200000000000000e+04 2.758000000000000000e+04 2.721800000000000000e+04
2.717200000000000000e+04 2.789700000000000000e+04 2.680900000000000000e+04
2.717300000000000000e+04 2.600600000000000000e+04 2.846500000000000000e+04
2.717400000000000000e+04 2.687000000000000000e+04 2.797400000000000000e+04
2.717400000000000000e+04 2.751000000000000000e+04 2.729800000000000000e+04
2.717500000000000000e+04 2.696200000000000000e+04 2.788800000000000000e+04
2.717500000000000000e+04 2.702500000000000000e+04 2.777700000000000000e+04
2.717500000000000000e+04 2.800100000000000000e+04 2.665700000000000000e+04
2.717600000000000000e+04 2.673100000000000000e+04 2.805100000000000000e+04
2.717600000000000000e+04 2.687900000000000000e+04 2.796500000000000000e+04
2.717600000000000000e+04 2.742200000000000000e+04 2.739800000000000000e+04
2.717600000000000000e+04 2.789800000000000000e+04 2.678800000000000000e+04
2.717700000000000000e+04 2.687000000000000000e+04 2.795900000000000000e+04
2.717700000000000000e+04 2.742100000000000000e+04 2.739900000000000000e+04
2.717800000000000000e+04 2.695700000000000000e+04 2.788500000000000000e+04
2.717900000000000000e+04 2.680900000000000000e+04 2.801600000000000000e+04
2.718000000000000000e+04 2.686900000000000000e+04 2.795800000000000000e+04
2.718000000000000000e+04 2.809400000000000000e+04 2.653700000000000000e+04
2.718100000000000000e+04 2.797900000000000000e+04 2.670100000000000000e+04
2.718200000000000000e+04 2.691900000000000000e+04 2.790900000000000000e+04
2.718300000000000000e+04 2.684300000000000000e+04 2.799500000000000000e+04
2.718400000000000000e+04 2.660300000000000000e+04 2.816300000000000000e+04
2.718400000000000000e+04 2.697100000000000000e+04 2.786700000000000000e+04
2.718400000000000000e+04 2.715600000000000000e+04 2.769200000000000000e+04
2.718400000000000000e+04 2.813900000000000000e+04 2.645700000000000000e+04
2.718400000000000000e+04 2.815500000000000000e+04 2.645600000000000000e+04
2.718500000000000000e+04 2.680900000000000000e+04 2.799600000000000000e+04
2.718500000000000000e+04 2.702200000000000000e+04 2.781700000000000000e+04
2.718500000000000000e+04 2.755100000000000000e+04 2.724700000000000000e+04
2.718500000000000000e+04 2.800000000000000000e+04 2.668600000000000000e+04
2.718600000000000000e+04 2.689900000000000000e+04 2.789200000000000000e+04
2.718600000000000000e+04 2.690300000000000000e+04 2.793600000000000000e+04
2.718600000000000000e+04 2.775400000000000000e+04 2.705000000000000000e+04
2.718700000000000000e+04 2.669000000000000000e+04 2.808500000000000000e+04
2.718700000000000000e+04 2.680400000000000000e+04 2.801200000000000000e+04
2.718700000000000000e+04 2.681300000000000000e+04 2.798800000000000000e+04
2.718700000000000000e+04 2.687500000000000000e+04 2.794600000000000000e+04
2.718700000000000000e+04 2.698100000000000000e+04 2.782400000000000000e+04
2.718700000000000000e+04 2.754900000000000000e+04 2.728800000000000000e+04
2.718700000000000000e+04 2.766700000000000000e+04 2.714400000000000000e+04
2.718800000000000000e+04 2.623000000000000000e+04 2.841700000000000000e+04
2.718800000000000000e+04 2.697700000000000000e+04 2.785200000000000000e+04
2.718800000000000000e+04 2.764000000000000000e+04 2.719700000000000000e+04
2.718800000000000000e+04 2.797300000000000000e+04 2.664000000000000000e+04
2.719000000000000000e+04 2.697400000000000000e+04 2.785600000000000000e+04
2.719000000000000000e+04 2.709500000000000000e+04 2.776400000000000000e+04
2.719100000000000000e+04 2.749400000000000000e+04 2.732200000000000000e+04
2.719100000000000000e+04 2.763800000000000000e+04 2.717000000000000000e+04
2.719100000000000000e+04 2.766400000000000000e+04 2.711900000000000000e+04
2.719100000000000000e+04 2.800700000000000000e+04 2.660600000000000000e+04
2.719200000000000000e+04 2.703900000000000000e+04 2.777600000000000000e+04
2.719200000000000000e+04 2.749200000000000000e+04 2.732700000000000000e+04
2.719200000000000000e+04 2.773700000000000000e+04 2.705700000000000000e+04
2.719200000000000000e+04 2.799500000000000000e+04 2.664000000000000000e+04
2.719300000000000000e+04 2.702100000000000000e+04 2.780400000000000000e+04
2.719300000000000000e+04 2.742200000000000000e+04 2.739000000000000000e+04
2.719300000000000000e+04 2.774100000000000000e+04 2.702100000000000000e+04
2.719400000000000000e+04 2.685500000000000000e+04 2.797900000000000000e+04
2.719400000000000000e+04 2.795100000000000000e+04 2.674500000000000000e+04
2.719600000000000000e+04 2.778900000000000000e+04 2.700400000000000000e+04
2.719700000000000000e+04 2.699900000000000000e+04 2.782100000000000000e+04
2.719800000000000000e+04 2.600300000000000000e+04 2.846100000000000000e+04
2.719800000000000000e+04 2.702400000000000000e+04 2.778500000000000000e+04
2.719900000000000000e+04 2.681600000000000000e+04 2.798600000000000000e+04
2.719900000000000000e+04 2.697000000000000000e+04 2.787700000000000000e+04
2.719900000000000000e+04 2.773500000000000000e+04 2.701600000000000000e+04
2.719900000000000000e+04 2.809700000000000000e+04 2.651500000000000000e+04
2.720000000000000000e+04 2.685200000000000000e+04 2.797700000000000000e+04
2.720100000000000000e+04 2.762700000000000000e+04 2.716200000000000000e+04
2.720200000000000000e+04 2.812700000000000000e+04 2.646600000000000000e+04
2.720200000000000000e+04 2.872800000000000000e+04 2.473800000000000000e+04
2.720200000000000000e+04 2.873400000000000000e+04 2.469600000000000000e+04
2.720300000000000000e+04 2.603600000000000000e+04 2.842600000000000000e+04
2.720300000000000000e+04 2.750300000000000000e+04 2.730500000000000000e+04
2.720600000000000000e+04 2.703500000000000000e+04 2.776900000000000000e+04
2.720700000000000000e+04 2.602100000000000000e+04 2.845900000000000000e+04
2.720700000000000000e+04 2.673400000000000000e+04 2.804400000000000000e+04
2.720700000000000000e+04 2.688600000000000000e+04 2.793000000000000000e+04
2.720700000000000000e+04 2.765200000000000000e+04 2.704900000000000000e+04
2.720800000000000000e+04 2.751300000000000000e+04 2.727500000000000000e+04
2.720800000000000000e+04 2.793000000000000000e+04 2.677600000000000000e+04
2.720800000000000000e+04 2.872100000000000000e+04 2.472900000000000000e+04
2.720900000000000000e+04 2.822800000000000000e+04 2.626800000000000000e+04
2.721000000000000000e+04 2.664300000000000000e+04 2.807600000000000000e+04
2.721000000000000000e+04 2.700400000000000000e+04 2.779300000000000000e+04
2.721100000000000000e+04 2.764800000000000000e+04 2.713700000000000000e+04
2.721200000000000000e+04 2.695200000000000000e+04 2.786900000000000000e+04
2.721200000000000000e+04 2.791200000000000000e+04 2.675000000000000000e+04
2.721200000000000000e+04 2.813500000000000000e+04 2.642500000000000000e+04
2.721300000000000000e+04 2.679900000000000000e+04 2.801400000000000000e+04
2.721300000000000000e+04 2.687100000000000000e+04 2.789000000000000000e+04
2.721300000000000000e+04 2.791600000000000000e+04 2.673200000000000000e+04
2.721300000000000000e+04 2.809700000000000000e+04 2.649800000000000000e+04
2.721400000000000000e+04 2.664700000000000000e+04 2.806200000000000000e+04
2.721400000000000000e+04 2.710300000000000000e+04 2.771600000000000000e+04
2.721400000000000000e+04 2.776900000000000000e+04 2.698600000000000000e+04
2.721400000000000000e+04 2.873400000000000000e+04 2.456700000000000000e+04
2.721500000000000000e+04 2.695800000000000000e+04 2.786400000000000000e+04
2.721500000000000000e+04 2.790700000000000000e+04 2.678500000000000000e+04
2.721700000000000000e+04 2.662800000000000000e+04 2.810600000000000000e+04
2.721700000000000000e+04 2.673800000000000000e+04 2.801000000000000000e+04
2.721700000000000000e+04 2.680100000000000000e+04 2.799500000000000000e+04
2.721700000000000000e+04 2.812500000000000000e+04 2.645300000000000000e+04
2.721700000000000000e+04 2.813600000000000000e+04 2.641300000000000000e+04
2.721800000000000000e+04 2.684300000000000000e+04 2.797100000000000000e+04
2.721800000000000000e+04 2.773200000000000000e+04 2.701700000000000000e+04
2.721800000000000000e+04 2.775600000000000000e+04 2.700600000000000000e+04
2.721800000000000000e+04 2.791100000000000000e+04 2.672900000000000000e+04
2.721900000000000000e+04 2.674200000000000000e+04 2.797100000000000000e+04
2.721900000000000000e+04 2.711300000000000000e+04 2.770700000000000000e+04
2.721900000000000000e+04 2.813100000000000000e+04 2.642700000000000000e+04
2.722000000000000000e+04 2.718400000000000000e+04 2.761300000000000000e+04
2.722000000000000000e+04 2.821300000000000000e+04 2.634000000000000000e+04
2.722000000000000000e+04 2.872800000000000000e+04 2.462600000000000000e+04
2.722100000000000000e+04 2.869300000000000000e+04 2.477000000000000000e+04
2.722300000000000000e+04 2.709900000000000000e+04 2.770400000000000000e+04
2.722400000000000000e+04 2.870400000000000000e+04 2.474400000000000000e+04
2.722500000000000000e+04 2.720600000000000000e+04 2.759500000000000000e+04
2.722500000000000000e+04 2.868100000000000000e+04 2.476400000000000000e+04
2.722600000000000000e+04 2.798600000000000000e+04 2.661100000000000000e+04
2.722600000000000000e+04 2.830400000000000000e+04 2.616300000000000000e+04
2.722700000000000000e+04 2.739900000000000000e+04 2.735900000000000000e+04
2.722700000000000000e+04 2.813900000000000000e+04 2.641000000000000000e+04
2.722800000000000000e+04 2.661100000000000000e+04 2.810600000000000000e+04
2.722800000000000000e+04 2.775000000000000000e+04 2.700400000000000000e+04
2.722900000000000000e+04 2.662600000000000000e+04 2.808100000000000000e+04
2.722900000000000000e+04 2.774600000000000000e+04 2.700800000000000000e+04
2.723000000000000000e+04 2.750300000000000000e+04 2.728300000000000000e+04
2.723000000000000000e+04 2.774500000000000000e+04 2.700200000000000000e+04
2.723000000000000000e+04 2.776000000000000000e+04 2.698900000000000000e+04
2.723000000000000000e+04 2.870400000000000000e+04 2.473100000000000000e+04
2.723100000000000000e+04 2.702500000000000000e+04 2.777900000000000000e+04
2.723100000000000000e+04 2.741400000000000000e+04 2.729400000000000000e+04
2.723100000000000000e+04 2.790700000000000000e+04 2.674600000000000000e+04
2.723100000000000000e+04 2.862200000000000000e+04 2.529600000000000000e+04
2.723100000000000000e+04 2.872400000000000000e+04 2.460600000000000000e+04
2.723200000000000000e+04 2.776000000000000000e+04 2.698300000000000000e+04
2.723200000000000000e+04 2.863800000000000000e+04 2.526400000000000000e+04
2.723300000000000000e+04 2.709600000000000000e+04 2.774100000000000000e+04
2.723300000000000000e+04 2.774400000000000000e+04 2.701000000000000000e+04
2.723300000000000000e+04 2.872200000000000000e+04 2.462800000000000000e+04
2.723300000000000000e+04 2.872600000000000000e+04 2.458200000000000000e+04
2.723400000000000000e+04 2.768700000000000000e+04 2.702900000000000000e+04
2.723400000000000000e+04 2.871900000000000000e+04 2.467600000000000000e+04
2.723500000000000000e+04 2.871700000000000000e+04 2.472000000000000000e+04
2.723600000000000000e+04 2.627600000000000000e+04 2.833700000000000000e+04
2.723600000000000000e+04 2.826600000000000000e+04 2.623000000000000000e+04
2.723600000000000000e+04 2.872500000000000000e+04 2.453800000000000000e+04
2.723700000000000000e+04 2.663800000000000000e+04 2.807300000000000000e+04
2.723700000000000000e+04 2.714200000000000000e+04 2.769500000000000000e+04
2.723700000000000000e+04 2.795800000000000000e+04 2.667100000000000000e+04
2.723700000000000000e+04 2.870000000000000000e+04 2.474200000000000000e+04
2.723700000000000000e+04 2.870700000000000000e+04 2.464600000000000000e+04
2.723800000000000000e+04 2.628600000000000000e+04 2.830400000000000000e+04
2.724000000000000000e+04 2.872000000000000000e+04 2.463000000000000000e+04
2.724100000000000000e+04 2.709900000000000000e+04 2.769400000000000000e+04
2.724100000000000000e+04 2.813500000000000000e+04 2.642100000000000000e+04
2.724200000000000000e+04 2.784300000000000000e+04 2.694200000000000000e+04
2.724300000000000000e+04 2.718100000000000000e+04 2.763800000000000000e+04
2.724300000000000000e+04 2.723900000000000000e+04 2.754300000000000000e+04
2.724300000000000000e+04 2.828200000000000000e+04 2.613000000000000000e+04
2.724400000000000000e+04 2.677600000000000000e+04 2.795800000000000000e+04
2.724400000000000000e+04 2.710800000000000000e+04 2.769100000000000000e+04
2.724500000000000000e+04 2.864100000000000000e+04 2.521700000000000000e+04
2.724600000000000000e+04 2.863200000000000000e+04 2.529200000000000000e+04
2.724700000000000000e+04 2.867000000000000000e+04 2.492200000000000000e+04
2.724800000000000000e+04 2.627000000000000000e+04 2.833200000000000000e+04
2.724900000000000000e+04 2.739200000000000000e+04 2.732400000000000000e+04
2.724900000000000000e+04 2.763300000000000000e+04 2.714900000000000000e+04
2.724900000000000000e+04 2.774700000000000000e+04 2.699800000000000000e+04
2.724900000000000000e+04 2.798100000000000000e+04 2.663800000000000000e+04
2.724900000000000000e+04 2.820100000000000000e+04 2.638000000000000000e+04
2.724900000000000000e+04 2.825800000000000000e+04 2.620300000000000000e+04
2.725000000000000000e+04 2.611200000000000000e+04 2.839200000000000000e+04
2.725000000000000000e+04 2.826800000000000000e+04 2.619800000000000000e+04
2.725100000000000000e+04 2.717600000000000000e+04 2.764100000000000000e+04
2.725100000000000000e+04 2.871800000000000000e+04 2.463500000000000000e+04
2.725200000000000000e+04 2.723100000000000000e+04 2.757300000000000000e+04
2.725200000000000000e+04 2.742000000000000000e+04 2.727500000000000000e+04
2.725200000000000000e+04 2.862300000000000000e+04 2.527900000000000000e+04
2.725200000000000000e+04 2.864600000000000000e+04 2.508500000000000000e+04
2.725200000000000000e+04 2.869400000000000000e+04 2.471600000000000000e+04
2.725300000000000000e+04 2.716300000000000000e+04 2.765100000000000000e+04
2.725400000000000000e+04 2.655900000000000000e+04 2.812500000000000000e+04
2.725400000000000000e+04 2.709100000000000000e+04 2.765700000000000000e+04
2.725400000000000000e+04 2.829700000000000000e+04 2.609600000000000000e+04
2.725500000000000000e+04 2.663100000000000000e+04 2.806800000000000000e+04
2.725600000000000000e+04 2.818100000000000000e+04 2.639000000000000000e+04
2.725600000000000000e+04 2.818400000000000000e+04 2.637100000000000000e+04
2.725600000000000000e+04 2.865500000000000000e+04 2.493800000000000000e+04
2.725700000000000000e+04 2.602700000000000000e+04 2.843800000000000000e+04
2.725700000000000000e+04 2.657000000000000000e+04 2.811500000000000000e+04
2.725700000000000000e+04 2.741800000000000000e+04 2.728400000000000000e+04
2.725800000000000000e+04 2.662300000000000000e+04 2.806500000000000000e+04
2.725800000000000000e+04 2.867900000000000000e+04 2.478300000000000000e+04
2.725900000000000000e+04 2.605700000000000000e+04 2.840500000000000000e+04
2.725900000000000000e+04 2.631100000000000000e+04 2.830000000000000000e+04
2.725900000000000000e+04 2.708900000000000000e+04 2.767900000000000000e+04
2.725900000000000000e+04 2.809500000000000000e+04 2.644800000000000000e+04
2.726000000000000000e+04 2.604900000000000000e+04 2.839500000000000000e+04
2.726000000000000000e+04 2.665200000000000000e+04 2.805400000000000000e+04
2.726000000000000000e+04 2.777300000000000000e+04 2.697800000000000000e+04
2.726100000000000000e+04 2.721800000000000000e+04 2.757100000000000000e+04
2.726100000000000000e+04 2.818000000000000000e+04 2.635500000000000000e+04
2.726100000000000000e+04 2.820400000000000000e+04 2.631600000000000000e+04
2.726100000000000000e+04 2.864300000000000000e+04 2.503600000000000000e+04
2.726200000000000000e+04 2.695500000000000000e+04 2.785500000000000000e+04
2.726200000000000000e+04 2.865200000000000000e+04 2.488100000000000000e+04
2.726300000000000000e+04 2.672500000000000000e+04 2.798900000000000000e+04
2.726300000000000000e+04 2.861000000000000000e+04 2.538400000000000000e+04
2.726400000000000000e+04 2.784200000000000000e+04 2.686400000000000000e+04
2.726400000000000000e+04 2.823200000000000000e+04 2.621100000000000000e+04
2.726400000000000000e+04 2.826800000000000000e+04 2.611200000000000000e+04
2.726400000000000000e+04 2.858500000000000000e+04 2.541700000000000000e+04
2.726500000000000000e+04 2.674000000000000000e+04 2.797700000000000000e+04
2.726500000000000000e+04 2.815700000000000000e+04 2.635600000000000000e+04
2.726500000000000000e+04 2.819600000000000000e+04 2.634600000000000000e+04
2.726500000000000000e+04 2.867700000000000000e+04 2.474000000000000000e+04
2.726600000000000000e+04 2.698200000000000000e+04 2.781100000000000000e+04
2.726600000000000000e+04 2.861800000000000000e+04 2.529900000000000000e+04
2.726600000000000000e+04 2.863700000000000000e+04 2.500200000000000000e+04
2.726700000000000000e+04 2.703900000000000000e+04 2.776000000000000000e+04
2.726800000000000000e+04 2.673800000000000000e+04 2.797800000000000000e+04
2.726800000000000000e+04 2.770000000000000000e+04 2.702600000000000000e+04
2.726800000000000000e+04 2.781500000000000000e+04 2.694800000000000000e+04
2.726800000000000000e+04 2.816000000000000000e+04 2.635400000000000000e+04
2.726800000000000000e+04 2.822800000000000000e+04 2.628500000000000000e+04
2.726900000000000000e+04 2.607800000000000000e+04 2.839200000000000000e+04
2.726900000000000000e+04 2.788500000000000000e+04 2.682700000000000000e+04
2.727000000000000000e+04 2.604800000000000000e+04 2.840600000000000000e+04
2.727000000000000000e+04 2.822900000000000000e+04 2.619600000000000000e+04
2.727000000000000000e+04 2.863500000000000000e+04 2.524900000000000000e+04
2.727000000000000000e+04 2.866100000000000000e+04 2.467200000000000000e+04
2.727100000000000000e+04 2.626500000000000000e+04 2.836500000000000000e+04
2.727100000000000000e+04 2.864400000000000000e+04 2.494700000000000000e+04
2.727200000000000000e+04 2.607600000000000000e+04 2.839400000000000000e+04
2.727200000000000000e+04 2.618300000000000000e+04 2.834100000000000000e+04
2.727200000000000000e+04 2.694500000000000000e+04 2.788900000000000000e+04
2.727200000000000000e+04 2.782900000000000000e+04 2.691400000000000000e+04
2.727200000000000000e+04 2.824300000000000000e+04 2.617500000000000000e+04
2.727200000000000000e+04 2.826800000000000000e+04 2.613900000000000000e+04
2.727300000000000000e+04 2.683400000000000000e+04 2.789200000000000000e+04
2.727300000000000000e+04 2.819800000000000000e+04 2.632400000000000000e+04
2.727300000000000000e+04 2.826600000000000000e+04 2.612300000000000000e+04
2.727300000000000000e+04 2.863200000000000000e+04 2.513800000000000000e+04
2.727400000000000000e+04 2.728900000000000000e+04 2.751900000000000000e+04
2.727400000000000000e+04 2.782200000000000000e+04 2.691300000000000000e+04
2.727400000000000000e+04 2.783200000000000000e+04 2.689900000000000000e+04
2.727400000000000000e+04 2.819700000000000000e+04 2.634300000000000000e+04
2.727400000000000000e+04 2.865900000000000000e+04 2.474400000000000000e+04
2.727500000000000000e+04 2.621200000000000000e+04 2.830600000000000000e+04
2.727500000000000000e+04 2.716200000000000000e+04 2.764200000000000000e+04
2.727500000000000000e+04 2.821300000000000000e+04 2.630900000000000000e+04
2.727500000000000000e+04 2.860800000000000000e+04 2.534300000000000000e+04
2.727600000000000000e+04 2.681700000000000000e+04 2.790000000000000000e+04
2.727600000000000000e+04 2.815300000000000000e+04 2.639700000000000000e+04
2.727600000000000000e+04 2.864800000000000000e+04 2.486700000000000000e+04
2.727700000000000000e+04 2.605500000000000000e+04 2.839000000000000000e+04
2.727700000000000000e+04 2.663600000000000000e+04 2.803700000000000000e+04
2.727700000000000000e+04 2.664000000000000000e+04 2.801600000000000000e+04
2.727700000000000000e+04 2.700300000000000000e+04 2.780300000000000000e+04
2.727700000000000000e+04 2.759000000000000000e+04 2.710600000000000000e+04
2.727800000000000000e+04 2.628500000000000000e+04 2.829500000000000000e+04
2.727800000000000000e+04 2.722700000000000000e+04 2.757100000000000000e+04
2.727800000000000000e+04 2.812000000000000000e+04 2.638800000000000000e+04
2.727800000000000000e+04 2.821800000000000000e+04 2.629600000000000000e+04
2.727900000000000000e+04 2.627700000000000000e+04 2.829300000000000000e+04
2.727900000000000000e+04 2.681300000000000000e+04 2.791200000000000000e+04
2.727900000000000000e+04 2.721000000000000000e+04 2.759400000000000000e+04
2.727900000000000000e+04 2.825700000000000000e+04 2.616000000000000000e+04
2.727900000000000000e+04 2.857600000000000000e+04 2.540300000000000000e+04
2.728000000000000000e+04 2.699300000000000000e+04 2.779100000000000000e+04
2.728100000000000000e+04 2.859800000000000000e+04 2.530200000000000000e+04
2.728200000000000000e+04 2.830100000000000000e+04 2.609600000000000000e+04
2.728300000000000000e+04 2.722500000000000000e+04 2.756300000000000000e+04
2.728300000000000000e+04 2.787900000000000000e+04 2.686000000000000000e+04
2.728400000000000000e+04 2.773100000000000000e+04 2.699300000000000000e+04
2.728400000000000000e+04 2.782300000000000000e+04 2.688400000000000000e+04
2.728400000000000000e+04 2.784000000000000000e+04 2.686300000000000000e+04
2.728500000000000000e+04 2.663400000000000000e+04 2.801200000000000000e+04
2.728500000000000000e+04 2.694500000000000000e+04 2.785000000000000000e+04
2.728500000000000000e+04 2.725900000000000000e+04 2.751100000000000000e+04
2.728500000000000000e+04 2.771200000000000000e+04 2.695900000000000000e+04
2.728500000000000000e+04 2.783800000000000000e+04 2.685700000000000000e+04
2.728500000000000000e+04 2.787300000000000000e+04 2.681600000000000000e+04
2.728500000000000000e+04 2.828800000000000000e+04 2.606400000000000000e+04
2.728500000000000000e+04 2.861300000000000000e+04 2.528500000000000000e+04
2.728600000000000000e+04 2.781900000000000000e+04 2.686800000000000000e+04
2.728700000000000000e+04 2.691100000000000000e+04 2.784800000000000000e+04
2.728700000000000000e+04 2.852800000000000000e+04 2.556500000000000000e+04
2.728800000000000000e+04 2.618000000000000000e+04 2.835100000000000000e+04
2.728800000000000000e+04 2.678700000000000000e+04 2.795200000000000000e+04
2.728800000000000000e+04 2.820600000000000000e+04 2.627400000000000000e+04
2.728900000000000000e+04 2.758200000000000000e+04 2.710000000000000000e+04
2.728900000000000000e+04 2.769600000000000000e+04 2.699500000000000000e+04
2.728900000000000000e+04 2.815200000000000000e+04 2.635300000000000000e+04
2.728900000000000000e+04 2.855500000000000000e+04 2.543500000000000000e+04
2.729000000000000000e+04 2.683100000000000000e+04 2.789900000000000000e+04
2.729000000000000000e+04 2.777200000000000000e+04 2.692000000000000000e+04
2.729000000000000000e+04 2.820500000000000000e+04 2.630900000000000000e+04
2.729000000000000000e+04 2.856800000000000000e+04 2.543200000000000000e+04
2.729000000000000000e+04 2.858600000000000000e+04 2.538400000000000000e+04
2.729100000000000000e+04 2.640400000000000000e+04 2.825400000000000000e+04
2.729100000000000000e+04 2.674900000000000000e+04 2.797100000000000000e+04
2.729100000000000000e+04 2.680600000000000000e+04 2.788900000000000000e+04
2.729100000000000000e+04 2.764000000000000000e+04 2.702400000000000000e+04
2.729100000000000000e+04 2.781800000000000000e+04 2.688800000000000000e+04
2.729100000000000000e+04 2.854000000000000000e+04 2.555400000000000000e+04
2.729200000000000000e+04 2.707000000000000000e+04 2.775100000000000000e+04
2.729200000000000000e+04 2.731500000000000000e+04 2.744700000000000000e+04
2.729200000000000000e+04 2.802200000000000000e+04 2.658400000000000000e+04
2.729200000000000000e+04 2.851500000000000000e+04 2.559800000000000000e+04
2.729300000000000000e+04 2.827200000000000000e+04 2.606400000000000000e+04
2.729300000000000000e+04 2.862700000000000000e+04 2.524900000000000000e+04
2.729400000000000000e+04 2.620700000000000000e+04 2.833100000000000000e+04
2.729400000000000000e+04 2.674400000000000000e+04 2.796800000000000000e+04
2.729400000000000000e+04 2.721700000000000000e+04 2.756800000000000000e+04
2.729400000000000000e+04 2.780000000000000000e+04 2.691300000000000000e+04
2.729400000000000000e+04 2.782300000000000000e+04 2.686100000000000000e+04
2.729400000000000000e+04 2.819100000000000000e+04 2.632900000000000000e+04
2.729400000000000000e+04 2.823000000000000000e+04 2.618800000000000000e+04
2.729500000000000000e+04 2.703800000000000000e+04 2.775600000000000000e+04
2.729500000000000000e+04 2.781500000000000000e+04 2.690900000000000000e+04
2.729500000000000000e+04 2.798200000000000000e+04 2.662100000000000000e+04
2.729500000000000000e+04 2.820400000000000000e+04 2.631000000000000000e+04
2.729500000000000000e+04 2.852800000000000000e+04 2.549100000000000000e+04
2.729500000000000000e+04 2.857000000000000000e+04 2.541000000000000000e+04
2.729600000000000000e+04 2.757100000000000000e+04 2.713200000000000000e+04
2.729600000000000000e+04 2.763500000000000000e+04 2.706100000000000000e+04
2.729700000000000000e+04 2.641900000000000000e+04 2.825100000000000000e+04
2.729700000000000000e+04 2.680700000000000000e+04 2.788300000000000000e+04
2.729700000000000000e+04 2.732700000000000000e+04 2.743800000000000000e+04
2.729700000000000000e+04 2.781700000000000000e+04 2.690000000000000000e+04
2.729700000000000000e+04 2.855900000000000000e+04 2.542400000000000000e+04
2.729800000000000000e+04 2.779000000000000000e+04 2.691700000000000000e+04
2.729800000000000000e+04 2.800700000000000000e+04 2.659300000000000000e+04
2.729900000000000000e+04 2.650400000000000000e+04 2.817100000000000000e+04
2.729900000000000000e+04 2.704300000000000000e+04 2.772100000000000000e+04
2.729900000000000000e+04 2.851400000000000000e+04 2.564600000000000000e+04
2.730000000000000000e+04 2.701300000000000000e+04 2.778300000000000000e+04
2.730000000000000000e+04 2.733000000000000000e+04 2.743600000000000000e+04
2.730100000000000000e+04 2.731000000000000000e+04 2.750900000000000000e+04
2.730100000000000000e+04 2.738800000000000000e+04 2.736100000000000000e+04
2.730200000000000000e+04 2.776700000000000000e+04 2.693200000000000000e+04
2.730200000000000000e+04 2.807300000000000000e+04 2.649300000000000000e+04
2.730200000000000000e+04 2.850900000000000000e+04 2.562400000000000000e+04
2.730200000000000000e+04 2.851400000000000000e+04 2.553000000000000000e+04
2.730300000000000000e+04 2.639100000000000000e+04 2.825500000000000000e+04
2.730300000000000000e+04 2.646500000000000000e+04 2.818700000000000000e+04
2.730300000000000000e+04 2.702000000000000000e+04 2.777900000000000000e+04
2.730300000000000000e+04 2.718400000000000000e+04 2.761900000000000000e+04
2.730300000000000000e+04 2.780300000000000000e+04 2.686800000000000000e+04
2.730400000000000000e+04 2.706700000000000000e+04 2.770700000000000000e+04
2.730400000000000000e+04 2.770700000000000000e+04 2.696900000000000000e+04
2.730400000000000000e+04 2.807000000000000000e+04 2.650800000000000000e+04
2.730500000000000000e+04 2.658900000000000000e+04 2.809300000000000000e+04
2.730500000000000000e+04 2.676200000000000000e+04 2.792300000000000000e+04
2.730600000000000000e+04 2.641300000000000000e+04 2.823100000000000000e+04
2.730600000000000000e+04 2.729200000000000000e+04 2.744700000000000000e+04
2.730600000000000000e+04 2.814600000000000000e+04 2.633700000000000000e+04
2.730700000000000000e+04 2.699300000000000000e+04 2.777800000000000000e+04
2.730700000000000000e+04 2.806700000000000000e+04 2.650100000000000000e+04
2.730800000000000000e+04 2.657000000000000000e+04 2.809900000000000000e+04
2.730800000000000000e+04 2.725700000000000000e+04 2.753400000000000000e+04
2.730800000000000000e+04 2.783700000000000000e+04 2.683800000000000000e+04
2.730800000000000000e+04 2.850600000000000000e+04 2.563800000000000000e+04
2.730900000000000000e+04 2.680500000000000000e+04 2.789400000000000000e+04
2.730900000000000000e+04 2.703000000000000000e+04 2.776700000000000000e+04
2.730900000000000000e+04 2.720400000000000000e+04 2.753800000000000000e+04
2.730900000000000000e+04 2.806500000000000000e+04 2.651000000000000000e+04
2.731000000000000000e+04 2.777200000000000000e+04 2.690200000000000000e+04
2.731000000000000000e+04 2.802300000000000000e+04 2.655400000000000000e+04
2.731000000000000000e+04 2.819100000000000000e+04 2.632800000000000000e+04
2.731100000000000000e+04 2.678800000000000000e+04 2.790900000000000000e+04
2.731100000000000000e+04 2.681300000000000000e+04 2.783400000000000000e+04
2.731100000000000000e+04 2.702300000000000000e+04 2.775600000000000000e+04
2.731100000000000000e+04 2.763100000000000000e+04 2.709900000000000000e+04
2.731100000000000000e+04 2.778700000000000000e+04 2.690100000000000000e+04
2.731100000000000000e+04 2.779900000000000000e+04 2.689800000000000000e+04
2.731100000000000000e+04 2.818700000000000000e+04 2.633000000000000000e+04
2.731100000000000000e+04 2.823100000000000000e+04 2.617300000000000000e+04
2.731200000000000000e+04 2.658700000000000000e+04 2.808000000000000000e+04
2.731200000000000000e+04 2.720100000000000000e+04 2.754300000000000000e+04
2.731200000000000000e+04 2.818500000000000000e+04 2.627400000000000000e+04
2.731300000000000000e+04 2.702100000000000000e+04 2.775000000000000000e+04
2.731300000000000000e+04 2.704200000000000000e+04 2.773900000000000000e+04
2.731300000000000000e+04 2.843200000000000000e+04 2.577700000000000000e+04
2.731400000000000000e+04 2.648200000000000000e+04 2.818600000000000000e+04
2.731400000000000000e+04 2.849000000000000000e+04 2.569800000000000000e+04
2.731500000000000000e+04 2.643200000000000000e+04 2.822100000000000000e+04
2.731500000000000000e+04 2.769400000000000000e+04 2.700700000000000000e+04
2.731500000000000000e+04 2.845200000000000000e+04 2.575700000000000000e+04
2.731600000000000000e+04 2.674500000000000000e+04 2.796200000000000000e+04
2.731600000000000000e+04 2.767200000000000000e+04 2.695800000000000000e+04
2.731600000000000000e+04 2.857100000000000000e+04 2.533900000000000000e+04
2.731700000000000000e+04 2.667100000000000000e+04 2.801000000000000000e+04
2.731700000000000000e+04 2.698500000000000000e+04 2.775900000000000000e+04
2.731700000000000000e+04 2.756600000000000000e+04 2.709100000000000000e+04
2.731800000000000000e+04 2.697000000000000000e+04 2.783200000000000000e+04
2.731800000000000000e+04 2.704800000000000000e+04 2.771300000000000000e+04
2.731800000000000000e+04 2.800000000000000000e+04 2.660500000000000000e+04
2.731800000000000000e+04 2.809000000000000000e+04 2.646700000000000000e+04
2.731900000000000000e+04 2.731200000000000000e+04 2.744600000000000000e+04
2.731900000000000000e+04 2.805100000000000000e+04 2.651400000000000000e+04
2.731900000000000000e+04 2.826500000000000000e+04 2.614300000000000000e+04
2.732000000000000000e+04 2.803000000000000000e+04 2.655100000000000000e+04
2.732100000000000000e+04 2.750200000000000000e+04 2.722800000000000000e+04
2.732100000000000000e+04 2.808800000000000000e+04 2.644700000000000000e+04
2.732200000000000000e+04 2.693100000000000000e+04 2.781600000000000000e+04
2.732200000000000000e+04 2.789400000000000000e+04 2.680700000000000000e+04
2.732200000000000000e+04 2.790700000000000000e+04 2.674400000000000000e+04
2.732300000000000000e+04 2.676000000000000000e+04 2.794600000000000000e+04
2.732300000000000000e+04 2.787600000000000000e+04 2.678000000000000000e+04
2.732300000000000000e+04 2.844800000000000000e+04 2.577400000000000000e+04
2.732400000000000000e+04 2.796200000000000000e+04 2.665900000000000000e+04
2.732500000000000000e+04 2.705300000000000000e+04 2.770800000000000000e+04
2.732600000000000000e+04 2.738100000000000000e+04 2.738400000000000000e+04
2.732700000000000000e+04 2.755900000000000000e+04 2.710900000000000000e+04
2.732700000000000000e+04 2.788200000000000000e+04 2.675200000000000000e+04
2.732700000000000000e+04 2.834700000000000000e+04 2.602300000000000000e+04
2.732800000000000000e+04 2.664600000000000000e+04 2.797300000000000000e+04
2.732800000000000000e+04 2.807900000000000000e+04 2.649100000000000000e+04
2.732800000000000000e+04 2.854900000000000000e+04 2.548600000000000000e+04
2.732900000000000000e+04 2.754000000000000000e+04 2.716100000000000000e+04
2.732900000000000000e+04 2.776700000000000000e+04 2.691500000000000000e+04
2.733000000000000000e+04 2.784900000000000000e+04 2.681600000000000000e+04
2.733100000000000000e+04 2.677800000000000000e+04 2.790000000000000000e+04
2.733100000000000000e+04 2.812000000000000000e+04 2.642800000000000000e+04
2.733100000000000000e+04 2.838000000000000000e+04 2.586500000000000000e+04
2.733200000000000000e+04 2.849500000000000000e+04 2.569100000000000000e+04
2.733300000000000000e+04 2.645700000000000000e+04 2.821800000000000000e+04
2.733300000000000000e+04 2.787700000000000000e+04 2.676900000000000000e+04
2.733300000000000000e+04 2.842400000000000000e+04 2.580700000000000000e+04
2.733300000000000000e+04 2.856600000000000000e+04 2.531300000000000000e+04
2.733400000000000000e+04 2.729000000000000000e+04 2.747500000000000000e+04
2.733400000000000000e+04 2.803400000000000000e+04 2.654800000000000000e+04
2.733400000000000000e+04 2.810600000000000000e+04 2.644600000000000000e+04
2.733500000000000000e+04 2.643000000000000000e+04 2.820600000000000000e+04
2.733500000000000000e+04 2.749000000000000000e+04 2.723000000000000000e+04
2.733500000000000000e+04 2.762500000000000000e+04 2.702700000000000000e+04
2.733500000000000000e+04 2.804500000000000000e+04 2.648700000000000000e+04
2.733500000000000000e+04 2.818000000000000000e+04 2.629300000000000000e+04
2.733500000000000000e+04 2.854700000000000000e+04 2.537300000000000000e+04
2.733600000000000000e+04 2.715400000000000000e+04 2.760800000000000000e+04
2.733600000000000000e+04 2.786400000000000000e+04 2.677900000000000000e+04
2.733700000000000000e+04 2.652700000000000000e+04 2.814100000000000000e+04
2.733700000000000000e+04 2.763500000000000000e+04 2.699400000000000000e+04
2.733700000000000000e+04 2.837000000000000000e+04 2.592200000000000000e+04
2.733800000000000000e+04 2.657000000000000000e+04 2.808500000000000000e+04
2.733800000000000000e+04 2.701500000000000000e+04 2.775500000000000000e+04
2.733800000000000000e+04 2.755500000000000000e+04 2.714200000000000000e+04
2.734000000000000000e+04 2.703600000000000000e+04 2.773300000000000000e+04
2.734000000000000000e+04 2.705000000000000000e+04 2.769500000000000000e+04
2.734000000000000000e+04 2.753800000000000000e+04 2.720800000000000000e+04
2.734000000000000000e+04 2.785500000000000000e+04 2.679700000000000000e+04
2.734000000000000000e+04 2.793000000000000000e+04 2.669800000000000000e+04
2.734000000000000000e+04 2.858000000000000000e+04 2.514500000000000000e+04
2.734100000000000000e+04 2.747900000000000000e+04 2.720700000000000000e+04
2.734100000000000000e+04 2.808100000000000000e+04 2.642700000000000000e+04
2.734300000000000000e+04 2.659600000000000000e+04 2.807000000000000000e+04
2.734300000000000000e+04 2.733500000000000000e+04 2.743100000000000000e+04
2.734300000000000000e+04 2.785900000000000000e+04 2.678300000000000000e+04
2.734300000000000000e+04 2.797000000000000000e+04 2.665300000000000000e+04
2.734400000000000000e+04 2.796700000000000000e+04 2.664200000000000000e+04
2.734500000000000000e+04 2.690900000000000000e+04 2.778100000000000000e+04
2.734500000000000000e+04 2.784700000000000000e+04 2.682800000000000000e+04
2.734500000000000000e+04 2.796100000000000000e+04 2.664800000000000000e+04
2.734600000000000000e+04 2.663000000000000000e+04 2.798900000000000000e+04
2.734600000000000000e+04 2.745600000000000000e+04 2.725300000000000000e+04
2.734700000000000000e+04 2.646000000000000000e+04 2.818900000000000000e+04
2.734700000000000000e+04 2.736700000000000000e+04 2.742700000000000000e+04
2.734700000000000000e+04 2.750600000000000000e+04 2.719500000000000000e+04
2.734700000000000000e+04 2.815600000000000000e+04 2.626600000000000000e+04
2.734700000000000000e+04 2.816600000000000000e+04 2.625300000000000000e+04
2.734700000000000000e+04 2.848200000000000000e+04 2.570600000000000000e+04
2.734700000000000000e+04 2.856800000000000000e+04 2.524800000000000000e+04
2.734800000000000000e+04 2.753900000000000000e+04 2.712600000000000000e+04
2.734800000000000000e+04 2.784500000000000000e+04 2.681800000000000000e+04
2.734800000000000000e+04 2.848500000000000000e+04 2.566400000000000000e+04
2.734900000000000000e+04 2.736400000000000000e+04 2.741100000000000000e+04
2.734900000000000000e+04 2.751000000000000000e+04 2.717600000000000000e+04
2.734900000000000000e+04 2.851800000000000000e+04 2.551100000000000000e+04
2.735000000000000000e+04 2.646800000000000000e+04 2.817300000000000000e+04
2.735000000000000000e+04 2.754300000000000000e+04 2.708700000000000000e+04
2.735000000000000000e+04 2.774800000000000000e+04 2.695400000000000000e+04
2.735000000000000000e+04 2.806800000000000000e+04 2.642300000000000000e+04
2.735000000000000000e+04 2.847500000000000000e+04 2.574500000000000000e+04
2.735100000000000000e+04 2.726800000000000000e+04 2.746200000000000000e+04
2.735100000000000000e+04 2.796000000000000000e+04 2.666200000000000000e+04
2.735100000000000000e+04 2.806800000000000000e+04 2.648100000000000000e+04
2.735100000000000000e+04 2.853900000000000000e+04 2.547100000000000000e+04
2.735200000000000000e+04 2.711200000000000000e+04 2.765200000000000000e+04
2.735200000000000000e+04 2.747600000000000000e+04 2.724600000000000000e+04
2.735200000000000000e+04 2.762700000000000000e+04 2.700600000000000000e+04
2.735200000000000000e+04 2.783000000000000000e+04 2.680200000000000000e+04
2.735200000000000000e+04 2.850500000000000000e+04 2.564200000000000000e+04
2.735300000000000000e+04 2.714500000000000000e+04 2.763900000000000000e+04
2.735300000000000000e+04 2.796400000000000000e+04 2.664100000000000000e+04
2.735300000000000000e+04 2.816200000000000000e+04 2.626300000000000000e+04
2.735400000000000000e+04 2.733700000000000000e+04 2.742800000000000000e+04
2.735400000000000000e+04 2.735700000000000000e+04 2.740300000000000000e+04
2.735400000000000000e+04 2.758400000000000000e+04 2.708200000000000000e+04
2.735400000000000000e+04 2.780100000000000000e+04 2.688400000000000000e+04
2.735400000000000000e+04 2.795700000000000000e+04 2.668500000000000000e+04
2.735400000000000000e+04 2.817400000000000000e+04 2.625200000000000000e+04
2.735500000000000000e+04 2.686100000000000000e+04 2.778600000000000000e+04
2.735500000000000000e+04 2.732200000000000000e+04 2.743500000000000000e+04
2.735500000000000000e+04 2.801700000000000000e+04 2.657800000000000000e+04
2.735600000000000000e+04 2.651200000000000000e+04 2.816900000000000000e+04
2.735600000000000000e+04 2.756700000000000000e+04 2.707200000000000000e+04
2.735600000000000000e+04 2.854500000000000000e+04 2.538000000000000000e+04
2.735700000000000000e+04 2.819700000000000000e+04 2.619000000000000000e+04
2.735700000000000000e+04 2.832500000000000000e+04 2.604800000000000000e+04
2.735700000000000000e+04 2.844300000000000000e+04 2.575700000000000000e+04
2.735800000000000000e+04 2.744400000000000000e+04 2.724200000000000000e+04
2.735800000000000000e+04 2.762000000000000000e+04 2.699100000000000000e+04
2.735800000000000000e+04 2.846200000000000000e+04 2.574300000000000000e+04
2.735900000000000000e+04 2.732300000000000000e+04 2.741900000000000000e+04
2.735900000000000000e+04 2.743800000000000000e+04 2.726700000000000000e+04
2.735900000000000000e+04 2.755900000000000000e+04 2.704900000000000000e+04
2.736000000000000000e+04 2.704400000000000000e+04 2.772000000000000000e+04
2.736000000000000000e+04 2.790300000000000000e+04 2.672600000000000000e+04
2.736000000000000000e+04 2.841900000000000000e+04 2.584200000000000000e+04
2.736200000000000000e+04 2.729800000000000000e+04 2.743700000000000000e+04
2.736200000000000000e+04 2.737600000000000000e+04 2.740200000000000000e+04
2.736200000000000000e+04 2.802200000000000000e+04 2.651100000000000000e+04
2.736200000000000000e+04 2.857200000000000000e+04 2.520800000000000000e+04
2.736300000000000000e+04 2.744400000000000000e+04 2.723100000000000000e+04
2.736400000000000000e+04 2.689600000000000000e+04 2.776900000000000000e+04
2.736400000000000000e+04 2.750100000000000000e+04 2.715400000000000000e+04
2.736400000000000000e+04 2.751900000000000000e+04 2.715500000000000000e+04
2.736400000000000000e+04 2.799900000000000000e+04 2.658800000000000000e+04
2.736400000000000000e+04 2.818500000000000000e+04 2.623000000000000000e+04
2.736500000000000000e+04 2.744000000000000000e+04 2.722500000000000000e+04
2.736500000000000000e+04 2.756900000000000000e+04 2.704600000000000000e+04
2.736500000000000000e+04 2.844200000000000000e+04 2.574900000000000000e+04
2.736500000000000000e+04 2.858600000000000000e+04 2.512000000000000000e+04
2.736600000000000000e+04 2.731900000000000000e+04 2.741900000000000000e+04
2.736600000000000000e+04 2.732800000000000000e+04 2.739700000000000000e+04
2.736600000000000000e+04 2.755100000000000000e+04 2.707000000000000000e+04
2.736600000000000000e+04 2.788200000000000000e+04 2.675600000000000000e+04
2.736600000000000000e+04 2.797600000000000000e+04 2.663400000000000000e+04
2.736600000000000000e+04 2.828700000000000000e+04 2.604400000000000000e+04
2.736600000000000000e+04 2.856100000000000000e+04 2.536600000000000000e+04
2.736600000000000000e+04 2.861000000000000000e+04 2.508500000000000000e+04
2.736800000000000000e+04 2.677400000000000000e+04 2.789000000000000000e+04
2.736800000000000000e+04 2.737800000000000000e+04 2.735700000000000000e+04
2.736800000000000000e+04 2.756300000000000000e+04 2.704400000000000000e+04
2.736800000000000000e+04 2.761300000000000000e+04 2.699500000000000000e+04
2.736800000000000000e+04 2.792600000000000000e+04 2.667500000000000000e+04
2.736800000000000000e+04 2.852900000000000000e+04 2.543700000000000000e+04
2.736800000000000000e+04 2.855000000000000000e+04 2.536700000000000000e+04
2.736900000000000000e+04 2.678600000000000000e+04 2.787400000000000000e+04
2.736900000000000000e+04 2.730300000000000000e+04 2.742700000000000000e+04
2.736900000000000000e+04 2.733400000000000000e+04 2.739200000000000000e+04
2.736900000000000000e+04 2.737700000000000000e+04 2.735700000000000000e+04
2.736900000000000000e+04 2.800500000000000000e+04 2.653300000000000000e+04
2.736900000000000000e+04 2.806900000000000000e+04 2.640900000000000000e+04
2.736900000000000000e+04 2.835300000000000000e+04 2.595900000000000000e+04
2.737000000000000000e+04 2.677200000000000000e+04 2.789600000000000000e+04
2.737000000000000000e+04 2.685600000000000000e+04 2.780700000000000000e+04
2.737000000000000000e+04 2.735100000000000000e+04 2.737800000000000000e+04
2.737200000000000000e+04 2.731200000000000000e+04 2.742600000000000000e+04
2.737200000000000000e+04 2.847700000000000000e+04 2.568500000000000000e+04
2.737300000000000000e+04 2.797100000000000000e+04 2.659200000000000000e+04
2.737300000000000000e+04 2.818100000000000000e+04 2.620600000000000000e+04
2.737300000000000000e+04 2.846000000000000000e+04 2.572600000000000000e+04
2.737400000000000000e+04 2.684200000000000000e+04 2.779500000000000000e+04
2.737400000000000000e+04 2.795300000000000000e+04 2.666500000000000000e+04
2.737400000000000000e+04 2.844600000000000000e+04 2.574800000000000000e+04
2.737500000000000000e+04 2.692700000000000000e+04 2.772900000000000000e+04
2.737500000000000000e+04 2.714600000000000000e+04 2.759900000000000000e+04
2.737500000000000000e+04 2.752700000000000000e+04 2.712300000000000000e+04
2.737500000000000000e+04 2.791200000000000000e+04 2.669700000000000000e+04
2.737500000000000000e+04 2.849100000000000000e+04 2.560800000000000000e+04
2.737600000000000000e+04 2.713900000000000000e+04 2.760900000000000000e+04
2.737700000000000000e+04 2.712600000000000000e+04 2.762800000000000000e+04
2.737700000000000000e+04 2.797700000000000000e+04 2.657300000000000000e+04
2.737700000000000000e+04 2.818300000000000000e+04 2.617700000000000000e+04
2.737700000000000000e+04 2.853700000000000000e+04 2.528800000000000000e+04
2.737800000000000000e+04 2.695100000000000000e+04 2.772000000000000000e+04
2.737800000000000000e+04 2.790100000000000000e+04 2.674000000000000000e+04
2.737800000000000000e+04 2.796900000000000000e+04 2.656200000000000000e+04
2.737900000000000000e+04 2.737800000000000000e+04 2.732800000000000000e+04
2.737900000000000000e+04 2.755300000000000000e+04 2.705200000000000000e+04
2.737900000000000000e+04 2.817900000000000000e+04 2.622600000000000000e+04
2.737900000000000000e+04 2.818100000000000000e+04 2.619600000000000000e+04
2.738000000000000000e+04 2.694200000000000000e+04 2.769800000000000000e+04
2.738000000000000000e+04 2.711500000000000000e+04 2.765200000000000000e+04
2.738000000000000000e+04 2.736700000000000000e+04 2.733500000000000000e+04
2.738100000000000000e+04 2.785600000000000000e+04 2.679500000000000000e+04
2.738100000000000000e+04 2.790700000000000000e+04 2.671300000000000000e+04
2.738100000000000000e+04 2.801800000000000000e+04 2.650600000000000000e+04
2.738300000000000000e+04 2.677500000000000000e+04 2.787100000000000000e+04
2.738300000000000000e+04 2.693500000000000000e+04 2.771800000000000000e+04
2.738300000000000000e+04 2.735600000000000000e+04 2.737800000000000000e+04
2.738300000000000000e+04 2.787800000000000000e+04 2.673000000000000000e+04
2.738300000000000000e+04 2.813600000000000000e+04 2.634900000000000000e+04
2.738300000000000000e+04 2.818100000000000000e+04 2.618100000000000000e+04
2.738300000000000000e+04 2.833200000000000000e+04 2.601500000000000000e+04
2.738300000000000000e+04 2.834400000000000000e+04 2.600100000000000000e+04
2.738300000000000000e+04 2.853500000000000000e+04 2.543400000000000000e+04
2.738400000000000000e+04 2.710700000000000000e+04 2.765300000000000000e+04
2.738400000000000000e+04 2.736400000000000000e+04 2.737500000000000000e+04
2.738400000000000000e+04 2.844500000000000000e+04 2.572300000000000000e+04
2.738600000000000000e+04 2.790000000000000000e+04 2.669200000000000000e+04
2.738600000000000000e+04 2.801200000000000000e+04 2.651800000000000000e+04
2.738700000000000000e+04 2.695500000000000000e+04 2.768300000000000000e+04
2.738700000000000000e+04 2.725600000000000000e+04 2.750600000000000000e+04
2.738700000000000000e+04 2.803100000000000000e+04 2.646800000000000000e+04
2.738700000000000000e+04 2.822700000000000000e+04 2.609100000000000000e+04
2.738700000000000000e+04 2.836700000000000000e+04 2.592900000000000000e+04
2.738800000000000000e+04 2.745300000000000000e+04 2.720300000000000000e+04
2.738800000000000000e+04 2.779800000000000000e+04 2.685100000000000000e+04
2.738800000000000000e+04 2.788500000000000000e+04 2.671600000000000000e+04
2.738800000000000000e+04 2.790000000000000000e+04 2.669800000000000000e+04
2.738800000000000000e+04 2.833400000000000000e+04 2.600400000000000000e+04
2.738900000000000000e+04 2.787500000000000000e+04 2.674400000000000000e+04
2.738900000000000000e+04 2.846600000000000000e+04 2.570700000000000000e+04
2.739000000000000000e+04 2.735800000000000000e+04 2.732400000000000000e+04
2.739000000000000000e+04 2.782800000000000000e+04 2.680900000000000000e+04
2.739000000000000000e+04 2.805800000000000000e+04 2.645000000000000000e+04
2.739000000000000000e+04 2.817900000000000000e+04 2.617400000000000000e+04
2.739100000000000000e+04 2.728300000000000000e+04 2.743100000000000000e+04
2.739200000000000000e+04 2.730900000000000000e+04 2.740800000000000000e+04
2.739200000000000000e+04 2.743900000000000000e+04 2.722900000000000000e+04
2.739200000000000000e+04 2.844400000000000000e+04 2.573700000000000000e+04
2.739300000000000000e+04 2.681000000000000000e+04 2.784000000000000000e+04
2.739300000000000000e+04 2.687200000000000000e+04 2.778100000000000000e+04
2.739300000000000000e+04 2.728900000000000000e+04 2.742200000000000000e+04
2.739400000000000000e+04 2.788400000000000000e+04 2.670600000000000000e+04
2.739500000000000000e+04 2.811200000000000000e+04 2.635000000000000000e+04
2.739600000000000000e+04 2.694100000000000000e+04 2.770200000000000000e+04
2.739600000000000000e+04 2.712000000000000000e+04 2.763100000000000000e+04
2.739700000000000000e+04 2.684600000000000000e+04 2.779100000000000000e+04
2.739700000000000000e+04 2.735400000000000000e+04 2.735200000000000000e+04
2.739700000000000000e+04 2.752100000000000000e+04 2.709500000000000000e+04
2.739700000000000000e+04 2.836800000000000000e+04 2.592100000000000000e+04
2.739700000000000000e+04 2.844500000000000000e+04 2.572000000000000000e+04
2.739800000000000000e+04 2.722200000000000000e+04 2.750200000000000000e+04
2.739800000000000000e+04 2.741300000000000000e+04 2.726600000000000000e+04
2.739800000000000000e+04 2.774300000000000000e+04 2.688800000000000000e+04
2.739900000000000000e+04 2.848800000000000000e+04 2.558500000000000000e+04
2.740000000000000000e+04 2.677100000000000000e+04 2.788000000000000000e+04
2.740000000000000000e+04 2.732500000000000000e+04 2.739600000000000000e+04
2.740200000000000000e+04 2.730800000000000000e+04 2.739000000000000000e+04
2.740200000000000000e+04 2.756200000000000000e+04 2.704800000000000000e+04
2.740300000000000000e+04 2.727000000000000000e+04 2.746100000000000000e+04
2.740300000000000000e+04 2.730000000000000000e+04 2.741900000000000000e+04
2.740300000000000000e+04 2.799000000000000000e+04 2.655000000000000000e+04
2.740300000000000000e+04 2.799200000000000000e+04 2.654600000000000000e+04
2.740400000000000000e+04 2.713300000000000000e+04 2.760300000000000000e+04
2.740400000000000000e+04 2.808300000000000000e+04 2.640000000000000000e+04
2.740500000000000000e+04 2.838000000000000000e+04 2.588700000000000000e+04
2.740600000000000000e+04 2.699300000000000000e+04 2.766300000000000000e+04
2.740600000000000000e+04 2.809100000000000000e+04 2.636800000000000000e+04
2.740600000000000000e+04 2.847300000000000000e+04 2.567200000000000000e+04
2.740700000000000000e+04 2.712900000000000000e+04 2.761700000000000000e+04
2.740700000000000000e+04 2.783200000000000000e+04 2.678300000000000000e+04
2.740900000000000000e+04 2.685100000000000000e+04 2.778200000000000000e+04
2.740900000000000000e+04 2.726500000000000000e+04 2.749500000000000000e+04
2.740900000000000000e+04 2.834900000000000000e+04 2.596400000000000000e+04
2.741100000000000000e+04 2.695000000000000000e+04 2.769000000000000000e+04
2.741100000000000000e+04 2.698500000000000000e+04 2.768000000000000000e+04
2.741100000000000000e+04 2.729100000000000000e+04 2.740400000000000000e+04
2.741100000000000000e+04 2.782700000000000000e+04 2.676700000000000000e+04
2.741100000000000000e+04 2.836000000000000000e+04 2.595300000000000000e+04
2.741100000000000000e+04 2.837100000000000000e+04 2.592000000000000000e+04
2.741200000000000000e+04 2.781300000000000000e+04 2.681900000000000000e+04
2.741300000000000000e+04 2.729900000000000000e+04 2.738900000000000000e+04
2.741400000000000000e+04 2.727300000000000000e+04 2.746000000000000000e+04
2.741400000000000000e+04 2.764000000000000000e+04 2.697400000000000000e+04
2.741400000000000000e+04 2.808300000000000000e+04 2.636900000000000000e+04
2.741400000000000000e+04 2.836900000000000000e+04 2.589400000000000000e+04
2.741500000000000000e+04 2.684100000000000000e+04 2.781000000000000000e+04
2.741500000000000000e+04 2.834700000000000000e+04 2.594100000000000000e+04
2.741600000000000000e+04 2.701700000000000000e+04 2.765500000000000000e+04
2.741600000000000000e+04 2.710700000000000000e+04 2.763900000000000000e+04
2.741600000000000000e+04 2.712600000000000000e+04 2.760500000000000000e+04
2.741600000000000000e+04 2.834700000000000000e+04 2.592100000000000000e+04
2.741700000000000000e+04 2.798000000000000000e+04 2.654800000000000000e+04
2.741700000000000000e+04 2.799000000000000000e+04 2.650900000000000000e+04
2.741700000000000000e+04 2.800900000000000000e+04 2.650100000000000000e+04
2.741800000000000000e+04 2.727100000000000000e+04 2.742200000000000000e+04
2.741800000000000000e+04 2.735300000000000000e+04 2.734300000000000000e+04
2.741800000000000000e+04 2.740100000000000000e+04 2.731200000000000000e+04
2.741900000000000000e+04 2.779500000000000000e+04 2.686000000000000000e+04
2.741900000000000000e+04 2.848700000000000000e+04 2.566300000000000000e+04
2.742100000000000000e+04 2.679900000000000000e+04 2.784700000000000000e+04
2.742100000000000000e+04 2.721400000000000000e+04 2.748700000000000000e+04
2.742100000000000000e+04 2.789900000000000000e+04 2.669400000000000000e+04
2.742100000000000000e+04 2.800600000000000000e+04 2.647200000000000000e+04
2.742200000000000000e+04 2.710100000000000000e+04 2.762700000000000000e+04
2.742300000000000000e+04 2.816600000000000000e+04 2.624500000000000000e+04
2.742300000000000000e+04 2.817700000000000000e+04 2.620700000000000000e+04
2.742500000000000000e+04 2.725100000000000000e+04 2.747900000000000000e+04
2.742500000000000000e+04 2.740800000000000000e+04 2.730900000000000000e+04
2.742500000000000000e+04 2.844200000000000000e+04 2.577400000000000000e+04
2.742600000000000000e+04 2.730700000000000000e+04 2.738500000000000000e+04
2.742600000000000000e+04 2.782500000000000000e+04 2.680400000000000000e+04
2.742600000000000000e+04 2.847800000000000000e+04 2.563900000000000000e+04
2.742700000000000000e+04 2.710300000000000000e+04 2.762600000000000000e+04
2.742800000000000000e+04 2.778900000000000000e+04 2.684000000000000000e+04
2.742800000000000000e+04 2.787500000000000000e+04 2.673000000000000000e+04
2.742800000000000000e+04 2.822400000000000000e+04 2.615800000000000000e+04
2.742800000000000000e+04 2.831200000000000000e+04 2.601700000000000000e+04
2.742800000000000000e+04 2.840400000000000000e+04 2.581900000000000000e+04
2.742900000000000000e+04 2.710400000000000000e+04 2.761800000000000000e+04
2.742900000000000000e+04 2.761300000000000000e+04 2.704300000000000000e+04
2.742900000000000000e+04 2.807800000000000000e+04 2.637600000000000000e+04
2.742900000000000000e+04 2.817800000000000000e+04 2.617400000000000000e+04
2.742900000000000000e+04 2.827300000000000000e+04 2.600100000000000000e+04
2.743000000000000000e+04 2.779100000000000000e+04 2.681400000000000000e+04
2.743000000000000000e+04 2.847500000000000000e+04 2.559900000000000000e+04
2.743100000000000000e+04 2.811200000000000000e+04 2.628300000000000000e+04
2.743100000000000000e+04 2.816200000000000000e+04 2.621400000000000000e+04
2.743100000000000000e+04 2.841600000000000000e+04 2.578600000000000000e+04
2.743200000000000000e+04 2.726800000000000000e+04 2.746000000000000000e+04
2.743200000000000000e+04 2.760500000000000000e+04 2.702300000000000000e+04
2.743200000000000000e+04 2.800100000000000000e+04 2.648000000000000000e+04
2.743200000000000000e+04 2.827100000000000000e+04 2.603600000000000000e+04
2.743300000000000000e+04 2.791100000000000000e+04 2.668900000000000000e+04
2.743300000000000000e+04 2.793600000000000000e+04 2.661800000000000000e+04
2.743300000000000000e+04 2.802800000000000000e+04 2.646800000000000000e+04
2.743300000000000000e+04 2.805900000000000000e+04 2.641100000000000000e+04
2.743400000000000000e+04 2.679100000000000000e+04 2.786500000000000000e+04
2.743400000000000000e+04 2.714300000000000000e+04 2.759800000000000000e+04
2.743400000000000000e+04 2.719600000000000000e+04 2.745900000000000000e+04
2.743400000000000000e+04 2.807700000000000000e+04 2.637700000000000000e+04
2.743500000000000000e+04 2.724600000000000000e+04 2.744100000000000000e+04
2.743500000000000000e+04 2.773800000000000000e+04 2.689500000000000000e+04
2.743600000000000000e+04 2.847900000000000000e+04 2.555700000000000000e+04
2.743800000000000000e+04 2.769300000000000000e+04 2.693800000000000000e+04
2.743800000000000000e+04 2.776800000000000000e+04 2.683400000000000000e+04
2.743800000000000000e+04 2.802300000000000000e+04 2.646200000000000000e+04
2.743800000000000000e+04 2.827800000000000000e+04 2.596800000000000000e+04
2.743800000000000000e+04 2.838300000000000000e+04 2.584300000000000000e+04
2.743900000000000000e+04 2.716600000000000000e+04 2.749800000000000000e+04
2.743900000000000000e+04 2.727000000000000000e+04 2.743600000000000000e+04
2.743900000000000000e+04 2.743400000000000000e+04 2.725600000000000000e+04
2.743900000000000000e+04 2.766500000000000000e+04 2.696500000000000000e+04
2.743900000000000000e+04 2.786700000000000000e+04 2.668300000000000000e+04
2.743900000000000000e+04 2.810200000000000000e+04 2.636500000000000000e+04
2.743900000000000000e+04 2.842800000000000000e+04 2.572000000000000000e+04
2.744000000000000000e+04 2.740200000000000000e+04 2.727200000000000000e+04
2.744000000000000000e+04 2.808500000000000000e+04 2.635400000000000000e+04
2.744000000000000000e+04 2.840200000000000000e+04 2.583800000000000000e+04
2.744100000000000000e+04 2.741800000000000000e+04 2.724400000000000000e+04
2.744100000000000000e+04 2.742900000000000000e+04 2.721600000000000000e+04
2.744100000000000000e+04 2.766600000000000000e+04 2.696200000000000000e+04
2.744100000000000000e+04 2.768200000000000000e+04 2.692300000000000000e+04
2.744100000000000000e+04 2.817000000000000000e+04 2.620600000000000000e+04
2.744100000000000000e+04 2.837100000000000000e+04 2.589000000000000000e+04
2.744200000000000000e+04 2.725300000000000000e+04 2.743900000000000000e+04
2.744200000000000000e+04 2.785500000000000000e+04 2.675300000000000000e+04
2.744300000000000000e+04 2.722800000000000000e+04 2.745900000000000000e+04
2.744300000000000000e+04 2.786300000000000000e+04 2.669000000000000000e+04
2.744300000000000000e+04 2.812200000000000000e+04 2.627100000000000000e+04
2.744400000000000000e+04 2.714300000000000000e+04 2.746200000000000000e+04
2.744400000000000000e+04 2.817100000000000000e+04 2.620300000000000000e+04
2.744500000000000000e+04 2.767200000000000000e+04 2.696000000000000000e+04
2.744500000000000000e+04 2.768500000000000000e+04 2.691200000000000000e+04
2.744500000000000000e+04 2.774600000000000000e+04 2.686800000000000000e+04
2.744500000000000000e+04 2.846200000000000000e+04 2.570400000000000000e+04
2.744600000000000000e+04 2.727400000000000000e+04 2.740000000000000000e+04
2.744600000000000000e+04 2.847700000000000000e+04 2.557600000000000000e+04
2.744600000000000000e+04 2.858200000000000000e+04 2.496800000000000000e+04
2.744700000000000000e+04 2.718500000000000000e+04 2.745100000000000000e+04
2.744700000000000000e+04 2.775400000000000000e+04 2.686000000000000000e+04
2.744700000000000000e+04 2.792600000000000000e+04 2.666600000000000000e+04
2.744700000000000000e+04 2.810500000000000000e+04 2.630300000000000000e+04
2.744700000000000000e+04 2.816100000000000000e+04 2.619100000000000000e+04
2.744700000000000000e+04 2.862100000000000000e+04 2.484900000000000000e+04
2.744800000000000000e+04 2.846500000000000000e+04 2.562400000000000000e+04
2.744800000000000000e+04 2.857200000000000000e+04 2.517100000000000000e+04
2.744900000000000000e+04 2.855700000000000000e+04 2.517800000000000000e+04
2.744900000000000000e+04 2.857900000000000000e+04 2.502300000000000000e+04
2.745000000000000000e+04 2.840200000000000000e+04 2.582600000000000000e+04
2.745000000000000000e+04 2.855000000000000000e+04 2.523500000000000000e+04
2.745100000000000000e+04 2.725000000000000000e+04 2.739600000000000000e+04
2.745100000000000000e+04 2.759000000000000000e+04 2.699400000000000000e+04
2.745100000000000000e+04 2.809000000000000000e+04 2.634600000000000000e+04
2.745100000000000000e+04 2.809200000000000000e+04 2.632500000000000000e+04
2.745100000000000000e+04 2.837800000000000000e+04 2.583400000000000000e+04
2.745100000000000000e+04 2.839800000000000000e+04 2.580100000000000000e+04
2.745100000000000000e+04 2.860900000000000000e+04 2.485800000000000000e+04
2.745200000000000000e+04 2.736700000000000000e+04 2.730000000000000000e+04
2.745200000000000000e+04 2.824700000000000000e+04 2.608000000000000000e+04
2.745200000000000000e+04 2.827900000000000000e+04 2.593400000000000000e+04
2.745300000000000000e+04 2.740900000000000000e+04 2.725700000000000000e+04
2.745300000000000000e+04 2.755900000000000000e+04 2.698400000000000000e+04
2.745300000000000000e+04 2.782500000000000000e+04 2.678200000000000000e+04
2.745400000000000000e+04 2.720500000000000000e+04 2.743800000000000000e+04
2.745400000000000000e+04 2.728400000000000000e+04 2.731200000000000000e+04
2.745400000000000000e+04 2.766200000000000000e+04 2.694800000000000000e+04
2.745400000000000000e+04 2.785900000000000000e+04 2.670900000000000000e+04
2.745400000000000000e+04 2.838100000000000000e+04 2.583200000000000000e+04
2.745400000000000000e+04 2.859300000000000000e+04 2.496600000000000000e+04
2.745500000000000000e+04 2.768000000000000000e+04 2.693700000000000000e+04
2.745500000000000000e+04 2.841200000000000000e+04 2.578100000000000000e+04
2.745600000000000000e+04 2.712000000000000000e+04 2.760500000000000000e+04
2.745600000000000000e+04 2.719600000000000000e+04 2.741500000000000000e+04
2.745600000000000000e+04 2.858700000000000000e+04 2.495400000000000000e+04
2.745600000000000000e+04 2.860100000000000000e+04 2.494100000000000000e+04
2.745700000000000000e+04 2.727700000000000000e+04 2.730900000000000000e+04
2.745700000000000000e+04 2.767600000000000000e+04 2.689400000000000000e+04
2.745700000000000000e+04 2.808000000000000000e+04 2.634600000000000000e+04
2.745700000000000000e+04 2.847600000000000000e+04 2.558400000000000000e+04
2.745700000000000000e+04 2.858500000000000000e+04 2.496700000000000000e+04
2.745800000000000000e+04 2.852600000000000000e+04 2.527800000000000000e+04
2.745900000000000000e+04 2.854700000000000000e+04 2.524900000000000000e+04
2.745900000000000000e+04 2.855600000000000000e+04 2.518400000000000000e+04
2.746000000000000000e+04 2.766600000000000000e+04 2.693100000000000000e+04
2.746000000000000000e+04 2.837200000000000000e+04 2.585700000000000000e+04
2.746000000000000000e+04 2.861700000000000000e+04 2.477000000000000000e+04
2.746100000000000000e+04 2.796200000000000000e+04 2.654200000000000000e+04
2.746100000000000000e+04 2.809000000000000000e+04 2.632000000000000000e+04
2.746200000000000000e+04 2.716700000000000000e+04 2.745700000000000000e+04
2.746200000000000000e+04 2.809500000000000000e+04 2.632000000000000000e+04
2.746300000000000000e+04 2.790200000000000000e+04 2.665200000000000000e+04
2.746400000000000000e+04 2.761500000000000000e+04 2.698100000000000000e+04
2.746400000000000000e+04 2.801200000000000000e+04 2.641500000000000000e+04
2.746400000000000000e+04 2.854000000000000000e+04 2.524900000000000000e+04
2.746500000000000000e+04 2.838400000000000000e+04 2.583100000000000000e+04
2.746500000000000000e+04 2.852900000000000000e+04 2.526500000000000000e+04
2.746500000000000000e+04 2.853700000000000000e+04 2.523600000000000000e+04
2.746500000000000000e+04 2.861500000000000000e+04 2.483600000000000000e+04
2.746600000000000000e+04 2.814900000000000000e+04 2.619700000000000000e+04
2.746700000000000000e+04 2.748900000000000000e+04 2.717300000000000000e+04
2.746700000000000000e+04 2.781300000000000000e+04 2.677300000000000000e+04
2.746700000000000000e+04 2.802100000000000000e+04 2.639200000000000000e+04
2.746700000000000000e+04 2.854100000000000000e+04 2.518900000000000000e+04
2.746800000000000000e+04 2.713800000000000000e+04 2.756200000000000000e+04
2.746800000000000000e+04 2.836700000000000000e+04 2.587300000000000000e+04
2.746900000000000000e+04 2.742000000000000000e+04 2.722500000000000000e+04
2.746900000000000000e+04 2.847100000000000000e+04 2.561100000000000000e+04
2.746900000000000000e+04 2.859200000000000000e+04 2.490200000000000000e+04
2.747000000000000000e+04 2.711800000000000000e+04 2.750600000000000000e+04
2.747000000000000000e+04 2.722500000000000000e+04 2.738300000000000000e+04
2.747000000000000000e+04 2.723200000000000000e+04 2.736300000000000000e+04
2.747000000000000000e+04 2.810900000000000000e+04 2.628500000000000000e+04
2.747100000000000000e+04 2.714500000000000000e+04 2.746000000000000000e+04
2.747100000000000000e+04 2.794900000000000000e+04 2.651400000000000000e+04
2.747200000000000000e+04 2.724000000000000000e+04 2.736100000000000000e+04
2.747200000000000000e+04 2.745600000000000000e+04 2.720000000000000000e+04
2.747200000000000000e+04 2.809000000000000000e+04 2.629400000000000000e+04
2.747200000000000000e+04 2.817600000000000000e+04 2.617900000000000000e+04
2.747200000000000000e+04 2.855000000000000000e+04 2.518500000000000000e+04
2.747300000000000000e+04 2.785700000000000000e+04 2.670300000000000000e+04
2.747400000000000000e+04 2.707600000000000000e+04 2.749400000000000000e+04
2.747400000000000000e+04 2.723100000000000000e+04 2.736200000000000000e+04
2.747400000000000000e+04 2.744600000000000000e+04 2.720100000000000000e+04
2.747400000000000000e+04 2.793600000000000000e+04 2.654100000000000000e+04
2.747400000000000000e+04 2.853800000000000000e+04 2.521400000000000000e+04
2.747400000000000000e+04 2.853800000000000000e+04 2.522100000000000000e+04
2.747500000000000000e+04 2.798100000000000000e+04 2.643900000000000000e+04
2.747500000000000000e+04 2.800300000000000000e+04 2.645300000000000000e+04
2.747500000000000000e+04 2.808500000000000000e+04 2.632000000000000000e+04
2.747600000000000000e+04 2.726200000000000000e+04 2.734500000000000000e+04
2.747700000000000000e+04 2.785600000000000000e+04 2.673000000000000000e+04
2.747700000000000000e+04 2.814400000000000000e+04 2.626900000000000000e+04
2.747700000000000000e+04 2.847600000000000000e+04 2.556000000000000000e+04
2.747700000000000000e+04 2.861300000000000000e+04 2.474500000000000000e+04
2.747800000000000000e+04 2.812900000000000000e+04 2.619900000000000000e+04
2.747900000000000000e+04 2.707300000000000000e+04 2.750400000000000000e+04
2.747900000000000000e+04 2.726700000000000000e+04 2.733900000000000000e+04
2.747900000000000000e+04 2.809200000000000000e+04 2.628600000000000000e+04
2.747900000000000000e+04 2.837900000000000000e+04 2.583000000000000000e+04
2.747900000000000000e+04 2.857800000000000000e+04 2.508500000000000000e+04
2.748000000000000000e+04 2.746800000000000000e+04 2.717800000000000000e+04
2.748000000000000000e+04 2.795200000000000000e+04 2.649700000000000000e+04
2.748000000000000000e+04 2.836200000000000000e+04 2.585200000000000000e+04
2.748100000000000000e+04 2.717500000000000000e+04 2.744000000000000000e+04
2.748100000000000000e+04 2.839400000000000000e+04 2.581800000000000000e+04
2.748100000000000000e+04 2.849000000000000000e+04 2.544700000000000000e+04
2.748200000000000000e+04 2.741700000000000000e+04 2.721300000000000000e+04
2.748200000000000000e+04 2.826300000000000000e+04 2.605100000000000000e+04
2.748200000000000000e+04 2.846700000000000000e+04 2.553900000000000000e+04
2.748300000000000000e+04 2.792700000000000000e+04 2.656600000000000000e+04
2.748300000000000000e+04 2.812500000000000000e+04 2.622600000000000000e+04
2.748400000000000000e+04 2.823900000000000000e+04 2.605800000000000000e+04
2.748400000000000000e+04 2.846900000000000000e+04 2.550600000000000000e+04
2.748400000000000000e+04 2.847500000000000000e+04 2.546000000000000000e+04
2.748500000000000000e+04 2.726300000000000000e+04 2.733700000000000000e+04
2.748500000000000000e+04 2.799800000000000000e+04 2.641600000000000000e+04
2.748500000000000000e+04 2.809000000000000000e+04 2.625900000000000000e+04
2.748500000000000000e+04 2.840500000000000000e+04 2.578300000000000000e+04
2.748600000000000000e+04 2.713000000000000000e+04 2.748600000000000000e+04
2.748600000000000000e+04 2.713300000000000000e+04 2.748500000000000000e+04
2.748600000000000000e+04 2.782500000000000000e+04 2.673100000000000000e+04
2.748600000000000000e+04 2.797400000000000000e+04 2.646800000000000000e+04
2.748700000000000000e+04 2.741300000000000000e+04 2.721400000000000000e+04
2.748800000000000000e+04 2.722900000000000000e+04 2.737100000000000000e+04
2.748800000000000000e+04 2.802800000000000000e+04 2.638800000000000000e+04
2.748800000000000000e+04 2.825900000000000000e+04 2.601600000000000000e+04
2.748800000000000000e+04 2.853000000000000000e+04 2.525700000000000000e+04
2.748800000000000000e+04 2.861000000000000000e+04 2.479700000000000000e+04
2.749000000000000000e+04 2.790800000000000000e+04 2.660400000000000000e+04
2.749000000000000000e+04 2.846600000000000000e+04 2.559500000000000000e+04
2.749100000000000000e+04 2.795800000000000000e+04 2.649600000000000000e+04
2.749100000000000000e+04 2.803900000000000000e+04 2.637500000000000000e+04
2.749100000000000000e+04 2.824500000000000000e+04 2.605500000000000000e+04
2.749200000000000000e+04 2.722600000000000000e+04 2.734700000000000000e+04
2.749300000000000000e+04 2.783800000000000000e+04 2.664500000000000000e+04
2.749300000000000000e+04 2.823600000000000000e+04 2.609100000000000000e+04
2.749300000000000000e+04 2.846700000000000000e+04 2.547200000000000000e+04
2.749400000000000000e+04 2.793700000000000000e+04 2.650400000000000000e+04
2.749500000000000000e+04 2.804400000000000000e+04 2.635300000000000000e+04
2.749500000000000000e+04 2.822000000000000000e+04 2.616500000000000000e+04
2.749600000000000000e+04 2.747200000000000000e+04 2.717300000000000000e+04
2.749600000000000000e+04 2.766200000000000000e+04 2.692000000000000000e+04
2.749600000000000000e+04 2.825300000000000000e+04 2.601100000000000000e+04
2.749700000000000000e+04 2.806100000000000000e+04 2.632400000000000000e+04
2.749700000000000000e+04 2.847300000000000000e+04 2.545500000000000000e+04
2.749800000000000000e+04 2.793900000000000000e+04 2.648800000000000000e+04
2.749800000000000000e+04 2.811700000000000000e+04 2.625000000000000000e+04
2.749800000000000000e+04 2.811900000000000000e+04 2.619800000000000000e+04
2.749800000000000000e+04 2.817400000000000000e+04 2.615000000000000000e+04
2.749800000000000000e+04 2.821100000000000000e+04 2.609400000000000000e+04
2.749800000000000000e+04 2.826900000000000000e+04 2.600600000000000000e+04
2.749800000000000000e+04 2.838700000000000000e+04 2.578400000000000000e+04
2.749800000000000000e+04 2.852400000000000000e+04 2.528600000000000000e+04
2.749900000000000000e+04 2.839600000000000000e+04 2.569200000000000000e+04
2.749900000000000000e+04 2.858700000000000000e+04 2.491300000000000000e+04
2.750000000000000000e+04 2.801000000000000000e+04 2.640500000000000000e+04
2.750000000000000000e+04 2.824600000000000000e+04 2.605300000000000000e+04
2.750000000000000000e+04 2.846400000000000000e+04 2.547400000000000000e+04
2.750000000000000000e+04 2.852800000000000000e+04 2.525800000000000000e+04
2.750100000000000000e+04 2.716500000000000000e+04 2.743700000000000000e+04
2.750200000000000000e+04 2.836700000000000000e+04 2.583100000000000000e+04
2.750200000000000000e+04 2.845800000000000000e+04 2.554500000000000000e+04
2.750200000000000000e+04 2.860700000000000000e+04 2.488100000000000000e+04
2.750300000000000000e+04 2.816300000000000000e+04 2.618300000000000000e+04
2.750300000000000000e+04 2.856800000000000000e+04 2.513100000000000000e+04
2.750400000000000000e+04 2.838100000000000000e+04 2.578900000000000000e+04
2.750500000000000000e+04 2.770900000000000000e+04 2.683800000000000000e+04
2.750500000000000000e+04 2.837400000000000000e+04 2.581500000000000000e+04
2.750600000000000000e+04 2.826400000000000000e+04 2.597500000000000000e+04
2.750700000000000000e+04 2.803600000000000000e+04 2.636200000000000000e+04
2.750700000000000000e+04 2.817100000000000000e+04 2.611800000000000000e+04
2.750700000000000000e+04 2.850300000000000000e+04 2.544300000000000000e+04
2.750700000000000000e+04 2.855500000000000000e+04 2.502200000000000000e+04
2.750800000000000000e+04 2.859700000000000000e+04 2.489400000000000000e+04
2.750900000000000000e+04 2.724000000000000000e+04 2.733900000000000000e+04
2.750900000000000000e+04 2.795300000000000000e+04 2.647800000000000000e+04
2.750900000000000000e+04 2.803900000000000000e+04 2.634400000000000000e+04
2.750900000000000000e+04 2.858200000000000000e+04 2.485200000000000000e+04
2.750900000000000000e+04 2.859500000000000000e+04 2.484500000000000000e+04
2.751000000000000000e+04 2.789400000000000000e+04 2.663800000000000000e+04
2.751000000000000000e+04 2.802100000000000000e+04 2.633800000000000000e+04
2.751000000000000000e+04 2.825100000000000000e+04 2.603500000000000000e+04
2.751000000000000000e+04 2.826000000000000000e+04 2.597600000000000000e+04
2.751000000000000000e+04 2.860100000000000000e+04 2.478300000000000000e+04
2.751100000000000000e+04 2.825700000000000000e+04 2.598800000000000000e+04
2.751100000000000000e+04 2.839000000000000000e+04 2.573500000000000000e+04
2.751100000000000000e+04 2.858600000000000000e+04 2.482300000000000000e+04
2.751200000000000000e+04 2.815800000000000000e+04 2.617800000000000000e+04
2.751200000000000000e+04 2.845400000000000000e+04 2.553200000000000000e+04
2.751200000000000000e+04 2.851600000000000000e+04 2.543200000000000000e+04
2.751300000000000000e+04 2.766500000000000000e+04 2.687900000000000000e+04
2.751300000000000000e+04 2.807300000000000000e+04 2.630400000000000000e+04
2.751300000000000000e+04 2.837200000000000000e+04 2.581700000000000000e+04
2.751300000000000000e+04 2.852600000000000000e+04 2.525500000000000000e+04
2.751300000000000000e+04 2.852900000000000000e+04 2.524500000000000000e+04
2.751400000000000000e+04 2.858100000000000000e+04 2.499300000000000000e+04
2.751500000000000000e+04 2.855800000000000000e+04 2.500700000000000000e+04
2.751600000000000000e+04 2.784200000000000000e+04 2.664100000000000000e+04
2.751600000000000000e+04 2.837200000000000000e+04 2.575600000000000000e+04
2.751600000000000000e+04 2.844600000000000000e+04 2.556300000000000000e+04
2.751600000000000000e+04 2.853700000000000000e+04 2.517600000000000000e+04
2.751700000000000000e+04 2.762000000000000000e+04 2.693000000000000000e+04
2.751700000000000000e+04 2.793400000000000000e+04 2.654800000000000000e+04
2.751700000000000000e+04 2.850700000000000000e+04 2.538400000000000000e+04
2.751800000000000000e+04 2.745400000000000000e+04 2.719600000000000000e+04
2.751800000000000000e+04 2.789600000000000000e+04 2.662700000000000000e+04
2.751900000000000000e+04 2.725500000000000000e+04 2.733100000000000000e+04
2.751900000000000000e+04 2.803700000000000000e+04 2.633700000000000000e+04
2.751900000000000000e+04 2.843100000000000000e+04 2.562700000000000000e+04
2.752000000000000000e+04 2.827200000000000000e+04 2.594400000000000000e+04
2.752000000000000000e+04 2.838000000000000000e+04 2.575200000000000000e+04
2.752100000000000000e+04 2.754900000000000000e+04 2.705900000000000000e+04
2.752100000000000000e+04 2.757200000000000000e+04 2.697400000000000000e+04
2.752100000000000000e+04 2.849100000000000000e+04 2.539600000000000000e+04
2.752100000000000000e+04 2.851100000000000000e+04 2.526000000000000000e+04
2.752200000000000000e+04 2.843000000000000000e+04 2.565900000000000000e+04
2.752200000000000000e+04 2.857500000000000000e+04 2.485100000000000000e+04
2.752300000000000000e+04 2.807700000000000000e+04 2.621600000000000000e+04
2.752300000000000000e+04 2.823400000000000000e+04 2.603900000000000000e+04
2.752400000000000000e+04 2.724700000000000000e+04 2.731400000000000000e+04
2.752500000000000000e+04 2.844600000000000000e+04 2.552800000000000000e+04
2.752500000000000000e+04 2.850200000000000000e+04 2.533900000000000000e+04
2.752600000000000000e+04 2.822200000000000000e+04 2.608700000000000000e+04
2.752600000000000000e+04 2.843500000000000000e+04 2.556000000000000000e+04
2.752600000000000000e+04 2.844100000000000000e+04 2.545800000000000000e+04
2.752600000000000000e+04 2.846400000000000000e+04 2.545900000000000000e+04
2.752600000000000000e+04 2.846900000000000000e+04 2.535700000000000000e+04
2.752700000000000000e+04 2.733100000000000000e+04 2.722500000000000000e+04
2.752700000000000000e+04 2.835800000000000000e+04 2.582900000000000000e+04
2.752900000000000000e+04 2.816200000000000000e+04 2.612700000000000000e+04
2.752900000000000000e+04 2.857500000000000000e+04 2.483400000000000000e+04
2.753000000000000000e+04 2.725100000000000000e+04 2.730900000000000000e+04
2.753000000000000000e+04 2.753400000000000000e+04 2.708000000000000000e+04
2.753000000000000000e+04 2.846400000000000000e+04 2.538100000000000000e+04
2.753000000000000000e+04 2.853500000000000000e+04 2.518900000000000000e+04
2.753100000000000000e+04 2.732500000000000000e+04 2.723300000000000000e+04
2.753100000000000000e+04 2.842100000000000000e+04 2.565000000000000000e+04
2.753200000000000000e+04 2.745300000000000000e+04 2.716500000000000000e+04
2.753200000000000000e+04 2.794300000000000000e+04 2.648000000000000000e+04
2.753300000000000000e+04 2.740200000000000000e+04 2.715400000000000000e+04
2.753300000000000000e+04 2.752200000000000000e+04 2.708100000000000000e+04
2.753300000000000000e+04 2.782300000000000000e+04 2.666300000000000000e+04
2.753400000000000000e+04 2.764800000000000000e+04 2.686000000000000000e+04
2.753400000000000000e+04 2.789300000000000000e+04 2.660600000000000000e+04
2.753400000000000000e+04 2.837000000000000000e+04 2.577100000000000000e+04
2.753400000000000000e+04 2.850900000000000000e+04 2.528600000000000000e+04
2.753500000000000000e+04 2.778200000000000000e+04 2.673600000000000000e+04
2.753500000000000000e+04 2.842800000000000000e+04 2.563600000000000000e+04
2.753500000000000000e+04 2.855400000000000000e+04 2.515600000000000000e+04
2.753700000000000000e+04 2.790800000000000000e+04 2.654700000000000000e+04
2.753700000000000000e+04 2.790900000000000000e+04 2.653700000000000000e+04
2.753700000000000000e+04 2.833300000000000000e+04 2.588700000000000000e+04
2.753700000000000000e+04 2.847600000000000000e+04 2.528200000000000000e+04
2.753800000000000000e+04 2.740600000000000000e+04 2.713100000000000000e+04
2.753800000000000000e+04 2.751400000000000000e+04 2.710000000000000000e+04
2.753800000000000000e+04 2.846700000000000000e+04 2.531500000000000000e+04
2.753900000000000000e+04 2.729800000000000000e+04 2.725400000000000000e+04
2.753900000000000000e+04 2.826300000000000000e+04 2.596500000000000000e+04
2.754000000000000000e+04 2.846300000000000000e+04 2.530900000000000000e+04
2.754100000000000000e+04 2.790200000000000000e+04 2.656100000000000000e+04
2.754100000000000000e+04 2.843500000000000000e+04 2.555600000000000000e+04
2.754100000000000000e+04 2.852800000000000000e+04 2.522900000000000000e+04
2.754200000000000000e+04 2.731100000000000000e+04 2.724600000000000000e+04
2.754300000000000000e+04 2.729700000000000000e+04 2.726800000000000000e+04
2.754300000000000000e+04 2.732400000000000000e+04 2.724200000000000000e+04
2.754300000000000000e+04 2.811500000000000000e+04 2.616100000000000000e+04
2.754300000000000000e+04 2.817600000000000000e+04 2.604200000000000000e+04
2.754400000000000000e+04 2.845700000000000000e+04 2.538500000000000000e+04
2.754500000000000000e+04 2.855000000000000000e+04 2.503100000000000000e+04
2.754600000000000000e+04 2.732500000000000000e+04 2.723200000000000000e+04
2.754600000000000000e+04 2.737000000000000000e+04 2.721400000000000000e+04
2.754600000000000000e+04 2.843500000000000000e+04 2.555400000000000000e+04
2.754600000000000000e+04 2.845500000000000000e+04 2.535900000000000000e+04
2.754600000000000000e+04 2.846400000000000000e+04 2.528200000000000000e+04
2.754700000000000000e+04 2.753100000000000000e+04 2.705500000000000000e+04
2.754700000000000000e+04 2.826700000000000000e+04 2.596300000000000000e+04
2.754900000000000000e+04 2.852900000000000000e+04 2.520800000000000000e+04
2.755000000000000000e+04 2.838100000000000000e+04 2.573900000000000000e+04
2.755100000000000000e+04 2.731000000000000000e+04 2.724500000000000000e+04
2.755100000000000000e+04 2.817500000000000000e+04 2.605300000000000000e+04
2.755100000000000000e+04 2.835700000000000000e+04 2.581300000000000000e+04
2.755200000000000000e+04 2.836900000000000000e+04 2.577000000000000000e+04
2.755300000000000000e+04 2.727600000000000000e+04 2.730700000000000000e+04
2.755300000000000000e+04 2.732500000000000000e+04 2.721300000000000000e+04
2.755300000000000000e+04 2.854600000000000000e+04 2.498300000000000000e+04
2.755400000000000000e+04 2.832600000000000000e+04 2.579600000000000000e+04
2.755400000000000000e+04 2.846200000000000000e+04 2.528000000000000000e+04
2.755500000000000000e+04 2.822900000000000000e+04 2.601300000000000000e+04
2.755600000000000000e+04 2.825900000000000000e+04 2.598700000000000000e+04
2.755600000000000000e+04 2.845500000000000000e+04 2.527900000000000000e+04
2.755700000000000000e+04 2.764700000000000000e+04 2.691200000000000000e+04
2.755700000000000000e+04 2.789200000000000000e+04 2.660000000000000000e+04
2.755700000000000000e+04 2.819000000000000000e+04 2.598900000000000000e+04
2.755700000000000000e+04 2.838400000000000000e+04 2.573000000000000000e+04
2.755700000000000000e+04 2.845300000000000000e+04 2.540600000000000000e+04
2.755800000000000000e+04 2.816300000000000000e+04 2.612200000000000000e+04
2.755900000000000000e+04 2.819200000000000000e+04 2.597300000000000000e+04
2.755900000000000000e+04 2.825200000000000000e+04 2.597200000000000000e+04
2.755900000000000000e+04 2.840500000000000000e+04 2.550300000000000000e+04
2.756000000000000000e+04 2.818700000000000000e+04 2.600700000000000000e+04
2.756000000000000000e+04 2.840600000000000000e+04 2.540400000000000000e+04
2.756000000000000000e+04 2.844000000000000000e+04 2.550000000000000000e+04
2.756000000000000000e+04 2.852800000000000000e+04 2.521200000000000000e+04
2.756100000000000000e+04 2.824100000000000000e+04 2.593800000000000000e+04
2.756100000000000000e+04 2.844700000000000000e+04 2.527200000000000000e+04
2.756200000000000000e+04 2.755500000000000000e+04 2.701500000000000000e+04
2.756200000000000000e+04 2.831900000000000000e+04 2.587800000000000000e+04
2.756300000000000000e+04 2.729600000000000000e+04 2.730400000000000000e+04
2.756300000000000000e+04 2.739600000000000000e+04 2.718100000000000000e+04
2.756300000000000000e+04 2.821200000000000000e+04 2.596300000000000000e+04
2.756300000000000000e+04 2.823700000000000000e+04 2.594500000000000000e+04
2.756300000000000000e+04 2.839600000000000000e+04 2.547800000000000000e+04
2.756500000000000000e+04 2.754700000000000000e+04 2.701600000000000000e+04
2.756500000000000000e+04 2.816600000000000000e+04 2.602700000000000000e+04
2.756500000000000000e+04 2.836500000000000000e+04 2.573500000000000000e+04
2.756600000000000000e+04 2.815800000000000000e+04 2.605800000000000000e+04
2.756600000000000000e+04 2.853600000000000000e+04 2.517100000000000000e+04
2.756600000000000000e+04 2.856000000000000000e+04 2.494500000000000000e+04
2.756600000000000000e+04 2.856600000000000000e+04 2.490200000000000000e+04
2.756700000000000000e+04 2.821100000000000000e+04 2.597200000000000000e+04
2.756800000000000000e+04 2.820700000000000000e+04 2.596000000000000000e+04
2.756800000000000000e+04 2.848300000000000000e+04 2.526300000000000000e+04
2.756900000000000000e+04 2.734500000000000000e+04 2.720800000000000000e+04
2.756900000000000000e+04 2.818400000000000000e+04 2.600700000000000000e+04
2.756900000000000000e+04 2.843700000000000000e+04 2.534400000000000000e+04
2.756900000000000000e+04 2.851800000000000000e+04 2.519300000000000000e+04
2.756900000000000000e+04 2.852900000000000000e+04 2.509400000000000000e+04
2.757000000000000000e+04 2.755800000000000000e+04 2.701200000000000000e+04
2.757000000000000000e+04 2.818100000000000000e+04 2.602400000000000000e+04
2.757000000000000000e+04 2.819400000000000000e+04 2.595800000000000000e+04
2.757000000000000000e+04 2.855900000000000000e+04 2.489000000000000000e+04
2.757100000000000000e+04 2.731000000000000000e+04 2.724400000000000000e+04
2.757100000000000000e+04 2.790000000000000000e+04 2.657500000000000000e+04
2.757100000000000000e+04 2.841700000000000000e+04 2.539000000000000000e+04
2.757200000000000000e+04 2.844000000000000000e+04 2.528800000000000000e+04
2.757200000000000000e+04 2.845200000000000000e+04 2.525800000000000000e+04
2.757300000000000000e+04 2.734100000000000000e+04 2.721200000000000000e+04
2.757300000000000000e+04 2.777900000000000000e+04 2.672100000000000000e+04
2.757300000000000000e+04 2.844400000000000000e+04 2.527000000000000000e+04
2.757400000000000000e+04 2.754600000000000000e+04 2.700700000000000000e+04
2.757500000000000000e+04 2.813200000000000000e+04 2.610500000000000000e+04
2.757500000000000000e+04 2.842100000000000000e+04 2.532800000000000000e+04
2.757600000000000000e+04 2.729100000000000000e+04 2.727100000000000000e+04
2.757700000000000000e+04 2.727000000000000000e+04 2.728700000000000000e+04
2.757700000000000000e+04 2.755700000000000000e+04 2.698300000000000000e+04
2.757700000000000000e+04 2.820600000000000000e+04 2.593600000000000000e+04
2.757700000000000000e+04 2.832300000000000000e+04 2.581600000000000000e+04
2.757700000000000000e+04 2.843700000000000000e+04 2.526200000000000000e+04
2.757800000000000000e+04 2.811800000000000000e+04 2.614700000000000000e+04
2.757900000000000000e+04 2.819200000000000000e+04 2.598000000000000000e+04
2.757900000000000000e+04 2.851500000000000000e+04 2.524400000000000000e+04
2.758000000000000000e+04 2.830700000000000000e+04 2.593300000000000000e+04
2.758200000000000000e+04 2.732400000000000000e+04 2.720900000000000000e+04
2.758200000000000000e+04 2.815800000000000000e+04 2.608900000000000000e+04
2.758200000000000000e+04 2.853900000000000000e+04 2.508300000000000000e+04
2.758200000000000000e+04 2.854600000000000000e+04 2.499000000000000000e+04
2.758300000000000000e+04 2.790000000000000000e+04 2.654900000000000000e+04
2.758400000000000000e+04 2.773100000000000000e+04 2.682000000000000000e+04
2.758500000000000000e+04 2.816200000000000000e+04 2.602300000000000000e+04
2.758600000000000000e+04 2.842200000000000000e+04 2.532500000000000000e+04
2.758700000000000000e+04 2.727200000000000000e+04 2.728300000000000000e+04
2.758900000000000000e+04 2.754400000000000000e+04 2.700200000000000000e+04
2.759000000000000000e+04 2.799300000000000000e+04 2.643000000000000000e+04
2.759000000000000000e+04 2.850100000000000000e+04 2.524300000000000000e+04
2.759100000000000000e+04 2.760600000000000000e+04 2.692800000000000000e+04
2.759100000000000000e+04 2.817800000000000000e+04 2.598800000000000000e+04
2.759300000000000000e+04 2.811600000000000000e+04 2.615200000000000000e+04
2.759300000000000000e+04 2.840400000000000000e+04 2.535800000000000000e+04
2.759400000000000000e+04 2.751100000000000000e+04 2.706000000000000000e+04
2.759500000000000000e+04 2.792400000000000000e+04 2.650300000000000000e+04
2.759600000000000000e+04 2.792000000000000000e+04 2.648300000000000000e+04
2.759700000000000000e+04 2.754200000000000000e+04 2.703900000000000000e+04
2.759700000000000000e+04 2.760000000000000000e+04 2.694500000000000000e+04
2.759700000000000000e+04 2.805500000000000000e+04 2.633300000000000000e+04
2.759800000000000000e+04 2.851400000000000000e+04 2.520800000000000000e+04
2.759800000000000000e+04 2.852400000000000000e+04 2.519100000000000000e+04
2.760000000000000000e+04 2.753700000000000000e+04 2.701600000000000000e+04
2.760000000000000000e+04 2.755500000000000000e+04 2.699500000000000000e+04
2.760000000000000000e+04 2.802000000000000000e+04 2.632600000000000000e+04
2.760000000000000000e+04 2.839100000000000000e+04 2.570600000000000000e+04
2.760100000000000000e+04 2.831800000000000000e+04 2.583500000000000000e+04
2.760200000000000000e+04 2.852500000000000000e+04 2.514800000000000000e+04
2.760200000000000000e+04 2.854100000000000000e+04 2.503200000000000000e+04
2.760200000000000000e+04 2.855600000000000000e+04 2.493800000000000000e+04
2.760300000000000000e+04 2.797300000000000000e+04 2.642800000000000000e+04
2.760300000000000000e+04 2.826800000000000000e+04 2.592200000000000000e+04
2.760300000000000000e+04 2.836800000000000000e+04 2.542300000000000000e+04
2.760400000000000000e+04 2.754700000000000000e+04 2.700100000000000000e+04
2.760400000000000000e+04 2.811200000000000000e+04 2.621100000000000000e+04
2.760400000000000000e+04 2.834700000000000000e+04 2.547700000000000000e+04
2.760500000000000000e+04 2.819000000000000000e+04 2.595600000000000000e+04
2.760500000000000000e+04 2.843600000000000000e+04 2.526100000000000000e+04
2.760500000000000000e+04 2.855300000000000000e+04 2.495200000000000000e+04
2.760600000000000000e+04 2.763300000000000000e+04 2.691400000000000000e+04
2.760600000000000000e+04 2.792100000000000000e+04 2.648000000000000000e+04
2.760600000000000000e+04 2.820200000000000000e+04 2.592700000000000000e+04
2.760600000000000000e+04 2.853400000000000000e+04 2.501900000000000000e+04
2.760700000000000000e+04 2.825900000000000000e+04 2.578600000000000000e+04
2.760700000000000000e+04 2.828600000000000000e+04 2.575400000000000000e+04
2.760700000000000000e+04 2.839800000000000000e+04 2.527000000000000000e+04
2.760800000000000000e+04 2.753900000000000000e+04 2.701300000000000000e+04
2.760900000000000000e+04 2.818700000000000000e+04 2.594000000000000000e+04
2.760900000000000000e+04 2.823300000000000000e+04 2.586400000000000000e+04
2.760900000000000000e+04 2.828300000000000000e+04 2.576700000000000000e+04
2.760900000000000000e+04 2.830200000000000000e+04 2.566700000000000000e+04
2.760900000000000000e+04 2.833200000000000000e+04 2.562600000000000000e+04
2.760900000000000000e+04 2.851300000000000000e+04 2.512800000000000000e+04
2.761000000000000000e+04 2.826900000000000000e+04 2.576500000000000000e+04
2.761100000000000000e+04 2.814700000000000000e+04 2.608900000000000000e+04
2.761100000000000000e+04 2.819900000000000000e+04 2.590800000000000000e+04
2.761100000000000000e+04 2.854000000000000000e+04 2.495000000000000000e+04
2.761200000000000000e+04 2.771800000000000000e+04 2.680400000000000000e+04
2.761200000000000000e+04 2.852700000000000000e+04 2.507600000000000000e+04
2.761300000000000000e+04 2.812900000000000000e+04 2.609000000000000000e+04
2.761400000000000000e+04 2.848000000000000000e+04 2.513200000000000000e+04
2.761400000000000000e+04 2.848900000000000000e+04 2.516700000000000000e+04
2.761600000000000000e+04 2.796700000000000000e+04 2.647800000000000000e+04
2.761600000000000000e+04 2.830900000000000000e+04 2.555800000000000000e+04
2.761600000000000000e+04 2.848900000000000000e+04 2.512800000000000000e+04
2.761700000000000000e+04 2.755300000000000000e+04 2.698000000000000000e+04
2.761700000000000000e+04 2.814900000000000000e+04 2.602700000000000000e+04
2.761700000000000000e+04 2.828700000000000000e+04 2.571500000000000000e+04
2.761700000000000000e+04 2.856800000000000000e+04 2.488400000000000000e+04
2.761800000000000000e+04 2.755500000000000000e+04 2.697400000000000000e+04
2.761800000000000000e+04 2.796900000000000000e+04 2.643600000000000000e+04
2.761900000000000000e+04 2.804500000000000000e+04 2.628800000000000000e+04
2.762000000000000000e+04 2.796200000000000000e+04 2.642200000000000000e+04
2.762100000000000000e+04 2.753700000000000000e+04 2.700900000000000000e+04
2.762100000000000000e+04 2.850700000000000000e+04 2.508100000000000000e+04
2.762200000000000000e+04 2.811700000000000000e+04 2.610700000000000000e+04
2.762300000000000000e+04 2.797800000000000000e+04 2.641300000000000000e+04
2.762400000000000000e+04 2.810400000000000000e+04 2.618900000000000000e+04
2.762400000000000000e+04 2.811200000000000000e+04 2.612700000000000000e+04
2.762400000000000000e+04 2.830200000000000000e+04 2.553800000000000000e+04
2.762500000000000000e+04 2.776200000000000000e+04 2.676000000000000000e+04
2.762600000000000000e+04 2.810900000000000000e+04 2.617500000000000000e+04
2.762600000000000000e+04 2.816800000000000000e+04 2.599000000000000000e+04
2.762600000000000000e+04 2.853500000000000000e+04 2.498000000000000000e+04
2.762700000000000000e+04 2.783700000000000000e+04 2.664000000000000000e+04
2.763000000000000000e+04 2.727900000000000000e+04 2.726100000000000000e+04
2.763000000000000000e+04 2.754700000000000000e+04 2.697800000000000000e+04
2.763000000000000000e+04 2.805700000000000000e+04 2.627700000000000000e+04
2.763000000000000000e+04 2.853400000000000000e+04 2.498800000000000000e+04
2.763100000000000000e+04 2.806200000000000000e+04 2.619000000000000000e+04
2.763100000000000000e+04 2.830100000000000000e+04 2.553000000000000000e+04
2.763100000000000000e+04 2.852700000000000000e+04 2.507300000000000000e+04
2.763200000000000000e+04 2.851700000000000000e+04 2.504300000000000000e+04
2.763300000000000000e+04 2.775900000000000000e+04 2.680300000000000000e+04
2.763300000000000000e+04 2.800800000000000000e+04 2.633400000000000000e+04
2.763300000000000000e+04 2.809200000000000000e+04 2.611900000000000000e+04
2.763300000000000000e+04 2.859100000000000000e+04 2.468000000000000000e+04
2.763400000000000000e+04 2.814500000000000000e+04 2.602500000000000000e+04
2.763400000000000000e+04 2.852800000000000000e+04 2.501500000000000000e+04
2.763400000000000000e+04 2.859500000000000000e+04 2.466000000000000000e+04
2.763500000000000000e+04 2.835000000000000000e+04 2.542300000000000000e+04
2.763800000000000000e+04 2.782100000000000000e+04 2.666600000000000000e+04
2.763800000000000000e+04 2.788900000000000000e+04 2.655600000000000000e+04
2.763800000000000000e+04 2.834600000000000000e+04 2.552000000000000000e+04
2.763900000000000000e+04 2.856400000000000000e+04 2.483000000000000000e+04
2.764100000000000000e+04 2.780100000000000000e+04 2.667400000000000000e+04
2.764100000000000000e+04 2.800900000000000000e+04 2.632200000000000000e+04
2.764200000000000000e+04 2.797100000000000000e+04 2.642100000000000000e+04
2.764300000000000000e+04 2.859600000000000000e+04 2.463300000000000000e+04
2.764400000000000000e+04 2.789000000000000000e+04 2.654300000000000000e+04
2.764500000000000000e+04 2.788200000000000000e+04 2.659500000000000000e+04
2.764500000000000000e+04 2.850500000000000000e+04 2.509600000000000000e+04
2.764500000000000000e+04 2.858900000000000000e+04 2.466300000000000000e+04
2.764600000000000000e+04 2.856300000000000000e+04 2.482400000000000000e+04
2.764700000000000000e+04 2.854600000000000000e+04 2.489800000000000000e+04
2.764900000000000000e+04 2.788500000000000000e+04 2.659200000000000000e+04
2.764900000000000000e+04 2.854200000000000000e+04 2.494500000000000000e+04
2.765000000000000000e+04 2.789000000000000000e+04 2.654000000000000000e+04
2.765000000000000000e+04 2.803300000000000000e+04 2.621600000000000000e+04
2.765000000000000000e+04 2.850800000000000000e+04 2.506200000000000000e+04
2.765000000000000000e+04 2.858200000000000000e+04 2.479400000000000000e+04
2.765100000000000000e+04 2.753500000000000000e+04 2.698800000000000000e+04
2.765100000000000000e+04 2.849500000000000000e+04 2.511900000000000000e+04
2.765200000000000000e+04 2.801700000000000000e+04 2.627300000000000000e+04
2.765200000000000000e+04 2.854200000000000000e+04 2.487000000000000000e+04
2.765300000000000000e+04 2.778300000000000000e+04 2.671400000000000000e+04
2.765300000000000000e+04 2.781200000000000000e+04 2.665200000000000000e+04
2.765300000000000000e+04 2.828200000000000000e+04 2.572400000000000000e+04
2.765400000000000000e+04 2.780200000000000000e+04 2.664600000000000000e+04
2.765400000000000000e+04 2.856100000000000000e+04 2.482500000000000000e+04
2.765500000000000000e+04 2.850900000000000000e+04 2.500700000000000000e+04
2.765600000000000000e+04 2.800100000000000000e+04 2.636000000000000000e+04
2.765700000000000000e+04 2.777500000000000000e+04 2.674400000000000000e+04
2.765700000000000000e+04 2.857600000000000000e+04 2.480000000000000000e+04
2.765800000000000000e+04 2.776200000000000000e+04 2.673600000000000000e+04
2.765800000000000000e+04 2.788800000000000000e+04 2.655900000000000000e+04
2.765900000000000000e+04 2.856400000000000000e+04 2.479600000000000000e+04
2.765900000000000000e+04 2.860400000000000000e+04 2.457600000000000000e+04
2.766000000000000000e+04 2.775900000000000000e+04 2.678600000000000000e+04
2.766000000000000000e+04 2.780000000000000000e+04 2.669500000000000000e+04
2.766000000000000000e+04 2.854200000000000000e+04 2.482900000000000000e+04
2.766100000000000000e+04 2.858000000000000000e+04 2.464000000000000000e+04
2.766200000000000000e+04 2.788300000000000000e+04 2.658300000000000000e+04
2.766200000000000000e+04 2.804600000000000000e+04 2.621400000000000000e+04
2.766200000000000000e+04 2.853600000000000000e+04 2.489900000000000000e+04
2.766300000000000000e+04 2.774400000000000000e+04 2.677700000000000000e+04
2.766300000000000000e+04 2.796600000000000000e+04 2.640500000000000000e+04
2.766300000000000000e+04 2.803600000000000000e+04 2.621000000000000000e+04
2.766300000000000000e+04 2.805600000000000000e+04 2.614800000000000000e+04
2.766300000000000000e+04 2.853500000000000000e+04 2.490500000000000000e+04
2.766400000000000000e+04 2.801300000000000000e+04 2.628600000000000000e+04
2.766500000000000000e+04 2.856700000000000000e+04 2.479500000000000000e+04
2.766500000000000000e+04 2.857000000000000000e+04 2.478200000000000000e+04
2.766500000000000000e+04 2.857500000000000000e+04 2.466000000000000000e+04
2.766600000000000000e+04 2.787200000000000000e+04 2.657600000000000000e+04
2.766600000000000000e+04 2.803500000000000000e+04 2.619000000000000000e+04
2.766600000000000000e+04 2.856900000000000000e+04 2.475100000000000000e+04
2.766800000000000000e+04 2.857700000000000000e+04 2.462600000000000000e+04
2.766900000000000000e+04 2.788500000000000000e+04 2.653800000000000000e+04
2.766900000000000000e+04 2.796400000000000000e+04 2.640800000000000000e+04
2.766900000000000000e+04 2.855800000000000000e+04 2.482500000000000000e+04
2.767000000000000000e+04 2.802100000000000000e+04 2.624000000000000000e+04
2.767000000000000000e+04 2.859300000000000000e+04 2.461700000000000000e+04
2.767100000000000000e+04 2.796000000000000000e+04 2.644300000000000000e+04
2.767100000000000000e+04 2.853300000000000000e+04 2.489400000000000000e+04
2.767200000000000000e+04 2.801800000000000000e+04 2.620700000000000000e+04
2.767300000000000000e+04 2.801400000000000000e+04 2.620600000000000000e+04
2.767400000000000000e+04 2.781600000000000000e+04 2.662600000000000000e+04
2.767400000000000000e+04 2.787900000000000000e+04 2.655200000000000000e+04
2.767500000000000000e+04 2.779300000000000000e+04 2.670200000000000000e+04
2.767700000000000000e+04 2.779400000000000000e+04 2.669900000000000000e+04
2.767700000000000000e+04 2.855200000000000000e+04 2.480000000000000000e+04
2.767900000000000000e+04 2.777100000000000000e+04 2.672700000000000000e+04
2.768100000000000000e+04 2.795000000000000000e+04 2.646200000000000000e+04
2.768200000000000000e+04 2.775100000000000000e+04 2.673600000000000000e+04
2.768400000000000000e+04 2.800200000000000000e+04 2.627800000000000000e+04
2.768500000000000000e+04 2.792800000000000000e+04 2.645100000000000000e+04
2.768600000000000000e+04 2.793500000000000000e+04 2.643400000000000000e+04
2.768600000000000000e+04 2.857300000000000000e+04 2.466400000000000000e+04
2.768800000000000000e+04 2.793200000000000000e+04 2.644200000000000000e+04
2.769300000000000000e+04 2.853600000000000000e+04 2.486200000000000000e+04
2.769500000000000000e+04 2.776500000000000000e+04 2.672300000000000000e+04
2.769800000000000000e+04 2.796000000000000000e+04 2.642600000000000000e+04
2.770000000000000000e+04 2.792900000000000000e+04 2.642600000000000000e+04
2.770200000000000000e+04 2.792000000000000000e+04 2.652200000000000000e+04
2.770300000000000000e+04 2.855400000000000000e+04 2.479200000000000000e+04
2.770400000000000000e+04 2.790400000000000000e+04 2.653600000000000000e+04
2.770600000000000000e+04 2.799900000000000000e+04 2.639800000000000000e+04
2.770800000000000000e+04 2.792600000000000000e+04 2.642300000000000000e+04
2.770900000000000000e+04 2.855200000000000000e+04 2.477800000000000000e+04
2.771100000000000000e+04 2.789400000000000000e+04 2.653100000000000000e+04
2.771200000000000000e+04 2.853700000000000000e+04 2.482900000000000000e+04
2.771500000000000000e+04 2.790500000000000000e+04 2.648600000000000000e+04
2.771500000000000000e+04 2.797900000000000000e+04 2.631100000000000000e+04
2.771800000000000000e+04 2.795600000000000000e+04 2.635800000000000000e+04
2.771900000000000000e+04 2.794800000000000000e+04 2.642200000000000000e+04
2.772800000000000000e+04 2.789700000000000000e+04 2.650700000000000000e+04
2.773800000000000000e+04 2.795200000000000000e+04 2.636300000000000000e+04
2.775800000000000000e+04 2.795400000000000000e+04 2.632500000000000000e+04
